"","GCM","RCM","Year","Region_Name","Region_ID","Heatwave_Count","Mean_Duration","Mean_Intensity","Simulator","GCM_labeled"
"1","CNRM-CERFACS-CNRM-CM5","ALADIN63",1980,"E Midlands",1,0,0,0,"CNRM-CERFACS-CNRM-CM5_ALADIN63","CNRM-CERFACS-CNRM-CM5.01"
"2","CNRM-CERFACS-CNRM-CM5","ALADIN63",1981,"E Midlands",1,0,0,0,"CNRM-CERFACS-CNRM-CM5_ALADIN63","CNRM-CERFACS-CNRM-CM5.01"
"3","CNRM-CERFACS-CNRM-CM5","ALADIN63",1982,"E Midlands",1,0,0,0,"CNRM-CERFACS-CNRM-CM5_ALADIN63","CNRM-CERFACS-CNRM-CM5.01"
"4","CNRM-CERFACS-CNRM-CM5","ALADIN63",1983,"E Midlands",1,0,0,0,"CNRM-CERFACS-CNRM-CM5_ALADIN63","CNRM-CERFACS-CNRM-CM5.01"
"5","CNRM-CERFACS-CNRM-CM5","ALADIN63",1984,"E Midlands",1,0,0,0,"CNRM-CERFACS-CNRM-CM5_ALADIN63","CNRM-CERFACS-CNRM-CM5.01"
"6","CNRM-CERFACS-CNRM-CM5","ALADIN63",1985,"E Midlands",1,0,0,0,"CNRM-CERFACS-CNRM-CM5_ALADIN63","CNRM-CERFACS-CNRM-CM5.01"
"7","CNRM-CERFACS-CNRM-CM5","ALADIN63",1986,"E Midlands",1,0,0,0,"CNRM-CERFACS-CNRM-CM5_ALADIN63","CNRM-CERFACS-CNRM-CM5.01"
"8","CNRM-CERFACS-CNRM-CM5","ALADIN63",1987,"E Midlands",1,0,0,0,"CNRM-CERFACS-CNRM-CM5_ALADIN63","CNRM-CERFACS-CNRM-CM5.01"
"9","CNRM-CERFACS-CNRM-CM5","ALADIN63",1988,"E Midlands",1,0,0,0,"CNRM-CERFACS-CNRM-CM5_ALADIN63","CNRM-CERFACS-CNRM-CM5.01"
"10","CNRM-CERFACS-CNRM-CM5","ALADIN63",1989,"E Midlands",1,0,0,0,"CNRM-CERFACS-CNRM-CM5_ALADIN63","CNRM-CERFACS-CNRM-CM5.01"
"11","CNRM-CERFACS-CNRM-CM5","ALADIN63",1990,"E Midlands",1,0,0,0,"CNRM-CERFACS-CNRM-CM5_ALADIN63","CNRM-CERFACS-CNRM-CM5.01"
"12","CNRM-CERFACS-CNRM-CM5","ALADIN63",1991,"E Midlands",1,0,0,0,"CNRM-CERFACS-CNRM-CM5_ALADIN63","CNRM-CERFACS-CNRM-CM5.01"
"13","CNRM-CERFACS-CNRM-CM5","ALADIN63",1992,"E Midlands",1,0,0,0,"CNRM-CERFACS-CNRM-CM5_ALADIN63","CNRM-CERFACS-CNRM-CM5.01"
"14","CNRM-CERFACS-CNRM-CM5","ALADIN63",1993,"E Midlands",1,0,0,0,"CNRM-CERFACS-CNRM-CM5_ALADIN63","CNRM-CERFACS-CNRM-CM5.01"
"15","CNRM-CERFACS-CNRM-CM5","ALADIN63",1994,"E Midlands",1,0,0,0,"CNRM-CERFACS-CNRM-CM5_ALADIN63","CNRM-CERFACS-CNRM-CM5.01"
"16","CNRM-CERFACS-CNRM-CM5","ALADIN63",1995,"E Midlands",1,0,0,0,"CNRM-CERFACS-CNRM-CM5_ALADIN63","CNRM-CERFACS-CNRM-CM5.01"
"17","CNRM-CERFACS-CNRM-CM5","ALADIN63",1996,"E Midlands",1,0,0,0,"CNRM-CERFACS-CNRM-CM5_ALADIN63","CNRM-CERFACS-CNRM-CM5.01"
"18","CNRM-CERFACS-CNRM-CM5","ALADIN63",1997,"E Midlands",1,0,0,0,"CNRM-CERFACS-CNRM-CM5_ALADIN63","CNRM-CERFACS-CNRM-CM5.01"
"19","CNRM-CERFACS-CNRM-CM5","ALADIN63",1998,"E Midlands",1,0,0,0,"CNRM-CERFACS-CNRM-CM5_ALADIN63","CNRM-CERFACS-CNRM-CM5.01"
"20","CNRM-CERFACS-CNRM-CM5","ALADIN63",1999,"E Midlands",1,0,0,0,"CNRM-CERFACS-CNRM-CM5_ALADIN63","CNRM-CERFACS-CNRM-CM5.01"
"21","CNRM-CERFACS-CNRM-CM5","ALADIN63",2000,"E Midlands",1,0.420560747663551,3.26666666666667,33.5897944962537,"CNRM-CERFACS-CNRM-CM5_ALADIN63","CNRM-CERFACS-CNRM-CM5.01"
"22","CNRM-CERFACS-CNRM-CM5","ALADIN63",2001,"E Midlands",1,0,0,0,"CNRM-CERFACS-CNRM-CM5_ALADIN63","CNRM-CERFACS-CNRM-CM5.01"
"23","CNRM-CERFACS-CNRM-CM5","ALADIN63",2002,"E Midlands",1,0,0,0,"CNRM-CERFACS-CNRM-CM5_ALADIN63","CNRM-CERFACS-CNRM-CM5.01"
"24","CNRM-CERFACS-CNRM-CM5","ALADIN63",2003,"E Midlands",1,0,0,0,"CNRM-CERFACS-CNRM-CM5_ALADIN63","CNRM-CERFACS-CNRM-CM5.01"
"25","CNRM-CERFACS-CNRM-CM5","ALADIN63",2004,"E Midlands",1,0.00934579439252336,3,31.2794167200724,"CNRM-CERFACS-CNRM-CM5_ALADIN63","CNRM-CERFACS-CNRM-CM5.01"
"26","CNRM-CERFACS-CNRM-CM5","ALADIN63",2005,"E Midlands",1,0,0,0,"CNRM-CERFACS-CNRM-CM5_ALADIN63","CNRM-CERFACS-CNRM-CM5.01"
"27","CNRM-CERFACS-CNRM-CM5","ALADIN63",2006,"E Midlands",1,0,0,0,"CNRM-CERFACS-CNRM-CM5_ALADIN63","CNRM-CERFACS-CNRM-CM5.01"
"28","CNRM-CERFACS-CNRM-CM5","ALADIN63",2007,"E Midlands",1,0,0,0,"CNRM-CERFACS-CNRM-CM5_ALADIN63","CNRM-CERFACS-CNRM-CM5.01"
"29","CNRM-CERFACS-CNRM-CM5","ALADIN63",2008,"E Midlands",1,0,0,0,"CNRM-CERFACS-CNRM-CM5_ALADIN63","CNRM-CERFACS-CNRM-CM5.01"
"30","CNRM-CERFACS-CNRM-CM5","ALADIN63",2009,"E Midlands",1,0,0,0,"CNRM-CERFACS-CNRM-CM5_ALADIN63","CNRM-CERFACS-CNRM-CM5.01"
"31","CNRM-CERFACS-CNRM-CM5","ALADIN63",2010,"E Midlands",1,0,0,0,"CNRM-CERFACS-CNRM-CM5_ALADIN63","CNRM-CERFACS-CNRM-CM5.01"
"32","CNRM-CERFACS-CNRM-CM5","ALADIN63",2011,"E Midlands",1,0,0,0,"CNRM-CERFACS-CNRM-CM5_ALADIN63","CNRM-CERFACS-CNRM-CM5.01"
"33","CNRM-CERFACS-CNRM-CM5","ALADIN63",2012,"E Midlands",1,0,0,0,"CNRM-CERFACS-CNRM-CM5_ALADIN63","CNRM-CERFACS-CNRM-CM5.01"
"34","CNRM-CERFACS-CNRM-CM5","ALADIN63",2013,"E Midlands",1,0.00934579439252336,3,32.8581043879191,"CNRM-CERFACS-CNRM-CM5_ALADIN63","CNRM-CERFACS-CNRM-CM5.01"
"35","CNRM-CERFACS-CNRM-CM5","ALADIN63",2014,"E Midlands",1,0,0,0,"CNRM-CERFACS-CNRM-CM5_ALADIN63","CNRM-CERFACS-CNRM-CM5.01"
"36","CNRM-CERFACS-CNRM-CM5","ALADIN63",2015,"E Midlands",1,0,0,0,"CNRM-CERFACS-CNRM-CM5_ALADIN63","CNRM-CERFACS-CNRM-CM5.01"
"37","CNRM-CERFACS-CNRM-CM5","ALADIN63",2016,"E Midlands",1,0,0,0,"CNRM-CERFACS-CNRM-CM5_ALADIN63","CNRM-CERFACS-CNRM-CM5.01"
"38","CNRM-CERFACS-CNRM-CM5","ALADIN63",2017,"E Midlands",1,0,0,0,"CNRM-CERFACS-CNRM-CM5_ALADIN63","CNRM-CERFACS-CNRM-CM5.01"
"39","CNRM-CERFACS-CNRM-CM5","ALADIN63",2018,"E Midlands",1,0,0,0,"CNRM-CERFACS-CNRM-CM5_ALADIN63","CNRM-CERFACS-CNRM-CM5.01"
"40","CNRM-CERFACS-CNRM-CM5","ALADIN63",2019,"E Midlands",1,0,0,0,"CNRM-CERFACS-CNRM-CM5_ALADIN63","CNRM-CERFACS-CNRM-CM5.01"
"41","CNRM-CERFACS-CNRM-CM5","ALADIN63",2020,"E Midlands",1,0,0,0,"CNRM-CERFACS-CNRM-CM5_ALADIN63","CNRM-CERFACS-CNRM-CM5.01"
"42","CNRM-CERFACS-CNRM-CM5","ALADIN63",2021,"E Midlands",1,0,0,0,"CNRM-CERFACS-CNRM-CM5_ALADIN63","CNRM-CERFACS-CNRM-CM5.01"
"43","CNRM-CERFACS-CNRM-CM5","ALADIN63",2022,"E Midlands",1,0,0,0,"CNRM-CERFACS-CNRM-CM5_ALADIN63","CNRM-CERFACS-CNRM-CM5.01"
"44","CNRM-CERFACS-CNRM-CM5","ALADIN63",2023,"E Midlands",1,0,0,0,"CNRM-CERFACS-CNRM-CM5_ALADIN63","CNRM-CERFACS-CNRM-CM5.01"
"45","CNRM-CERFACS-CNRM-CM5","ALADIN63",2024,"E Midlands",1,0,0,0,"CNRM-CERFACS-CNRM-CM5_ALADIN63","CNRM-CERFACS-CNRM-CM5.01"
"46","CNRM-CERFACS-CNRM-CM5","ALADIN63",2025,"E Midlands",1,0.682242990654206,3.54794520547945,36.0535720920998,"CNRM-CERFACS-CNRM-CM5_ALADIN63","CNRM-CERFACS-CNRM-CM5.01"
"47","CNRM-CERFACS-CNRM-CM5","ALADIN63",2026,"E Midlands",1,0.0654205607476635,3,31.2503503163656,"CNRM-CERFACS-CNRM-CM5_ALADIN63","CNRM-CERFACS-CNRM-CM5.01"
"48","CNRM-CERFACS-CNRM-CM5","ALADIN63",2027,"E Midlands",1,0.0841121495327103,3,31.3158202347932,"CNRM-CERFACS-CNRM-CM5_ALADIN63","CNRM-CERFACS-CNRM-CM5.01"
"49","CNRM-CERFACS-CNRM-CM5","ALADIN63",2028,"E Midlands",1,0,0,0,"CNRM-CERFACS-CNRM-CM5_ALADIN63","CNRM-CERFACS-CNRM-CM5.01"
"50","CNRM-CERFACS-CNRM-CM5","ALADIN63",2029,"E Midlands",1,0,0,0,"CNRM-CERFACS-CNRM-CM5_ALADIN63","CNRM-CERFACS-CNRM-CM5.01"
"51","CNRM-CERFACS-CNRM-CM5","ALADIN63",2030,"E Midlands",1,0.728971962616822,4.16666666666667,34.8804372493746,"CNRM-CERFACS-CNRM-CM5_ALADIN63","CNRM-CERFACS-CNRM-CM5.01"
"52","CNRM-CERFACS-CNRM-CM5","ALADIN63",2031,"E Midlands",1,0,0,0,"CNRM-CERFACS-CNRM-CM5_ALADIN63","CNRM-CERFACS-CNRM-CM5.01"
"53","CNRM-CERFACS-CNRM-CM5","ALADIN63",2032,"E Midlands",1,0,0,0,"CNRM-CERFACS-CNRM-CM5_ALADIN63","CNRM-CERFACS-CNRM-CM5.01"
"54","CNRM-CERFACS-CNRM-CM5","ALADIN63",2033,"E Midlands",1,0.00934579439252336,3,32.3549086252848,"CNRM-CERFACS-CNRM-CM5_ALADIN63","CNRM-CERFACS-CNRM-CM5.01"
"55","CNRM-CERFACS-CNRM-CM5","ALADIN63",2034,"E Midlands",1,0,0,0,"CNRM-CERFACS-CNRM-CM5_ALADIN63","CNRM-CERFACS-CNRM-CM5.01"
"56","CNRM-CERFACS-CNRM-CM5","ALADIN63",2035,"E Midlands",1,0,0,0,"CNRM-CERFACS-CNRM-CM5_ALADIN63","CNRM-CERFACS-CNRM-CM5.01"
"57","CNRM-CERFACS-CNRM-CM5","ALADIN63",2036,"E Midlands",1,0,0,0,"CNRM-CERFACS-CNRM-CM5_ALADIN63","CNRM-CERFACS-CNRM-CM5.01"
"58","CNRM-CERFACS-CNRM-CM5","ALADIN63",2037,"E Midlands",1,0,0,0,"CNRM-CERFACS-CNRM-CM5_ALADIN63","CNRM-CERFACS-CNRM-CM5.01"
"59","CNRM-CERFACS-CNRM-CM5","ALADIN63",2038,"E Midlands",1,0.0747663551401869,3,32.432245850563,"CNRM-CERFACS-CNRM-CM5_ALADIN63","CNRM-CERFACS-CNRM-CM5.01"
"60","CNRM-CERFACS-CNRM-CM5","ALADIN63",2039,"E Midlands",1,0,0,0,"CNRM-CERFACS-CNRM-CM5_ALADIN63","CNRM-CERFACS-CNRM-CM5.01"
"61","CNRM-CERFACS-CNRM-CM5","ALADIN63",2040,"E Midlands",1,0,0,0,"CNRM-CERFACS-CNRM-CM5_ALADIN63","CNRM-CERFACS-CNRM-CM5.01"
"62","CNRM-CERFACS-CNRM-CM5","ALADIN63",2041,"E Midlands",1,0,0,0,"CNRM-CERFACS-CNRM-CM5_ALADIN63","CNRM-CERFACS-CNRM-CM5.01"
"63","CNRM-CERFACS-CNRM-CM5","ALADIN63",2042,"E Midlands",1,0.654205607476635,4.48571428571429,34.6217666455678,"CNRM-CERFACS-CNRM-CM5_ALADIN63","CNRM-CERFACS-CNRM-CM5.01"
"64","CNRM-CERFACS-CNRM-CM5","ALADIN63",2043,"E Midlands",1,0,0,0,"CNRM-CERFACS-CNRM-CM5_ALADIN63","CNRM-CERFACS-CNRM-CM5.01"
"65","CNRM-CERFACS-CNRM-CM5","ALADIN63",2044,"E Midlands",1,0,0,0,"CNRM-CERFACS-CNRM-CM5_ALADIN63","CNRM-CERFACS-CNRM-CM5.01"
"66","CNRM-CERFACS-CNRM-CM5","ALADIN63",2045,"E Midlands",1,0,0,0,"CNRM-CERFACS-CNRM-CM5_ALADIN63","CNRM-CERFACS-CNRM-CM5.01"
"67","CNRM-CERFACS-CNRM-CM5","ALADIN63",2046,"E Midlands",1,0,0,0,"CNRM-CERFACS-CNRM-CM5_ALADIN63","CNRM-CERFACS-CNRM-CM5.01"
"68","CNRM-CERFACS-CNRM-CM5","ALADIN63",2047,"E Midlands",1,0,0,0,"CNRM-CERFACS-CNRM-CM5_ALADIN63","CNRM-CERFACS-CNRM-CM5.01"
"69","CNRM-CERFACS-CNRM-CM5","ALADIN63",2048,"E Midlands",1,0.420560747663551,3,34.2862799185294,"CNRM-CERFACS-CNRM-CM5_ALADIN63","CNRM-CERFACS-CNRM-CM5.01"
"70","CNRM-CERFACS-CNRM-CM5","ALADIN63",2049,"E Midlands",1,0,0,0,"CNRM-CERFACS-CNRM-CM5_ALADIN63","CNRM-CERFACS-CNRM-CM5.01"
"71","CNRM-CERFACS-CNRM-CM5","ALADIN63",2050,"E Midlands",1,1.8411214953271,3.54822335025381,33.2568861839533,"CNRM-CERFACS-CNRM-CM5_ALADIN63","CNRM-CERFACS-CNRM-CM5.01"
"72","CNRM-CERFACS-CNRM-CM5","ALADIN63",2051,"E Midlands",1,0,0,0,"CNRM-CERFACS-CNRM-CM5_ALADIN63","CNRM-CERFACS-CNRM-CM5.01"
"73","CNRM-CERFACS-CNRM-CM5","ALADIN63",2052,"E Midlands",1,0,0,0,"CNRM-CERFACS-CNRM-CM5_ALADIN63","CNRM-CERFACS-CNRM-CM5.01"
"74","CNRM-CERFACS-CNRM-CM5","ALADIN63",2053,"E Midlands",1,0,0,0,"CNRM-CERFACS-CNRM-CM5_ALADIN63","CNRM-CERFACS-CNRM-CM5.01"
"75","CNRM-CERFACS-CNRM-CM5","ALADIN63",2054,"E Midlands",1,0.551401869158878,3,32.8449461231124,"CNRM-CERFACS-CNRM-CM5_ALADIN63","CNRM-CERFACS-CNRM-CM5.01"
"76","CNRM-CERFACS-CNRM-CM5","ALADIN63",2055,"E Midlands",1,0.149532710280374,3.25,32.5749354163806,"CNRM-CERFACS-CNRM-CM5_ALADIN63","CNRM-CERFACS-CNRM-CM5.01"
"77","CNRM-CERFACS-CNRM-CM5","ALADIN63",2056,"E Midlands",1,0.327102803738318,3.02857142857143,32.8105894656408,"CNRM-CERFACS-CNRM-CM5_ALADIN63","CNRM-CERFACS-CNRM-CM5.01"
"78","CNRM-CERFACS-CNRM-CM5","ALADIN63",2057,"E Midlands",1,0,0,0,"CNRM-CERFACS-CNRM-CM5_ALADIN63","CNRM-CERFACS-CNRM-CM5.01"
"79","CNRM-CERFACS-CNRM-CM5","ALADIN63",2058,"E Midlands",1,1.11214953271028,3.89075630252101,32.4494493555288,"CNRM-CERFACS-CNRM-CM5_ALADIN63","CNRM-CERFACS-CNRM-CM5.01"
"80","CNRM-CERFACS-CNRM-CM5","ALADIN63",2059,"E Midlands",1,0,0,0,"CNRM-CERFACS-CNRM-CM5_ALADIN63","CNRM-CERFACS-CNRM-CM5.01"
"81","CNRM-CERFACS-CNRM-CM5","ALADIN63",2060,"E Midlands",1,0,0,0,"CNRM-CERFACS-CNRM-CM5_ALADIN63","CNRM-CERFACS-CNRM-CM5.01"
"82","CNRM-CERFACS-CNRM-CM5","ALADIN63",2061,"E Midlands",1,0,0,0,"CNRM-CERFACS-CNRM-CM5_ALADIN63","CNRM-CERFACS-CNRM-CM5.01"
"83","CNRM-CERFACS-CNRM-CM5","ALADIN63",2062,"E Midlands",1,0.607476635514019,3.30769230769231,32.5899711914552,"CNRM-CERFACS-CNRM-CM5_ALADIN63","CNRM-CERFACS-CNRM-CM5.01"
"84","CNRM-CERFACS-CNRM-CM5","ALADIN63",2063,"E Midlands",1,0,0,0,"CNRM-CERFACS-CNRM-CM5_ALADIN63","CNRM-CERFACS-CNRM-CM5.01"
"85","CNRM-CERFACS-CNRM-CM5","ALADIN63",2064,"E Midlands",1,0,0,0,"CNRM-CERFACS-CNRM-CM5_ALADIN63","CNRM-CERFACS-CNRM-CM5.01"
"86","CNRM-CERFACS-CNRM-CM5","ALADIN63",2065,"E Midlands",1,1.52336448598131,4.09815950920245,34.7965627125192,"CNRM-CERFACS-CNRM-CM5_ALADIN63","CNRM-CERFACS-CNRM-CM5.01"
"87","CNRM-CERFACS-CNRM-CM5","ALADIN63",2066,"E Midlands",1,0.327102803738318,3,32.8363333384196,"CNRM-CERFACS-CNRM-CM5_ALADIN63","CNRM-CERFACS-CNRM-CM5.01"
"88","CNRM-CERFACS-CNRM-CM5","ALADIN63",2067,"E Midlands",1,0,0,0,"CNRM-CERFACS-CNRM-CM5_ALADIN63","CNRM-CERFACS-CNRM-CM5.01"
"89","CNRM-CERFACS-CNRM-CM5","ALADIN63",2068,"E Midlands",1,0.00934579439252336,3,30.4859889348348,"CNRM-CERFACS-CNRM-CM5_ALADIN63","CNRM-CERFACS-CNRM-CM5.01"
"90","CNRM-CERFACS-CNRM-CM5","ALADIN63",2069,"E Midlands",1,0.0841121495327103,3,31.486677982189,"CNRM-CERFACS-CNRM-CM5_ALADIN63","CNRM-CERFACS-CNRM-CM5.01"
"91","CNRM-CERFACS-CNRM-CM5","ALADIN63",2070,"E Midlands",1,0,0,0,"CNRM-CERFACS-CNRM-CM5_ALADIN63","CNRM-CERFACS-CNRM-CM5.01"
"92","CNRM-CERFACS-CNRM-CM5","ALADIN63",2071,"E Midlands",1,0.551401869158878,3,33.5283752861669,"CNRM-CERFACS-CNRM-CM5_ALADIN63","CNRM-CERFACS-CNRM-CM5.01"
"93","CNRM-CERFACS-CNRM-CM5","ALADIN63",2072,"E Midlands",1,0.766355140186916,4.36585365853659,34.7031019055193,"CNRM-CERFACS-CNRM-CM5_ALADIN63","CNRM-CERFACS-CNRM-CM5.01"
"94","CNRM-CERFACS-CNRM-CM5","ALADIN63",2073,"E Midlands",1,0,0,0,"CNRM-CERFACS-CNRM-CM5_ALADIN63","CNRM-CERFACS-CNRM-CM5.01"
"95","CNRM-CERFACS-CNRM-CM5","ALADIN63",2074,"E Midlands",1,0,0,0,"CNRM-CERFACS-CNRM-CM5_ALADIN63","CNRM-CERFACS-CNRM-CM5.01"
"96","CNRM-CERFACS-CNRM-CM5","ALADIN63",2075,"E Midlands",1,0,0,0,"CNRM-CERFACS-CNRM-CM5_ALADIN63","CNRM-CERFACS-CNRM-CM5.01"
"97","CNRM-CERFACS-CNRM-CM5","ALADIN63",2076,"E Midlands",1,0,0,0,"CNRM-CERFACS-CNRM-CM5_ALADIN63","CNRM-CERFACS-CNRM-CM5.01"
"98","CNRM-CERFACS-CNRM-CM5","ALADIN63",2077,"E Midlands",1,0.738317757009346,3.43037974683544,33.8154071111719,"CNRM-CERFACS-CNRM-CM5_ALADIN63","CNRM-CERFACS-CNRM-CM5.01"
"99","CNRM-CERFACS-CNRM-CM5","ALADIN63",2078,"E Midlands",1,0,0,0,"CNRM-CERFACS-CNRM-CM5_ALADIN63","CNRM-CERFACS-CNRM-CM5.01"
"100","CNRM-CERFACS-CNRM-CM5","ALADIN63",2079,"E Midlands",1,0,0,0,"CNRM-CERFACS-CNRM-CM5_ALADIN63","CNRM-CERFACS-CNRM-CM5.01"
"101","CNRM-CERFACS-CNRM-CM5","ALADIN63",2080,"E Midlands",1,0,0,0,"CNRM-CERFACS-CNRM-CM5_ALADIN63","CNRM-CERFACS-CNRM-CM5.01"
"102","CNRM-CERFACS-CNRM-CM5","CCLM4-8-17",1980,"E Midlands",1,0,0,0,"CNRM-CERFACS-CNRM-CM5_CCLM4-8-17","CNRM-CERFACS-CNRM-CM5.02"
"103","CNRM-CERFACS-CNRM-CM5","CCLM4-8-17",1981,"E Midlands",1,0,0,0,"CNRM-CERFACS-CNRM-CM5_CCLM4-8-17","CNRM-CERFACS-CNRM-CM5.02"
"104","CNRM-CERFACS-CNRM-CM5","CCLM4-8-17",1982,"E Midlands",1,0,0,0,"CNRM-CERFACS-CNRM-CM5_CCLM4-8-17","CNRM-CERFACS-CNRM-CM5.02"
"105","CNRM-CERFACS-CNRM-CM5","CCLM4-8-17",1983,"E Midlands",1,0,0,0,"CNRM-CERFACS-CNRM-CM5_CCLM4-8-17","CNRM-CERFACS-CNRM-CM5.02"
"106","CNRM-CERFACS-CNRM-CM5","CCLM4-8-17",1984,"E Midlands",1,0,0,0,"CNRM-CERFACS-CNRM-CM5_CCLM4-8-17","CNRM-CERFACS-CNRM-CM5.02"
"107","CNRM-CERFACS-CNRM-CM5","CCLM4-8-17",1985,"E Midlands",1,0,0,0,"CNRM-CERFACS-CNRM-CM5_CCLM4-8-17","CNRM-CERFACS-CNRM-CM5.02"
"108","CNRM-CERFACS-CNRM-CM5","CCLM4-8-17",1986,"E Midlands",1,0,0,0,"CNRM-CERFACS-CNRM-CM5_CCLM4-8-17","CNRM-CERFACS-CNRM-CM5.02"
"109","CNRM-CERFACS-CNRM-CM5","CCLM4-8-17",1987,"E Midlands",1,0,0,0,"CNRM-CERFACS-CNRM-CM5_CCLM4-8-17","CNRM-CERFACS-CNRM-CM5.02"
"110","CNRM-CERFACS-CNRM-CM5","CCLM4-8-17",1988,"E Midlands",1,0,0,0,"CNRM-CERFACS-CNRM-CM5_CCLM4-8-17","CNRM-CERFACS-CNRM-CM5.02"
"111","CNRM-CERFACS-CNRM-CM5","CCLM4-8-17",1989,"E Midlands",1,0,0,0,"CNRM-CERFACS-CNRM-CM5_CCLM4-8-17","CNRM-CERFACS-CNRM-CM5.02"
"112","CNRM-CERFACS-CNRM-CM5","CCLM4-8-17",1990,"E Midlands",1,0,0,0,"CNRM-CERFACS-CNRM-CM5_CCLM4-8-17","CNRM-CERFACS-CNRM-CM5.02"
"113","CNRM-CERFACS-CNRM-CM5","CCLM4-8-17",1991,"E Midlands",1,0,0,0,"CNRM-CERFACS-CNRM-CM5_CCLM4-8-17","CNRM-CERFACS-CNRM-CM5.02"
"114","CNRM-CERFACS-CNRM-CM5","CCLM4-8-17",1992,"E Midlands",1,0,0,0,"CNRM-CERFACS-CNRM-CM5_CCLM4-8-17","CNRM-CERFACS-CNRM-CM5.02"
"115","CNRM-CERFACS-CNRM-CM5","CCLM4-8-17",1993,"E Midlands",1,0,0,0,"CNRM-CERFACS-CNRM-CM5_CCLM4-8-17","CNRM-CERFACS-CNRM-CM5.02"
"116","CNRM-CERFACS-CNRM-CM5","CCLM4-8-17",1994,"E Midlands",1,0,0,0,"CNRM-CERFACS-CNRM-CM5_CCLM4-8-17","CNRM-CERFACS-CNRM-CM5.02"
"117","CNRM-CERFACS-CNRM-CM5","CCLM4-8-17",1995,"E Midlands",1,0,0,0,"CNRM-CERFACS-CNRM-CM5_CCLM4-8-17","CNRM-CERFACS-CNRM-CM5.02"
"118","CNRM-CERFACS-CNRM-CM5","CCLM4-8-17",1996,"E Midlands",1,0,0,0,"CNRM-CERFACS-CNRM-CM5_CCLM4-8-17","CNRM-CERFACS-CNRM-CM5.02"
"119","CNRM-CERFACS-CNRM-CM5","CCLM4-8-17",1997,"E Midlands",1,0,0,0,"CNRM-CERFACS-CNRM-CM5_CCLM4-8-17","CNRM-CERFACS-CNRM-CM5.02"
"120","CNRM-CERFACS-CNRM-CM5","CCLM4-8-17",1998,"E Midlands",1,0,0,0,"CNRM-CERFACS-CNRM-CM5_CCLM4-8-17","CNRM-CERFACS-CNRM-CM5.02"
"121","CNRM-CERFACS-CNRM-CM5","CCLM4-8-17",1999,"E Midlands",1,0,0,0,"CNRM-CERFACS-CNRM-CM5_CCLM4-8-17","CNRM-CERFACS-CNRM-CM5.02"
"122","CNRM-CERFACS-CNRM-CM5","CCLM4-8-17",2000,"E Midlands",1,0,0,0,"CNRM-CERFACS-CNRM-CM5_CCLM4-8-17","CNRM-CERFACS-CNRM-CM5.02"
"123","CNRM-CERFACS-CNRM-CM5","CCLM4-8-17",2001,"E Midlands",1,1,4.60747663551402,32.9077623563392,"CNRM-CERFACS-CNRM-CM5_CCLM4-8-17","CNRM-CERFACS-CNRM-CM5.02"
"124","CNRM-CERFACS-CNRM-CM5","CCLM4-8-17",2002,"E Midlands",1,0,0,0,"CNRM-CERFACS-CNRM-CM5_CCLM4-8-17","CNRM-CERFACS-CNRM-CM5.02"
"125","CNRM-CERFACS-CNRM-CM5","CCLM4-8-17",2003,"E Midlands",1,0,0,0,"CNRM-CERFACS-CNRM-CM5_CCLM4-8-17","CNRM-CERFACS-CNRM-CM5.02"
"126","CNRM-CERFACS-CNRM-CM5","CCLM4-8-17",2004,"E Midlands",1,0,0,0,"CNRM-CERFACS-CNRM-CM5_CCLM4-8-17","CNRM-CERFACS-CNRM-CM5.02"
"127","CNRM-CERFACS-CNRM-CM5","CCLM4-8-17",2005,"E Midlands",1,0,0,0,"CNRM-CERFACS-CNRM-CM5_CCLM4-8-17","CNRM-CERFACS-CNRM-CM5.02"
"128","CNRM-CERFACS-CNRM-CM5","CCLM4-8-17",2006,"E Midlands",1,0.0280373831775701,3,30.5087810092502,"CNRM-CERFACS-CNRM-CM5_CCLM4-8-17","CNRM-CERFACS-CNRM-CM5.02"
"129","CNRM-CERFACS-CNRM-CM5","CCLM4-8-17",2007,"E Midlands",1,0,0,0,"CNRM-CERFACS-CNRM-CM5_CCLM4-8-17","CNRM-CERFACS-CNRM-CM5.02"
"130","CNRM-CERFACS-CNRM-CM5","CCLM4-8-17",2008,"E Midlands",1,0,0,0,"CNRM-CERFACS-CNRM-CM5_CCLM4-8-17","CNRM-CERFACS-CNRM-CM5.02"
"131","CNRM-CERFACS-CNRM-CM5","CCLM4-8-17",2009,"E Midlands",1,0,0,0,"CNRM-CERFACS-CNRM-CM5_CCLM4-8-17","CNRM-CERFACS-CNRM-CM5.02"
"132","CNRM-CERFACS-CNRM-CM5","CCLM4-8-17",2010,"E Midlands",1,0,0,0,"CNRM-CERFACS-CNRM-CM5_CCLM4-8-17","CNRM-CERFACS-CNRM-CM5.02"
"133","CNRM-CERFACS-CNRM-CM5","CCLM4-8-17",2011,"E Midlands",1,0,0,0,"CNRM-CERFACS-CNRM-CM5_CCLM4-8-17","CNRM-CERFACS-CNRM-CM5.02"
"134","CNRM-CERFACS-CNRM-CM5","CCLM4-8-17",2012,"E Midlands",1,0,0,0,"CNRM-CERFACS-CNRM-CM5_CCLM4-8-17","CNRM-CERFACS-CNRM-CM5.02"
"135","CNRM-CERFACS-CNRM-CM5","CCLM4-8-17",2013,"E Midlands",1,0,0,0,"CNRM-CERFACS-CNRM-CM5_CCLM4-8-17","CNRM-CERFACS-CNRM-CM5.02"
"136","CNRM-CERFACS-CNRM-CM5","CCLM4-8-17",2014,"E Midlands",1,0,0,0,"CNRM-CERFACS-CNRM-CM5_CCLM4-8-17","CNRM-CERFACS-CNRM-CM5.02"
"137","CNRM-CERFACS-CNRM-CM5","CCLM4-8-17",2015,"E Midlands",1,0,0,0,"CNRM-CERFACS-CNRM-CM5_CCLM4-8-17","CNRM-CERFACS-CNRM-CM5.02"
"138","CNRM-CERFACS-CNRM-CM5","CCLM4-8-17",2016,"E Midlands",1,0,0,0,"CNRM-CERFACS-CNRM-CM5_CCLM4-8-17","CNRM-CERFACS-CNRM-CM5.02"
"139","CNRM-CERFACS-CNRM-CM5","CCLM4-8-17",2017,"E Midlands",1,0,0,0,"CNRM-CERFACS-CNRM-CM5_CCLM4-8-17","CNRM-CERFACS-CNRM-CM5.02"
"140","CNRM-CERFACS-CNRM-CM5","CCLM4-8-17",2018,"E Midlands",1,0,0,0,"CNRM-CERFACS-CNRM-CM5_CCLM4-8-17","CNRM-CERFACS-CNRM-CM5.02"
"141","CNRM-CERFACS-CNRM-CM5","CCLM4-8-17",2019,"E Midlands",1,0.14018691588785,3,30.6469737370809,"CNRM-CERFACS-CNRM-CM5_CCLM4-8-17","CNRM-CERFACS-CNRM-CM5.02"
"142","CNRM-CERFACS-CNRM-CM5","CCLM4-8-17",2020,"E Midlands",1,0,0,0,"CNRM-CERFACS-CNRM-CM5_CCLM4-8-17","CNRM-CERFACS-CNRM-CM5.02"
"143","CNRM-CERFACS-CNRM-CM5","CCLM4-8-17",2021,"E Midlands",1,0,0,0,"CNRM-CERFACS-CNRM-CM5_CCLM4-8-17","CNRM-CERFACS-CNRM-CM5.02"
"144","CNRM-CERFACS-CNRM-CM5","CCLM4-8-17",2022,"E Midlands",1,0,0,0,"CNRM-CERFACS-CNRM-CM5_CCLM4-8-17","CNRM-CERFACS-CNRM-CM5.02"
"145","CNRM-CERFACS-CNRM-CM5","CCLM4-8-17",2023,"E Midlands",1,0,0,0,"CNRM-CERFACS-CNRM-CM5_CCLM4-8-17","CNRM-CERFACS-CNRM-CM5.02"
"146","CNRM-CERFACS-CNRM-CM5","CCLM4-8-17",2024,"E Midlands",1,0,0,0,"CNRM-CERFACS-CNRM-CM5_CCLM4-8-17","CNRM-CERFACS-CNRM-CM5.02"
"147","CNRM-CERFACS-CNRM-CM5","CCLM4-8-17",2025,"E Midlands",1,0.121495327102804,3,31.3512405004257,"CNRM-CERFACS-CNRM-CM5_CCLM4-8-17","CNRM-CERFACS-CNRM-CM5.02"
"148","CNRM-CERFACS-CNRM-CM5","CCLM4-8-17",2026,"E Midlands",1,0,0,0,"CNRM-CERFACS-CNRM-CM5_CCLM4-8-17","CNRM-CERFACS-CNRM-CM5.02"
"149","CNRM-CERFACS-CNRM-CM5","CCLM4-8-17",2027,"E Midlands",1,0.91588785046729,4.60204081632653,33.0095112550826,"CNRM-CERFACS-CNRM-CM5_CCLM4-8-17","CNRM-CERFACS-CNRM-CM5.02"
"150","CNRM-CERFACS-CNRM-CM5","CCLM4-8-17",2028,"E Midlands",1,0,0,0,"CNRM-CERFACS-CNRM-CM5_CCLM4-8-17","CNRM-CERFACS-CNRM-CM5.02"
"151","CNRM-CERFACS-CNRM-CM5","CCLM4-8-17",2029,"E Midlands",1,0,0,0,"CNRM-CERFACS-CNRM-CM5_CCLM4-8-17","CNRM-CERFACS-CNRM-CM5.02"
"152","CNRM-CERFACS-CNRM-CM5","CCLM4-8-17",2030,"E Midlands",1,0.289719626168224,3,33.0023100247947,"CNRM-CERFACS-CNRM-CM5_CCLM4-8-17","CNRM-CERFACS-CNRM-CM5.02"
"153","CNRM-CERFACS-CNRM-CM5","CCLM4-8-17",2031,"E Midlands",1,0,0,0,"CNRM-CERFACS-CNRM-CM5_CCLM4-8-17","CNRM-CERFACS-CNRM-CM5.02"
"154","CNRM-CERFACS-CNRM-CM5","CCLM4-8-17",2032,"E Midlands",1,0.205607476635514,3,31.1577824534792,"CNRM-CERFACS-CNRM-CM5_CCLM4-8-17","CNRM-CERFACS-CNRM-CM5.02"
"155","CNRM-CERFACS-CNRM-CM5","CCLM4-8-17",2033,"E Midlands",1,0.373831775700935,3.55,31.6703755736351,"CNRM-CERFACS-CNRM-CM5_CCLM4-8-17","CNRM-CERFACS-CNRM-CM5.02"
"156","CNRM-CERFACS-CNRM-CM5","CCLM4-8-17",2034,"E Midlands",1,0,0,0,"CNRM-CERFACS-CNRM-CM5_CCLM4-8-17","CNRM-CERFACS-CNRM-CM5.02"
"157","CNRM-CERFACS-CNRM-CM5","CCLM4-8-17",2035,"E Midlands",1,0,0,0,"CNRM-CERFACS-CNRM-CM5_CCLM4-8-17","CNRM-CERFACS-CNRM-CM5.02"
"158","CNRM-CERFACS-CNRM-CM5","CCLM4-8-17",2036,"E Midlands",1,0.0186915887850467,3,31.0511349042257,"CNRM-CERFACS-CNRM-CM5_CCLM4-8-17","CNRM-CERFACS-CNRM-CM5.02"
"159","CNRM-CERFACS-CNRM-CM5","CCLM4-8-17",2037,"E Midlands",1,0,0,0,"CNRM-CERFACS-CNRM-CM5_CCLM4-8-17","CNRM-CERFACS-CNRM-CM5.02"
"160","CNRM-CERFACS-CNRM-CM5","CCLM4-8-17",2038,"E Midlands",1,0,0,0,"CNRM-CERFACS-CNRM-CM5_CCLM4-8-17","CNRM-CERFACS-CNRM-CM5.02"
"161","CNRM-CERFACS-CNRM-CM5","CCLM4-8-17",2039,"E Midlands",1,0,0,0,"CNRM-CERFACS-CNRM-CM5_CCLM4-8-17","CNRM-CERFACS-CNRM-CM5.02"
"162","CNRM-CERFACS-CNRM-CM5","CCLM4-8-17",2040,"E Midlands",1,0,0,0,"CNRM-CERFACS-CNRM-CM5_CCLM4-8-17","CNRM-CERFACS-CNRM-CM5.02"
"163","CNRM-CERFACS-CNRM-CM5","CCLM4-8-17",2041,"E Midlands",1,0,0,0,"CNRM-CERFACS-CNRM-CM5_CCLM4-8-17","CNRM-CERFACS-CNRM-CM5.02"
"164","CNRM-CERFACS-CNRM-CM5","CCLM4-8-17",2042,"E Midlands",1,0,0,0,"CNRM-CERFACS-CNRM-CM5_CCLM4-8-17","CNRM-CERFACS-CNRM-CM5.02"
"165","CNRM-CERFACS-CNRM-CM5","CCLM4-8-17",2043,"E Midlands",1,0,0,0,"CNRM-CERFACS-CNRM-CM5_CCLM4-8-17","CNRM-CERFACS-CNRM-CM5.02"
"166","CNRM-CERFACS-CNRM-CM5","CCLM4-8-17",2044,"E Midlands",1,0,0,0,"CNRM-CERFACS-CNRM-CM5_CCLM4-8-17","CNRM-CERFACS-CNRM-CM5.02"
"167","CNRM-CERFACS-CNRM-CM5","CCLM4-8-17",2045,"E Midlands",1,0,0,0,"CNRM-CERFACS-CNRM-CM5_CCLM4-8-17","CNRM-CERFACS-CNRM-CM5.02"
"168","CNRM-CERFACS-CNRM-CM5","CCLM4-8-17",2046,"E Midlands",1,0.0934579439252336,4,31.2746436595917,"CNRM-CERFACS-CNRM-CM5_CCLM4-8-17","CNRM-CERFACS-CNRM-CM5.02"
"169","CNRM-CERFACS-CNRM-CM5","CCLM4-8-17",2047,"E Midlands",1,0,0,0,"CNRM-CERFACS-CNRM-CM5_CCLM4-8-17","CNRM-CERFACS-CNRM-CM5.02"
"170","CNRM-CERFACS-CNRM-CM5","CCLM4-8-17",2048,"E Midlands",1,0,0,0,"CNRM-CERFACS-CNRM-CM5_CCLM4-8-17","CNRM-CERFACS-CNRM-CM5.02"
"171","CNRM-CERFACS-CNRM-CM5","CCLM4-8-17",2049,"E Midlands",1,0,0,0,"CNRM-CERFACS-CNRM-CM5_CCLM4-8-17","CNRM-CERFACS-CNRM-CM5.02"
"172","CNRM-CERFACS-CNRM-CM5","CCLM4-8-17",2050,"E Midlands",1,0,0,0,"CNRM-CERFACS-CNRM-CM5_CCLM4-8-17","CNRM-CERFACS-CNRM-CM5.02"
"173","CNRM-CERFACS-CNRM-CM5","CCLM4-8-17",2051,"E Midlands",1,0,0,0,"CNRM-CERFACS-CNRM-CM5_CCLM4-8-17","CNRM-CERFACS-CNRM-CM5.02"
"174","CNRM-CERFACS-CNRM-CM5","CCLM4-8-17",2052,"E Midlands",1,0,0,0,"CNRM-CERFACS-CNRM-CM5_CCLM4-8-17","CNRM-CERFACS-CNRM-CM5.02"
"175","CNRM-CERFACS-CNRM-CM5","CCLM4-8-17",2053,"E Midlands",1,0,0,0,"CNRM-CERFACS-CNRM-CM5_CCLM4-8-17","CNRM-CERFACS-CNRM-CM5.02"
"176","CNRM-CERFACS-CNRM-CM5","CCLM4-8-17",2054,"E Midlands",1,0,0,0,"CNRM-CERFACS-CNRM-CM5_CCLM4-8-17","CNRM-CERFACS-CNRM-CM5.02"
"177","CNRM-CERFACS-CNRM-CM5","CCLM4-8-17",2055,"E Midlands",1,0,0,0,"CNRM-CERFACS-CNRM-CM5_CCLM4-8-17","CNRM-CERFACS-CNRM-CM5.02"
"178","CNRM-CERFACS-CNRM-CM5","CCLM4-8-17",2056,"E Midlands",1,0,0,0,"CNRM-CERFACS-CNRM-CM5_CCLM4-8-17","CNRM-CERFACS-CNRM-CM5.02"
"179","CNRM-CERFACS-CNRM-CM5","CCLM4-8-17",2057,"E Midlands",1,0,0,0,"CNRM-CERFACS-CNRM-CM5_CCLM4-8-17","CNRM-CERFACS-CNRM-CM5.02"
"180","CNRM-CERFACS-CNRM-CM5","CCLM4-8-17",2058,"E Midlands",1,0,0,0,"CNRM-CERFACS-CNRM-CM5_CCLM4-8-17","CNRM-CERFACS-CNRM-CM5.02"
"181","CNRM-CERFACS-CNRM-CM5","CCLM4-8-17",2059,"E Midlands",1,0,0,0,"CNRM-CERFACS-CNRM-CM5_CCLM4-8-17","CNRM-CERFACS-CNRM-CM5.02"
"182","CNRM-CERFACS-CNRM-CM5","CCLM4-8-17",2060,"E Midlands",1,0,0,0,"CNRM-CERFACS-CNRM-CM5_CCLM4-8-17","CNRM-CERFACS-CNRM-CM5.02"
"183","CNRM-CERFACS-CNRM-CM5","CCLM4-8-17",2061,"E Midlands",1,0,0,0,"CNRM-CERFACS-CNRM-CM5_CCLM4-8-17","CNRM-CERFACS-CNRM-CM5.02"
"184","CNRM-CERFACS-CNRM-CM5","CCLM4-8-17",2062,"E Midlands",1,0,0,0,"CNRM-CERFACS-CNRM-CM5_CCLM4-8-17","CNRM-CERFACS-CNRM-CM5.02"
"185","CNRM-CERFACS-CNRM-CM5","CCLM4-8-17",2063,"E Midlands",1,0,0,0,"CNRM-CERFACS-CNRM-CM5_CCLM4-8-17","CNRM-CERFACS-CNRM-CM5.02"
"186","CNRM-CERFACS-CNRM-CM5","CCLM4-8-17",2064,"E Midlands",1,0,0,0,"CNRM-CERFACS-CNRM-CM5_CCLM4-8-17","CNRM-CERFACS-CNRM-CM5.02"
"187","CNRM-CERFACS-CNRM-CM5","CCLM4-8-17",2065,"E Midlands",1,0,0,0,"CNRM-CERFACS-CNRM-CM5_CCLM4-8-17","CNRM-CERFACS-CNRM-CM5.02"
"188","CNRM-CERFACS-CNRM-CM5","CCLM4-8-17",2066,"E Midlands",1,0,0,0,"CNRM-CERFACS-CNRM-CM5_CCLM4-8-17","CNRM-CERFACS-CNRM-CM5.02"
"189","CNRM-CERFACS-CNRM-CM5","CCLM4-8-17",2067,"E Midlands",1,0.252336448598131,3,31.663978682624,"CNRM-CERFACS-CNRM-CM5_CCLM4-8-17","CNRM-CERFACS-CNRM-CM5.02"
"190","CNRM-CERFACS-CNRM-CM5","CCLM4-8-17",2068,"E Midlands",1,0,0,0,"CNRM-CERFACS-CNRM-CM5_CCLM4-8-17","CNRM-CERFACS-CNRM-CM5.02"
"191","CNRM-CERFACS-CNRM-CM5","CCLM4-8-17",2069,"E Midlands",1,0,0,0,"CNRM-CERFACS-CNRM-CM5_CCLM4-8-17","CNRM-CERFACS-CNRM-CM5.02"
"192","CNRM-CERFACS-CNRM-CM5","CCLM4-8-17",2070,"E Midlands",1,0,0,0,"CNRM-CERFACS-CNRM-CM5_CCLM4-8-17","CNRM-CERFACS-CNRM-CM5.02"
"193","CNRM-CERFACS-CNRM-CM5","CCLM4-8-17",2071,"E Midlands",1,0.401869158878505,3,33.1220521705095,"CNRM-CERFACS-CNRM-CM5_CCLM4-8-17","CNRM-CERFACS-CNRM-CM5.02"
"194","CNRM-CERFACS-CNRM-CM5","CCLM4-8-17",2072,"E Midlands",1,0,0,0,"CNRM-CERFACS-CNRM-CM5_CCLM4-8-17","CNRM-CERFACS-CNRM-CM5.02"
"195","CNRM-CERFACS-CNRM-CM5","CCLM4-8-17",2073,"E Midlands",1,0,0,0,"CNRM-CERFACS-CNRM-CM5_CCLM4-8-17","CNRM-CERFACS-CNRM-CM5.02"
"196","CNRM-CERFACS-CNRM-CM5","CCLM4-8-17",2074,"E Midlands",1,0,0,0,"CNRM-CERFACS-CNRM-CM5_CCLM4-8-17","CNRM-CERFACS-CNRM-CM5.02"
"197","CNRM-CERFACS-CNRM-CM5","CCLM4-8-17",2075,"E Midlands",1,0,0,0,"CNRM-CERFACS-CNRM-CM5_CCLM4-8-17","CNRM-CERFACS-CNRM-CM5.02"
"198","CNRM-CERFACS-CNRM-CM5","CCLM4-8-17",2076,"E Midlands",1,0,0,0,"CNRM-CERFACS-CNRM-CM5_CCLM4-8-17","CNRM-CERFACS-CNRM-CM5.02"
"199","CNRM-CERFACS-CNRM-CM5","CCLM4-8-17",2077,"E Midlands",1,0.691588785046729,3.40540540540541,31.3613530741082,"CNRM-CERFACS-CNRM-CM5_CCLM4-8-17","CNRM-CERFACS-CNRM-CM5.02"
"200","CNRM-CERFACS-CNRM-CM5","CCLM4-8-17",2078,"E Midlands",1,0,0,0,"CNRM-CERFACS-CNRM-CM5_CCLM4-8-17","CNRM-CERFACS-CNRM-CM5.02"
"201","CNRM-CERFACS-CNRM-CM5","CCLM4-8-17",2079,"E Midlands",1,0,0,0,"CNRM-CERFACS-CNRM-CM5_CCLM4-8-17","CNRM-CERFACS-CNRM-CM5.02"
"202","CNRM-CERFACS-CNRM-CM5","CCLM4-8-17",2080,"E Midlands",1,0,0,0,"CNRM-CERFACS-CNRM-CM5_CCLM4-8-17","CNRM-CERFACS-CNRM-CM5.02"
"203","CNRM-CERFACS-CNRM-CM5","COSMO-crCLIM-v1-1",1980,"E Midlands",1,0,0,0,"CNRM-CERFACS-CNRM-CM5_COSMO-crCLIM-v1-1","CNRM-CERFACS-CNRM-CM5.03"
"204","CNRM-CERFACS-CNRM-CM5","COSMO-crCLIM-v1-1",1981,"E Midlands",1,0,0,0,"CNRM-CERFACS-CNRM-CM5_COSMO-crCLIM-v1-1","CNRM-CERFACS-CNRM-CM5.03"
"205","CNRM-CERFACS-CNRM-CM5","COSMO-crCLIM-v1-1",1982,"E Midlands",1,0,0,0,"CNRM-CERFACS-CNRM-CM5_COSMO-crCLIM-v1-1","CNRM-CERFACS-CNRM-CM5.03"
"206","CNRM-CERFACS-CNRM-CM5","COSMO-crCLIM-v1-1",1983,"E Midlands",1,0,0,0,"CNRM-CERFACS-CNRM-CM5_COSMO-crCLIM-v1-1","CNRM-CERFACS-CNRM-CM5.03"
"207","CNRM-CERFACS-CNRM-CM5","COSMO-crCLIM-v1-1",1984,"E Midlands",1,0,0,0,"CNRM-CERFACS-CNRM-CM5_COSMO-crCLIM-v1-1","CNRM-CERFACS-CNRM-CM5.03"
"208","CNRM-CERFACS-CNRM-CM5","COSMO-crCLIM-v1-1",1985,"E Midlands",1,0,0,0,"CNRM-CERFACS-CNRM-CM5_COSMO-crCLIM-v1-1","CNRM-CERFACS-CNRM-CM5.03"
"209","CNRM-CERFACS-CNRM-CM5","COSMO-crCLIM-v1-1",1986,"E Midlands",1,0,0,0,"CNRM-CERFACS-CNRM-CM5_COSMO-crCLIM-v1-1","CNRM-CERFACS-CNRM-CM5.03"
"210","CNRM-CERFACS-CNRM-CM5","COSMO-crCLIM-v1-1",1987,"E Midlands",1,0,0,0,"CNRM-CERFACS-CNRM-CM5_COSMO-crCLIM-v1-1","CNRM-CERFACS-CNRM-CM5.03"
"211","CNRM-CERFACS-CNRM-CM5","COSMO-crCLIM-v1-1",1988,"E Midlands",1,0,0,0,"CNRM-CERFACS-CNRM-CM5_COSMO-crCLIM-v1-1","CNRM-CERFACS-CNRM-CM5.03"
"212","CNRM-CERFACS-CNRM-CM5","COSMO-crCLIM-v1-1",1989,"E Midlands",1,0,0,0,"CNRM-CERFACS-CNRM-CM5_COSMO-crCLIM-v1-1","CNRM-CERFACS-CNRM-CM5.03"
"213","CNRM-CERFACS-CNRM-CM5","COSMO-crCLIM-v1-1",1990,"E Midlands",1,0,0,0,"CNRM-CERFACS-CNRM-CM5_COSMO-crCLIM-v1-1","CNRM-CERFACS-CNRM-CM5.03"
"214","CNRM-CERFACS-CNRM-CM5","COSMO-crCLIM-v1-1",1991,"E Midlands",1,0,0,0,"CNRM-CERFACS-CNRM-CM5_COSMO-crCLIM-v1-1","CNRM-CERFACS-CNRM-CM5.03"
"215","CNRM-CERFACS-CNRM-CM5","COSMO-crCLIM-v1-1",1992,"E Midlands",1,0,0,0,"CNRM-CERFACS-CNRM-CM5_COSMO-crCLIM-v1-1","CNRM-CERFACS-CNRM-CM5.03"
"216","CNRM-CERFACS-CNRM-CM5","COSMO-crCLIM-v1-1",1993,"E Midlands",1,0,0,0,"CNRM-CERFACS-CNRM-CM5_COSMO-crCLIM-v1-1","CNRM-CERFACS-CNRM-CM5.03"
"217","CNRM-CERFACS-CNRM-CM5","COSMO-crCLIM-v1-1",1994,"E Midlands",1,0,0,0,"CNRM-CERFACS-CNRM-CM5_COSMO-crCLIM-v1-1","CNRM-CERFACS-CNRM-CM5.03"
"218","CNRM-CERFACS-CNRM-CM5","COSMO-crCLIM-v1-1",1995,"E Midlands",1,0,0,0,"CNRM-CERFACS-CNRM-CM5_COSMO-crCLIM-v1-1","CNRM-CERFACS-CNRM-CM5.03"
"219","CNRM-CERFACS-CNRM-CM5","COSMO-crCLIM-v1-1",1996,"E Midlands",1,0,0,0,"CNRM-CERFACS-CNRM-CM5_COSMO-crCLIM-v1-1","CNRM-CERFACS-CNRM-CM5.03"
"220","CNRM-CERFACS-CNRM-CM5","COSMO-crCLIM-v1-1",1997,"E Midlands",1,0,0,0,"CNRM-CERFACS-CNRM-CM5_COSMO-crCLIM-v1-1","CNRM-CERFACS-CNRM-CM5.03"
"221","CNRM-CERFACS-CNRM-CM5","COSMO-crCLIM-v1-1",1998,"E Midlands",1,0,0,0,"CNRM-CERFACS-CNRM-CM5_COSMO-crCLIM-v1-1","CNRM-CERFACS-CNRM-CM5.03"
"222","CNRM-CERFACS-CNRM-CM5","COSMO-crCLIM-v1-1",1999,"E Midlands",1,0,0,0,"CNRM-CERFACS-CNRM-CM5_COSMO-crCLIM-v1-1","CNRM-CERFACS-CNRM-CM5.03"
"223","CNRM-CERFACS-CNRM-CM5","COSMO-crCLIM-v1-1",2000,"E Midlands",1,0,0,0,"CNRM-CERFACS-CNRM-CM5_COSMO-crCLIM-v1-1","CNRM-CERFACS-CNRM-CM5.03"
"224","CNRM-CERFACS-CNRM-CM5","COSMO-crCLIM-v1-1",2001,"E Midlands",1,0,0,0,"CNRM-CERFACS-CNRM-CM5_COSMO-crCLIM-v1-1","CNRM-CERFACS-CNRM-CM5.03"
"225","CNRM-CERFACS-CNRM-CM5","COSMO-crCLIM-v1-1",2002,"E Midlands",1,0,0,0,"CNRM-CERFACS-CNRM-CM5_COSMO-crCLIM-v1-1","CNRM-CERFACS-CNRM-CM5.03"
"226","CNRM-CERFACS-CNRM-CM5","COSMO-crCLIM-v1-1",2003,"E Midlands",1,0,0,0,"CNRM-CERFACS-CNRM-CM5_COSMO-crCLIM-v1-1","CNRM-CERFACS-CNRM-CM5.03"
"227","CNRM-CERFACS-CNRM-CM5","COSMO-crCLIM-v1-1",2004,"E Midlands",1,0,0,0,"CNRM-CERFACS-CNRM-CM5_COSMO-crCLIM-v1-1","CNRM-CERFACS-CNRM-CM5.03"
"228","CNRM-CERFACS-CNRM-CM5","COSMO-crCLIM-v1-1",2005,"E Midlands",1,0,0,0,"CNRM-CERFACS-CNRM-CM5_COSMO-crCLIM-v1-1","CNRM-CERFACS-CNRM-CM5.03"
"229","CNRM-CERFACS-CNRM-CM5","COSMO-crCLIM-v1-1",2006,"E Midlands",1,0,0,0,"CNRM-CERFACS-CNRM-CM5_COSMO-crCLIM-v1-1","CNRM-CERFACS-CNRM-CM5.03"
"230","CNRM-CERFACS-CNRM-CM5","COSMO-crCLIM-v1-1",2007,"E Midlands",1,0,0,0,"CNRM-CERFACS-CNRM-CM5_COSMO-crCLIM-v1-1","CNRM-CERFACS-CNRM-CM5.03"
"231","CNRM-CERFACS-CNRM-CM5","COSMO-crCLIM-v1-1",2008,"E Midlands",1,0,0,0,"CNRM-CERFACS-CNRM-CM5_COSMO-crCLIM-v1-1","CNRM-CERFACS-CNRM-CM5.03"
"232","CNRM-CERFACS-CNRM-CM5","COSMO-crCLIM-v1-1",2009,"E Midlands",1,0,0,0,"CNRM-CERFACS-CNRM-CM5_COSMO-crCLIM-v1-1","CNRM-CERFACS-CNRM-CM5.03"
"233","CNRM-CERFACS-CNRM-CM5","COSMO-crCLIM-v1-1",2010,"E Midlands",1,0,0,0,"CNRM-CERFACS-CNRM-CM5_COSMO-crCLIM-v1-1","CNRM-CERFACS-CNRM-CM5.03"
"234","CNRM-CERFACS-CNRM-CM5","COSMO-crCLIM-v1-1",2011,"E Midlands",1,0,0,0,"CNRM-CERFACS-CNRM-CM5_COSMO-crCLIM-v1-1","CNRM-CERFACS-CNRM-CM5.03"
"235","CNRM-CERFACS-CNRM-CM5","COSMO-crCLIM-v1-1",2012,"E Midlands",1,0,0,0,"CNRM-CERFACS-CNRM-CM5_COSMO-crCLIM-v1-1","CNRM-CERFACS-CNRM-CM5.03"
"236","CNRM-CERFACS-CNRM-CM5","COSMO-crCLIM-v1-1",2013,"E Midlands",1,0,0,0,"CNRM-CERFACS-CNRM-CM5_COSMO-crCLIM-v1-1","CNRM-CERFACS-CNRM-CM5.03"
"237","CNRM-CERFACS-CNRM-CM5","COSMO-crCLIM-v1-1",2014,"E Midlands",1,0,0,0,"CNRM-CERFACS-CNRM-CM5_COSMO-crCLIM-v1-1","CNRM-CERFACS-CNRM-CM5.03"
"238","CNRM-CERFACS-CNRM-CM5","COSMO-crCLIM-v1-1",2015,"E Midlands",1,0,0,0,"CNRM-CERFACS-CNRM-CM5_COSMO-crCLIM-v1-1","CNRM-CERFACS-CNRM-CM5.03"
"239","CNRM-CERFACS-CNRM-CM5","COSMO-crCLIM-v1-1",2016,"E Midlands",1,0,0,0,"CNRM-CERFACS-CNRM-CM5_COSMO-crCLIM-v1-1","CNRM-CERFACS-CNRM-CM5.03"
"240","CNRM-CERFACS-CNRM-CM5","COSMO-crCLIM-v1-1",2017,"E Midlands",1,0,0,0,"CNRM-CERFACS-CNRM-CM5_COSMO-crCLIM-v1-1","CNRM-CERFACS-CNRM-CM5.03"
"241","CNRM-CERFACS-CNRM-CM5","COSMO-crCLIM-v1-1",2018,"E Midlands",1,0,0,0,"CNRM-CERFACS-CNRM-CM5_COSMO-crCLIM-v1-1","CNRM-CERFACS-CNRM-CM5.03"
"242","CNRM-CERFACS-CNRM-CM5","COSMO-crCLIM-v1-1",2019,"E Midlands",1,0,0,0,"CNRM-CERFACS-CNRM-CM5_COSMO-crCLIM-v1-1","CNRM-CERFACS-CNRM-CM5.03"
"243","CNRM-CERFACS-CNRM-CM5","COSMO-crCLIM-v1-1",2020,"E Midlands",1,0,0,0,"CNRM-CERFACS-CNRM-CM5_COSMO-crCLIM-v1-1","CNRM-CERFACS-CNRM-CM5.03"
"244","CNRM-CERFACS-CNRM-CM5","COSMO-crCLIM-v1-1",2021,"E Midlands",1,0,0,0,"CNRM-CERFACS-CNRM-CM5_COSMO-crCLIM-v1-1","CNRM-CERFACS-CNRM-CM5.03"
"245","CNRM-CERFACS-CNRM-CM5","COSMO-crCLIM-v1-1",2022,"E Midlands",1,0,0,0,"CNRM-CERFACS-CNRM-CM5_COSMO-crCLIM-v1-1","CNRM-CERFACS-CNRM-CM5.03"
"246","CNRM-CERFACS-CNRM-CM5","COSMO-crCLIM-v1-1",2023,"E Midlands",1,0,0,0,"CNRM-CERFACS-CNRM-CM5_COSMO-crCLIM-v1-1","CNRM-CERFACS-CNRM-CM5.03"
"247","CNRM-CERFACS-CNRM-CM5","COSMO-crCLIM-v1-1",2024,"E Midlands",1,0,0,0,"CNRM-CERFACS-CNRM-CM5_COSMO-crCLIM-v1-1","CNRM-CERFACS-CNRM-CM5.03"
"248","CNRM-CERFACS-CNRM-CM5","COSMO-crCLIM-v1-1",2025,"E Midlands",1,0,0,0,"CNRM-CERFACS-CNRM-CM5_COSMO-crCLIM-v1-1","CNRM-CERFACS-CNRM-CM5.03"
"249","CNRM-CERFACS-CNRM-CM5","COSMO-crCLIM-v1-1",2026,"E Midlands",1,0,0,0,"CNRM-CERFACS-CNRM-CM5_COSMO-crCLIM-v1-1","CNRM-CERFACS-CNRM-CM5.03"
"250","CNRM-CERFACS-CNRM-CM5","COSMO-crCLIM-v1-1",2027,"E Midlands",1,0,0,0,"CNRM-CERFACS-CNRM-CM5_COSMO-crCLIM-v1-1","CNRM-CERFACS-CNRM-CM5.03"
"251","CNRM-CERFACS-CNRM-CM5","COSMO-crCLIM-v1-1",2028,"E Midlands",1,0,0,0,"CNRM-CERFACS-CNRM-CM5_COSMO-crCLIM-v1-1","CNRM-CERFACS-CNRM-CM5.03"
"252","CNRM-CERFACS-CNRM-CM5","COSMO-crCLIM-v1-1",2029,"E Midlands",1,0,0,0,"CNRM-CERFACS-CNRM-CM5_COSMO-crCLIM-v1-1","CNRM-CERFACS-CNRM-CM5.03"
"253","CNRM-CERFACS-CNRM-CM5","COSMO-crCLIM-v1-1",2030,"E Midlands",1,0,0,0,"CNRM-CERFACS-CNRM-CM5_COSMO-crCLIM-v1-1","CNRM-CERFACS-CNRM-CM5.03"
"254","CNRM-CERFACS-CNRM-CM5","COSMO-crCLIM-v1-1",2031,"E Midlands",1,0,0,0,"CNRM-CERFACS-CNRM-CM5_COSMO-crCLIM-v1-1","CNRM-CERFACS-CNRM-CM5.03"
"255","CNRM-CERFACS-CNRM-CM5","COSMO-crCLIM-v1-1",2032,"E Midlands",1,0,0,0,"CNRM-CERFACS-CNRM-CM5_COSMO-crCLIM-v1-1","CNRM-CERFACS-CNRM-CM5.03"
"256","CNRM-CERFACS-CNRM-CM5","COSMO-crCLIM-v1-1",2033,"E Midlands",1,0,0,0,"CNRM-CERFACS-CNRM-CM5_COSMO-crCLIM-v1-1","CNRM-CERFACS-CNRM-CM5.03"
"257","CNRM-CERFACS-CNRM-CM5","COSMO-crCLIM-v1-1",2034,"E Midlands",1,0,0,0,"CNRM-CERFACS-CNRM-CM5_COSMO-crCLIM-v1-1","CNRM-CERFACS-CNRM-CM5.03"
"258","CNRM-CERFACS-CNRM-CM5","COSMO-crCLIM-v1-1",2035,"E Midlands",1,0,0,0,"CNRM-CERFACS-CNRM-CM5_COSMO-crCLIM-v1-1","CNRM-CERFACS-CNRM-CM5.03"
"259","CNRM-CERFACS-CNRM-CM5","COSMO-crCLIM-v1-1",2036,"E Midlands",1,0,0,0,"CNRM-CERFACS-CNRM-CM5_COSMO-crCLIM-v1-1","CNRM-CERFACS-CNRM-CM5.03"
"260","CNRM-CERFACS-CNRM-CM5","COSMO-crCLIM-v1-1",2037,"E Midlands",1,0,0,0,"CNRM-CERFACS-CNRM-CM5_COSMO-crCLIM-v1-1","CNRM-CERFACS-CNRM-CM5.03"
"261","CNRM-CERFACS-CNRM-CM5","COSMO-crCLIM-v1-1",2038,"E Midlands",1,0,0,0,"CNRM-CERFACS-CNRM-CM5_COSMO-crCLIM-v1-1","CNRM-CERFACS-CNRM-CM5.03"
"262","CNRM-CERFACS-CNRM-CM5","COSMO-crCLIM-v1-1",2039,"E Midlands",1,0,0,0,"CNRM-CERFACS-CNRM-CM5_COSMO-crCLIM-v1-1","CNRM-CERFACS-CNRM-CM5.03"
"263","CNRM-CERFACS-CNRM-CM5","COSMO-crCLIM-v1-1",2040,"E Midlands",1,0,0,0,"CNRM-CERFACS-CNRM-CM5_COSMO-crCLIM-v1-1","CNRM-CERFACS-CNRM-CM5.03"
"264","CNRM-CERFACS-CNRM-CM5","COSMO-crCLIM-v1-1",2041,"E Midlands",1,0,0,0,"CNRM-CERFACS-CNRM-CM5_COSMO-crCLIM-v1-1","CNRM-CERFACS-CNRM-CM5.03"
"265","CNRM-CERFACS-CNRM-CM5","COSMO-crCLIM-v1-1",2042,"E Midlands",1,0,0,0,"CNRM-CERFACS-CNRM-CM5_COSMO-crCLIM-v1-1","CNRM-CERFACS-CNRM-CM5.03"
"266","CNRM-CERFACS-CNRM-CM5","COSMO-crCLIM-v1-1",2043,"E Midlands",1,0,0,0,"CNRM-CERFACS-CNRM-CM5_COSMO-crCLIM-v1-1","CNRM-CERFACS-CNRM-CM5.03"
"267","CNRM-CERFACS-CNRM-CM5","COSMO-crCLIM-v1-1",2044,"E Midlands",1,0,0,0,"CNRM-CERFACS-CNRM-CM5_COSMO-crCLIM-v1-1","CNRM-CERFACS-CNRM-CM5.03"
"268","CNRM-CERFACS-CNRM-CM5","COSMO-crCLIM-v1-1",2045,"E Midlands",1,0,0,0,"CNRM-CERFACS-CNRM-CM5_COSMO-crCLIM-v1-1","CNRM-CERFACS-CNRM-CM5.03"
"269","CNRM-CERFACS-CNRM-CM5","COSMO-crCLIM-v1-1",2046,"E Midlands",1,0,0,0,"CNRM-CERFACS-CNRM-CM5_COSMO-crCLIM-v1-1","CNRM-CERFACS-CNRM-CM5.03"
"270","CNRM-CERFACS-CNRM-CM5","COSMO-crCLIM-v1-1",2047,"E Midlands",1,0,0,0,"CNRM-CERFACS-CNRM-CM5_COSMO-crCLIM-v1-1","CNRM-CERFACS-CNRM-CM5.03"
"271","CNRM-CERFACS-CNRM-CM5","COSMO-crCLIM-v1-1",2048,"E Midlands",1,0,0,0,"CNRM-CERFACS-CNRM-CM5_COSMO-crCLIM-v1-1","CNRM-CERFACS-CNRM-CM5.03"
"272","CNRM-CERFACS-CNRM-CM5","COSMO-crCLIM-v1-1",2049,"E Midlands",1,0,0,0,"CNRM-CERFACS-CNRM-CM5_COSMO-crCLIM-v1-1","CNRM-CERFACS-CNRM-CM5.03"
"273","CNRM-CERFACS-CNRM-CM5","COSMO-crCLIM-v1-1",2050,"E Midlands",1,0,0,0,"CNRM-CERFACS-CNRM-CM5_COSMO-crCLIM-v1-1","CNRM-CERFACS-CNRM-CM5.03"
"274","CNRM-CERFACS-CNRM-CM5","COSMO-crCLIM-v1-1",2051,"E Midlands",1,0,0,0,"CNRM-CERFACS-CNRM-CM5_COSMO-crCLIM-v1-1","CNRM-CERFACS-CNRM-CM5.03"
"275","CNRM-CERFACS-CNRM-CM5","COSMO-crCLIM-v1-1",2052,"E Midlands",1,0,0,0,"CNRM-CERFACS-CNRM-CM5_COSMO-crCLIM-v1-1","CNRM-CERFACS-CNRM-CM5.03"
"276","CNRM-CERFACS-CNRM-CM5","COSMO-crCLIM-v1-1",2053,"E Midlands",1,0,0,0,"CNRM-CERFACS-CNRM-CM5_COSMO-crCLIM-v1-1","CNRM-CERFACS-CNRM-CM5.03"
"277","CNRM-CERFACS-CNRM-CM5","COSMO-crCLIM-v1-1",2054,"E Midlands",1,0,0,0,"CNRM-CERFACS-CNRM-CM5_COSMO-crCLIM-v1-1","CNRM-CERFACS-CNRM-CM5.03"
"278","CNRM-CERFACS-CNRM-CM5","COSMO-crCLIM-v1-1",2055,"E Midlands",1,0,0,0,"CNRM-CERFACS-CNRM-CM5_COSMO-crCLIM-v1-1","CNRM-CERFACS-CNRM-CM5.03"
"279","CNRM-CERFACS-CNRM-CM5","COSMO-crCLIM-v1-1",2056,"E Midlands",1,0,0,0,"CNRM-CERFACS-CNRM-CM5_COSMO-crCLIM-v1-1","CNRM-CERFACS-CNRM-CM5.03"
"280","CNRM-CERFACS-CNRM-CM5","COSMO-crCLIM-v1-1",2057,"E Midlands",1,0,0,0,"CNRM-CERFACS-CNRM-CM5_COSMO-crCLIM-v1-1","CNRM-CERFACS-CNRM-CM5.03"
"281","CNRM-CERFACS-CNRM-CM5","COSMO-crCLIM-v1-1",2058,"E Midlands",1,0,0,0,"CNRM-CERFACS-CNRM-CM5_COSMO-crCLIM-v1-1","CNRM-CERFACS-CNRM-CM5.03"
"282","CNRM-CERFACS-CNRM-CM5","COSMO-crCLIM-v1-1",2059,"E Midlands",1,0,0,0,"CNRM-CERFACS-CNRM-CM5_COSMO-crCLIM-v1-1","CNRM-CERFACS-CNRM-CM5.03"
"283","CNRM-CERFACS-CNRM-CM5","COSMO-crCLIM-v1-1",2060,"E Midlands",1,0,0,0,"CNRM-CERFACS-CNRM-CM5_COSMO-crCLIM-v1-1","CNRM-CERFACS-CNRM-CM5.03"
"284","CNRM-CERFACS-CNRM-CM5","COSMO-crCLIM-v1-1",2061,"E Midlands",1,0,0,0,"CNRM-CERFACS-CNRM-CM5_COSMO-crCLIM-v1-1","CNRM-CERFACS-CNRM-CM5.03"
"285","CNRM-CERFACS-CNRM-CM5","COSMO-crCLIM-v1-1",2062,"E Midlands",1,0,0,0,"CNRM-CERFACS-CNRM-CM5_COSMO-crCLIM-v1-1","CNRM-CERFACS-CNRM-CM5.03"
"286","CNRM-CERFACS-CNRM-CM5","COSMO-crCLIM-v1-1",2063,"E Midlands",1,0,0,0,"CNRM-CERFACS-CNRM-CM5_COSMO-crCLIM-v1-1","CNRM-CERFACS-CNRM-CM5.03"
"287","CNRM-CERFACS-CNRM-CM5","COSMO-crCLIM-v1-1",2064,"E Midlands",1,0,0,0,"CNRM-CERFACS-CNRM-CM5_COSMO-crCLIM-v1-1","CNRM-CERFACS-CNRM-CM5.03"
"288","CNRM-CERFACS-CNRM-CM5","COSMO-crCLIM-v1-1",2065,"E Midlands",1,0,0,0,"CNRM-CERFACS-CNRM-CM5_COSMO-crCLIM-v1-1","CNRM-CERFACS-CNRM-CM5.03"
"289","CNRM-CERFACS-CNRM-CM5","COSMO-crCLIM-v1-1",2066,"E Midlands",1,0,0,0,"CNRM-CERFACS-CNRM-CM5_COSMO-crCLIM-v1-1","CNRM-CERFACS-CNRM-CM5.03"
"290","CNRM-CERFACS-CNRM-CM5","COSMO-crCLIM-v1-1",2067,"E Midlands",1,0,0,0,"CNRM-CERFACS-CNRM-CM5_COSMO-crCLIM-v1-1","CNRM-CERFACS-CNRM-CM5.03"
"291","CNRM-CERFACS-CNRM-CM5","COSMO-crCLIM-v1-1",2068,"E Midlands",1,0,0,0,"CNRM-CERFACS-CNRM-CM5_COSMO-crCLIM-v1-1","CNRM-CERFACS-CNRM-CM5.03"
"292","CNRM-CERFACS-CNRM-CM5","COSMO-crCLIM-v1-1",2069,"E Midlands",1,0,0,0,"CNRM-CERFACS-CNRM-CM5_COSMO-crCLIM-v1-1","CNRM-CERFACS-CNRM-CM5.03"
"293","CNRM-CERFACS-CNRM-CM5","COSMO-crCLIM-v1-1",2070,"E Midlands",1,0,0,0,"CNRM-CERFACS-CNRM-CM5_COSMO-crCLIM-v1-1","CNRM-CERFACS-CNRM-CM5.03"
"294","CNRM-CERFACS-CNRM-CM5","COSMO-crCLIM-v1-1",2071,"E Midlands",1,0,0,0,"CNRM-CERFACS-CNRM-CM5_COSMO-crCLIM-v1-1","CNRM-CERFACS-CNRM-CM5.03"
"295","CNRM-CERFACS-CNRM-CM5","COSMO-crCLIM-v1-1",2072,"E Midlands",1,0,0,0,"CNRM-CERFACS-CNRM-CM5_COSMO-crCLIM-v1-1","CNRM-CERFACS-CNRM-CM5.03"
"296","CNRM-CERFACS-CNRM-CM5","COSMO-crCLIM-v1-1",2073,"E Midlands",1,0,0,0,"CNRM-CERFACS-CNRM-CM5_COSMO-crCLIM-v1-1","CNRM-CERFACS-CNRM-CM5.03"
"297","CNRM-CERFACS-CNRM-CM5","COSMO-crCLIM-v1-1",2074,"E Midlands",1,0,0,0,"CNRM-CERFACS-CNRM-CM5_COSMO-crCLIM-v1-1","CNRM-CERFACS-CNRM-CM5.03"
"298","CNRM-CERFACS-CNRM-CM5","COSMO-crCLIM-v1-1",2075,"E Midlands",1,0,0,0,"CNRM-CERFACS-CNRM-CM5_COSMO-crCLIM-v1-1","CNRM-CERFACS-CNRM-CM5.03"
"299","CNRM-CERFACS-CNRM-CM5","COSMO-crCLIM-v1-1",2076,"E Midlands",1,0,0,0,"CNRM-CERFACS-CNRM-CM5_COSMO-crCLIM-v1-1","CNRM-CERFACS-CNRM-CM5.03"
"300","CNRM-CERFACS-CNRM-CM5","COSMO-crCLIM-v1-1",2077,"E Midlands",1,0,0,0,"CNRM-CERFACS-CNRM-CM5_COSMO-crCLIM-v1-1","CNRM-CERFACS-CNRM-CM5.03"
"301","CNRM-CERFACS-CNRM-CM5","COSMO-crCLIM-v1-1",2078,"E Midlands",1,0,0,0,"CNRM-CERFACS-CNRM-CM5_COSMO-crCLIM-v1-1","CNRM-CERFACS-CNRM-CM5.03"
"302","CNRM-CERFACS-CNRM-CM5","COSMO-crCLIM-v1-1",2079,"E Midlands",1,0,0,0,"CNRM-CERFACS-CNRM-CM5_COSMO-crCLIM-v1-1","CNRM-CERFACS-CNRM-CM5.03"
"303","CNRM-CERFACS-CNRM-CM5","COSMO-crCLIM-v1-1",2080,"E Midlands",1,0,0,0,"CNRM-CERFACS-CNRM-CM5_COSMO-crCLIM-v1-1","CNRM-CERFACS-CNRM-CM5.03"
"304","CNRM-CERFACS-CNRM-CM5","HadREM3-GA7-05",1980,"E Midlands",1,0,0,0,"CNRM-CERFACS-CNRM-CM5_HadREM3-GA7-05","CNRM-CERFACS-CNRM-CM5.04"
"305","CNRM-CERFACS-CNRM-CM5","HadREM3-GA7-05",1981,"E Midlands",1,0,0,0,"CNRM-CERFACS-CNRM-CM5_HadREM3-GA7-05","CNRM-CERFACS-CNRM-CM5.04"
"306","CNRM-CERFACS-CNRM-CM5","HadREM3-GA7-05",1982,"E Midlands",1,0,0,0,"CNRM-CERFACS-CNRM-CM5_HadREM3-GA7-05","CNRM-CERFACS-CNRM-CM5.04"
"307","CNRM-CERFACS-CNRM-CM5","HadREM3-GA7-05",1983,"E Midlands",1,0,0,0,"CNRM-CERFACS-CNRM-CM5_HadREM3-GA7-05","CNRM-CERFACS-CNRM-CM5.04"
"308","CNRM-CERFACS-CNRM-CM5","HadREM3-GA7-05",1984,"E Midlands",1,0,0,0,"CNRM-CERFACS-CNRM-CM5_HadREM3-GA7-05","CNRM-CERFACS-CNRM-CM5.04"
"309","CNRM-CERFACS-CNRM-CM5","HadREM3-GA7-05",1985,"E Midlands",1,0,0,0,"CNRM-CERFACS-CNRM-CM5_HadREM3-GA7-05","CNRM-CERFACS-CNRM-CM5.04"
"310","CNRM-CERFACS-CNRM-CM5","HadREM3-GA7-05",1986,"E Midlands",1,0,0,0,"CNRM-CERFACS-CNRM-CM5_HadREM3-GA7-05","CNRM-CERFACS-CNRM-CM5.04"
"311","CNRM-CERFACS-CNRM-CM5","HadREM3-GA7-05",1987,"E Midlands",1,0,0,0,"CNRM-CERFACS-CNRM-CM5_HadREM3-GA7-05","CNRM-CERFACS-CNRM-CM5.04"
"312","CNRM-CERFACS-CNRM-CM5","HadREM3-GA7-05",1988,"E Midlands",1,0.0841121495327103,3.33333333333333,32.4998452575118,"CNRM-CERFACS-CNRM-CM5_HadREM3-GA7-05","CNRM-CERFACS-CNRM-CM5.04"
"313","CNRM-CERFACS-CNRM-CM5","HadREM3-GA7-05",1989,"E Midlands",1,0,0,0,"CNRM-CERFACS-CNRM-CM5_HadREM3-GA7-05","CNRM-CERFACS-CNRM-CM5.04"
"314","CNRM-CERFACS-CNRM-CM5","HadREM3-GA7-05",1990,"E Midlands",1,0,0,0,"CNRM-CERFACS-CNRM-CM5_HadREM3-GA7-05","CNRM-CERFACS-CNRM-CM5.04"
"315","CNRM-CERFACS-CNRM-CM5","HadREM3-GA7-05",1991,"E Midlands",1,0,0,0,"CNRM-CERFACS-CNRM-CM5_HadREM3-GA7-05","CNRM-CERFACS-CNRM-CM5.04"
"316","CNRM-CERFACS-CNRM-CM5","HadREM3-GA7-05",1992,"E Midlands",1,0,0,0,"CNRM-CERFACS-CNRM-CM5_HadREM3-GA7-05","CNRM-CERFACS-CNRM-CM5.04"
"317","CNRM-CERFACS-CNRM-CM5","HadREM3-GA7-05",1993,"E Midlands",1,0,0,0,"CNRM-CERFACS-CNRM-CM5_HadREM3-GA7-05","CNRM-CERFACS-CNRM-CM5.04"
"318","CNRM-CERFACS-CNRM-CM5","HadREM3-GA7-05",1994,"E Midlands",1,0.177570093457944,3.21052631578947,30.9944359461466,"CNRM-CERFACS-CNRM-CM5_HadREM3-GA7-05","CNRM-CERFACS-CNRM-CM5.04"
"319","CNRM-CERFACS-CNRM-CM5","HadREM3-GA7-05",1995,"E Midlands",1,1.10280373831776,5.3728813559322,35.7866800942856,"CNRM-CERFACS-CNRM-CM5_HadREM3-GA7-05","CNRM-CERFACS-CNRM-CM5.04"
"320","CNRM-CERFACS-CNRM-CM5","HadREM3-GA7-05",1996,"E Midlands",1,0.94392523364486,4.25742574257426,34.0538220037328,"CNRM-CERFACS-CNRM-CM5_HadREM3-GA7-05","CNRM-CERFACS-CNRM-CM5.04"
"321","CNRM-CERFACS-CNRM-CM5","HadREM3-GA7-05",1997,"E Midlands",1,0,0,0,"CNRM-CERFACS-CNRM-CM5_HadREM3-GA7-05","CNRM-CERFACS-CNRM-CM5.04"
"322","CNRM-CERFACS-CNRM-CM5","HadREM3-GA7-05",1998,"E Midlands",1,0,0,0,"CNRM-CERFACS-CNRM-CM5_HadREM3-GA7-05","CNRM-CERFACS-CNRM-CM5.04"
"323","CNRM-CERFACS-CNRM-CM5","HadREM3-GA7-05",1999,"E Midlands",1,0,0,0,"CNRM-CERFACS-CNRM-CM5_HadREM3-GA7-05","CNRM-CERFACS-CNRM-CM5.04"
"324","CNRM-CERFACS-CNRM-CM5","HadREM3-GA7-05",2000,"E Midlands",1,1.29906542056075,3.03597122302158,34.4239787386476,"CNRM-CERFACS-CNRM-CM5_HadREM3-GA7-05","CNRM-CERFACS-CNRM-CM5.04"
"325","CNRM-CERFACS-CNRM-CM5","HadREM3-GA7-05",2001,"E Midlands",1,0.130841121495327,3,34.1742428825015,"CNRM-CERFACS-CNRM-CM5_HadREM3-GA7-05","CNRM-CERFACS-CNRM-CM5.04"
"326","CNRM-CERFACS-CNRM-CM5","HadREM3-GA7-05",2002,"E Midlands",1,0,0,0,"CNRM-CERFACS-CNRM-CM5_HadREM3-GA7-05","CNRM-CERFACS-CNRM-CM5.04"
"327","CNRM-CERFACS-CNRM-CM5","HadREM3-GA7-05",2003,"E Midlands",1,0,0,0,"CNRM-CERFACS-CNRM-CM5_HadREM3-GA7-05","CNRM-CERFACS-CNRM-CM5.04"
"328","CNRM-CERFACS-CNRM-CM5","HadREM3-GA7-05",2004,"E Midlands",1,0,0,0,"CNRM-CERFACS-CNRM-CM5_HadREM3-GA7-05","CNRM-CERFACS-CNRM-CM5.04"
"329","CNRM-CERFACS-CNRM-CM5","HadREM3-GA7-05",2005,"E Midlands",1,0,0,0,"CNRM-CERFACS-CNRM-CM5_HadREM3-GA7-05","CNRM-CERFACS-CNRM-CM5.04"
"330","CNRM-CERFACS-CNRM-CM5","HadREM3-GA7-05",2006,"E Midlands",1,0.0186915887850467,3,31.1338675816854,"CNRM-CERFACS-CNRM-CM5_HadREM3-GA7-05","CNRM-CERFACS-CNRM-CM5.04"
"331","CNRM-CERFACS-CNRM-CM5","HadREM3-GA7-05",2007,"E Midlands",1,0,0,0,"CNRM-CERFACS-CNRM-CM5_HadREM3-GA7-05","CNRM-CERFACS-CNRM-CM5.04"
"332","CNRM-CERFACS-CNRM-CM5","HadREM3-GA7-05",2008,"E Midlands",1,0.0373831775700935,3,31.3525705337524,"CNRM-CERFACS-CNRM-CM5_HadREM3-GA7-05","CNRM-CERFACS-CNRM-CM5.04"
"333","CNRM-CERFACS-CNRM-CM5","HadREM3-GA7-05",2009,"E Midlands",1,0,0,0,"CNRM-CERFACS-CNRM-CM5_HadREM3-GA7-05","CNRM-CERFACS-CNRM-CM5.04"
"334","CNRM-CERFACS-CNRM-CM5","HadREM3-GA7-05",2010,"E Midlands",1,0.00934579439252336,3,31.2228012084961,"CNRM-CERFACS-CNRM-CM5_HadREM3-GA7-05","CNRM-CERFACS-CNRM-CM5.04"
"335","CNRM-CERFACS-CNRM-CM5","HadREM3-GA7-05",2011,"E Midlands",1,0,0,0,"CNRM-CERFACS-CNRM-CM5_HadREM3-GA7-05","CNRM-CERFACS-CNRM-CM5.04"
"336","CNRM-CERFACS-CNRM-CM5","HadREM3-GA7-05",2012,"E Midlands",1,0,0,0,"CNRM-CERFACS-CNRM-CM5_HadREM3-GA7-05","CNRM-CERFACS-CNRM-CM5.04"
"337","CNRM-CERFACS-CNRM-CM5","HadREM3-GA7-05",2013,"E Midlands",1,0.308411214953271,3,31.3039749029911,"CNRM-CERFACS-CNRM-CM5_HadREM3-GA7-05","CNRM-CERFACS-CNRM-CM5.04"
"338","CNRM-CERFACS-CNRM-CM5","HadREM3-GA7-05",2014,"E Midlands",1,0.289719626168224,3.06451612903226,32.4712535335172,"CNRM-CERFACS-CNRM-CM5_HadREM3-GA7-05","CNRM-CERFACS-CNRM-CM5.04"
"339","CNRM-CERFACS-CNRM-CM5","HadREM3-GA7-05",2015,"E Midlands",1,0,0,0,"CNRM-CERFACS-CNRM-CM5_HadREM3-GA7-05","CNRM-CERFACS-CNRM-CM5.04"
"340","CNRM-CERFACS-CNRM-CM5","HadREM3-GA7-05",2016,"E Midlands",1,0.00934579439252336,3,32.6171417236328,"CNRM-CERFACS-CNRM-CM5_HadREM3-GA7-05","CNRM-CERFACS-CNRM-CM5.04"
"341","CNRM-CERFACS-CNRM-CM5","HadREM3-GA7-05",2017,"E Midlands",1,0,0,0,"CNRM-CERFACS-CNRM-CM5_HadREM3-GA7-05","CNRM-CERFACS-CNRM-CM5.04"
"342","CNRM-CERFACS-CNRM-CM5","HadREM3-GA7-05",2018,"E Midlands",1,0,0,0,"CNRM-CERFACS-CNRM-CM5_HadREM3-GA7-05","CNRM-CERFACS-CNRM-CM5.04"
"343","CNRM-CERFACS-CNRM-CM5","HadREM3-GA7-05",2019,"E Midlands",1,0.0186915887850467,3,32.8317812283834,"CNRM-CERFACS-CNRM-CM5_HadREM3-GA7-05","CNRM-CERFACS-CNRM-CM5.04"
"344","CNRM-CERFACS-CNRM-CM5","HadREM3-GA7-05",2020,"E Midlands",1,0,0,0,"CNRM-CERFACS-CNRM-CM5_HadREM3-GA7-05","CNRM-CERFACS-CNRM-CM5.04"
"345","CNRM-CERFACS-CNRM-CM5","HadREM3-GA7-05",2021,"E Midlands",1,0.0841121495327103,3,31.9989009433322,"CNRM-CERFACS-CNRM-CM5_HadREM3-GA7-05","CNRM-CERFACS-CNRM-CM5.04"
"346","CNRM-CERFACS-CNRM-CM5","HadREM3-GA7-05",2022,"E Midlands",1,0,0,0,"CNRM-CERFACS-CNRM-CM5_HadREM3-GA7-05","CNRM-CERFACS-CNRM-CM5.04"
"347","CNRM-CERFACS-CNRM-CM5","HadREM3-GA7-05",2023,"E Midlands",1,0,0,0,"CNRM-CERFACS-CNRM-CM5_HadREM3-GA7-05","CNRM-CERFACS-CNRM-CM5.04"
"348","CNRM-CERFACS-CNRM-CM5","HadREM3-GA7-05",2024,"E Midlands",1,0,0,0,"CNRM-CERFACS-CNRM-CM5_HadREM3-GA7-05","CNRM-CERFACS-CNRM-CM5.04"
"349","CNRM-CERFACS-CNRM-CM5","HadREM3-GA7-05",2025,"E Midlands",1,1.18691588785047,3.07874015748031,32.9649357970931,"CNRM-CERFACS-CNRM-CM5_HadREM3-GA7-05","CNRM-CERFACS-CNRM-CM5.04"
"350","CNRM-CERFACS-CNRM-CM5","HadREM3-GA7-05",2026,"E Midlands",1,0.00934579439252336,4,32.4319162368774,"CNRM-CERFACS-CNRM-CM5_HadREM3-GA7-05","CNRM-CERFACS-CNRM-CM5.04"
"351","CNRM-CERFACS-CNRM-CM5","HadREM3-GA7-05",2027,"E Midlands",1,0.411214953271028,4.97727272727273,32.2479174382243,"CNRM-CERFACS-CNRM-CM5_HadREM3-GA7-05","CNRM-CERFACS-CNRM-CM5.04"
"352","CNRM-CERFACS-CNRM-CM5","HadREM3-GA7-05",2028,"E Midlands",1,0,0,0,"CNRM-CERFACS-CNRM-CM5_HadREM3-GA7-05","CNRM-CERFACS-CNRM-CM5.04"
"353","CNRM-CERFACS-CNRM-CM5","HadREM3-GA7-05",2029,"E Midlands",1,1.76635514018692,3.12698412698413,35.96810527159,"CNRM-CERFACS-CNRM-CM5_HadREM3-GA7-05","CNRM-CERFACS-CNRM-CM5.04"
"354","CNRM-CERFACS-CNRM-CM5","HadREM3-GA7-05",2030,"E Midlands",1,1.92523364485981,5.43203883495146,34.5435123509378,"CNRM-CERFACS-CNRM-CM5_HadREM3-GA7-05","CNRM-CERFACS-CNRM-CM5.04"
"355","CNRM-CERFACS-CNRM-CM5","HadREM3-GA7-05",2031,"E Midlands",1,0,0,0,"CNRM-CERFACS-CNRM-CM5_HadREM3-GA7-05","CNRM-CERFACS-CNRM-CM5.04"
"356","CNRM-CERFACS-CNRM-CM5","HadREM3-GA7-05",2032,"E Midlands",1,0.271028037383178,3,32.4732701860625,"CNRM-CERFACS-CNRM-CM5_HadREM3-GA7-05","CNRM-CERFACS-CNRM-CM5.04"
"357","CNRM-CERFACS-CNRM-CM5","HadREM3-GA7-05",2033,"E Midlands",1,2.35514018691589,5.43253968253968,35.5186530726206,"CNRM-CERFACS-CNRM-CM5_HadREM3-GA7-05","CNRM-CERFACS-CNRM-CM5.04"
"358","CNRM-CERFACS-CNRM-CM5","HadREM3-GA7-05",2034,"E Midlands",1,0,0,0,"CNRM-CERFACS-CNRM-CM5_HadREM3-GA7-05","CNRM-CERFACS-CNRM-CM5.04"
"359","CNRM-CERFACS-CNRM-CM5","HadREM3-GA7-05",2035,"E Midlands",1,0.158878504672897,3,32.5775475969502,"CNRM-CERFACS-CNRM-CM5_HadREM3-GA7-05","CNRM-CERFACS-CNRM-CM5.04"
"360","CNRM-CERFACS-CNRM-CM5","HadREM3-GA7-05",2036,"E Midlands",1,0,0,0,"CNRM-CERFACS-CNRM-CM5_HadREM3-GA7-05","CNRM-CERFACS-CNRM-CM5.04"
"361","CNRM-CERFACS-CNRM-CM5","HadREM3-GA7-05",2037,"E Midlands",1,0,0,0,"CNRM-CERFACS-CNRM-CM5_HadREM3-GA7-05","CNRM-CERFACS-CNRM-CM5.04"
"362","CNRM-CERFACS-CNRM-CM5","HadREM3-GA7-05",2038,"E Midlands",1,0,0,0,"CNRM-CERFACS-CNRM-CM5_HadREM3-GA7-05","CNRM-CERFACS-CNRM-CM5.04"
"363","CNRM-CERFACS-CNRM-CM5","HadREM3-GA7-05",2039,"E Midlands",1,0,0,0,"CNRM-CERFACS-CNRM-CM5_HadREM3-GA7-05","CNRM-CERFACS-CNRM-CM5.04"
"364","CNRM-CERFACS-CNRM-CM5","HadREM3-GA7-05",2040,"E Midlands",1,0,0,0,"CNRM-CERFACS-CNRM-CM5_HadREM3-GA7-05","CNRM-CERFACS-CNRM-CM5.04"
"365","CNRM-CERFACS-CNRM-CM5","HadREM3-GA7-05",2041,"E Midlands",1,0.401869158878505,3.3953488372093,33.31383005778,"CNRM-CERFACS-CNRM-CM5_HadREM3-GA7-05","CNRM-CERFACS-CNRM-CM5.04"
"366","CNRM-CERFACS-CNRM-CM5","HadREM3-GA7-05",2042,"E Midlands",1,0.570093457943925,3.91803278688525,32.4194635693493,"CNRM-CERFACS-CNRM-CM5_HadREM3-GA7-05","CNRM-CERFACS-CNRM-CM5.04"
"367","CNRM-CERFACS-CNRM-CM5","HadREM3-GA7-05",2043,"E Midlands",1,0,0,0,"CNRM-CERFACS-CNRM-CM5_HadREM3-GA7-05","CNRM-CERFACS-CNRM-CM5.04"
"368","CNRM-CERFACS-CNRM-CM5","HadREM3-GA7-05",2044,"E Midlands",1,0,0,0,"CNRM-CERFACS-CNRM-CM5_HadREM3-GA7-05","CNRM-CERFACS-CNRM-CM5.04"
"369","CNRM-CERFACS-CNRM-CM5","HadREM3-GA7-05",2045,"E Midlands",1,0,0,0,"CNRM-CERFACS-CNRM-CM5_HadREM3-GA7-05","CNRM-CERFACS-CNRM-CM5.04"
"370","CNRM-CERFACS-CNRM-CM5","HadREM3-GA7-05",2046,"E Midlands",1,0,0,0,"CNRM-CERFACS-CNRM-CM5_HadREM3-GA7-05","CNRM-CERFACS-CNRM-CM5.04"
"371","CNRM-CERFACS-CNRM-CM5","HadREM3-GA7-05",2047,"E Midlands",1,0,0,0,"CNRM-CERFACS-CNRM-CM5_HadREM3-GA7-05","CNRM-CERFACS-CNRM-CM5.04"
"372","CNRM-CERFACS-CNRM-CM5","HadREM3-GA7-05",2048,"E Midlands",1,0,0,0,"CNRM-CERFACS-CNRM-CM5_HadREM3-GA7-05","CNRM-CERFACS-CNRM-CM5.04"
"373","CNRM-CERFACS-CNRM-CM5","HadREM3-GA7-05",2049,"E Midlands",1,0,0,0,"CNRM-CERFACS-CNRM-CM5_HadREM3-GA7-05","CNRM-CERFACS-CNRM-CM5.04"
"374","CNRM-CERFACS-CNRM-CM5","HadREM3-GA7-05",2050,"E Midlands",1,0,0,0,"CNRM-CERFACS-CNRM-CM5_HadREM3-GA7-05","CNRM-CERFACS-CNRM-CM5.04"
"375","CNRM-CERFACS-CNRM-CM5","HadREM3-GA7-05",2051,"E Midlands",1,0.411214953271028,3.56818181818182,32.4672050208756,"CNRM-CERFACS-CNRM-CM5_HadREM3-GA7-05","CNRM-CERFACS-CNRM-CM5.04"
"376","CNRM-CERFACS-CNRM-CM5","HadREM3-GA7-05",2052,"E Midlands",1,0.14018691588785,3,32.7570138931274,"CNRM-CERFACS-CNRM-CM5_HadREM3-GA7-05","CNRM-CERFACS-CNRM-CM5.04"
"377","CNRM-CERFACS-CNRM-CM5","HadREM3-GA7-05",2053,"E Midlands",1,0.0560747663551402,3,32.7017103301154,"CNRM-CERFACS-CNRM-CM5_HadREM3-GA7-05","CNRM-CERFACS-CNRM-CM5.04"
"378","CNRM-CERFACS-CNRM-CM5","HadREM3-GA7-05",2054,"E Midlands",1,0,0,0,"CNRM-CERFACS-CNRM-CM5_HadREM3-GA7-05","CNRM-CERFACS-CNRM-CM5.04"
"379","CNRM-CERFACS-CNRM-CM5","HadREM3-GA7-05",2055,"E Midlands",1,0,0,0,"CNRM-CERFACS-CNRM-CM5_HadREM3-GA7-05","CNRM-CERFACS-CNRM-CM5.04"
"380","CNRM-CERFACS-CNRM-CM5","HadREM3-GA7-05",2056,"E Midlands",1,0.822429906542056,4.67045454545455,34.0769787991589,"CNRM-CERFACS-CNRM-CM5_HadREM3-GA7-05","CNRM-CERFACS-CNRM-CM5.04"
"381","CNRM-CERFACS-CNRM-CM5","HadREM3-GA7-05",2057,"E Midlands",1,0,0,0,"CNRM-CERFACS-CNRM-CM5_HadREM3-GA7-05","CNRM-CERFACS-CNRM-CM5.04"
"382","CNRM-CERFACS-CNRM-CM5","HadREM3-GA7-05",2058,"E Midlands",1,0.94392523364486,3.83168316831683,34.9066222763241,"CNRM-CERFACS-CNRM-CM5_HadREM3-GA7-05","CNRM-CERFACS-CNRM-CM5.04"
"383","CNRM-CERFACS-CNRM-CM5","HadREM3-GA7-05",2059,"E Midlands",1,0.0186915887850467,3,35.3490707079569,"CNRM-CERFACS-CNRM-CM5_HadREM3-GA7-05","CNRM-CERFACS-CNRM-CM5.04"
"384","CNRM-CERFACS-CNRM-CM5","HadREM3-GA7-05",2060,"E Midlands",1,0,0,0,"CNRM-CERFACS-CNRM-CM5_HadREM3-GA7-05","CNRM-CERFACS-CNRM-CM5.04"
"385","CNRM-CERFACS-CNRM-CM5","HadREM3-GA7-05",2061,"E Midlands",1,1.45794392523364,4.3974358974359,32.4995072052301,"CNRM-CERFACS-CNRM-CM5_HadREM3-GA7-05","CNRM-CERFACS-CNRM-CM5.04"
"386","CNRM-CERFACS-CNRM-CM5","HadREM3-GA7-05",2062,"E Midlands",1,0.420560747663551,4.82222222222222,31.5719678882821,"CNRM-CERFACS-CNRM-CM5_HadREM3-GA7-05","CNRM-CERFACS-CNRM-CM5.04"
"387","CNRM-CERFACS-CNRM-CM5","HadREM3-GA7-05",2063,"E Midlands",1,1.36448598130841,3.93835616438356,33.3595033192743,"CNRM-CERFACS-CNRM-CM5_HadREM3-GA7-05","CNRM-CERFACS-CNRM-CM5.04"
"388","CNRM-CERFACS-CNRM-CM5","HadREM3-GA7-05",2064,"E Midlands",1,0.233644859813084,3.48,31.6063396708171,"CNRM-CERFACS-CNRM-CM5_HadREM3-GA7-05","CNRM-CERFACS-CNRM-CM5.04"
"389","CNRM-CERFACS-CNRM-CM5","HadREM3-GA7-05",2065,"E Midlands",1,2.44859813084112,3.98854961832061,34.6849320487818,"CNRM-CERFACS-CNRM-CM5_HadREM3-GA7-05","CNRM-CERFACS-CNRM-CM5.04"
"390","CNRM-CERFACS-CNRM-CM5","HadREM3-GA7-05",2066,"E Midlands",1,0.97196261682243,5.24038461538461,34.5752808637016,"CNRM-CERFACS-CNRM-CM5_HadREM3-GA7-05","CNRM-CERFACS-CNRM-CM5.04"
"391","CNRM-CERFACS-CNRM-CM5","HadREM3-GA7-05",2067,"E Midlands",1,0,0,0,"CNRM-CERFACS-CNRM-CM5_HadREM3-GA7-05","CNRM-CERFACS-CNRM-CM5.04"
"392","CNRM-CERFACS-CNRM-CM5","HadREM3-GA7-05",2068,"E Midlands",1,1.77570093457944,5.55263157894737,36.0750873492176,"CNRM-CERFACS-CNRM-CM5_HadREM3-GA7-05","CNRM-CERFACS-CNRM-CM5.04"
"393","CNRM-CERFACS-CNRM-CM5","HadREM3-GA7-05",2069,"E Midlands",1,0.532710280373832,3,32.2997851901584,"CNRM-CERFACS-CNRM-CM5_HadREM3-GA7-05","CNRM-CERFACS-CNRM-CM5.04"
"394","CNRM-CERFACS-CNRM-CM5","HadREM3-GA7-05",2070,"E Midlands",1,0.869158878504673,3.02150537634409,32.8544568169502,"CNRM-CERFACS-CNRM-CM5_HadREM3-GA7-05","CNRM-CERFACS-CNRM-CM5.04"
"395","CNRM-CERFACS-CNRM-CM5","HadREM3-GA7-05",2071,"E Midlands",1,0.831775700934579,3,34.4855568632204,"CNRM-CERFACS-CNRM-CM5_HadREM3-GA7-05","CNRM-CERFACS-CNRM-CM5.04"
"396","CNRM-CERFACS-CNRM-CM5","HadREM3-GA7-05",2072,"E Midlands",1,0.327102803738318,3,35.3423149381365,"CNRM-CERFACS-CNRM-CM5_HadREM3-GA7-05","CNRM-CERFACS-CNRM-CM5.04"
"397","CNRM-CERFACS-CNRM-CM5","HadREM3-GA7-05",2073,"E Midlands",1,0.317757009345794,3.17647058823529,33.1043089698343,"CNRM-CERFACS-CNRM-CM5_HadREM3-GA7-05","CNRM-CERFACS-CNRM-CM5.04"
"398","CNRM-CERFACS-CNRM-CM5","HadREM3-GA7-05",2074,"E Midlands",1,0,0,0,"CNRM-CERFACS-CNRM-CM5_HadREM3-GA7-05","CNRM-CERFACS-CNRM-CM5.04"
"399","CNRM-CERFACS-CNRM-CM5","HadREM3-GA7-05",2075,"E Midlands",1,0.766355140186916,4.53658536585366,35.7673232652308,"CNRM-CERFACS-CNRM-CM5_HadREM3-GA7-05","CNRM-CERFACS-CNRM-CM5.04"
"400","CNRM-CERFACS-CNRM-CM5","HadREM3-GA7-05",2076,"E Midlands",1,1.65420560747664,4.14689265536723,37.2562016212078,"CNRM-CERFACS-CNRM-CM5_HadREM3-GA7-05","CNRM-CERFACS-CNRM-CM5.04"
"401","CNRM-CERFACS-CNRM-CM5","HadREM3-GA7-05",2077,"E Midlands",1,2.42990654205607,4.90769230769231,34.0621243106868,"CNRM-CERFACS-CNRM-CM5_HadREM3-GA7-05","CNRM-CERFACS-CNRM-CM5.04"
"402","CNRM-CERFACS-CNRM-CM5","HadREM3-GA7-05",2078,"E Midlands",1,0.953271028037383,5.13725490196078,33.6036253723444,"CNRM-CERFACS-CNRM-CM5_HadREM3-GA7-05","CNRM-CERFACS-CNRM-CM5.04"
"403","CNRM-CERFACS-CNRM-CM5","HadREM3-GA7-05",2079,"E Midlands",1,1.5981308411215,4.29239766081871,33.1307722959834,"CNRM-CERFACS-CNRM-CM5_HadREM3-GA7-05","CNRM-CERFACS-CNRM-CM5.04"
"404","CNRM-CERFACS-CNRM-CM5","HadREM3-GA7-05",2080,"E Midlands",1,2.57943925233645,3.18115942028985,33.6089966463006,"CNRM-CERFACS-CNRM-CM5_HadREM3-GA7-05","CNRM-CERFACS-CNRM-CM5.04"
"405","CNRM-CERFACS-CNRM-CM5","HIRHAM5",1980,"E Midlands",1,0,0,0,"CNRM-CERFACS-CNRM-CM5_HIRHAM5","CNRM-CERFACS-CNRM-CM5.05"
"406","CNRM-CERFACS-CNRM-CM5","HIRHAM5",1981,"E Midlands",1,0,0,0,"CNRM-CERFACS-CNRM-CM5_HIRHAM5","CNRM-CERFACS-CNRM-CM5.05"
"407","CNRM-CERFACS-CNRM-CM5","HIRHAM5",1982,"E Midlands",1,0,0,0,"CNRM-CERFACS-CNRM-CM5_HIRHAM5","CNRM-CERFACS-CNRM-CM5.05"
"408","CNRM-CERFACS-CNRM-CM5","HIRHAM5",1983,"E Midlands",1,0,0,0,"CNRM-CERFACS-CNRM-CM5_HIRHAM5","CNRM-CERFACS-CNRM-CM5.05"
"409","CNRM-CERFACS-CNRM-CM5","HIRHAM5",1984,"E Midlands",1,0,0,0,"CNRM-CERFACS-CNRM-CM5_HIRHAM5","CNRM-CERFACS-CNRM-CM5.05"
"410","CNRM-CERFACS-CNRM-CM5","HIRHAM5",1985,"E Midlands",1,0,0,0,"CNRM-CERFACS-CNRM-CM5_HIRHAM5","CNRM-CERFACS-CNRM-CM5.05"
"411","CNRM-CERFACS-CNRM-CM5","HIRHAM5",1986,"E Midlands",1,0,0,0,"CNRM-CERFACS-CNRM-CM5_HIRHAM5","CNRM-CERFACS-CNRM-CM5.05"
"412","CNRM-CERFACS-CNRM-CM5","HIRHAM5",1987,"E Midlands",1,0,0,0,"CNRM-CERFACS-CNRM-CM5_HIRHAM5","CNRM-CERFACS-CNRM-CM5.05"
"413","CNRM-CERFACS-CNRM-CM5","HIRHAM5",1988,"E Midlands",1,0,0,0,"CNRM-CERFACS-CNRM-CM5_HIRHAM5","CNRM-CERFACS-CNRM-CM5.05"
"414","CNRM-CERFACS-CNRM-CM5","HIRHAM5",1989,"E Midlands",1,0,0,0,"CNRM-CERFACS-CNRM-CM5_HIRHAM5","CNRM-CERFACS-CNRM-CM5.05"
"415","CNRM-CERFACS-CNRM-CM5","HIRHAM5",1990,"E Midlands",1,0,0,0,"CNRM-CERFACS-CNRM-CM5_HIRHAM5","CNRM-CERFACS-CNRM-CM5.05"
"416","CNRM-CERFACS-CNRM-CM5","HIRHAM5",1991,"E Midlands",1,0,0,0,"CNRM-CERFACS-CNRM-CM5_HIRHAM5","CNRM-CERFACS-CNRM-CM5.05"
"417","CNRM-CERFACS-CNRM-CM5","HIRHAM5",1992,"E Midlands",1,0,0,0,"CNRM-CERFACS-CNRM-CM5_HIRHAM5","CNRM-CERFACS-CNRM-CM5.05"
"418","CNRM-CERFACS-CNRM-CM5","HIRHAM5",1993,"E Midlands",1,0,0,0,"CNRM-CERFACS-CNRM-CM5_HIRHAM5","CNRM-CERFACS-CNRM-CM5.05"
"419","CNRM-CERFACS-CNRM-CM5","HIRHAM5",1994,"E Midlands",1,0,0,0,"CNRM-CERFACS-CNRM-CM5_HIRHAM5","CNRM-CERFACS-CNRM-CM5.05"
"420","CNRM-CERFACS-CNRM-CM5","HIRHAM5",1995,"E Midlands",1,0.11214953271028,3,30.9435737397936,"CNRM-CERFACS-CNRM-CM5_HIRHAM5","CNRM-CERFACS-CNRM-CM5.05"
"421","CNRM-CERFACS-CNRM-CM5","HIRHAM5",1996,"E Midlands",1,0,0,0,"CNRM-CERFACS-CNRM-CM5_HIRHAM5","CNRM-CERFACS-CNRM-CM5.05"
"422","CNRM-CERFACS-CNRM-CM5","HIRHAM5",1997,"E Midlands",1,0,0,0,"CNRM-CERFACS-CNRM-CM5_HIRHAM5","CNRM-CERFACS-CNRM-CM5.05"
"423","CNRM-CERFACS-CNRM-CM5","HIRHAM5",1998,"E Midlands",1,0,0,0,"CNRM-CERFACS-CNRM-CM5_HIRHAM5","CNRM-CERFACS-CNRM-CM5.05"
"424","CNRM-CERFACS-CNRM-CM5","HIRHAM5",1999,"E Midlands",1,0,0,0,"CNRM-CERFACS-CNRM-CM5_HIRHAM5","CNRM-CERFACS-CNRM-CM5.05"
"425","CNRM-CERFACS-CNRM-CM5","HIRHAM5",2000,"E Midlands",1,0,0,0,"CNRM-CERFACS-CNRM-CM5_HIRHAM5","CNRM-CERFACS-CNRM-CM5.05"
"426","CNRM-CERFACS-CNRM-CM5","HIRHAM5",2001,"E Midlands",1,0,0,0,"CNRM-CERFACS-CNRM-CM5_HIRHAM5","CNRM-CERFACS-CNRM-CM5.05"
"427","CNRM-CERFACS-CNRM-CM5","HIRHAM5",2002,"E Midlands",1,0,0,0,"CNRM-CERFACS-CNRM-CM5_HIRHAM5","CNRM-CERFACS-CNRM-CM5.05"
"428","CNRM-CERFACS-CNRM-CM5","HIRHAM5",2003,"E Midlands",1,0,0,0,"CNRM-CERFACS-CNRM-CM5_HIRHAM5","CNRM-CERFACS-CNRM-CM5.05"
"429","CNRM-CERFACS-CNRM-CM5","HIRHAM5",2004,"E Midlands",1,0,0,0,"CNRM-CERFACS-CNRM-CM5_HIRHAM5","CNRM-CERFACS-CNRM-CM5.05"
"430","CNRM-CERFACS-CNRM-CM5","HIRHAM5",2005,"E Midlands",1,0,0,0,"CNRM-CERFACS-CNRM-CM5_HIRHAM5","CNRM-CERFACS-CNRM-CM5.05"
"431","CNRM-CERFACS-CNRM-CM5","HIRHAM5",2006,"E Midlands",1,0,0,0,"CNRM-CERFACS-CNRM-CM5_HIRHAM5","CNRM-CERFACS-CNRM-CM5.05"
"432","CNRM-CERFACS-CNRM-CM5","HIRHAM5",2007,"E Midlands",1,0,0,0,"CNRM-CERFACS-CNRM-CM5_HIRHAM5","CNRM-CERFACS-CNRM-CM5.05"
"433","CNRM-CERFACS-CNRM-CM5","HIRHAM5",2008,"E Midlands",1,0,0,0,"CNRM-CERFACS-CNRM-CM5_HIRHAM5","CNRM-CERFACS-CNRM-CM5.05"
"434","CNRM-CERFACS-CNRM-CM5","HIRHAM5",2009,"E Midlands",1,0,0,0,"CNRM-CERFACS-CNRM-CM5_HIRHAM5","CNRM-CERFACS-CNRM-CM5.05"
"435","CNRM-CERFACS-CNRM-CM5","HIRHAM5",2010,"E Midlands",1,0,0,0,"CNRM-CERFACS-CNRM-CM5_HIRHAM5","CNRM-CERFACS-CNRM-CM5.05"
"436","CNRM-CERFACS-CNRM-CM5","HIRHAM5",2011,"E Midlands",1,0,0,0,"CNRM-CERFACS-CNRM-CM5_HIRHAM5","CNRM-CERFACS-CNRM-CM5.05"
"437","CNRM-CERFACS-CNRM-CM5","HIRHAM5",2012,"E Midlands",1,0,0,0,"CNRM-CERFACS-CNRM-CM5_HIRHAM5","CNRM-CERFACS-CNRM-CM5.05"
"438","CNRM-CERFACS-CNRM-CM5","HIRHAM5",2013,"E Midlands",1,0,0,0,"CNRM-CERFACS-CNRM-CM5_HIRHAM5","CNRM-CERFACS-CNRM-CM5.05"
"439","CNRM-CERFACS-CNRM-CM5","HIRHAM5",2014,"E Midlands",1,0,0,0,"CNRM-CERFACS-CNRM-CM5_HIRHAM5","CNRM-CERFACS-CNRM-CM5.05"
"440","CNRM-CERFACS-CNRM-CM5","HIRHAM5",2015,"E Midlands",1,0,0,0,"CNRM-CERFACS-CNRM-CM5_HIRHAM5","CNRM-CERFACS-CNRM-CM5.05"
"441","CNRM-CERFACS-CNRM-CM5","HIRHAM5",2016,"E Midlands",1,0,0,0,"CNRM-CERFACS-CNRM-CM5_HIRHAM5","CNRM-CERFACS-CNRM-CM5.05"
"442","CNRM-CERFACS-CNRM-CM5","HIRHAM5",2017,"E Midlands",1,0,0,0,"CNRM-CERFACS-CNRM-CM5_HIRHAM5","CNRM-CERFACS-CNRM-CM5.05"
"443","CNRM-CERFACS-CNRM-CM5","HIRHAM5",2018,"E Midlands",1,0,0,0,"CNRM-CERFACS-CNRM-CM5_HIRHAM5","CNRM-CERFACS-CNRM-CM5.05"
"444","CNRM-CERFACS-CNRM-CM5","HIRHAM5",2019,"E Midlands",1,0,0,0,"CNRM-CERFACS-CNRM-CM5_HIRHAM5","CNRM-CERFACS-CNRM-CM5.05"
"445","CNRM-CERFACS-CNRM-CM5","HIRHAM5",2020,"E Midlands",1,0,0,0,"CNRM-CERFACS-CNRM-CM5_HIRHAM5","CNRM-CERFACS-CNRM-CM5.05"
"446","CNRM-CERFACS-CNRM-CM5","HIRHAM5",2021,"E Midlands",1,0,0,0,"CNRM-CERFACS-CNRM-CM5_HIRHAM5","CNRM-CERFACS-CNRM-CM5.05"
"447","CNRM-CERFACS-CNRM-CM5","HIRHAM5",2022,"E Midlands",1,0,0,0,"CNRM-CERFACS-CNRM-CM5_HIRHAM5","CNRM-CERFACS-CNRM-CM5.05"
"448","CNRM-CERFACS-CNRM-CM5","HIRHAM5",2023,"E Midlands",1,0,0,0,"CNRM-CERFACS-CNRM-CM5_HIRHAM5","CNRM-CERFACS-CNRM-CM5.05"
"449","CNRM-CERFACS-CNRM-CM5","HIRHAM5",2024,"E Midlands",1,0,0,0,"CNRM-CERFACS-CNRM-CM5_HIRHAM5","CNRM-CERFACS-CNRM-CM5.05"
"450","CNRM-CERFACS-CNRM-CM5","HIRHAM5",2025,"E Midlands",1,0,0,0,"CNRM-CERFACS-CNRM-CM5_HIRHAM5","CNRM-CERFACS-CNRM-CM5.05"
"451","CNRM-CERFACS-CNRM-CM5","HIRHAM5",2026,"E Midlands",1,0,0,0,"CNRM-CERFACS-CNRM-CM5_HIRHAM5","CNRM-CERFACS-CNRM-CM5.05"
"452","CNRM-CERFACS-CNRM-CM5","HIRHAM5",2027,"E Midlands",1,0,0,0,"CNRM-CERFACS-CNRM-CM5_HIRHAM5","CNRM-CERFACS-CNRM-CM5.05"
"453","CNRM-CERFACS-CNRM-CM5","HIRHAM5",2028,"E Midlands",1,0,0,0,"CNRM-CERFACS-CNRM-CM5_HIRHAM5","CNRM-CERFACS-CNRM-CM5.05"
"454","CNRM-CERFACS-CNRM-CM5","HIRHAM5",2029,"E Midlands",1,0,0,0,"CNRM-CERFACS-CNRM-CM5_HIRHAM5","CNRM-CERFACS-CNRM-CM5.05"
"455","CNRM-CERFACS-CNRM-CM5","HIRHAM5",2030,"E Midlands",1,0,0,0,"CNRM-CERFACS-CNRM-CM5_HIRHAM5","CNRM-CERFACS-CNRM-CM5.05"
"456","CNRM-CERFACS-CNRM-CM5","HIRHAM5",2031,"E Midlands",1,0,0,0,"CNRM-CERFACS-CNRM-CM5_HIRHAM5","CNRM-CERFACS-CNRM-CM5.05"
"457","CNRM-CERFACS-CNRM-CM5","HIRHAM5",2032,"E Midlands",1,0,0,0,"CNRM-CERFACS-CNRM-CM5_HIRHAM5","CNRM-CERFACS-CNRM-CM5.05"
"458","CNRM-CERFACS-CNRM-CM5","HIRHAM5",2033,"E Midlands",1,0.411214953271028,3.43181818181818,31.3104181556991,"CNRM-CERFACS-CNRM-CM5_HIRHAM5","CNRM-CERFACS-CNRM-CM5.05"
"459","CNRM-CERFACS-CNRM-CM5","HIRHAM5",2034,"E Midlands",1,0,0,0,"CNRM-CERFACS-CNRM-CM5_HIRHAM5","CNRM-CERFACS-CNRM-CM5.05"
"460","CNRM-CERFACS-CNRM-CM5","HIRHAM5",2035,"E Midlands",1,0,0,0,"CNRM-CERFACS-CNRM-CM5_HIRHAM5","CNRM-CERFACS-CNRM-CM5.05"
"461","CNRM-CERFACS-CNRM-CM5","HIRHAM5",2036,"E Midlands",1,0,0,0,"CNRM-CERFACS-CNRM-CM5_HIRHAM5","CNRM-CERFACS-CNRM-CM5.05"
"462","CNRM-CERFACS-CNRM-CM5","HIRHAM5",2037,"E Midlands",1,0,0,0,"CNRM-CERFACS-CNRM-CM5_HIRHAM5","CNRM-CERFACS-CNRM-CM5.05"
"463","CNRM-CERFACS-CNRM-CM5","HIRHAM5",2038,"E Midlands",1,0,0,0,"CNRM-CERFACS-CNRM-CM5_HIRHAM5","CNRM-CERFACS-CNRM-CM5.05"
"464","CNRM-CERFACS-CNRM-CM5","HIRHAM5",2039,"E Midlands",1,0,0,0,"CNRM-CERFACS-CNRM-CM5_HIRHAM5","CNRM-CERFACS-CNRM-CM5.05"
"465","CNRM-CERFACS-CNRM-CM5","HIRHAM5",2040,"E Midlands",1,0,0,0,"CNRM-CERFACS-CNRM-CM5_HIRHAM5","CNRM-CERFACS-CNRM-CM5.05"
"466","CNRM-CERFACS-CNRM-CM5","HIRHAM5",2041,"E Midlands",1,0,0,0,"CNRM-CERFACS-CNRM-CM5_HIRHAM5","CNRM-CERFACS-CNRM-CM5.05"
"467","CNRM-CERFACS-CNRM-CM5","HIRHAM5",2042,"E Midlands",1,0,0,0,"CNRM-CERFACS-CNRM-CM5_HIRHAM5","CNRM-CERFACS-CNRM-CM5.05"
"468","CNRM-CERFACS-CNRM-CM5","HIRHAM5",2043,"E Midlands",1,0,0,0,"CNRM-CERFACS-CNRM-CM5_HIRHAM5","CNRM-CERFACS-CNRM-CM5.05"
"469","CNRM-CERFACS-CNRM-CM5","HIRHAM5",2044,"E Midlands",1,0,0,0,"CNRM-CERFACS-CNRM-CM5_HIRHAM5","CNRM-CERFACS-CNRM-CM5.05"
"470","CNRM-CERFACS-CNRM-CM5","HIRHAM5",2045,"E Midlands",1,0,0,0,"CNRM-CERFACS-CNRM-CM5_HIRHAM5","CNRM-CERFACS-CNRM-CM5.05"
"471","CNRM-CERFACS-CNRM-CM5","HIRHAM5",2046,"E Midlands",1,0,0,0,"CNRM-CERFACS-CNRM-CM5_HIRHAM5","CNRM-CERFACS-CNRM-CM5.05"
"472","CNRM-CERFACS-CNRM-CM5","HIRHAM5",2047,"E Midlands",1,0,0,0,"CNRM-CERFACS-CNRM-CM5_HIRHAM5","CNRM-CERFACS-CNRM-CM5.05"
"473","CNRM-CERFACS-CNRM-CM5","HIRHAM5",2048,"E Midlands",1,0,0,0,"CNRM-CERFACS-CNRM-CM5_HIRHAM5","CNRM-CERFACS-CNRM-CM5.05"
"474","CNRM-CERFACS-CNRM-CM5","HIRHAM5",2049,"E Midlands",1,0,0,0,"CNRM-CERFACS-CNRM-CM5_HIRHAM5","CNRM-CERFACS-CNRM-CM5.05"
"475","CNRM-CERFACS-CNRM-CM5","HIRHAM5",2050,"E Midlands",1,0,0,0,"CNRM-CERFACS-CNRM-CM5_HIRHAM5","CNRM-CERFACS-CNRM-CM5.05"
"476","CNRM-CERFACS-CNRM-CM5","HIRHAM5",2051,"E Midlands",1,0,0,0,"CNRM-CERFACS-CNRM-CM5_HIRHAM5","CNRM-CERFACS-CNRM-CM5.05"
"477","CNRM-CERFACS-CNRM-CM5","HIRHAM5",2052,"E Midlands",1,0,0,0,"CNRM-CERFACS-CNRM-CM5_HIRHAM5","CNRM-CERFACS-CNRM-CM5.05"
"478","CNRM-CERFACS-CNRM-CM5","HIRHAM5",2053,"E Midlands",1,0,0,0,"CNRM-CERFACS-CNRM-CM5_HIRHAM5","CNRM-CERFACS-CNRM-CM5.05"
"479","CNRM-CERFACS-CNRM-CM5","HIRHAM5",2054,"E Midlands",1,0,0,0,"CNRM-CERFACS-CNRM-CM5_HIRHAM5","CNRM-CERFACS-CNRM-CM5.05"
"480","CNRM-CERFACS-CNRM-CM5","HIRHAM5",2055,"E Midlands",1,0,0,0,"CNRM-CERFACS-CNRM-CM5_HIRHAM5","CNRM-CERFACS-CNRM-CM5.05"
"481","CNRM-CERFACS-CNRM-CM5","HIRHAM5",2056,"E Midlands",1,0,0,0,"CNRM-CERFACS-CNRM-CM5_HIRHAM5","CNRM-CERFACS-CNRM-CM5.05"
"482","CNRM-CERFACS-CNRM-CM5","HIRHAM5",2057,"E Midlands",1,0,0,0,"CNRM-CERFACS-CNRM-CM5_HIRHAM5","CNRM-CERFACS-CNRM-CM5.05"
"483","CNRM-CERFACS-CNRM-CM5","HIRHAM5",2058,"E Midlands",1,0,0,0,"CNRM-CERFACS-CNRM-CM5_HIRHAM5","CNRM-CERFACS-CNRM-CM5.05"
"484","CNRM-CERFACS-CNRM-CM5","HIRHAM5",2059,"E Midlands",1,0,0,0,"CNRM-CERFACS-CNRM-CM5_HIRHAM5","CNRM-CERFACS-CNRM-CM5.05"
"485","CNRM-CERFACS-CNRM-CM5","HIRHAM5",2060,"E Midlands",1,0,0,0,"CNRM-CERFACS-CNRM-CM5_HIRHAM5","CNRM-CERFACS-CNRM-CM5.05"
"486","CNRM-CERFACS-CNRM-CM5","HIRHAM5",2061,"E Midlands",1,0,0,0,"CNRM-CERFACS-CNRM-CM5_HIRHAM5","CNRM-CERFACS-CNRM-CM5.05"
"487","CNRM-CERFACS-CNRM-CM5","HIRHAM5",2062,"E Midlands",1,0,0,0,"CNRM-CERFACS-CNRM-CM5_HIRHAM5","CNRM-CERFACS-CNRM-CM5.05"
"488","CNRM-CERFACS-CNRM-CM5","HIRHAM5",2063,"E Midlands",1,0,0,0,"CNRM-CERFACS-CNRM-CM5_HIRHAM5","CNRM-CERFACS-CNRM-CM5.05"
"489","CNRM-CERFACS-CNRM-CM5","HIRHAM5",2064,"E Midlands",1,0,0,0,"CNRM-CERFACS-CNRM-CM5_HIRHAM5","CNRM-CERFACS-CNRM-CM5.05"
"490","CNRM-CERFACS-CNRM-CM5","HIRHAM5",2065,"E Midlands",1,0,0,0,"CNRM-CERFACS-CNRM-CM5_HIRHAM5","CNRM-CERFACS-CNRM-CM5.05"
"491","CNRM-CERFACS-CNRM-CM5","HIRHAM5",2066,"E Midlands",1,0,0,0,"CNRM-CERFACS-CNRM-CM5_HIRHAM5","CNRM-CERFACS-CNRM-CM5.05"
"492","CNRM-CERFACS-CNRM-CM5","HIRHAM5",2067,"E Midlands",1,0,0,0,"CNRM-CERFACS-CNRM-CM5_HIRHAM5","CNRM-CERFACS-CNRM-CM5.05"
"493","CNRM-CERFACS-CNRM-CM5","HIRHAM5",2068,"E Midlands",1,0,0,0,"CNRM-CERFACS-CNRM-CM5_HIRHAM5","CNRM-CERFACS-CNRM-CM5.05"
"494","CNRM-CERFACS-CNRM-CM5","HIRHAM5",2069,"E Midlands",1,0,0,0,"CNRM-CERFACS-CNRM-CM5_HIRHAM5","CNRM-CERFACS-CNRM-CM5.05"
"495","CNRM-CERFACS-CNRM-CM5","HIRHAM5",2070,"E Midlands",1,0,0,0,"CNRM-CERFACS-CNRM-CM5_HIRHAM5","CNRM-CERFACS-CNRM-CM5.05"
"496","CNRM-CERFACS-CNRM-CM5","HIRHAM5",2071,"E Midlands",1,0,0,0,"CNRM-CERFACS-CNRM-CM5_HIRHAM5","CNRM-CERFACS-CNRM-CM5.05"
"497","CNRM-CERFACS-CNRM-CM5","HIRHAM5",2072,"E Midlands",1,0,0,0,"CNRM-CERFACS-CNRM-CM5_HIRHAM5","CNRM-CERFACS-CNRM-CM5.05"
"498","CNRM-CERFACS-CNRM-CM5","HIRHAM5",2073,"E Midlands",1,0,0,0,"CNRM-CERFACS-CNRM-CM5_HIRHAM5","CNRM-CERFACS-CNRM-CM5.05"
"499","CNRM-CERFACS-CNRM-CM5","HIRHAM5",2074,"E Midlands",1,0,0,0,"CNRM-CERFACS-CNRM-CM5_HIRHAM5","CNRM-CERFACS-CNRM-CM5.05"
"500","CNRM-CERFACS-CNRM-CM5","HIRHAM5",2075,"E Midlands",1,0,0,0,"CNRM-CERFACS-CNRM-CM5_HIRHAM5","CNRM-CERFACS-CNRM-CM5.05"
"501","CNRM-CERFACS-CNRM-CM5","HIRHAM5",2076,"E Midlands",1,0,0,0,"CNRM-CERFACS-CNRM-CM5_HIRHAM5","CNRM-CERFACS-CNRM-CM5.05"
"502","CNRM-CERFACS-CNRM-CM5","HIRHAM5",2077,"E Midlands",1,0,0,0,"CNRM-CERFACS-CNRM-CM5_HIRHAM5","CNRM-CERFACS-CNRM-CM5.05"
"503","CNRM-CERFACS-CNRM-CM5","HIRHAM5",2078,"E Midlands",1,0,0,0,"CNRM-CERFACS-CNRM-CM5_HIRHAM5","CNRM-CERFACS-CNRM-CM5.05"
"504","CNRM-CERFACS-CNRM-CM5","HIRHAM5",2079,"E Midlands",1,0,0,0,"CNRM-CERFACS-CNRM-CM5_HIRHAM5","CNRM-CERFACS-CNRM-CM5.05"
"505","CNRM-CERFACS-CNRM-CM5","HIRHAM5",2080,"E Midlands",1,0,0,0,"CNRM-CERFACS-CNRM-CM5_HIRHAM5","CNRM-CERFACS-CNRM-CM5.05"
"506","CNRM-CERFACS-CNRM-CM5","RACMO22E",1980,"E Midlands",1,0,0,0,"CNRM-CERFACS-CNRM-CM5_RACMO22E","CNRM-CERFACS-CNRM-CM5.06"
"507","CNRM-CERFACS-CNRM-CM5","RACMO22E",1981,"E Midlands",1,0,0,0,"CNRM-CERFACS-CNRM-CM5_RACMO22E","CNRM-CERFACS-CNRM-CM5.06"
"508","CNRM-CERFACS-CNRM-CM5","RACMO22E",1982,"E Midlands",1,0,0,0,"CNRM-CERFACS-CNRM-CM5_RACMO22E","CNRM-CERFACS-CNRM-CM5.06"
"509","CNRM-CERFACS-CNRM-CM5","RACMO22E",1983,"E Midlands",1,0,0,0,"CNRM-CERFACS-CNRM-CM5_RACMO22E","CNRM-CERFACS-CNRM-CM5.06"
"510","CNRM-CERFACS-CNRM-CM5","RACMO22E",1984,"E Midlands",1,0,0,0,"CNRM-CERFACS-CNRM-CM5_RACMO22E","CNRM-CERFACS-CNRM-CM5.06"
"511","CNRM-CERFACS-CNRM-CM5","RACMO22E",1985,"E Midlands",1,0,0,0,"CNRM-CERFACS-CNRM-CM5_RACMO22E","CNRM-CERFACS-CNRM-CM5.06"
"512","CNRM-CERFACS-CNRM-CM5","RACMO22E",1986,"E Midlands",1,0,0,0,"CNRM-CERFACS-CNRM-CM5_RACMO22E","CNRM-CERFACS-CNRM-CM5.06"
"513","CNRM-CERFACS-CNRM-CM5","RACMO22E",1987,"E Midlands",1,0,0,0,"CNRM-CERFACS-CNRM-CM5_RACMO22E","CNRM-CERFACS-CNRM-CM5.06"
"514","CNRM-CERFACS-CNRM-CM5","RACMO22E",1988,"E Midlands",1,0,0,0,"CNRM-CERFACS-CNRM-CM5_RACMO22E","CNRM-CERFACS-CNRM-CM5.06"
"515","CNRM-CERFACS-CNRM-CM5","RACMO22E",1989,"E Midlands",1,0.11214953271028,3,30.9301115406884,"CNRM-CERFACS-CNRM-CM5_RACMO22E","CNRM-CERFACS-CNRM-CM5.06"
"516","CNRM-CERFACS-CNRM-CM5","RACMO22E",1990,"E Midlands",1,0,0,0,"CNRM-CERFACS-CNRM-CM5_RACMO22E","CNRM-CERFACS-CNRM-CM5.06"
"517","CNRM-CERFACS-CNRM-CM5","RACMO22E",1991,"E Midlands",1,0,0,0,"CNRM-CERFACS-CNRM-CM5_RACMO22E","CNRM-CERFACS-CNRM-CM5.06"
"518","CNRM-CERFACS-CNRM-CM5","RACMO22E",1992,"E Midlands",1,0,0,0,"CNRM-CERFACS-CNRM-CM5_RACMO22E","CNRM-CERFACS-CNRM-CM5.06"
"519","CNRM-CERFACS-CNRM-CM5","RACMO22E",1993,"E Midlands",1,0,0,0,"CNRM-CERFACS-CNRM-CM5_RACMO22E","CNRM-CERFACS-CNRM-CM5.06"
"520","CNRM-CERFACS-CNRM-CM5","RACMO22E",1994,"E Midlands",1,0,0,0,"CNRM-CERFACS-CNRM-CM5_RACMO22E","CNRM-CERFACS-CNRM-CM5.06"
"521","CNRM-CERFACS-CNRM-CM5","RACMO22E",1995,"E Midlands",1,0,0,0,"CNRM-CERFACS-CNRM-CM5_RACMO22E","CNRM-CERFACS-CNRM-CM5.06"
"522","CNRM-CERFACS-CNRM-CM5","RACMO22E",1996,"E Midlands",1,0.196261682242991,3,32.9967110648988,"CNRM-CERFACS-CNRM-CM5_RACMO22E","CNRM-CERFACS-CNRM-CM5.06"
"523","CNRM-CERFACS-CNRM-CM5","RACMO22E",1997,"E Midlands",1,0,0,0,"CNRM-CERFACS-CNRM-CM5_RACMO22E","CNRM-CERFACS-CNRM-CM5.06"
"524","CNRM-CERFACS-CNRM-CM5","RACMO22E",1998,"E Midlands",1,0,0,0,"CNRM-CERFACS-CNRM-CM5_RACMO22E","CNRM-CERFACS-CNRM-CM5.06"
"525","CNRM-CERFACS-CNRM-CM5","RACMO22E",1999,"E Midlands",1,0,0,0,"CNRM-CERFACS-CNRM-CM5_RACMO22E","CNRM-CERFACS-CNRM-CM5.06"
"526","CNRM-CERFACS-CNRM-CM5","RACMO22E",2000,"E Midlands",1,0,0,0,"CNRM-CERFACS-CNRM-CM5_RACMO22E","CNRM-CERFACS-CNRM-CM5.06"
"527","CNRM-CERFACS-CNRM-CM5","RACMO22E",2001,"E Midlands",1,0,0,0,"CNRM-CERFACS-CNRM-CM5_RACMO22E","CNRM-CERFACS-CNRM-CM5.06"
"528","CNRM-CERFACS-CNRM-CM5","RACMO22E",2002,"E Midlands",1,0,0,0,"CNRM-CERFACS-CNRM-CM5_RACMO22E","CNRM-CERFACS-CNRM-CM5.06"
"529","CNRM-CERFACS-CNRM-CM5","RACMO22E",2003,"E Midlands",1,0,0,0,"CNRM-CERFACS-CNRM-CM5_RACMO22E","CNRM-CERFACS-CNRM-CM5.06"
"530","CNRM-CERFACS-CNRM-CM5","RACMO22E",2004,"E Midlands",1,0,0,0,"CNRM-CERFACS-CNRM-CM5_RACMO22E","CNRM-CERFACS-CNRM-CM5.06"
"531","CNRM-CERFACS-CNRM-CM5","RACMO22E",2005,"E Midlands",1,0,0,0,"CNRM-CERFACS-CNRM-CM5_RACMO22E","CNRM-CERFACS-CNRM-CM5.06"
"532","CNRM-CERFACS-CNRM-CM5","RACMO22E",2006,"E Midlands",1,0,0,0,"CNRM-CERFACS-CNRM-CM5_RACMO22E","CNRM-CERFACS-CNRM-CM5.06"
"533","CNRM-CERFACS-CNRM-CM5","RACMO22E",2007,"E Midlands",1,0,0,0,"CNRM-CERFACS-CNRM-CM5_RACMO22E","CNRM-CERFACS-CNRM-CM5.06"
"534","CNRM-CERFACS-CNRM-CM5","RACMO22E",2008,"E Midlands",1,0,0,0,"CNRM-CERFACS-CNRM-CM5_RACMO22E","CNRM-CERFACS-CNRM-CM5.06"
"535","CNRM-CERFACS-CNRM-CM5","RACMO22E",2009,"E Midlands",1,0,0,0,"CNRM-CERFACS-CNRM-CM5_RACMO22E","CNRM-CERFACS-CNRM-CM5.06"
"536","CNRM-CERFACS-CNRM-CM5","RACMO22E",2010,"E Midlands",1,0,0,0,"CNRM-CERFACS-CNRM-CM5_RACMO22E","CNRM-CERFACS-CNRM-CM5.06"
"537","CNRM-CERFACS-CNRM-CM5","RACMO22E",2011,"E Midlands",1,0,0,0,"CNRM-CERFACS-CNRM-CM5_RACMO22E","CNRM-CERFACS-CNRM-CM5.06"
"538","CNRM-CERFACS-CNRM-CM5","RACMO22E",2012,"E Midlands",1,0,0,0,"CNRM-CERFACS-CNRM-CM5_RACMO22E","CNRM-CERFACS-CNRM-CM5.06"
"539","CNRM-CERFACS-CNRM-CM5","RACMO22E",2013,"E Midlands",1,0.0186915887850467,3,31.315515200297,"CNRM-CERFACS-CNRM-CM5_RACMO22E","CNRM-CERFACS-CNRM-CM5.06"
"540","CNRM-CERFACS-CNRM-CM5","RACMO22E",2014,"E Midlands",1,0.00934579439252336,3,31.9389623006185,"CNRM-CERFACS-CNRM-CM5_RACMO22E","CNRM-CERFACS-CNRM-CM5.06"
"541","CNRM-CERFACS-CNRM-CM5","RACMO22E",2015,"E Midlands",1,0,0,0,"CNRM-CERFACS-CNRM-CM5_RACMO22E","CNRM-CERFACS-CNRM-CM5.06"
"542","CNRM-CERFACS-CNRM-CM5","RACMO22E",2016,"E Midlands",1,0,0,0,"CNRM-CERFACS-CNRM-CM5_RACMO22E","CNRM-CERFACS-CNRM-CM5.06"
"543","CNRM-CERFACS-CNRM-CM5","RACMO22E",2017,"E Midlands",1,0,0,0,"CNRM-CERFACS-CNRM-CM5_RACMO22E","CNRM-CERFACS-CNRM-CM5.06"
"544","CNRM-CERFACS-CNRM-CM5","RACMO22E",2018,"E Midlands",1,0,0,0,"CNRM-CERFACS-CNRM-CM5_RACMO22E","CNRM-CERFACS-CNRM-CM5.06"
"545","CNRM-CERFACS-CNRM-CM5","RACMO22E",2019,"E Midlands",1,0,0,0,"CNRM-CERFACS-CNRM-CM5_RACMO22E","CNRM-CERFACS-CNRM-CM5.06"
"546","CNRM-CERFACS-CNRM-CM5","RACMO22E",2020,"E Midlands",1,0,0,0,"CNRM-CERFACS-CNRM-CM5_RACMO22E","CNRM-CERFACS-CNRM-CM5.06"
"547","CNRM-CERFACS-CNRM-CM5","RACMO22E",2021,"E Midlands",1,0,0,0,"CNRM-CERFACS-CNRM-CM5_RACMO22E","CNRM-CERFACS-CNRM-CM5.06"
"548","CNRM-CERFACS-CNRM-CM5","RACMO22E",2022,"E Midlands",1,0,0,0,"CNRM-CERFACS-CNRM-CM5_RACMO22E","CNRM-CERFACS-CNRM-CM5.06"
"549","CNRM-CERFACS-CNRM-CM5","RACMO22E",2023,"E Midlands",1,0,0,0,"CNRM-CERFACS-CNRM-CM5_RACMO22E","CNRM-CERFACS-CNRM-CM5.06"
"550","CNRM-CERFACS-CNRM-CM5","RACMO22E",2024,"E Midlands",1,0,0,0,"CNRM-CERFACS-CNRM-CM5_RACMO22E","CNRM-CERFACS-CNRM-CM5.06"
"551","CNRM-CERFACS-CNRM-CM5","RACMO22E",2025,"E Midlands",1,0,0,0,"CNRM-CERFACS-CNRM-CM5_RACMO22E","CNRM-CERFACS-CNRM-CM5.06"
"552","CNRM-CERFACS-CNRM-CM5","RACMO22E",2026,"E Midlands",1,0,0,0,"CNRM-CERFACS-CNRM-CM5_RACMO22E","CNRM-CERFACS-CNRM-CM5.06"
"553","CNRM-CERFACS-CNRM-CM5","RACMO22E",2027,"E Midlands",1,0,0,0,"CNRM-CERFACS-CNRM-CM5_RACMO22E","CNRM-CERFACS-CNRM-CM5.06"
"554","CNRM-CERFACS-CNRM-CM5","RACMO22E",2028,"E Midlands",1,0,0,0,"CNRM-CERFACS-CNRM-CM5_RACMO22E","CNRM-CERFACS-CNRM-CM5.06"
"555","CNRM-CERFACS-CNRM-CM5","RACMO22E",2029,"E Midlands",1,0,0,0,"CNRM-CERFACS-CNRM-CM5_RACMO22E","CNRM-CERFACS-CNRM-CM5.06"
"556","CNRM-CERFACS-CNRM-CM5","RACMO22E",2030,"E Midlands",1,0.364485981308411,3,32.0909285504594,"CNRM-CERFACS-CNRM-CM5_RACMO22E","CNRM-CERFACS-CNRM-CM5.06"
"557","CNRM-CERFACS-CNRM-CM5","RACMO22E",2031,"E Midlands",1,0,0,0,"CNRM-CERFACS-CNRM-CM5_RACMO22E","CNRM-CERFACS-CNRM-CM5.06"
"558","CNRM-CERFACS-CNRM-CM5","RACMO22E",2032,"E Midlands",1,0,0,0,"CNRM-CERFACS-CNRM-CM5_RACMO22E","CNRM-CERFACS-CNRM-CM5.06"
"559","CNRM-CERFACS-CNRM-CM5","RACMO22E",2033,"E Midlands",1,0.00934579439252336,3,30.8026132583618,"CNRM-CERFACS-CNRM-CM5_RACMO22E","CNRM-CERFACS-CNRM-CM5.06"
"560","CNRM-CERFACS-CNRM-CM5","RACMO22E",2034,"E Midlands",1,0,0,0,"CNRM-CERFACS-CNRM-CM5_RACMO22E","CNRM-CERFACS-CNRM-CM5.06"
"561","CNRM-CERFACS-CNRM-CM5","RACMO22E",2035,"E Midlands",1,0,0,0,"CNRM-CERFACS-CNRM-CM5_RACMO22E","CNRM-CERFACS-CNRM-CM5.06"
"562","CNRM-CERFACS-CNRM-CM5","RACMO22E",2036,"E Midlands",1,0,0,0,"CNRM-CERFACS-CNRM-CM5_RACMO22E","CNRM-CERFACS-CNRM-CM5.06"
"563","CNRM-CERFACS-CNRM-CM5","RACMO22E",2037,"E Midlands",1,0,0,0,"CNRM-CERFACS-CNRM-CM5_RACMO22E","CNRM-CERFACS-CNRM-CM5.06"
"564","CNRM-CERFACS-CNRM-CM5","RACMO22E",2038,"E Midlands",1,0,0,0,"CNRM-CERFACS-CNRM-CM5_RACMO22E","CNRM-CERFACS-CNRM-CM5.06"
"565","CNRM-CERFACS-CNRM-CM5","RACMO22E",2039,"E Midlands",1,0,0,0,"CNRM-CERFACS-CNRM-CM5_RACMO22E","CNRM-CERFACS-CNRM-CM5.06"
"566","CNRM-CERFACS-CNRM-CM5","RACMO22E",2040,"E Midlands",1,0,0,0,"CNRM-CERFACS-CNRM-CM5_RACMO22E","CNRM-CERFACS-CNRM-CM5.06"
"567","CNRM-CERFACS-CNRM-CM5","RACMO22E",2041,"E Midlands",1,0,0,0,"CNRM-CERFACS-CNRM-CM5_RACMO22E","CNRM-CERFACS-CNRM-CM5.06"
"568","CNRM-CERFACS-CNRM-CM5","RACMO22E",2042,"E Midlands",1,0,0,0,"CNRM-CERFACS-CNRM-CM5_RACMO22E","CNRM-CERFACS-CNRM-CM5.06"
"569","CNRM-CERFACS-CNRM-CM5","RACMO22E",2043,"E Midlands",1,0,0,0,"CNRM-CERFACS-CNRM-CM5_RACMO22E","CNRM-CERFACS-CNRM-CM5.06"
"570","CNRM-CERFACS-CNRM-CM5","RACMO22E",2044,"E Midlands",1,0,0,0,"CNRM-CERFACS-CNRM-CM5_RACMO22E","CNRM-CERFACS-CNRM-CM5.06"
"571","CNRM-CERFACS-CNRM-CM5","RACMO22E",2045,"E Midlands",1,0,0,0,"CNRM-CERFACS-CNRM-CM5_RACMO22E","CNRM-CERFACS-CNRM-CM5.06"
"572","CNRM-CERFACS-CNRM-CM5","RACMO22E",2046,"E Midlands",1,0,0,0,"CNRM-CERFACS-CNRM-CM5_RACMO22E","CNRM-CERFACS-CNRM-CM5.06"
"573","CNRM-CERFACS-CNRM-CM5","RACMO22E",2047,"E Midlands",1,0,0,0,"CNRM-CERFACS-CNRM-CM5_RACMO22E","CNRM-CERFACS-CNRM-CM5.06"
"574","CNRM-CERFACS-CNRM-CM5","RACMO22E",2048,"E Midlands",1,0,0,0,"CNRM-CERFACS-CNRM-CM5_RACMO22E","CNRM-CERFACS-CNRM-CM5.06"
"575","CNRM-CERFACS-CNRM-CM5","RACMO22E",2049,"E Midlands",1,0,0,0,"CNRM-CERFACS-CNRM-CM5_RACMO22E","CNRM-CERFACS-CNRM-CM5.06"
"576","CNRM-CERFACS-CNRM-CM5","RACMO22E",2050,"E Midlands",1,0,0,0,"CNRM-CERFACS-CNRM-CM5_RACMO22E","CNRM-CERFACS-CNRM-CM5.06"
"577","CNRM-CERFACS-CNRM-CM5","RACMO22E",2051,"E Midlands",1,0,0,0,"CNRM-CERFACS-CNRM-CM5_RACMO22E","CNRM-CERFACS-CNRM-CM5.06"
"578","CNRM-CERFACS-CNRM-CM5","RACMO22E",2052,"E Midlands",1,0,0,0,"CNRM-CERFACS-CNRM-CM5_RACMO22E","CNRM-CERFACS-CNRM-CM5.06"
"579","CNRM-CERFACS-CNRM-CM5","RACMO22E",2053,"E Midlands",1,0,0,0,"CNRM-CERFACS-CNRM-CM5_RACMO22E","CNRM-CERFACS-CNRM-CM5.06"
"580","CNRM-CERFACS-CNRM-CM5","RACMO22E",2054,"E Midlands",1,0,0,0,"CNRM-CERFACS-CNRM-CM5_RACMO22E","CNRM-CERFACS-CNRM-CM5.06"
"581","CNRM-CERFACS-CNRM-CM5","RACMO22E",2055,"E Midlands",1,0,0,0,"CNRM-CERFACS-CNRM-CM5_RACMO22E","CNRM-CERFACS-CNRM-CM5.06"
"582","CNRM-CERFACS-CNRM-CM5","RACMO22E",2056,"E Midlands",1,0,0,0,"CNRM-CERFACS-CNRM-CM5_RACMO22E","CNRM-CERFACS-CNRM-CM5.06"
"583","CNRM-CERFACS-CNRM-CM5","RACMO22E",2057,"E Midlands",1,0,0,0,"CNRM-CERFACS-CNRM-CM5_RACMO22E","CNRM-CERFACS-CNRM-CM5.06"
"584","CNRM-CERFACS-CNRM-CM5","RACMO22E",2058,"E Midlands",1,0,0,0,"CNRM-CERFACS-CNRM-CM5_RACMO22E","CNRM-CERFACS-CNRM-CM5.06"
"585","CNRM-CERFACS-CNRM-CM5","RACMO22E",2059,"E Midlands",1,0,0,0,"CNRM-CERFACS-CNRM-CM5_RACMO22E","CNRM-CERFACS-CNRM-CM5.06"
"586","CNRM-CERFACS-CNRM-CM5","RACMO22E",2060,"E Midlands",1,0,0,0,"CNRM-CERFACS-CNRM-CM5_RACMO22E","CNRM-CERFACS-CNRM-CM5.06"
"587","CNRM-CERFACS-CNRM-CM5","RACMO22E",2061,"E Midlands",1,0.0186915887850467,3,30.6015206972758,"CNRM-CERFACS-CNRM-CM5_RACMO22E","CNRM-CERFACS-CNRM-CM5.06"
"588","CNRM-CERFACS-CNRM-CM5","RACMO22E",2062,"E Midlands",1,0,0,0,"CNRM-CERFACS-CNRM-CM5_RACMO22E","CNRM-CERFACS-CNRM-CM5.06"
"589","CNRM-CERFACS-CNRM-CM5","RACMO22E",2063,"E Midlands",1,0,0,0,"CNRM-CERFACS-CNRM-CM5_RACMO22E","CNRM-CERFACS-CNRM-CM5.06"
"590","CNRM-CERFACS-CNRM-CM5","RACMO22E",2064,"E Midlands",1,0,0,0,"CNRM-CERFACS-CNRM-CM5_RACMO22E","CNRM-CERFACS-CNRM-CM5.06"
"591","CNRM-CERFACS-CNRM-CM5","RACMO22E",2065,"E Midlands",1,0,0,0,"CNRM-CERFACS-CNRM-CM5_RACMO22E","CNRM-CERFACS-CNRM-CM5.06"
"592","CNRM-CERFACS-CNRM-CM5","RACMO22E",2066,"E Midlands",1,0,0,0,"CNRM-CERFACS-CNRM-CM5_RACMO22E","CNRM-CERFACS-CNRM-CM5.06"
"593","CNRM-CERFACS-CNRM-CM5","RACMO22E",2067,"E Midlands",1,0,0,0,"CNRM-CERFACS-CNRM-CM5_RACMO22E","CNRM-CERFACS-CNRM-CM5.06"
"594","CNRM-CERFACS-CNRM-CM5","RACMO22E",2068,"E Midlands",1,0,0,0,"CNRM-CERFACS-CNRM-CM5_RACMO22E","CNRM-CERFACS-CNRM-CM5.06"
"595","CNRM-CERFACS-CNRM-CM5","RACMO22E",2069,"E Midlands",1,0,0,0,"CNRM-CERFACS-CNRM-CM5_RACMO22E","CNRM-CERFACS-CNRM-CM5.06"
"596","CNRM-CERFACS-CNRM-CM5","RACMO22E",2070,"E Midlands",1,0,0,0,"CNRM-CERFACS-CNRM-CM5_RACMO22E","CNRM-CERFACS-CNRM-CM5.06"
"597","CNRM-CERFACS-CNRM-CM5","RACMO22E",2071,"E Midlands",1,0,0,0,"CNRM-CERFACS-CNRM-CM5_RACMO22E","CNRM-CERFACS-CNRM-CM5.06"
"598","CNRM-CERFACS-CNRM-CM5","RACMO22E",2072,"E Midlands",1,0,0,0,"CNRM-CERFACS-CNRM-CM5_RACMO22E","CNRM-CERFACS-CNRM-CM5.06"
"599","CNRM-CERFACS-CNRM-CM5","RACMO22E",2073,"E Midlands",1,0,0,0,"CNRM-CERFACS-CNRM-CM5_RACMO22E","CNRM-CERFACS-CNRM-CM5.06"
"600","CNRM-CERFACS-CNRM-CM5","RACMO22E",2074,"E Midlands",1,0,0,0,"CNRM-CERFACS-CNRM-CM5_RACMO22E","CNRM-CERFACS-CNRM-CM5.06"
"601","CNRM-CERFACS-CNRM-CM5","RACMO22E",2075,"E Midlands",1,0,0,0,"CNRM-CERFACS-CNRM-CM5_RACMO22E","CNRM-CERFACS-CNRM-CM5.06"
"602","CNRM-CERFACS-CNRM-CM5","RACMO22E",2076,"E Midlands",1,0,0,0,"CNRM-CERFACS-CNRM-CM5_RACMO22E","CNRM-CERFACS-CNRM-CM5.06"
"603","CNRM-CERFACS-CNRM-CM5","RACMO22E",2077,"E Midlands",1,0,0,0,"CNRM-CERFACS-CNRM-CM5_RACMO22E","CNRM-CERFACS-CNRM-CM5.06"
"604","CNRM-CERFACS-CNRM-CM5","RACMO22E",2078,"E Midlands",1,0,0,0,"CNRM-CERFACS-CNRM-CM5_RACMO22E","CNRM-CERFACS-CNRM-CM5.06"
"605","CNRM-CERFACS-CNRM-CM5","RACMO22E",2079,"E Midlands",1,0,0,0,"CNRM-CERFACS-CNRM-CM5_RACMO22E","CNRM-CERFACS-CNRM-CM5.06"
"606","CNRM-CERFACS-CNRM-CM5","RACMO22E",2080,"E Midlands",1,0,0,0,"CNRM-CERFACS-CNRM-CM5_RACMO22E","CNRM-CERFACS-CNRM-CM5.06"
"607","CNRM-CERFACS-CNRM-CM5","RCA4",1980,"E Midlands",1,0,0,0,"CNRM-CERFACS-CNRM-CM5_RCA4","CNRM-CERFACS-CNRM-CM5.07"
"608","CNRM-CERFACS-CNRM-CM5","RCA4",1981,"E Midlands",1,0,0,0,"CNRM-CERFACS-CNRM-CM5_RCA4","CNRM-CERFACS-CNRM-CM5.07"
"609","CNRM-CERFACS-CNRM-CM5","RCA4",1982,"E Midlands",1,0,0,0,"CNRM-CERFACS-CNRM-CM5_RCA4","CNRM-CERFACS-CNRM-CM5.07"
"610","CNRM-CERFACS-CNRM-CM5","RCA4",1983,"E Midlands",1,0,0,0,"CNRM-CERFACS-CNRM-CM5_RCA4","CNRM-CERFACS-CNRM-CM5.07"
"611","CNRM-CERFACS-CNRM-CM5","RCA4",1984,"E Midlands",1,0,0,0,"CNRM-CERFACS-CNRM-CM5_RCA4","CNRM-CERFACS-CNRM-CM5.07"
"612","CNRM-CERFACS-CNRM-CM5","RCA4",1985,"E Midlands",1,0,0,0,"CNRM-CERFACS-CNRM-CM5_RCA4","CNRM-CERFACS-CNRM-CM5.07"
"613","CNRM-CERFACS-CNRM-CM5","RCA4",1986,"E Midlands",1,0,0,0,"CNRM-CERFACS-CNRM-CM5_RCA4","CNRM-CERFACS-CNRM-CM5.07"
"614","CNRM-CERFACS-CNRM-CM5","RCA4",1987,"E Midlands",1,0,0,0,"CNRM-CERFACS-CNRM-CM5_RCA4","CNRM-CERFACS-CNRM-CM5.07"
"615","CNRM-CERFACS-CNRM-CM5","RCA4",1988,"E Midlands",1,0,0,0,"CNRM-CERFACS-CNRM-CM5_RCA4","CNRM-CERFACS-CNRM-CM5.07"
"616","CNRM-CERFACS-CNRM-CM5","RCA4",1989,"E Midlands",1,0,0,0,"CNRM-CERFACS-CNRM-CM5_RCA4","CNRM-CERFACS-CNRM-CM5.07"
"617","CNRM-CERFACS-CNRM-CM5","RCA4",1990,"E Midlands",1,0,0,0,"CNRM-CERFACS-CNRM-CM5_RCA4","CNRM-CERFACS-CNRM-CM5.07"
"618","CNRM-CERFACS-CNRM-CM5","RCA4",1991,"E Midlands",1,0,0,0,"CNRM-CERFACS-CNRM-CM5_RCA4","CNRM-CERFACS-CNRM-CM5.07"
"619","CNRM-CERFACS-CNRM-CM5","RCA4",1992,"E Midlands",1,0,0,0,"CNRM-CERFACS-CNRM-CM5_RCA4","CNRM-CERFACS-CNRM-CM5.07"
"620","CNRM-CERFACS-CNRM-CM5","RCA4",1993,"E Midlands",1,0,0,0,"CNRM-CERFACS-CNRM-CM5_RCA4","CNRM-CERFACS-CNRM-CM5.07"
"621","CNRM-CERFACS-CNRM-CM5","RCA4",1994,"E Midlands",1,0,0,0,"CNRM-CERFACS-CNRM-CM5_RCA4","CNRM-CERFACS-CNRM-CM5.07"
"622","CNRM-CERFACS-CNRM-CM5","RCA4",1995,"E Midlands",1,0,0,0,"CNRM-CERFACS-CNRM-CM5_RCA4","CNRM-CERFACS-CNRM-CM5.07"
"623","CNRM-CERFACS-CNRM-CM5","RCA4",1996,"E Midlands",1,0,0,0,"CNRM-CERFACS-CNRM-CM5_RCA4","CNRM-CERFACS-CNRM-CM5.07"
"624","CNRM-CERFACS-CNRM-CM5","RCA4",1997,"E Midlands",1,0,0,0,"CNRM-CERFACS-CNRM-CM5_RCA4","CNRM-CERFACS-CNRM-CM5.07"
"625","CNRM-CERFACS-CNRM-CM5","RCA4",1998,"E Midlands",1,0,0,0,"CNRM-CERFACS-CNRM-CM5_RCA4","CNRM-CERFACS-CNRM-CM5.07"
"626","CNRM-CERFACS-CNRM-CM5","RCA4",1999,"E Midlands",1,0,0,0,"CNRM-CERFACS-CNRM-CM5_RCA4","CNRM-CERFACS-CNRM-CM5.07"
"627","CNRM-CERFACS-CNRM-CM5","RCA4",2000,"E Midlands",1,0,0,0,"CNRM-CERFACS-CNRM-CM5_RCA4","CNRM-CERFACS-CNRM-CM5.07"
"628","CNRM-CERFACS-CNRM-CM5","RCA4",2001,"E Midlands",1,0.0280373831775701,3.66666666666667,32.3418833414714,"CNRM-CERFACS-CNRM-CM5_RCA4","CNRM-CERFACS-CNRM-CM5.07"
"629","CNRM-CERFACS-CNRM-CM5","RCA4",2002,"E Midlands",1,0,0,0,"CNRM-CERFACS-CNRM-CM5_RCA4","CNRM-CERFACS-CNRM-CM5.07"
"630","CNRM-CERFACS-CNRM-CM5","RCA4",2003,"E Midlands",1,0,0,0,"CNRM-CERFACS-CNRM-CM5_RCA4","CNRM-CERFACS-CNRM-CM5.07"
"631","CNRM-CERFACS-CNRM-CM5","RCA4",2004,"E Midlands",1,0,0,0,"CNRM-CERFACS-CNRM-CM5_RCA4","CNRM-CERFACS-CNRM-CM5.07"
"632","CNRM-CERFACS-CNRM-CM5","RCA4",2005,"E Midlands",1,0,0,0,"CNRM-CERFACS-CNRM-CM5_RCA4","CNRM-CERFACS-CNRM-CM5.07"
"633","CNRM-CERFACS-CNRM-CM5","RCA4",2006,"E Midlands",1,0,0,0,"CNRM-CERFACS-CNRM-CM5_RCA4","CNRM-CERFACS-CNRM-CM5.07"
"634","CNRM-CERFACS-CNRM-CM5","RCA4",2007,"E Midlands",1,0,0,0,"CNRM-CERFACS-CNRM-CM5_RCA4","CNRM-CERFACS-CNRM-CM5.07"
"635","CNRM-CERFACS-CNRM-CM5","RCA4",2008,"E Midlands",1,0,0,0,"CNRM-CERFACS-CNRM-CM5_RCA4","CNRM-CERFACS-CNRM-CM5.07"
"636","CNRM-CERFACS-CNRM-CM5","RCA4",2009,"E Midlands",1,0,0,0,"CNRM-CERFACS-CNRM-CM5_RCA4","CNRM-CERFACS-CNRM-CM5.07"
"637","CNRM-CERFACS-CNRM-CM5","RCA4",2010,"E Midlands",1,0,0,0,"CNRM-CERFACS-CNRM-CM5_RCA4","CNRM-CERFACS-CNRM-CM5.07"
"638","CNRM-CERFACS-CNRM-CM5","RCA4",2011,"E Midlands",1,0,0,0,"CNRM-CERFACS-CNRM-CM5_RCA4","CNRM-CERFACS-CNRM-CM5.07"
"639","CNRM-CERFACS-CNRM-CM5","RCA4",2012,"E Midlands",1,0,0,0,"CNRM-CERFACS-CNRM-CM5_RCA4","CNRM-CERFACS-CNRM-CM5.07"
"640","CNRM-CERFACS-CNRM-CM5","RCA4",2013,"E Midlands",1,0,0,0,"CNRM-CERFACS-CNRM-CM5_RCA4","CNRM-CERFACS-CNRM-CM5.07"
"641","CNRM-CERFACS-CNRM-CM5","RCA4",2014,"E Midlands",1,0,0,0,"CNRM-CERFACS-CNRM-CM5_RCA4","CNRM-CERFACS-CNRM-CM5.07"
"642","CNRM-CERFACS-CNRM-CM5","RCA4",2015,"E Midlands",1,0,0,0,"CNRM-CERFACS-CNRM-CM5_RCA4","CNRM-CERFACS-CNRM-CM5.07"
"643","CNRM-CERFACS-CNRM-CM5","RCA4",2016,"E Midlands",1,0,0,0,"CNRM-CERFACS-CNRM-CM5_RCA4","CNRM-CERFACS-CNRM-CM5.07"
"644","CNRM-CERFACS-CNRM-CM5","RCA4",2017,"E Midlands",1,0,0,0,"CNRM-CERFACS-CNRM-CM5_RCA4","CNRM-CERFACS-CNRM-CM5.07"
"645","CNRM-CERFACS-CNRM-CM5","RCA4",2018,"E Midlands",1,0,0,0,"CNRM-CERFACS-CNRM-CM5_RCA4","CNRM-CERFACS-CNRM-CM5.07"
"646","CNRM-CERFACS-CNRM-CM5","RCA4",2019,"E Midlands",1,0,0,0,"CNRM-CERFACS-CNRM-CM5_RCA4","CNRM-CERFACS-CNRM-CM5.07"
"647","CNRM-CERFACS-CNRM-CM5","RCA4",2020,"E Midlands",1,0,0,0,"CNRM-CERFACS-CNRM-CM5_RCA4","CNRM-CERFACS-CNRM-CM5.07"
"648","CNRM-CERFACS-CNRM-CM5","RCA4",2021,"E Midlands",1,0,0,0,"CNRM-CERFACS-CNRM-CM5_RCA4","CNRM-CERFACS-CNRM-CM5.07"
"649","CNRM-CERFACS-CNRM-CM5","RCA4",2022,"E Midlands",1,0,0,0,"CNRM-CERFACS-CNRM-CM5_RCA4","CNRM-CERFACS-CNRM-CM5.07"
"650","CNRM-CERFACS-CNRM-CM5","RCA4",2023,"E Midlands",1,0,0,0,"CNRM-CERFACS-CNRM-CM5_RCA4","CNRM-CERFACS-CNRM-CM5.07"
"651","CNRM-CERFACS-CNRM-CM5","RCA4",2024,"E Midlands",1,0,0,0,"CNRM-CERFACS-CNRM-CM5_RCA4","CNRM-CERFACS-CNRM-CM5.07"
"652","CNRM-CERFACS-CNRM-CM5","RCA4",2025,"E Midlands",1,0,0,0,"CNRM-CERFACS-CNRM-CM5_RCA4","CNRM-CERFACS-CNRM-CM5.07"
"653","CNRM-CERFACS-CNRM-CM5","RCA4",2026,"E Midlands",1,0,0,0,"CNRM-CERFACS-CNRM-CM5_RCA4","CNRM-CERFACS-CNRM-CM5.07"
"654","CNRM-CERFACS-CNRM-CM5","RCA4",2027,"E Midlands",1,0,0,0,"CNRM-CERFACS-CNRM-CM5_RCA4","CNRM-CERFACS-CNRM-CM5.07"
"655","CNRM-CERFACS-CNRM-CM5","RCA4",2028,"E Midlands",1,0,0,0,"CNRM-CERFACS-CNRM-CM5_RCA4","CNRM-CERFACS-CNRM-CM5.07"
"656","CNRM-CERFACS-CNRM-CM5","RCA4",2029,"E Midlands",1,0,0,0,"CNRM-CERFACS-CNRM-CM5_RCA4","CNRM-CERFACS-CNRM-CM5.07"
"657","CNRM-CERFACS-CNRM-CM5","RCA4",2030,"E Midlands",1,0,0,0,"CNRM-CERFACS-CNRM-CM5_RCA4","CNRM-CERFACS-CNRM-CM5.07"
"658","CNRM-CERFACS-CNRM-CM5","RCA4",2031,"E Midlands",1,0,0,0,"CNRM-CERFACS-CNRM-CM5_RCA4","CNRM-CERFACS-CNRM-CM5.07"
"659","CNRM-CERFACS-CNRM-CM5","RCA4",2032,"E Midlands",1,0,0,0,"CNRM-CERFACS-CNRM-CM5_RCA4","CNRM-CERFACS-CNRM-CM5.07"
"660","CNRM-CERFACS-CNRM-CM5","RCA4",2033,"E Midlands",1,0.0280373831775701,3,30.473840713501,"CNRM-CERFACS-CNRM-CM5_RCA4","CNRM-CERFACS-CNRM-CM5.07"
"661","CNRM-CERFACS-CNRM-CM5","RCA4",2034,"E Midlands",1,0,0,0,"CNRM-CERFACS-CNRM-CM5_RCA4","CNRM-CERFACS-CNRM-CM5.07"
"662","CNRM-CERFACS-CNRM-CM5","RCA4",2035,"E Midlands",1,0,0,0,"CNRM-CERFACS-CNRM-CM5_RCA4","CNRM-CERFACS-CNRM-CM5.07"
"663","CNRM-CERFACS-CNRM-CM5","RCA4",2036,"E Midlands",1,0,0,0,"CNRM-CERFACS-CNRM-CM5_RCA4","CNRM-CERFACS-CNRM-CM5.07"
"664","CNRM-CERFACS-CNRM-CM5","RCA4",2037,"E Midlands",1,0,0,0,"CNRM-CERFACS-CNRM-CM5_RCA4","CNRM-CERFACS-CNRM-CM5.07"
"665","CNRM-CERFACS-CNRM-CM5","RCA4",2038,"E Midlands",1,0,0,0,"CNRM-CERFACS-CNRM-CM5_RCA4","CNRM-CERFACS-CNRM-CM5.07"
"666","CNRM-CERFACS-CNRM-CM5","RCA4",2039,"E Midlands",1,0,0,0,"CNRM-CERFACS-CNRM-CM5_RCA4","CNRM-CERFACS-CNRM-CM5.07"
"667","CNRM-CERFACS-CNRM-CM5","RCA4",2040,"E Midlands",1,0,0,0,"CNRM-CERFACS-CNRM-CM5_RCA4","CNRM-CERFACS-CNRM-CM5.07"
"668","CNRM-CERFACS-CNRM-CM5","RCA4",2041,"E Midlands",1,0,0,0,"CNRM-CERFACS-CNRM-CM5_RCA4","CNRM-CERFACS-CNRM-CM5.07"
"669","CNRM-CERFACS-CNRM-CM5","RCA4",2042,"E Midlands",1,0,0,0,"CNRM-CERFACS-CNRM-CM5_RCA4","CNRM-CERFACS-CNRM-CM5.07"
"670","CNRM-CERFACS-CNRM-CM5","RCA4",2043,"E Midlands",1,0,0,0,"CNRM-CERFACS-CNRM-CM5_RCA4","CNRM-CERFACS-CNRM-CM5.07"
"671","CNRM-CERFACS-CNRM-CM5","RCA4",2044,"E Midlands",1,0,0,0,"CNRM-CERFACS-CNRM-CM5_RCA4","CNRM-CERFACS-CNRM-CM5.07"
"672","CNRM-CERFACS-CNRM-CM5","RCA4",2045,"E Midlands",1,0,0,0,"CNRM-CERFACS-CNRM-CM5_RCA4","CNRM-CERFACS-CNRM-CM5.07"
"673","CNRM-CERFACS-CNRM-CM5","RCA4",2046,"E Midlands",1,0,0,0,"CNRM-CERFACS-CNRM-CM5_RCA4","CNRM-CERFACS-CNRM-CM5.07"
"674","CNRM-CERFACS-CNRM-CM5","RCA4",2047,"E Midlands",1,0,0,0,"CNRM-CERFACS-CNRM-CM5_RCA4","CNRM-CERFACS-CNRM-CM5.07"
"675","CNRM-CERFACS-CNRM-CM5","RCA4",2048,"E Midlands",1,0,0,0,"CNRM-CERFACS-CNRM-CM5_RCA4","CNRM-CERFACS-CNRM-CM5.07"
"676","CNRM-CERFACS-CNRM-CM5","RCA4",2049,"E Midlands",1,0,0,0,"CNRM-CERFACS-CNRM-CM5_RCA4","CNRM-CERFACS-CNRM-CM5.07"
"677","CNRM-CERFACS-CNRM-CM5","RCA4",2050,"E Midlands",1,0,0,0,"CNRM-CERFACS-CNRM-CM5_RCA4","CNRM-CERFACS-CNRM-CM5.07"
"678","CNRM-CERFACS-CNRM-CM5","RCA4",2051,"E Midlands",1,0,0,0,"CNRM-CERFACS-CNRM-CM5_RCA4","CNRM-CERFACS-CNRM-CM5.07"
"679","CNRM-CERFACS-CNRM-CM5","RCA4",2052,"E Midlands",1,0,0,0,"CNRM-CERFACS-CNRM-CM5_RCA4","CNRM-CERFACS-CNRM-CM5.07"
"680","CNRM-CERFACS-CNRM-CM5","RCA4",2053,"E Midlands",1,0,0,0,"CNRM-CERFACS-CNRM-CM5_RCA4","CNRM-CERFACS-CNRM-CM5.07"
"681","CNRM-CERFACS-CNRM-CM5","RCA4",2054,"E Midlands",1,0,0,0,"CNRM-CERFACS-CNRM-CM5_RCA4","CNRM-CERFACS-CNRM-CM5.07"
"682","CNRM-CERFACS-CNRM-CM5","RCA4",2055,"E Midlands",1,0,0,0,"CNRM-CERFACS-CNRM-CM5_RCA4","CNRM-CERFACS-CNRM-CM5.07"
"683","CNRM-CERFACS-CNRM-CM5","RCA4",2056,"E Midlands",1,0,0,0,"CNRM-CERFACS-CNRM-CM5_RCA4","CNRM-CERFACS-CNRM-CM5.07"
"684","CNRM-CERFACS-CNRM-CM5","RCA4",2057,"E Midlands",1,0,0,0,"CNRM-CERFACS-CNRM-CM5_RCA4","CNRM-CERFACS-CNRM-CM5.07"
"685","CNRM-CERFACS-CNRM-CM5","RCA4",2058,"E Midlands",1,0,0,0,"CNRM-CERFACS-CNRM-CM5_RCA4","CNRM-CERFACS-CNRM-CM5.07"
"686","CNRM-CERFACS-CNRM-CM5","RCA4",2059,"E Midlands",1,0,0,0,"CNRM-CERFACS-CNRM-CM5_RCA4","CNRM-CERFACS-CNRM-CM5.07"
"687","CNRM-CERFACS-CNRM-CM5","RCA4",2060,"E Midlands",1,0,0,0,"CNRM-CERFACS-CNRM-CM5_RCA4","CNRM-CERFACS-CNRM-CM5.07"
"688","CNRM-CERFACS-CNRM-CM5","RCA4",2061,"E Midlands",1,0,0,0,"CNRM-CERFACS-CNRM-CM5_RCA4","CNRM-CERFACS-CNRM-CM5.07"
"689","CNRM-CERFACS-CNRM-CM5","RCA4",2062,"E Midlands",1,0,0,0,"CNRM-CERFACS-CNRM-CM5_RCA4","CNRM-CERFACS-CNRM-CM5.07"
"690","CNRM-CERFACS-CNRM-CM5","RCA4",2063,"E Midlands",1,0,0,0,"CNRM-CERFACS-CNRM-CM5_RCA4","CNRM-CERFACS-CNRM-CM5.07"
"691","CNRM-CERFACS-CNRM-CM5","RCA4",2064,"E Midlands",1,0,0,0,"CNRM-CERFACS-CNRM-CM5_RCA4","CNRM-CERFACS-CNRM-CM5.07"
"692","CNRM-CERFACS-CNRM-CM5","RCA4",2065,"E Midlands",1,0,0,0,"CNRM-CERFACS-CNRM-CM5_RCA4","CNRM-CERFACS-CNRM-CM5.07"
"693","CNRM-CERFACS-CNRM-CM5","RCA4",2066,"E Midlands",1,0,0,0,"CNRM-CERFACS-CNRM-CM5_RCA4","CNRM-CERFACS-CNRM-CM5.07"
"694","CNRM-CERFACS-CNRM-CM5","RCA4",2067,"E Midlands",1,0,0,0,"CNRM-CERFACS-CNRM-CM5_RCA4","CNRM-CERFACS-CNRM-CM5.07"
"695","CNRM-CERFACS-CNRM-CM5","RCA4",2068,"E Midlands",1,0.0934579439252336,3.3,30.8268856128057,"CNRM-CERFACS-CNRM-CM5_RCA4","CNRM-CERFACS-CNRM-CM5.07"
"696","CNRM-CERFACS-CNRM-CM5","RCA4",2069,"E Midlands",1,0,0,0,"CNRM-CERFACS-CNRM-CM5_RCA4","CNRM-CERFACS-CNRM-CM5.07"
"697","CNRM-CERFACS-CNRM-CM5","RCA4",2070,"E Midlands",1,0,0,0,"CNRM-CERFACS-CNRM-CM5_RCA4","CNRM-CERFACS-CNRM-CM5.07"
"698","CNRM-CERFACS-CNRM-CM5","RCA4",2071,"E Midlands",1,0,0,0,"CNRM-CERFACS-CNRM-CM5_RCA4","CNRM-CERFACS-CNRM-CM5.07"
"699","CNRM-CERFACS-CNRM-CM5","RCA4",2072,"E Midlands",1,0,0,0,"CNRM-CERFACS-CNRM-CM5_RCA4","CNRM-CERFACS-CNRM-CM5.07"
"700","CNRM-CERFACS-CNRM-CM5","RCA4",2073,"E Midlands",1,0,0,0,"CNRM-CERFACS-CNRM-CM5_RCA4","CNRM-CERFACS-CNRM-CM5.07"
"701","CNRM-CERFACS-CNRM-CM5","RCA4",2074,"E Midlands",1,0,0,0,"CNRM-CERFACS-CNRM-CM5_RCA4","CNRM-CERFACS-CNRM-CM5.07"
"702","CNRM-CERFACS-CNRM-CM5","RCA4",2075,"E Midlands",1,0,0,0,"CNRM-CERFACS-CNRM-CM5_RCA4","CNRM-CERFACS-CNRM-CM5.07"
"703","CNRM-CERFACS-CNRM-CM5","RCA4",2076,"E Midlands",1,0,0,0,"CNRM-CERFACS-CNRM-CM5_RCA4","CNRM-CERFACS-CNRM-CM5.07"
"704","CNRM-CERFACS-CNRM-CM5","RCA4",2077,"E Midlands",1,0,0,0,"CNRM-CERFACS-CNRM-CM5_RCA4","CNRM-CERFACS-CNRM-CM5.07"
"705","CNRM-CERFACS-CNRM-CM5","RCA4",2078,"E Midlands",1,0,0,0,"CNRM-CERFACS-CNRM-CM5_RCA4","CNRM-CERFACS-CNRM-CM5.07"
"706","CNRM-CERFACS-CNRM-CM5","RCA4",2079,"E Midlands",1,0,0,0,"CNRM-CERFACS-CNRM-CM5_RCA4","CNRM-CERFACS-CNRM-CM5.07"
"707","CNRM-CERFACS-CNRM-CM5","RCA4",2080,"E Midlands",1,0,0,0,"CNRM-CERFACS-CNRM-CM5_RCA4","CNRM-CERFACS-CNRM-CM5.07"
"708","CNRM-CERFACS-CNRM-CM5","RegCM4-6",1980,"E Midlands",1,0,0,0,"CNRM-CERFACS-CNRM-CM5_RegCM4-6","CNRM-CERFACS-CNRM-CM5.08"
"709","CNRM-CERFACS-CNRM-CM5","RegCM4-6",1981,"E Midlands",1,0,0,0,"CNRM-CERFACS-CNRM-CM5_RegCM4-6","CNRM-CERFACS-CNRM-CM5.08"
"710","CNRM-CERFACS-CNRM-CM5","RegCM4-6",1982,"E Midlands",1,0,0,0,"CNRM-CERFACS-CNRM-CM5_RegCM4-6","CNRM-CERFACS-CNRM-CM5.08"
"711","CNRM-CERFACS-CNRM-CM5","RegCM4-6",1983,"E Midlands",1,0,0,0,"CNRM-CERFACS-CNRM-CM5_RegCM4-6","CNRM-CERFACS-CNRM-CM5.08"
"712","CNRM-CERFACS-CNRM-CM5","RegCM4-6",1984,"E Midlands",1,0,0,0,"CNRM-CERFACS-CNRM-CM5_RegCM4-6","CNRM-CERFACS-CNRM-CM5.08"
"713","CNRM-CERFACS-CNRM-CM5","RegCM4-6",1985,"E Midlands",1,0,0,0,"CNRM-CERFACS-CNRM-CM5_RegCM4-6","CNRM-CERFACS-CNRM-CM5.08"
"714","CNRM-CERFACS-CNRM-CM5","RegCM4-6",1986,"E Midlands",1,0,0,0,"CNRM-CERFACS-CNRM-CM5_RegCM4-6","CNRM-CERFACS-CNRM-CM5.08"
"715","CNRM-CERFACS-CNRM-CM5","RegCM4-6",1987,"E Midlands",1,0,0,0,"CNRM-CERFACS-CNRM-CM5_RegCM4-6","CNRM-CERFACS-CNRM-CM5.08"
"716","CNRM-CERFACS-CNRM-CM5","RegCM4-6",1988,"E Midlands",1,0,0,0,"CNRM-CERFACS-CNRM-CM5_RegCM4-6","CNRM-CERFACS-CNRM-CM5.08"
"717","CNRM-CERFACS-CNRM-CM5","RegCM4-6",1989,"E Midlands",1,0,0,0,"CNRM-CERFACS-CNRM-CM5_RegCM4-6","CNRM-CERFACS-CNRM-CM5.08"
"718","CNRM-CERFACS-CNRM-CM5","RegCM4-6",1990,"E Midlands",1,0,0,0,"CNRM-CERFACS-CNRM-CM5_RegCM4-6","CNRM-CERFACS-CNRM-CM5.08"
"719","CNRM-CERFACS-CNRM-CM5","RegCM4-6",1991,"E Midlands",1,0,0,0,"CNRM-CERFACS-CNRM-CM5_RegCM4-6","CNRM-CERFACS-CNRM-CM5.08"
"720","CNRM-CERFACS-CNRM-CM5","RegCM4-6",1992,"E Midlands",1,0,0,0,"CNRM-CERFACS-CNRM-CM5_RegCM4-6","CNRM-CERFACS-CNRM-CM5.08"
"721","CNRM-CERFACS-CNRM-CM5","RegCM4-6",1993,"E Midlands",1,0,0,0,"CNRM-CERFACS-CNRM-CM5_RegCM4-6","CNRM-CERFACS-CNRM-CM5.08"
"722","CNRM-CERFACS-CNRM-CM5","RegCM4-6",1994,"E Midlands",1,0,0,0,"CNRM-CERFACS-CNRM-CM5_RegCM4-6","CNRM-CERFACS-CNRM-CM5.08"
"723","CNRM-CERFACS-CNRM-CM5","RegCM4-6",1995,"E Midlands",1,0.0467289719626168,3,31.4788153966268,"CNRM-CERFACS-CNRM-CM5_RegCM4-6","CNRM-CERFACS-CNRM-CM5.08"
"724","CNRM-CERFACS-CNRM-CM5","RegCM4-6",1996,"E Midlands",1,0,0,0,"CNRM-CERFACS-CNRM-CM5_RegCM4-6","CNRM-CERFACS-CNRM-CM5.08"
"725","CNRM-CERFACS-CNRM-CM5","RegCM4-6",1997,"E Midlands",1,0,0,0,"CNRM-CERFACS-CNRM-CM5_RegCM4-6","CNRM-CERFACS-CNRM-CM5.08"
"726","CNRM-CERFACS-CNRM-CM5","RegCM4-6",1998,"E Midlands",1,0,0,0,"CNRM-CERFACS-CNRM-CM5_RegCM4-6","CNRM-CERFACS-CNRM-CM5.08"
"727","CNRM-CERFACS-CNRM-CM5","RegCM4-6",1999,"E Midlands",1,0.168224299065421,3,30.8057141833835,"CNRM-CERFACS-CNRM-CM5_RegCM4-6","CNRM-CERFACS-CNRM-CM5.08"
"728","CNRM-CERFACS-CNRM-CM5","RegCM4-6",2000,"E Midlands",1,0.700934579439252,5.78666666666667,32.1841196741377,"CNRM-CERFACS-CNRM-CM5_RegCM4-6","CNRM-CERFACS-CNRM-CM5.08"
"729","CNRM-CERFACS-CNRM-CM5","RegCM4-6",2001,"E Midlands",1,0,0,0,"CNRM-CERFACS-CNRM-CM5_RegCM4-6","CNRM-CERFACS-CNRM-CM5.08"
"730","CNRM-CERFACS-CNRM-CM5","RegCM4-6",2002,"E Midlands",1,0,0,0,"CNRM-CERFACS-CNRM-CM5_RegCM4-6","CNRM-CERFACS-CNRM-CM5.08"
"731","CNRM-CERFACS-CNRM-CM5","RegCM4-6",2003,"E Midlands",1,0,0,0,"CNRM-CERFACS-CNRM-CM5_RegCM4-6","CNRM-CERFACS-CNRM-CM5.08"
"732","CNRM-CERFACS-CNRM-CM5","RegCM4-6",2004,"E Midlands",1,0,0,0,"CNRM-CERFACS-CNRM-CM5_RegCM4-6","CNRM-CERFACS-CNRM-CM5.08"
"733","CNRM-CERFACS-CNRM-CM5","RegCM4-6",2005,"E Midlands",1,0,0,0,"CNRM-CERFACS-CNRM-CM5_RegCM4-6","CNRM-CERFACS-CNRM-CM5.08"
"734","CNRM-CERFACS-CNRM-CM5","RegCM4-6",2006,"E Midlands",1,0,0,0,"CNRM-CERFACS-CNRM-CM5_RegCM4-6","CNRM-CERFACS-CNRM-CM5.08"
"735","CNRM-CERFACS-CNRM-CM5","RegCM4-6",2007,"E Midlands",1,0,0,0,"CNRM-CERFACS-CNRM-CM5_RegCM4-6","CNRM-CERFACS-CNRM-CM5.08"
"736","CNRM-CERFACS-CNRM-CM5","RegCM4-6",2008,"E Midlands",1,0,0,0,"CNRM-CERFACS-CNRM-CM5_RegCM4-6","CNRM-CERFACS-CNRM-CM5.08"
"737","CNRM-CERFACS-CNRM-CM5","RegCM4-6",2009,"E Midlands",1,0.102803738317757,3,31.2860871806289,"CNRM-CERFACS-CNRM-CM5_RegCM4-6","CNRM-CERFACS-CNRM-CM5.08"
"738","CNRM-CERFACS-CNRM-CM5","RegCM4-6",2010,"E Midlands",1,0,0,0,"CNRM-CERFACS-CNRM-CM5_RegCM4-6","CNRM-CERFACS-CNRM-CM5.08"
"739","CNRM-CERFACS-CNRM-CM5","RegCM4-6",2011,"E Midlands",1,0,0,0,"CNRM-CERFACS-CNRM-CM5_RegCM4-6","CNRM-CERFACS-CNRM-CM5.08"
"740","CNRM-CERFACS-CNRM-CM5","RegCM4-6",2012,"E Midlands",1,0,0,0,"CNRM-CERFACS-CNRM-CM5_RegCM4-6","CNRM-CERFACS-CNRM-CM5.08"
"741","CNRM-CERFACS-CNRM-CM5","RegCM4-6",2013,"E Midlands",1,1.18691588785047,3.59842519685039,32.2900362333913,"CNRM-CERFACS-CNRM-CM5_RegCM4-6","CNRM-CERFACS-CNRM-CM5.08"
"742","CNRM-CERFACS-CNRM-CM5","RegCM4-6",2014,"E Midlands",1,0.261682242990654,3.53571428571429,31.3036759240287,"CNRM-CERFACS-CNRM-CM5_RegCM4-6","CNRM-CERFACS-CNRM-CM5.08"
"743","CNRM-CERFACS-CNRM-CM5","RegCM4-6",2015,"E Midlands",1,0,0,0,"CNRM-CERFACS-CNRM-CM5_RegCM4-6","CNRM-CERFACS-CNRM-CM5.08"
"744","CNRM-CERFACS-CNRM-CM5","RegCM4-6",2016,"E Midlands",1,0.0934579439252336,3.4,32.5378879865011,"CNRM-CERFACS-CNRM-CM5_RegCM4-6","CNRM-CERFACS-CNRM-CM5.08"
"745","CNRM-CERFACS-CNRM-CM5","RegCM4-6",2017,"E Midlands",1,0,0,0,"CNRM-CERFACS-CNRM-CM5_RegCM4-6","CNRM-CERFACS-CNRM-CM5.08"
"746","CNRM-CERFACS-CNRM-CM5","RegCM4-6",2018,"E Midlands",1,0,0,0,"CNRM-CERFACS-CNRM-CM5_RegCM4-6","CNRM-CERFACS-CNRM-CM5.08"
"747","CNRM-CERFACS-CNRM-CM5","RegCM4-6",2019,"E Midlands",1,0,0,0,"CNRM-CERFACS-CNRM-CM5_RegCM4-6","CNRM-CERFACS-CNRM-CM5.08"
"748","CNRM-CERFACS-CNRM-CM5","RegCM4-6",2020,"E Midlands",1,0,0,0,"CNRM-CERFACS-CNRM-CM5_RegCM4-6","CNRM-CERFACS-CNRM-CM5.08"
"749","CNRM-CERFACS-CNRM-CM5","RegCM4-6",2021,"E Midlands",1,0,0,0,"CNRM-CERFACS-CNRM-CM5_RegCM4-6","CNRM-CERFACS-CNRM-CM5.08"
"750","CNRM-CERFACS-CNRM-CM5","RegCM4-6",2022,"E Midlands",1,0,0,0,"CNRM-CERFACS-CNRM-CM5_RegCM4-6","CNRM-CERFACS-CNRM-CM5.08"
"751","CNRM-CERFACS-CNRM-CM5","RegCM4-6",2023,"E Midlands",1,0,0,0,"CNRM-CERFACS-CNRM-CM5_RegCM4-6","CNRM-CERFACS-CNRM-CM5.08"
"752","CNRM-CERFACS-CNRM-CM5","RegCM4-6",2024,"E Midlands",1,0,0,0,"CNRM-CERFACS-CNRM-CM5_RegCM4-6","CNRM-CERFACS-CNRM-CM5.08"
"753","CNRM-CERFACS-CNRM-CM5","RegCM4-6",2025,"E Midlands",1,0.420560747663551,3,31.7435960769653,"CNRM-CERFACS-CNRM-CM5_RegCM4-6","CNRM-CERFACS-CNRM-CM5.08"
"754","CNRM-CERFACS-CNRM-CM5","RegCM4-6",2026,"E Midlands",1,0,0,0,"CNRM-CERFACS-CNRM-CM5_RegCM4-6","CNRM-CERFACS-CNRM-CM5.08"
"755","CNRM-CERFACS-CNRM-CM5","RegCM4-6",2027,"E Midlands",1,0,0,0,"CNRM-CERFACS-CNRM-CM5_RegCM4-6","CNRM-CERFACS-CNRM-CM5.08"
"756","CNRM-CERFACS-CNRM-CM5","RegCM4-6",2028,"E Midlands",1,0,0,0,"CNRM-CERFACS-CNRM-CM5_RegCM4-6","CNRM-CERFACS-CNRM-CM5.08"
"757","CNRM-CERFACS-CNRM-CM5","RegCM4-6",2029,"E Midlands",1,0,0,0,"CNRM-CERFACS-CNRM-CM5_RegCM4-6","CNRM-CERFACS-CNRM-CM5.08"
"758","CNRM-CERFACS-CNRM-CM5","RegCM4-6",2030,"E Midlands",1,0.0467289719626168,3,32.713442548116,"CNRM-CERFACS-CNRM-CM5_RegCM4-6","CNRM-CERFACS-CNRM-CM5.08"
"759","CNRM-CERFACS-CNRM-CM5","RegCM4-6",2031,"E Midlands",1,0,0,0,"CNRM-CERFACS-CNRM-CM5_RegCM4-6","CNRM-CERFACS-CNRM-CM5.08"
"760","CNRM-CERFACS-CNRM-CM5","RegCM4-6",2032,"E Midlands",1,0.102803738317757,3,31.0606639457471,"CNRM-CERFACS-CNRM-CM5_RegCM4-6","CNRM-CERFACS-CNRM-CM5.08"
"761","CNRM-CERFACS-CNRM-CM5","RegCM4-6",2033,"E Midlands",1,0.495327102803738,3.79245283018868,32.1388038914159,"CNRM-CERFACS-CNRM-CM5_RegCM4-6","CNRM-CERFACS-CNRM-CM5.08"
"762","CNRM-CERFACS-CNRM-CM5","RegCM4-6",2034,"E Midlands",1,0,0,0,"CNRM-CERFACS-CNRM-CM5_RegCM4-6","CNRM-CERFACS-CNRM-CM5.08"
"763","CNRM-CERFACS-CNRM-CM5","RegCM4-6",2035,"E Midlands",1,0,0,0,"CNRM-CERFACS-CNRM-CM5_RegCM4-6","CNRM-CERFACS-CNRM-CM5.08"
"764","CNRM-CERFACS-CNRM-CM5","RegCM4-6",2036,"E Midlands",1,0.411214953271028,3.02272727272727,31.8105486938448,"CNRM-CERFACS-CNRM-CM5_RegCM4-6","CNRM-CERFACS-CNRM-CM5.08"
"765","CNRM-CERFACS-CNRM-CM5","RegCM4-6",2037,"E Midlands",1,0.579439252336449,3.08064516129032,35.0800490802334,"CNRM-CERFACS-CNRM-CM5_RegCM4-6","CNRM-CERFACS-CNRM-CM5.08"
"766","CNRM-CERFACS-CNRM-CM5","RegCM4-6",2038,"E Midlands",1,0.0373831775700935,3,31.5914967854818,"CNRM-CERFACS-CNRM-CM5_RegCM4-6","CNRM-CERFACS-CNRM-CM5.08"
"767","CNRM-CERFACS-CNRM-CM5","RegCM4-6",2039,"E Midlands",1,0,0,0,"CNRM-CERFACS-CNRM-CM5_RegCM4-6","CNRM-CERFACS-CNRM-CM5.08"
"768","CNRM-CERFACS-CNRM-CM5","RegCM4-6",2040,"E Midlands",1,0.626168224299065,3.71641791044776,32.230049099851,"CNRM-CERFACS-CNRM-CM5_RegCM4-6","CNRM-CERFACS-CNRM-CM5.08"
"769","CNRM-CERFACS-CNRM-CM5","RegCM4-6",2041,"E Midlands",1,0,0,0,"CNRM-CERFACS-CNRM-CM5_RegCM4-6","CNRM-CERFACS-CNRM-CM5.08"
"770","CNRM-CERFACS-CNRM-CM5","RegCM4-6",2042,"E Midlands",1,0.663551401869159,3,33.7243240831044,"CNRM-CERFACS-CNRM-CM5_RegCM4-6","CNRM-CERFACS-CNRM-CM5.08"
"771","CNRM-CERFACS-CNRM-CM5","RegCM4-6",2043,"E Midlands",1,0,0,0,"CNRM-CERFACS-CNRM-CM5_RegCM4-6","CNRM-CERFACS-CNRM-CM5.08"
"772","CNRM-CERFACS-CNRM-CM5","RegCM4-6",2044,"E Midlands",1,0,0,0,"CNRM-CERFACS-CNRM-CM5_RegCM4-6","CNRM-CERFACS-CNRM-CM5.08"
"773","CNRM-CERFACS-CNRM-CM5","RegCM4-6",2045,"E Midlands",1,0,0,0,"CNRM-CERFACS-CNRM-CM5_RegCM4-6","CNRM-CERFACS-CNRM-CM5.08"
"774","CNRM-CERFACS-CNRM-CM5","RegCM4-6",2046,"E Midlands",1,0,0,0,"CNRM-CERFACS-CNRM-CM5_RegCM4-6","CNRM-CERFACS-CNRM-CM5.08"
"775","CNRM-CERFACS-CNRM-CM5","RegCM4-6",2047,"E Midlands",1,0,0,0,"CNRM-CERFACS-CNRM-CM5_RegCM4-6","CNRM-CERFACS-CNRM-CM5.08"
"776","CNRM-CERFACS-CNRM-CM5","RegCM4-6",2048,"E Midlands",1,0,0,0,"CNRM-CERFACS-CNRM-CM5_RegCM4-6","CNRM-CERFACS-CNRM-CM5.08"
"777","CNRM-CERFACS-CNRM-CM5","RegCM4-6",2049,"E Midlands",1,0.626168224299065,3.1044776119403,33.6075100459863,"CNRM-CERFACS-CNRM-CM5_RegCM4-6","CNRM-CERFACS-CNRM-CM5.08"
"778","CNRM-CERFACS-CNRM-CM5","RegCM4-6",2050,"E Midlands",1,0,0,0,"CNRM-CERFACS-CNRM-CM5_RegCM4-6","CNRM-CERFACS-CNRM-CM5.08"
"779","CNRM-CERFACS-CNRM-CM5","RegCM4-6",2051,"E Midlands",1,0,0,0,"CNRM-CERFACS-CNRM-CM5_RegCM4-6","CNRM-CERFACS-CNRM-CM5.08"
"780","CNRM-CERFACS-CNRM-CM5","RegCM4-6",2052,"E Midlands",1,0,0,0,"CNRM-CERFACS-CNRM-CM5_RegCM4-6","CNRM-CERFACS-CNRM-CM5.08"
"781","CNRM-CERFACS-CNRM-CM5","RegCM4-6",2053,"E Midlands",1,0.214953271028037,3,31.7683370009713,"CNRM-CERFACS-CNRM-CM5_RegCM4-6","CNRM-CERFACS-CNRM-CM5.08"
"782","CNRM-CERFACS-CNRM-CM5","RegCM4-6",2054,"E Midlands",1,0.682242990654206,4.89041095890411,32.4606667599177,"CNRM-CERFACS-CNRM-CM5_RegCM4-6","CNRM-CERFACS-CNRM-CM5.08"
"783","CNRM-CERFACS-CNRM-CM5","RegCM4-6",2055,"E Midlands",1,0,0,0,"CNRM-CERFACS-CNRM-CM5_RegCM4-6","CNRM-CERFACS-CNRM-CM5.08"
"784","CNRM-CERFACS-CNRM-CM5","RegCM4-6",2056,"E Midlands",1,0.85981308411215,3.08695652173913,31.8785879741544,"CNRM-CERFACS-CNRM-CM5_RegCM4-6","CNRM-CERFACS-CNRM-CM5.08"
"785","CNRM-CERFACS-CNRM-CM5","RegCM4-6",2057,"E Midlands",1,0.457943925233645,3,31.0686038919047,"CNRM-CERFACS-CNRM-CM5_RegCM4-6","CNRM-CERFACS-CNRM-CM5.08"
"786","CNRM-CERFACS-CNRM-CM5","RegCM4-6",2058,"E Midlands",1,0.0560747663551402,3,31.3101392322116,"CNRM-CERFACS-CNRM-CM5_RegCM4-6","CNRM-CERFACS-CNRM-CM5.08"
"787","CNRM-CERFACS-CNRM-CM5","RegCM4-6",2059,"E Midlands",1,0,0,0,"CNRM-CERFACS-CNRM-CM5_RegCM4-6","CNRM-CERFACS-CNRM-CM5.08"
"788","CNRM-CERFACS-CNRM-CM5","RegCM4-6",2060,"E Midlands",1,0.457943925233645,3.91836734693878,34.0395799195222,"CNRM-CERFACS-CNRM-CM5_RegCM4-6","CNRM-CERFACS-CNRM-CM5.08"
"789","CNRM-CERFACS-CNRM-CM5","RegCM4-6",2061,"E Midlands",1,0,0,0,"CNRM-CERFACS-CNRM-CM5_RegCM4-6","CNRM-CERFACS-CNRM-CM5.08"
"790","CNRM-CERFACS-CNRM-CM5","RegCM4-6",2062,"E Midlands",1,0.523364485981308,3.51785714285714,33.2123596710413,"CNRM-CERFACS-CNRM-CM5_RegCM4-6","CNRM-CERFACS-CNRM-CM5.08"
"791","CNRM-CERFACS-CNRM-CM5","RegCM4-6",2063,"E Midlands",1,1.05607476635514,3.95575221238938,35.7145145659802,"CNRM-CERFACS-CNRM-CM5_RegCM4-6","CNRM-CERFACS-CNRM-CM5.08"
"792","CNRM-CERFACS-CNRM-CM5","RegCM4-6",2064,"E Midlands",1,0,0,0,"CNRM-CERFACS-CNRM-CM5_RegCM4-6","CNRM-CERFACS-CNRM-CM5.08"
"793","CNRM-CERFACS-CNRM-CM5","RegCM4-6",2065,"E Midlands",1,0.91588785046729,6.11224489795918,32.6282499363324,"CNRM-CERFACS-CNRM-CM5_RegCM4-6","CNRM-CERFACS-CNRM-CM5.08"
"794","CNRM-CERFACS-CNRM-CM5","RegCM4-6",2066,"E Midlands",1,0,0,0,"CNRM-CERFACS-CNRM-CM5_RegCM4-6","CNRM-CERFACS-CNRM-CM5.08"
"795","CNRM-CERFACS-CNRM-CM5","RegCM4-6",2067,"E Midlands",1,0,0,0,"CNRM-CERFACS-CNRM-CM5_RegCM4-6","CNRM-CERFACS-CNRM-CM5.08"
"796","CNRM-CERFACS-CNRM-CM5","RegCM4-6",2068,"E Midlands",1,1.48598130841122,4.07547169811321,33.6791081190181,"CNRM-CERFACS-CNRM-CM5_RegCM4-6","CNRM-CERFACS-CNRM-CM5.08"
"797","CNRM-CERFACS-CNRM-CM5","RegCM4-6",2069,"E Midlands",1,0.373831775700935,3,33.2582564512889,"CNRM-CERFACS-CNRM-CM5_RegCM4-6","CNRM-CERFACS-CNRM-CM5.08"
"798","CNRM-CERFACS-CNRM-CM5","RegCM4-6",2070,"E Midlands",1,0,0,0,"CNRM-CERFACS-CNRM-CM5_RegCM4-6","CNRM-CERFACS-CNRM-CM5.08"
"799","CNRM-CERFACS-CNRM-CM5","RegCM4-6",2071,"E Midlands",1,0.00934579439252336,3,30.7900848388672,"CNRM-CERFACS-CNRM-CM5_RegCM4-6","CNRM-CERFACS-CNRM-CM5.08"
"800","CNRM-CERFACS-CNRM-CM5","RegCM4-6",2072,"E Midlands",1,0.803738317757009,3.08139534883721,32.3380281647971,"CNRM-CERFACS-CNRM-CM5_RegCM4-6","CNRM-CERFACS-CNRM-CM5.08"
"801","CNRM-CERFACS-CNRM-CM5","RegCM4-6",2073,"E Midlands",1,0.803738317757009,3.5,32.139804069386,"CNRM-CERFACS-CNRM-CM5_RegCM4-6","CNRM-CERFACS-CNRM-CM5.08"
"802","CNRM-CERFACS-CNRM-CM5","RegCM4-6",2074,"E Midlands",1,0.0747663551401869,3,31.5871309439341,"CNRM-CERFACS-CNRM-CM5_RegCM4-6","CNRM-CERFACS-CNRM-CM5.08"
"803","CNRM-CERFACS-CNRM-CM5","RegCM4-6",2075,"E Midlands",1,0.0654205607476635,3,31.2246031534104,"CNRM-CERFACS-CNRM-CM5_RegCM4-6","CNRM-CERFACS-CNRM-CM5.08"
"804","CNRM-CERFACS-CNRM-CM5","RegCM4-6",2076,"E Midlands",1,0.14018691588785,3.73333333333333,31.2469778749678,"CNRM-CERFACS-CNRM-CM5_RegCM4-6","CNRM-CERFACS-CNRM-CM5.08"
"805","CNRM-CERFACS-CNRM-CM5","RegCM4-6",2077,"E Midlands",1,0.691588785046729,3.02702702702703,32.4017041030231,"CNRM-CERFACS-CNRM-CM5_RegCM4-6","CNRM-CERFACS-CNRM-CM5.08"
"806","CNRM-CERFACS-CNRM-CM5","RegCM4-6",2078,"E Midlands",1,0,0,0,"CNRM-CERFACS-CNRM-CM5_RegCM4-6","CNRM-CERFACS-CNRM-CM5.08"
"807","CNRM-CERFACS-CNRM-CM5","RegCM4-6",2079,"E Midlands",1,0,0,0,"CNRM-CERFACS-CNRM-CM5_RegCM4-6","CNRM-CERFACS-CNRM-CM5.08"
"808","CNRM-CERFACS-CNRM-CM5","RegCM4-6",2080,"E Midlands",1,0,0,0,"CNRM-CERFACS-CNRM-CM5_RegCM4-6","CNRM-CERFACS-CNRM-CM5.08"
"809","CNRM-CERFACS-CNRM-CM5","REMO2015",1980,"E Midlands",1,0,0,0,"CNRM-CERFACS-CNRM-CM5_REMO2015","CNRM-CERFACS-CNRM-CM5.09"
"810","CNRM-CERFACS-CNRM-CM5","REMO2015",1981,"E Midlands",1,0,0,0,"CNRM-CERFACS-CNRM-CM5_REMO2015","CNRM-CERFACS-CNRM-CM5.09"
"811","CNRM-CERFACS-CNRM-CM5","REMO2015",1982,"E Midlands",1,0,0,0,"CNRM-CERFACS-CNRM-CM5_REMO2015","CNRM-CERFACS-CNRM-CM5.09"
"812","CNRM-CERFACS-CNRM-CM5","REMO2015",1983,"E Midlands",1,0,0,0,"CNRM-CERFACS-CNRM-CM5_REMO2015","CNRM-CERFACS-CNRM-CM5.09"
"813","CNRM-CERFACS-CNRM-CM5","REMO2015",1984,"E Midlands",1,0,0,0,"CNRM-CERFACS-CNRM-CM5_REMO2015","CNRM-CERFACS-CNRM-CM5.09"
"814","CNRM-CERFACS-CNRM-CM5","REMO2015",1985,"E Midlands",1,0,0,0,"CNRM-CERFACS-CNRM-CM5_REMO2015","CNRM-CERFACS-CNRM-CM5.09"
"815","CNRM-CERFACS-CNRM-CM5","REMO2015",1986,"E Midlands",1,0,0,0,"CNRM-CERFACS-CNRM-CM5_REMO2015","CNRM-CERFACS-CNRM-CM5.09"
"816","CNRM-CERFACS-CNRM-CM5","REMO2015",1987,"E Midlands",1,0,0,0,"CNRM-CERFACS-CNRM-CM5_REMO2015","CNRM-CERFACS-CNRM-CM5.09"
"817","CNRM-CERFACS-CNRM-CM5","REMO2015",1988,"E Midlands",1,0,0,0,"CNRM-CERFACS-CNRM-CM5_REMO2015","CNRM-CERFACS-CNRM-CM5.09"
"818","CNRM-CERFACS-CNRM-CM5","REMO2015",1989,"E Midlands",1,0,0,0,"CNRM-CERFACS-CNRM-CM5_REMO2015","CNRM-CERFACS-CNRM-CM5.09"
"819","CNRM-CERFACS-CNRM-CM5","REMO2015",1990,"E Midlands",1,0,0,0,"CNRM-CERFACS-CNRM-CM5_REMO2015","CNRM-CERFACS-CNRM-CM5.09"
"820","CNRM-CERFACS-CNRM-CM5","REMO2015",1991,"E Midlands",1,0,0,0,"CNRM-CERFACS-CNRM-CM5_REMO2015","CNRM-CERFACS-CNRM-CM5.09"
"821","CNRM-CERFACS-CNRM-CM5","REMO2015",1992,"E Midlands",1,0.00934579439252336,3,30.5980087916056,"CNRM-CERFACS-CNRM-CM5_REMO2015","CNRM-CERFACS-CNRM-CM5.09"
"822","CNRM-CERFACS-CNRM-CM5","REMO2015",1993,"E Midlands",1,0,0,0,"CNRM-CERFACS-CNRM-CM5_REMO2015","CNRM-CERFACS-CNRM-CM5.09"
"823","CNRM-CERFACS-CNRM-CM5","REMO2015",1994,"E Midlands",1,0,0,0,"CNRM-CERFACS-CNRM-CM5_REMO2015","CNRM-CERFACS-CNRM-CM5.09"
"824","CNRM-CERFACS-CNRM-CM5","REMO2015",1995,"E Midlands",1,0,0,0,"CNRM-CERFACS-CNRM-CM5_REMO2015","CNRM-CERFACS-CNRM-CM5.09"
"825","CNRM-CERFACS-CNRM-CM5","REMO2015",1996,"E Midlands",1,0,0,0,"CNRM-CERFACS-CNRM-CM5_REMO2015","CNRM-CERFACS-CNRM-CM5.09"
"826","CNRM-CERFACS-CNRM-CM5","REMO2015",1997,"E Midlands",1,0,0,0,"CNRM-CERFACS-CNRM-CM5_REMO2015","CNRM-CERFACS-CNRM-CM5.09"
"827","CNRM-CERFACS-CNRM-CM5","REMO2015",1998,"E Midlands",1,0.401869158878505,3,30.9448138983675,"CNRM-CERFACS-CNRM-CM5_REMO2015","CNRM-CERFACS-CNRM-CM5.09"
"828","CNRM-CERFACS-CNRM-CM5","REMO2015",1999,"E Midlands",1,0,0,0,"CNRM-CERFACS-CNRM-CM5_REMO2015","CNRM-CERFACS-CNRM-CM5.09"
"829","CNRM-CERFACS-CNRM-CM5","REMO2015",2000,"E Midlands",1,0.355140186915888,3,30.8784921127453,"CNRM-CERFACS-CNRM-CM5_REMO2015","CNRM-CERFACS-CNRM-CM5.09"
"830","CNRM-CERFACS-CNRM-CM5","REMO2015",2001,"E Midlands",1,0,0,0,"CNRM-CERFACS-CNRM-CM5_REMO2015","CNRM-CERFACS-CNRM-CM5.09"
"831","CNRM-CERFACS-CNRM-CM5","REMO2015",2002,"E Midlands",1,0,0,0,"CNRM-CERFACS-CNRM-CM5_REMO2015","CNRM-CERFACS-CNRM-CM5.09"
"832","CNRM-CERFACS-CNRM-CM5","REMO2015",2003,"E Midlands",1,0,0,0,"CNRM-CERFACS-CNRM-CM5_REMO2015","CNRM-CERFACS-CNRM-CM5.09"
"833","CNRM-CERFACS-CNRM-CM5","REMO2015",2004,"E Midlands",1,0,0,0,"CNRM-CERFACS-CNRM-CM5_REMO2015","CNRM-CERFACS-CNRM-CM5.09"
"834","CNRM-CERFACS-CNRM-CM5","REMO2015",2005,"E Midlands",1,0,0,0,"CNRM-CERFACS-CNRM-CM5_REMO2015","CNRM-CERFACS-CNRM-CM5.09"
"835","CNRM-CERFACS-CNRM-CM5","REMO2015",2006,"E Midlands",1,0,0,0,"CNRM-CERFACS-CNRM-CM5_REMO2015","CNRM-CERFACS-CNRM-CM5.09"
"836","CNRM-CERFACS-CNRM-CM5","REMO2015",2007,"E Midlands",1,0,0,0,"CNRM-CERFACS-CNRM-CM5_REMO2015","CNRM-CERFACS-CNRM-CM5.09"
"837","CNRM-CERFACS-CNRM-CM5","REMO2015",2008,"E Midlands",1,0,0,0,"CNRM-CERFACS-CNRM-CM5_REMO2015","CNRM-CERFACS-CNRM-CM5.09"
"838","CNRM-CERFACS-CNRM-CM5","REMO2015",2009,"E Midlands",1,0,0,0,"CNRM-CERFACS-CNRM-CM5_REMO2015","CNRM-CERFACS-CNRM-CM5.09"
"839","CNRM-CERFACS-CNRM-CM5","REMO2015",2010,"E Midlands",1,0,0,0,"CNRM-CERFACS-CNRM-CM5_REMO2015","CNRM-CERFACS-CNRM-CM5.09"
"840","CNRM-CERFACS-CNRM-CM5","REMO2015",2011,"E Midlands",1,0,0,0,"CNRM-CERFACS-CNRM-CM5_REMO2015","CNRM-CERFACS-CNRM-CM5.09"
"841","CNRM-CERFACS-CNRM-CM5","REMO2015",2012,"E Midlands",1,0,0,0,"CNRM-CERFACS-CNRM-CM5_REMO2015","CNRM-CERFACS-CNRM-CM5.09"
"842","CNRM-CERFACS-CNRM-CM5","REMO2015",2013,"E Midlands",1,0,0,0,"CNRM-CERFACS-CNRM-CM5_REMO2015","CNRM-CERFACS-CNRM-CM5.09"
"843","CNRM-CERFACS-CNRM-CM5","REMO2015",2014,"E Midlands",1,0,0,0,"CNRM-CERFACS-CNRM-CM5_REMO2015","CNRM-CERFACS-CNRM-CM5.09"
"844","CNRM-CERFACS-CNRM-CM5","REMO2015",2015,"E Midlands",1,0,0,0,"CNRM-CERFACS-CNRM-CM5_REMO2015","CNRM-CERFACS-CNRM-CM5.09"
"845","CNRM-CERFACS-CNRM-CM5","REMO2015",2016,"E Midlands",1,0,0,0,"CNRM-CERFACS-CNRM-CM5_REMO2015","CNRM-CERFACS-CNRM-CM5.09"
"846","CNRM-CERFACS-CNRM-CM5","REMO2015",2017,"E Midlands",1,0,0,0,"CNRM-CERFACS-CNRM-CM5_REMO2015","CNRM-CERFACS-CNRM-CM5.09"
"847","CNRM-CERFACS-CNRM-CM5","REMO2015",2018,"E Midlands",1,0,0,0,"CNRM-CERFACS-CNRM-CM5_REMO2015","CNRM-CERFACS-CNRM-CM5.09"
"848","CNRM-CERFACS-CNRM-CM5","REMO2015",2019,"E Midlands",1,0,0,0,"CNRM-CERFACS-CNRM-CM5_REMO2015","CNRM-CERFACS-CNRM-CM5.09"
"849","CNRM-CERFACS-CNRM-CM5","REMO2015",2020,"E Midlands",1,0,0,0,"CNRM-CERFACS-CNRM-CM5_REMO2015","CNRM-CERFACS-CNRM-CM5.09"
"850","CNRM-CERFACS-CNRM-CM5","REMO2015",2021,"E Midlands",1,0,0,0,"CNRM-CERFACS-CNRM-CM5_REMO2015","CNRM-CERFACS-CNRM-CM5.09"
"851","CNRM-CERFACS-CNRM-CM5","REMO2015",2022,"E Midlands",1,0,0,0,"CNRM-CERFACS-CNRM-CM5_REMO2015","CNRM-CERFACS-CNRM-CM5.09"
"852","CNRM-CERFACS-CNRM-CM5","REMO2015",2023,"E Midlands",1,0,0,0,"CNRM-CERFACS-CNRM-CM5_REMO2015","CNRM-CERFACS-CNRM-CM5.09"
"853","CNRM-CERFACS-CNRM-CM5","REMO2015",2024,"E Midlands",1,0,0,0,"CNRM-CERFACS-CNRM-CM5_REMO2015","CNRM-CERFACS-CNRM-CM5.09"
"854","CNRM-CERFACS-CNRM-CM5","REMO2015",2025,"E Midlands",1,0.0560747663551402,3,30.747987376319,"CNRM-CERFACS-CNRM-CM5_REMO2015","CNRM-CERFACS-CNRM-CM5.09"
"855","CNRM-CERFACS-CNRM-CM5","REMO2015",2026,"E Midlands",1,0,0,0,"CNRM-CERFACS-CNRM-CM5_REMO2015","CNRM-CERFACS-CNRM-CM5.09"
"856","CNRM-CERFACS-CNRM-CM5","REMO2015",2027,"E Midlands",1,0,0,0,"CNRM-CERFACS-CNRM-CM5_REMO2015","CNRM-CERFACS-CNRM-CM5.09"
"857","CNRM-CERFACS-CNRM-CM5","REMO2015",2028,"E Midlands",1,0,0,0,"CNRM-CERFACS-CNRM-CM5_REMO2015","CNRM-CERFACS-CNRM-CM5.09"
"858","CNRM-CERFACS-CNRM-CM5","REMO2015",2029,"E Midlands",1,0,0,0,"CNRM-CERFACS-CNRM-CM5_REMO2015","CNRM-CERFACS-CNRM-CM5.09"
"859","CNRM-CERFACS-CNRM-CM5","REMO2015",2030,"E Midlands",1,0,0,0,"CNRM-CERFACS-CNRM-CM5_REMO2015","CNRM-CERFACS-CNRM-CM5.09"
"860","CNRM-CERFACS-CNRM-CM5","REMO2015",2031,"E Midlands",1,0,0,0,"CNRM-CERFACS-CNRM-CM5_REMO2015","CNRM-CERFACS-CNRM-CM5.09"
"861","CNRM-CERFACS-CNRM-CM5","REMO2015",2032,"E Midlands",1,0,0,0,"CNRM-CERFACS-CNRM-CM5_REMO2015","CNRM-CERFACS-CNRM-CM5.09"
"862","CNRM-CERFACS-CNRM-CM5","REMO2015",2033,"E Midlands",1,0,0,0,"CNRM-CERFACS-CNRM-CM5_REMO2015","CNRM-CERFACS-CNRM-CM5.09"
"863","CNRM-CERFACS-CNRM-CM5","REMO2015",2034,"E Midlands",1,0,0,0,"CNRM-CERFACS-CNRM-CM5_REMO2015","CNRM-CERFACS-CNRM-CM5.09"
"864","CNRM-CERFACS-CNRM-CM5","REMO2015",2035,"E Midlands",1,0,0,0,"CNRM-CERFACS-CNRM-CM5_REMO2015","CNRM-CERFACS-CNRM-CM5.09"
"865","CNRM-CERFACS-CNRM-CM5","REMO2015",2036,"E Midlands",1,0.0186915887850467,3,31.0521489779154,"CNRM-CERFACS-CNRM-CM5_REMO2015","CNRM-CERFACS-CNRM-CM5.09"
"866","CNRM-CERFACS-CNRM-CM5","REMO2015",2037,"E Midlands",1,0.0186915887850467,3.5,31.2667750517527,"CNRM-CERFACS-CNRM-CM5_REMO2015","CNRM-CERFACS-CNRM-CM5.09"
"867","CNRM-CERFACS-CNRM-CM5","REMO2015",2038,"E Midlands",1,0.102803738317757,3.45454545454545,30.6446310462374,"CNRM-CERFACS-CNRM-CM5_REMO2015","CNRM-CERFACS-CNRM-CM5.09"
"868","CNRM-CERFACS-CNRM-CM5","REMO2015",2039,"E Midlands",1,0,0,0,"CNRM-CERFACS-CNRM-CM5_REMO2015","CNRM-CERFACS-CNRM-CM5.09"
"869","CNRM-CERFACS-CNRM-CM5","REMO2015",2040,"E Midlands",1,0,0,0,"CNRM-CERFACS-CNRM-CM5_REMO2015","CNRM-CERFACS-CNRM-CM5.09"
"870","CNRM-CERFACS-CNRM-CM5","REMO2015",2041,"E Midlands",1,0,0,0,"CNRM-CERFACS-CNRM-CM5_REMO2015","CNRM-CERFACS-CNRM-CM5.09"
"871","CNRM-CERFACS-CNRM-CM5","REMO2015",2042,"E Midlands",1,0,0,0,"CNRM-CERFACS-CNRM-CM5_REMO2015","CNRM-CERFACS-CNRM-CM5.09"
"872","CNRM-CERFACS-CNRM-CM5","REMO2015",2043,"E Midlands",1,0,0,0,"CNRM-CERFACS-CNRM-CM5_REMO2015","CNRM-CERFACS-CNRM-CM5.09"
"873","CNRM-CERFACS-CNRM-CM5","REMO2015",2044,"E Midlands",1,0,0,0,"CNRM-CERFACS-CNRM-CM5_REMO2015","CNRM-CERFACS-CNRM-CM5.09"
"874","CNRM-CERFACS-CNRM-CM5","REMO2015",2045,"E Midlands",1,0,0,0,"CNRM-CERFACS-CNRM-CM5_REMO2015","CNRM-CERFACS-CNRM-CM5.09"
"875","CNRM-CERFACS-CNRM-CM5","REMO2015",2046,"E Midlands",1,0,0,0,"CNRM-CERFACS-CNRM-CM5_REMO2015","CNRM-CERFACS-CNRM-CM5.09"
"876","CNRM-CERFACS-CNRM-CM5","REMO2015",2047,"E Midlands",1,0,0,0,"CNRM-CERFACS-CNRM-CM5_REMO2015","CNRM-CERFACS-CNRM-CM5.09"
"877","CNRM-CERFACS-CNRM-CM5","REMO2015",2048,"E Midlands",1,0.214953271028037,3.56521739130435,31.6197591339332,"CNRM-CERFACS-CNRM-CM5_REMO2015","CNRM-CERFACS-CNRM-CM5.09"
"878","CNRM-CERFACS-CNRM-CM5","REMO2015",2049,"E Midlands",1,0,0,0,"CNRM-CERFACS-CNRM-CM5_REMO2015","CNRM-CERFACS-CNRM-CM5.09"
"879","CNRM-CERFACS-CNRM-CM5","REMO2015",2050,"E Midlands",1,0.00934579439252336,3,30.7225971221924,"CNRM-CERFACS-CNRM-CM5_REMO2015","CNRM-CERFACS-CNRM-CM5.09"
"880","CNRM-CERFACS-CNRM-CM5","REMO2015",2051,"E Midlands",1,0,0,0,"CNRM-CERFACS-CNRM-CM5_REMO2015","CNRM-CERFACS-CNRM-CM5.09"
"881","CNRM-CERFACS-CNRM-CM5","REMO2015",2052,"E Midlands",1,0,0,0,"CNRM-CERFACS-CNRM-CM5_REMO2015","CNRM-CERFACS-CNRM-CM5.09"
"882","CNRM-CERFACS-CNRM-CM5","REMO2015",2053,"E Midlands",1,0,0,0,"CNRM-CERFACS-CNRM-CM5_REMO2015","CNRM-CERFACS-CNRM-CM5.09"
"883","CNRM-CERFACS-CNRM-CM5","REMO2015",2054,"E Midlands",1,0.813084112149533,3.42528735632184,31.3445252926414,"CNRM-CERFACS-CNRM-CM5_REMO2015","CNRM-CERFACS-CNRM-CM5.09"
"884","CNRM-CERFACS-CNRM-CM5","REMO2015",2055,"E Midlands",1,0,0,0,"CNRM-CERFACS-CNRM-CM5_REMO2015","CNRM-CERFACS-CNRM-CM5.09"
"885","CNRM-CERFACS-CNRM-CM5","REMO2015",2056,"E Midlands",1,0,0,0,"CNRM-CERFACS-CNRM-CM5_REMO2015","CNRM-CERFACS-CNRM-CM5.09"
"886","CNRM-CERFACS-CNRM-CM5","REMO2015",2057,"E Midlands",1,0,0,0,"CNRM-CERFACS-CNRM-CM5_REMO2015","CNRM-CERFACS-CNRM-CM5.09"
"887","CNRM-CERFACS-CNRM-CM5","REMO2015",2058,"E Midlands",1,0,0,0,"CNRM-CERFACS-CNRM-CM5_REMO2015","CNRM-CERFACS-CNRM-CM5.09"
"888","CNRM-CERFACS-CNRM-CM5","REMO2015",2059,"E Midlands",1,0,0,0,"CNRM-CERFACS-CNRM-CM5_REMO2015","CNRM-CERFACS-CNRM-CM5.09"
"889","CNRM-CERFACS-CNRM-CM5","REMO2015",2060,"E Midlands",1,0,0,0,"CNRM-CERFACS-CNRM-CM5_REMO2015","CNRM-CERFACS-CNRM-CM5.09"
"890","CNRM-CERFACS-CNRM-CM5","REMO2015",2061,"E Midlands",1,0,0,0,"CNRM-CERFACS-CNRM-CM5_REMO2015","CNRM-CERFACS-CNRM-CM5.09"
"891","CNRM-CERFACS-CNRM-CM5","REMO2015",2062,"E Midlands",1,0,0,0,"CNRM-CERFACS-CNRM-CM5_REMO2015","CNRM-CERFACS-CNRM-CM5.09"
"892","CNRM-CERFACS-CNRM-CM5","REMO2015",2063,"E Midlands",1,0,0,0,"CNRM-CERFACS-CNRM-CM5_REMO2015","CNRM-CERFACS-CNRM-CM5.09"
"893","CNRM-CERFACS-CNRM-CM5","REMO2015",2064,"E Midlands",1,0,0,0,"CNRM-CERFACS-CNRM-CM5_REMO2015","CNRM-CERFACS-CNRM-CM5.09"
"894","CNRM-CERFACS-CNRM-CM5","REMO2015",2065,"E Midlands",1,0,0,0,"CNRM-CERFACS-CNRM-CM5_REMO2015","CNRM-CERFACS-CNRM-CM5.09"
"895","CNRM-CERFACS-CNRM-CM5","REMO2015",2066,"E Midlands",1,0,0,0,"CNRM-CERFACS-CNRM-CM5_REMO2015","CNRM-CERFACS-CNRM-CM5.09"
"896","CNRM-CERFACS-CNRM-CM5","REMO2015",2067,"E Midlands",1,0,0,0,"CNRM-CERFACS-CNRM-CM5_REMO2015","CNRM-CERFACS-CNRM-CM5.09"
"897","CNRM-CERFACS-CNRM-CM5","REMO2015",2068,"E Midlands",1,0,0,0,"CNRM-CERFACS-CNRM-CM5_REMO2015","CNRM-CERFACS-CNRM-CM5.09"
"898","CNRM-CERFACS-CNRM-CM5","REMO2015",2069,"E Midlands",1,0.738317757009346,3.84810126582278,30.8959703546033,"CNRM-CERFACS-CNRM-CM5_REMO2015","CNRM-CERFACS-CNRM-CM5.09"
"899","CNRM-CERFACS-CNRM-CM5","REMO2015",2070,"E Midlands",1,0,0,0,"CNRM-CERFACS-CNRM-CM5_REMO2015","CNRM-CERFACS-CNRM-CM5.09"
"900","CNRM-CERFACS-CNRM-CM5","REMO2015",2071,"E Midlands",1,0,0,0,"CNRM-CERFACS-CNRM-CM5_REMO2015","CNRM-CERFACS-CNRM-CM5.09"
"901","CNRM-CERFACS-CNRM-CM5","REMO2015",2072,"E Midlands",1,0.00934579439252336,4,30.844744682312,"CNRM-CERFACS-CNRM-CM5_REMO2015","CNRM-CERFACS-CNRM-CM5.09"
"902","CNRM-CERFACS-CNRM-CM5","REMO2015",2073,"E Midlands",1,0,0,0,"CNRM-CERFACS-CNRM-CM5_REMO2015","CNRM-CERFACS-CNRM-CM5.09"
"903","CNRM-CERFACS-CNRM-CM5","REMO2015",2074,"E Midlands",1,0,0,0,"CNRM-CERFACS-CNRM-CM5_REMO2015","CNRM-CERFACS-CNRM-CM5.09"
"904","CNRM-CERFACS-CNRM-CM5","REMO2015",2075,"E Midlands",1,0,0,0,"CNRM-CERFACS-CNRM-CM5_REMO2015","CNRM-CERFACS-CNRM-CM5.09"
"905","CNRM-CERFACS-CNRM-CM5","REMO2015",2076,"E Midlands",1,0,0,0,"CNRM-CERFACS-CNRM-CM5_REMO2015","CNRM-CERFACS-CNRM-CM5.09"
"906","CNRM-CERFACS-CNRM-CM5","REMO2015",2077,"E Midlands",1,0,0,0,"CNRM-CERFACS-CNRM-CM5_REMO2015","CNRM-CERFACS-CNRM-CM5.09"
"907","CNRM-CERFACS-CNRM-CM5","REMO2015",2078,"E Midlands",1,0,0,0,"CNRM-CERFACS-CNRM-CM5_REMO2015","CNRM-CERFACS-CNRM-CM5.09"
"908","CNRM-CERFACS-CNRM-CM5","REMO2015",2079,"E Midlands",1,0,0,0,"CNRM-CERFACS-CNRM-CM5_REMO2015","CNRM-CERFACS-CNRM-CM5.09"
"909","CNRM-CERFACS-CNRM-CM5","REMO2015",2080,"E Midlands",1,0,0,0,"CNRM-CERFACS-CNRM-CM5_REMO2015","CNRM-CERFACS-CNRM-CM5.09"
"910","CNRM-CERFACS-CNRM-CM5","WRF381P",1980,"E Midlands",1,0,0,0,"CNRM-CERFACS-CNRM-CM5_WRF381P","CNRM-CERFACS-CNRM-CM5.10"
"911","CNRM-CERFACS-CNRM-CM5","WRF381P",1981,"E Midlands",1,0,0,0,"CNRM-CERFACS-CNRM-CM5_WRF381P","CNRM-CERFACS-CNRM-CM5.10"
"912","CNRM-CERFACS-CNRM-CM5","WRF381P",1982,"E Midlands",1,0.271028037383178,3.82758620689655,31.1631664478916,"CNRM-CERFACS-CNRM-CM5_WRF381P","CNRM-CERFACS-CNRM-CM5.10"
"913","CNRM-CERFACS-CNRM-CM5","WRF381P",1983,"E Midlands",1,0,0,0,"CNRM-CERFACS-CNRM-CM5_WRF381P","CNRM-CERFACS-CNRM-CM5.10"
"914","CNRM-CERFACS-CNRM-CM5","WRF381P",1984,"E Midlands",1,0.00934579439252336,3,31.2160291671753,"CNRM-CERFACS-CNRM-CM5_WRF381P","CNRM-CERFACS-CNRM-CM5.10"
"915","CNRM-CERFACS-CNRM-CM5","WRF381P",1985,"E Midlands",1,0,0,0,"CNRM-CERFACS-CNRM-CM5_WRF381P","CNRM-CERFACS-CNRM-CM5.10"
"916","CNRM-CERFACS-CNRM-CM5","WRF381P",1986,"E Midlands",1,0,0,0,"CNRM-CERFACS-CNRM-CM5_WRF381P","CNRM-CERFACS-CNRM-CM5.10"
"917","CNRM-CERFACS-CNRM-CM5","WRF381P",1987,"E Midlands",1,0,0,0,"CNRM-CERFACS-CNRM-CM5_WRF381P","CNRM-CERFACS-CNRM-CM5.10"
"918","CNRM-CERFACS-CNRM-CM5","WRF381P",1988,"E Midlands",1,0.317757009345794,3.52941176470588,32.2881859050078,"CNRM-CERFACS-CNRM-CM5_WRF381P","CNRM-CERFACS-CNRM-CM5.10"
"919","CNRM-CERFACS-CNRM-CM5","WRF381P",1989,"E Midlands",1,0.00934579439252336,4,31.146000623703,"CNRM-CERFACS-CNRM-CM5_WRF381P","CNRM-CERFACS-CNRM-CM5.10"
"920","CNRM-CERFACS-CNRM-CM5","WRF381P",1990,"E Midlands",1,0,0,0,"CNRM-CERFACS-CNRM-CM5_WRF381P","CNRM-CERFACS-CNRM-CM5.10"
"921","CNRM-CERFACS-CNRM-CM5","WRF381P",1991,"E Midlands",1,0,0,0,"CNRM-CERFACS-CNRM-CM5_WRF381P","CNRM-CERFACS-CNRM-CM5.10"
"922","CNRM-CERFACS-CNRM-CM5","WRF381P",1992,"E Midlands",1,0,0,0,"CNRM-CERFACS-CNRM-CM5_WRF381P","CNRM-CERFACS-CNRM-CM5.10"
"923","CNRM-CERFACS-CNRM-CM5","WRF381P",1993,"E Midlands",1,0,0,0,"CNRM-CERFACS-CNRM-CM5_WRF381P","CNRM-CERFACS-CNRM-CM5.10"
"924","CNRM-CERFACS-CNRM-CM5","WRF381P",1994,"E Midlands",1,0.0841121495327103,3,31.5738789240519,"CNRM-CERFACS-CNRM-CM5_WRF381P","CNRM-CERFACS-CNRM-CM5.10"
"925","CNRM-CERFACS-CNRM-CM5","WRF381P",1995,"E Midlands",1,0.0373831775700935,3,32.8165129820506,"CNRM-CERFACS-CNRM-CM5_WRF381P","CNRM-CERFACS-CNRM-CM5.10"
"926","CNRM-CERFACS-CNRM-CM5","WRF381P",1996,"E Midlands",1,0.97196261682243,4.20192307692308,33.9506153419996,"CNRM-CERFACS-CNRM-CM5_WRF381P","CNRM-CERFACS-CNRM-CM5.10"
"927","CNRM-CERFACS-CNRM-CM5","WRF381P",1997,"E Midlands",1,0.0467289719626168,3,32.7004551569621,"CNRM-CERFACS-CNRM-CM5_WRF381P","CNRM-CERFACS-CNRM-CM5.10"
"928","CNRM-CERFACS-CNRM-CM5","WRF381P",1998,"E Midlands",1,0,0,0,"CNRM-CERFACS-CNRM-CM5_WRF381P","CNRM-CERFACS-CNRM-CM5.10"
"929","CNRM-CERFACS-CNRM-CM5","WRF381P",1999,"E Midlands",1,0.831775700934579,4.24719101123596,31.2996362255243,"CNRM-CERFACS-CNRM-CM5_WRF381P","CNRM-CERFACS-CNRM-CM5.10"
"930","CNRM-CERFACS-CNRM-CM5","WRF381P",2000,"E Midlands",1,0,0,0,"CNRM-CERFACS-CNRM-CM5_WRF381P","CNRM-CERFACS-CNRM-CM5.10"
"931","CNRM-CERFACS-CNRM-CM5","WRF381P",2001,"E Midlands",1,0.495327102803738,4.90566037735849,31.4248924792188,"CNRM-CERFACS-CNRM-CM5_WRF381P","CNRM-CERFACS-CNRM-CM5.10"
"932","CNRM-CERFACS-CNRM-CM5","WRF381P",2002,"E Midlands",1,0,0,0,"CNRM-CERFACS-CNRM-CM5_WRF381P","CNRM-CERFACS-CNRM-CM5.10"
"933","CNRM-CERFACS-CNRM-CM5","WRF381P",2003,"E Midlands",1,0,0,0,"CNRM-CERFACS-CNRM-CM5_WRF381P","CNRM-CERFACS-CNRM-CM5.10"
"934","CNRM-CERFACS-CNRM-CM5","WRF381P",2004,"E Midlands",1,0,0,0,"CNRM-CERFACS-CNRM-CM5_WRF381P","CNRM-CERFACS-CNRM-CM5.10"
"935","CNRM-CERFACS-CNRM-CM5","WRF381P",2005,"E Midlands",1,0,0,0,"CNRM-CERFACS-CNRM-CM5_WRF381P","CNRM-CERFACS-CNRM-CM5.10"
"936","CNRM-CERFACS-CNRM-CM5","WRF381P",2006,"E Midlands",1,0.130841121495327,3,30.8734085673378,"CNRM-CERFACS-CNRM-CM5_WRF381P","CNRM-CERFACS-CNRM-CM5.10"
"937","CNRM-CERFACS-CNRM-CM5","WRF381P",2007,"E Midlands",1,0,0,0,"CNRM-CERFACS-CNRM-CM5_WRF381P","CNRM-CERFACS-CNRM-CM5.10"
"938","CNRM-CERFACS-CNRM-CM5","WRF381P",2008,"E Midlands",1,0.97196261682243,4.22115384615385,32.010038314263,"CNRM-CERFACS-CNRM-CM5_WRF381P","CNRM-CERFACS-CNRM-CM5.10"
"939","CNRM-CERFACS-CNRM-CM5","WRF381P",2009,"E Midlands",1,1.23364485981308,5.54545454545455,32.7562961037197,"CNRM-CERFACS-CNRM-CM5_WRF381P","CNRM-CERFACS-CNRM-CM5.10"
"940","CNRM-CERFACS-CNRM-CM5","WRF381P",2010,"E Midlands",1,0,0,0,"CNRM-CERFACS-CNRM-CM5_WRF381P","CNRM-CERFACS-CNRM-CM5.10"
"941","CNRM-CERFACS-CNRM-CM5","WRF381P",2011,"E Midlands",1,0,0,0,"CNRM-CERFACS-CNRM-CM5_WRF381P","CNRM-CERFACS-CNRM-CM5.10"
"942","CNRM-CERFACS-CNRM-CM5","WRF381P",2012,"E Midlands",1,0,0,0,"CNRM-CERFACS-CNRM-CM5_WRF381P","CNRM-CERFACS-CNRM-CM5.10"
"943","CNRM-CERFACS-CNRM-CM5","WRF381P",2013,"E Midlands",1,0.560747663551402,3.25,30.9562588612239,"CNRM-CERFACS-CNRM-CM5_WRF381P","CNRM-CERFACS-CNRM-CM5.10"
"944","CNRM-CERFACS-CNRM-CM5","WRF381P",2014,"E Midlands",1,0.925233644859813,4.14141414141414,31.5910749387259,"CNRM-CERFACS-CNRM-CM5_WRF381P","CNRM-CERFACS-CNRM-CM5.10"
"945","CNRM-CERFACS-CNRM-CM5","WRF381P",2015,"E Midlands",1,0,0,0,"CNRM-CERFACS-CNRM-CM5_WRF381P","CNRM-CERFACS-CNRM-CM5.10"
"946","CNRM-CERFACS-CNRM-CM5","WRF381P",2016,"E Midlands",1,0.766355140186916,3,33.0669022149187,"CNRM-CERFACS-CNRM-CM5_WRF381P","CNRM-CERFACS-CNRM-CM5.10"
"947","CNRM-CERFACS-CNRM-CM5","WRF381P",2017,"E Midlands",1,0.598130841121495,3.4375,31.7630727477372,"CNRM-CERFACS-CNRM-CM5_WRF381P","CNRM-CERFACS-CNRM-CM5.10"
"948","CNRM-CERFACS-CNRM-CM5","WRF381P",2018,"E Midlands",1,0,0,0,"CNRM-CERFACS-CNRM-CM5_WRF381P","CNRM-CERFACS-CNRM-CM5.10"
"949","CNRM-CERFACS-CNRM-CM5","WRF381P",2019,"E Midlands",1,0,0,0,"CNRM-CERFACS-CNRM-CM5_WRF381P","CNRM-CERFACS-CNRM-CM5.10"
"950","CNRM-CERFACS-CNRM-CM5","WRF381P",2020,"E Midlands",1,0,0,0,"CNRM-CERFACS-CNRM-CM5_WRF381P","CNRM-CERFACS-CNRM-CM5.10"
"951","CNRM-CERFACS-CNRM-CM5","WRF381P",2021,"E Midlands",1,0.196261682242991,3,31.3246061385624,"CNRM-CERFACS-CNRM-CM5_WRF381P","CNRM-CERFACS-CNRM-CM5.10"
"952","CNRM-CERFACS-CNRM-CM5","WRF381P",2022,"E Midlands",1,1.74766355140187,6.14973262032086,32.8763887312647,"CNRM-CERFACS-CNRM-CM5_WRF381P","CNRM-CERFACS-CNRM-CM5.10"
"953","CNRM-CERFACS-CNRM-CM5","WRF381P",2023,"E Midlands",1,0,0,0,"CNRM-CERFACS-CNRM-CM5_WRF381P","CNRM-CERFACS-CNRM-CM5.10"
"954","CNRM-CERFACS-CNRM-CM5","WRF381P",2024,"E Midlands",1,0,0,0,"CNRM-CERFACS-CNRM-CM5_WRF381P","CNRM-CERFACS-CNRM-CM5.10"
"955","CNRM-CERFACS-CNRM-CM5","WRF381P",2025,"E Midlands",1,0.588785046728972,3.66666666666667,32.3659024049365,"CNRM-CERFACS-CNRM-CM5_WRF381P","CNRM-CERFACS-CNRM-CM5.10"
"956","CNRM-CERFACS-CNRM-CM5","WRF381P",2026,"E Midlands",1,0,0,0,"CNRM-CERFACS-CNRM-CM5_WRF381P","CNRM-CERFACS-CNRM-CM5.10"
"957","CNRM-CERFACS-CNRM-CM5","WRF381P",2027,"E Midlands",1,0,0,0,"CNRM-CERFACS-CNRM-CM5_WRF381P","CNRM-CERFACS-CNRM-CM5.10"
"958","CNRM-CERFACS-CNRM-CM5","WRF381P",2028,"E Midlands",1,0,0,0,"CNRM-CERFACS-CNRM-CM5_WRF381P","CNRM-CERFACS-CNRM-CM5.10"
"959","CNRM-CERFACS-CNRM-CM5","WRF381P",2029,"E Midlands",1,0,0,0,"CNRM-CERFACS-CNRM-CM5_WRF381P","CNRM-CERFACS-CNRM-CM5.10"
"960","CNRM-CERFACS-CNRM-CM5","WRF381P",2030,"E Midlands",1,1.31775700934579,4.73049645390071,32.6426350306917,"CNRM-CERFACS-CNRM-CM5_WRF381P","CNRM-CERFACS-CNRM-CM5.10"
"961","CNRM-CERFACS-CNRM-CM5","WRF381P",2031,"E Midlands",1,0,0,0,"CNRM-CERFACS-CNRM-CM5_WRF381P","CNRM-CERFACS-CNRM-CM5.10"
"962","CNRM-CERFACS-CNRM-CM5","WRF381P",2032,"E Midlands",1,0,0,0,"CNRM-CERFACS-CNRM-CM5_WRF381P","CNRM-CERFACS-CNRM-CM5.10"
"963","CNRM-CERFACS-CNRM-CM5","WRF381P",2033,"E Midlands",1,0.710280373831776,5.01315789473684,31.6843895412776,"CNRM-CERFACS-CNRM-CM5_WRF381P","CNRM-CERFACS-CNRM-CM5.10"
"964","CNRM-CERFACS-CNRM-CM5","WRF381P",2034,"E Midlands",1,0,0,0,"CNRM-CERFACS-CNRM-CM5_WRF381P","CNRM-CERFACS-CNRM-CM5.10"
"965","CNRM-CERFACS-CNRM-CM5","WRF381P",2035,"E Midlands",1,0,0,0,"CNRM-CERFACS-CNRM-CM5_WRF381P","CNRM-CERFACS-CNRM-CM5.10"
"966","CNRM-CERFACS-CNRM-CM5","WRF381P",2036,"E Midlands",1,0.869158878504673,3.67741935483871,34.2110164180879,"CNRM-CERFACS-CNRM-CM5_WRF381P","CNRM-CERFACS-CNRM-CM5.10"
"967","CNRM-CERFACS-CNRM-CM5","WRF381P",2037,"E Midlands",1,0.00934579439252336,3,30.2367060979207,"CNRM-CERFACS-CNRM-CM5_WRF381P","CNRM-CERFACS-CNRM-CM5.10"
"968","CNRM-CERFACS-CNRM-CM5","WRF381P",2038,"E Midlands",1,0,0,0,"CNRM-CERFACS-CNRM-CM5_WRF381P","CNRM-CERFACS-CNRM-CM5.10"
"969","CNRM-CERFACS-CNRM-CM5","WRF381P",2039,"E Midlands",1,0,0,0,"CNRM-CERFACS-CNRM-CM5_WRF381P","CNRM-CERFACS-CNRM-CM5.10"
"970","CNRM-CERFACS-CNRM-CM5","WRF381P",2040,"E Midlands",1,0.0373831775700935,3,30.8283853530884,"CNRM-CERFACS-CNRM-CM5_WRF381P","CNRM-CERFACS-CNRM-CM5.10"
"971","CNRM-CERFACS-CNRM-CM5","WRF381P",2041,"E Midlands",1,0.850467289719626,3.36263736263736,32.4300948088859,"CNRM-CERFACS-CNRM-CM5_WRF381P","CNRM-CERFACS-CNRM-CM5.10"
"972","CNRM-CERFACS-CNRM-CM5","WRF381P",2042,"E Midlands",1,0,0,0,"CNRM-CERFACS-CNRM-CM5_WRF381P","CNRM-CERFACS-CNRM-CM5.10"
"973","CNRM-CERFACS-CNRM-CM5","WRF381P",2043,"E Midlands",1,1.53271028037383,5.45731707317073,33.4879149290466,"CNRM-CERFACS-CNRM-CM5_WRF381P","CNRM-CERFACS-CNRM-CM5.10"
"974","CNRM-CERFACS-CNRM-CM5","WRF381P",2044,"E Midlands",1,0,0,0,"CNRM-CERFACS-CNRM-CM5_WRF381P","CNRM-CERFACS-CNRM-CM5.10"
"975","CNRM-CERFACS-CNRM-CM5","WRF381P",2045,"E Midlands",1,0,0,0,"CNRM-CERFACS-CNRM-CM5_WRF381P","CNRM-CERFACS-CNRM-CM5.10"
"976","CNRM-CERFACS-CNRM-CM5","WRF381P",2046,"E Midlands",1,0.233644859813084,3.8,31.8168866945902,"CNRM-CERFACS-CNRM-CM5_WRF381P","CNRM-CERFACS-CNRM-CM5.10"
"977","CNRM-CERFACS-CNRM-CM5","WRF381P",2047,"E Midlands",1,0.691588785046729,3.43243243243243,32.2193590048197,"CNRM-CERFACS-CNRM-CM5_WRF381P","CNRM-CERFACS-CNRM-CM5.10"
"978","CNRM-CERFACS-CNRM-CM5","WRF381P",2048,"E Midlands",1,0.813084112149533,3.72413793103448,32.6693875205014,"CNRM-CERFACS-CNRM-CM5_WRF381P","CNRM-CERFACS-CNRM-CM5.10"
"979","CNRM-CERFACS-CNRM-CM5","WRF381P",2049,"E Midlands",1,0,0,0,"CNRM-CERFACS-CNRM-CM5_WRF381P","CNRM-CERFACS-CNRM-CM5.10"
"980","CNRM-CERFACS-CNRM-CM5","WRF381P",2050,"E Midlands",1,1.45794392523364,6.96794871794872,32.768552911905,"CNRM-CERFACS-CNRM-CM5_WRF381P","CNRM-CERFACS-CNRM-CM5.10"
"981","CNRM-CERFACS-CNRM-CM5","WRF381P",2051,"E Midlands",1,0,0,0,"CNRM-CERFACS-CNRM-CM5_WRF381P","CNRM-CERFACS-CNRM-CM5.10"
"982","CNRM-CERFACS-CNRM-CM5","WRF381P",2052,"E Midlands",1,0,0,0,"CNRM-CERFACS-CNRM-CM5_WRF381P","CNRM-CERFACS-CNRM-CM5.10"
"983","CNRM-CERFACS-CNRM-CM5","WRF381P",2053,"E Midlands",1,0.542056074766355,3.10344827586207,32.7297219476481,"CNRM-CERFACS-CNRM-CM5_WRF381P","CNRM-CERFACS-CNRM-CM5.10"
"984","CNRM-CERFACS-CNRM-CM5","WRF381P",2054,"E Midlands",1,1.44859813084112,3.23870967741935,34.6130127929359,"CNRM-CERFACS-CNRM-CM5_WRF381P","CNRM-CERFACS-CNRM-CM5.10"
"985","CNRM-CERFACS-CNRM-CM5","WRF381P",2055,"E Midlands",1,0,0,0,"CNRM-CERFACS-CNRM-CM5_WRF381P","CNRM-CERFACS-CNRM-CM5.10"
"986","CNRM-CERFACS-CNRM-CM5","WRF381P",2056,"E Midlands",1,0.663551401869159,5.59154929577465,31.9337659192357,"CNRM-CERFACS-CNRM-CM5_WRF381P","CNRM-CERFACS-CNRM-CM5.10"
"987","CNRM-CERFACS-CNRM-CM5","WRF381P",2057,"E Midlands",1,0,0,0,"CNRM-CERFACS-CNRM-CM5_WRF381P","CNRM-CERFACS-CNRM-CM5.10"
"988","CNRM-CERFACS-CNRM-CM5","WRF381P",2058,"E Midlands",1,0,0,0,"CNRM-CERFACS-CNRM-CM5_WRF381P","CNRM-CERFACS-CNRM-CM5.10"
"989","CNRM-CERFACS-CNRM-CM5","WRF381P",2059,"E Midlands",1,0,0,0,"CNRM-CERFACS-CNRM-CM5_WRF381P","CNRM-CERFACS-CNRM-CM5.10"
"990","CNRM-CERFACS-CNRM-CM5","WRF381P",2060,"E Midlands",1,0.00934579439252336,3,32.1016979217529,"CNRM-CERFACS-CNRM-CM5_WRF381P","CNRM-CERFACS-CNRM-CM5.10"
"991","CNRM-CERFACS-CNRM-CM5","WRF381P",2061,"E Midlands",1,0.401869158878505,3,31.5633924395539,"CNRM-CERFACS-CNRM-CM5_WRF381P","CNRM-CERFACS-CNRM-CM5.10"
"992","CNRM-CERFACS-CNRM-CM5","WRF381P",2062,"E Midlands",1,0,0,0,"CNRM-CERFACS-CNRM-CM5_WRF381P","CNRM-CERFACS-CNRM-CM5.10"
"993","CNRM-CERFACS-CNRM-CM5","WRF381P",2063,"E Midlands",1,0.822429906542056,3.625,32.0576471115604,"CNRM-CERFACS-CNRM-CM5_WRF381P","CNRM-CERFACS-CNRM-CM5.10"
"994","CNRM-CERFACS-CNRM-CM5","WRF381P",2064,"E Midlands",1,0,0,0,"CNRM-CERFACS-CNRM-CM5_WRF381P","CNRM-CERFACS-CNRM-CM5.10"
"995","CNRM-CERFACS-CNRM-CM5","WRF381P",2065,"E Midlands",1,0.383177570093458,3,32.2066237829565,"CNRM-CERFACS-CNRM-CM5_WRF381P","CNRM-CERFACS-CNRM-CM5.10"
"996","CNRM-CERFACS-CNRM-CM5","WRF381P",2066,"E Midlands",1,1.33644859813084,5.20979020979021,32.6967139540462,"CNRM-CERFACS-CNRM-CM5_WRF381P","CNRM-CERFACS-CNRM-CM5.10"
"997","CNRM-CERFACS-CNRM-CM5","WRF381P",2067,"E Midlands",1,0,0,0,"CNRM-CERFACS-CNRM-CM5_WRF381P","CNRM-CERFACS-CNRM-CM5.10"
"998","CNRM-CERFACS-CNRM-CM5","WRF381P",2068,"E Midlands",1,0,0,0,"CNRM-CERFACS-CNRM-CM5_WRF381P","CNRM-CERFACS-CNRM-CM5.10"
"999","CNRM-CERFACS-CNRM-CM5","WRF381P",2069,"E Midlands",1,0,0,0,"CNRM-CERFACS-CNRM-CM5_WRF381P","CNRM-CERFACS-CNRM-CM5.10"
"1000","CNRM-CERFACS-CNRM-CM5","WRF381P",2070,"E Midlands",1,0,0,0,"CNRM-CERFACS-CNRM-CM5_WRF381P","CNRM-CERFACS-CNRM-CM5.10"
"1001","CNRM-CERFACS-CNRM-CM5","WRF381P",2071,"E Midlands",1,0,0,0,"CNRM-CERFACS-CNRM-CM5_WRF381P","CNRM-CERFACS-CNRM-CM5.10"
"1002","CNRM-CERFACS-CNRM-CM5","WRF381P",2072,"E Midlands",1,0.0467289719626168,3,31.2720422744751,"CNRM-CERFACS-CNRM-CM5_WRF381P","CNRM-CERFACS-CNRM-CM5.10"
"1003","CNRM-CERFACS-CNRM-CM5","WRF381P",2073,"E Midlands",1,0,0,0,"CNRM-CERFACS-CNRM-CM5_WRF381P","CNRM-CERFACS-CNRM-CM5.10"
"1004","CNRM-CERFACS-CNRM-CM5","WRF381P",2074,"E Midlands",1,0,0,0,"CNRM-CERFACS-CNRM-CM5_WRF381P","CNRM-CERFACS-CNRM-CM5.10"
"1005","CNRM-CERFACS-CNRM-CM5","WRF381P",2075,"E Midlands",1,0,0,0,"CNRM-CERFACS-CNRM-CM5_WRF381P","CNRM-CERFACS-CNRM-CM5.10"
"1006","CNRM-CERFACS-CNRM-CM5","WRF381P",2076,"E Midlands",1,1.57009345794393,4.16071428571429,32.6237946692913,"CNRM-CERFACS-CNRM-CM5_WRF381P","CNRM-CERFACS-CNRM-CM5.10"
"1007","CNRM-CERFACS-CNRM-CM5","WRF381P",2077,"E Midlands",1,1.65420560747664,4.36158192090396,32.9764874335287,"CNRM-CERFACS-CNRM-CM5_WRF381P","CNRM-CERFACS-CNRM-CM5.10"
"1008","CNRM-CERFACS-CNRM-CM5","WRF381P",2078,"E Midlands",1,1.31775700934579,3.28368794326241,33.3140913400808,"CNRM-CERFACS-CNRM-CM5_WRF381P","CNRM-CERFACS-CNRM-CM5.10"
"1009","CNRM-CERFACS-CNRM-CM5","WRF381P",2079,"E Midlands",1,0,0,0,"CNRM-CERFACS-CNRM-CM5_WRF381P","CNRM-CERFACS-CNRM-CM5.10"
"1010","CNRM-CERFACS-CNRM-CM5","WRF381P",2080,"E Midlands",1,0.897196261682243,3.41666666666667,32.8382143237525,"CNRM-CERFACS-CNRM-CM5_WRF381P","CNRM-CERFACS-CNRM-CM5.10"
"1011","ICHEC-EC-EARTH","CCLM4-8-17",1980,"E Midlands",1,0,0,0,"ICHEC-EC-EARTH_CCLM4-8-17","ICHEC-EC-EARTH.01"
"1012","ICHEC-EC-EARTH","CCLM4-8-17",1981,"E Midlands",1,0,0,0,"ICHEC-EC-EARTH_CCLM4-8-17","ICHEC-EC-EARTH.01"
"1013","ICHEC-EC-EARTH","CCLM4-8-17",1982,"E Midlands",1,0,0,0,"ICHEC-EC-EARTH_CCLM4-8-17","ICHEC-EC-EARTH.01"
"1014","ICHEC-EC-EARTH","CCLM4-8-17",1983,"E Midlands",1,0,0,0,"ICHEC-EC-EARTH_CCLM4-8-17","ICHEC-EC-EARTH.01"
"1015","ICHEC-EC-EARTH","CCLM4-8-17",1984,"E Midlands",1,0,0,0,"ICHEC-EC-EARTH_CCLM4-8-17","ICHEC-EC-EARTH.01"
"1016","ICHEC-EC-EARTH","CCLM4-8-17",1985,"E Midlands",1,0.00934579439252336,3,30.9280761082967,"ICHEC-EC-EARTH_CCLM4-8-17","ICHEC-EC-EARTH.01"
"1017","ICHEC-EC-EARTH","CCLM4-8-17",1986,"E Midlands",1,0,0,0,"ICHEC-EC-EARTH_CCLM4-8-17","ICHEC-EC-EARTH.01"
"1018","ICHEC-EC-EARTH","CCLM4-8-17",1987,"E Midlands",1,0,0,0,"ICHEC-EC-EARTH_CCLM4-8-17","ICHEC-EC-EARTH.01"
"1019","ICHEC-EC-EARTH","CCLM4-8-17",1988,"E Midlands",1,0,0,0,"ICHEC-EC-EARTH_CCLM4-8-17","ICHEC-EC-EARTH.01"
"1020","ICHEC-EC-EARTH","CCLM4-8-17",1989,"E Midlands",1,0,0,0,"ICHEC-EC-EARTH_CCLM4-8-17","ICHEC-EC-EARTH.01"
"1021","ICHEC-EC-EARTH","CCLM4-8-17",1990,"E Midlands",1,0,0,0,"ICHEC-EC-EARTH_CCLM4-8-17","ICHEC-EC-EARTH.01"
"1022","ICHEC-EC-EARTH","CCLM4-8-17",1991,"E Midlands",1,0.00934579439252336,3,30.7616583506266,"ICHEC-EC-EARTH_CCLM4-8-17","ICHEC-EC-EARTH.01"
"1023","ICHEC-EC-EARTH","CCLM4-8-17",1992,"E Midlands",1,0,0,0,"ICHEC-EC-EARTH_CCLM4-8-17","ICHEC-EC-EARTH.01"
"1024","ICHEC-EC-EARTH","CCLM4-8-17",1993,"E Midlands",1,0,0,0,"ICHEC-EC-EARTH_CCLM4-8-17","ICHEC-EC-EARTH.01"
"1025","ICHEC-EC-EARTH","CCLM4-8-17",1994,"E Midlands",1,0,0,0,"ICHEC-EC-EARTH_CCLM4-8-17","ICHEC-EC-EARTH.01"
"1026","ICHEC-EC-EARTH","CCLM4-8-17",1995,"E Midlands",1,0,0,0,"ICHEC-EC-EARTH_CCLM4-8-17","ICHEC-EC-EARTH.01"
"1027","ICHEC-EC-EARTH","CCLM4-8-17",1996,"E Midlands",1,0,0,0,"ICHEC-EC-EARTH_CCLM4-8-17","ICHEC-EC-EARTH.01"
"1028","ICHEC-EC-EARTH","CCLM4-8-17",1997,"E Midlands",1,0,0,0,"ICHEC-EC-EARTH_CCLM4-8-17","ICHEC-EC-EARTH.01"
"1029","ICHEC-EC-EARTH","CCLM4-8-17",1998,"E Midlands",1,0,0,0,"ICHEC-EC-EARTH_CCLM4-8-17","ICHEC-EC-EARTH.01"
"1030","ICHEC-EC-EARTH","CCLM4-8-17",1999,"E Midlands",1,0,0,0,"ICHEC-EC-EARTH_CCLM4-8-17","ICHEC-EC-EARTH.01"
"1031","ICHEC-EC-EARTH","CCLM4-8-17",2000,"E Midlands",1,0,0,0,"ICHEC-EC-EARTH_CCLM4-8-17","ICHEC-EC-EARTH.01"
"1032","ICHEC-EC-EARTH","CCLM4-8-17",2001,"E Midlands",1,0,0,0,"ICHEC-EC-EARTH_CCLM4-8-17","ICHEC-EC-EARTH.01"
"1033","ICHEC-EC-EARTH","CCLM4-8-17",2002,"E Midlands",1,0,0,0,"ICHEC-EC-EARTH_CCLM4-8-17","ICHEC-EC-EARTH.01"
"1034","ICHEC-EC-EARTH","CCLM4-8-17",2003,"E Midlands",1,0,0,0,"ICHEC-EC-EARTH_CCLM4-8-17","ICHEC-EC-EARTH.01"
"1035","ICHEC-EC-EARTH","CCLM4-8-17",2004,"E Midlands",1,0.14018691588785,3,33.4849235534668,"ICHEC-EC-EARTH_CCLM4-8-17","ICHEC-EC-EARTH.01"
"1036","ICHEC-EC-EARTH","CCLM4-8-17",2005,"E Midlands",1,0,0,0,"ICHEC-EC-EARTH_CCLM4-8-17","ICHEC-EC-EARTH.01"
"1037","ICHEC-EC-EARTH","CCLM4-8-17",2006,"E Midlands",1,0,0,0,"ICHEC-EC-EARTH_CCLM4-8-17","ICHEC-EC-EARTH.01"
"1038","ICHEC-EC-EARTH","CCLM4-8-17",2007,"E Midlands",1,0,0,0,"ICHEC-EC-EARTH_CCLM4-8-17","ICHEC-EC-EARTH.01"
"1039","ICHEC-EC-EARTH","CCLM4-8-17",2008,"E Midlands",1,0,0,0,"ICHEC-EC-EARTH_CCLM4-8-17","ICHEC-EC-EARTH.01"
"1040","ICHEC-EC-EARTH","CCLM4-8-17",2009,"E Midlands",1,0,0,0,"ICHEC-EC-EARTH_CCLM4-8-17","ICHEC-EC-EARTH.01"
"1041","ICHEC-EC-EARTH","CCLM4-8-17",2010,"E Midlands",1,0,0,0,"ICHEC-EC-EARTH_CCLM4-8-17","ICHEC-EC-EARTH.01"
"1042","ICHEC-EC-EARTH","CCLM4-8-17",2011,"E Midlands",1,0,0,0,"ICHEC-EC-EARTH_CCLM4-8-17","ICHEC-EC-EARTH.01"
"1043","ICHEC-EC-EARTH","CCLM4-8-17",2012,"E Midlands",1,0,0,0,"ICHEC-EC-EARTH_CCLM4-8-17","ICHEC-EC-EARTH.01"
"1044","ICHEC-EC-EARTH","CCLM4-8-17",2013,"E Midlands",1,0,0,0,"ICHEC-EC-EARTH_CCLM4-8-17","ICHEC-EC-EARTH.01"
"1045","ICHEC-EC-EARTH","CCLM4-8-17",2014,"E Midlands",1,0,0,0,"ICHEC-EC-EARTH_CCLM4-8-17","ICHEC-EC-EARTH.01"
"1046","ICHEC-EC-EARTH","CCLM4-8-17",2015,"E Midlands",1,0.700934579439252,3.84,32.1023361882104,"ICHEC-EC-EARTH_CCLM4-8-17","ICHEC-EC-EARTH.01"
"1047","ICHEC-EC-EARTH","CCLM4-8-17",2016,"E Midlands",1,0,0,0,"ICHEC-EC-EARTH_CCLM4-8-17","ICHEC-EC-EARTH.01"
"1048","ICHEC-EC-EARTH","CCLM4-8-17",2017,"E Midlands",1,0,0,0,"ICHEC-EC-EARTH_CCLM4-8-17","ICHEC-EC-EARTH.01"
"1049","ICHEC-EC-EARTH","CCLM4-8-17",2018,"E Midlands",1,0.672897196261682,3,33.6062396588149,"ICHEC-EC-EARTH_CCLM4-8-17","ICHEC-EC-EARTH.01"
"1050","ICHEC-EC-EARTH","CCLM4-8-17",2019,"E Midlands",1,0,0,0,"ICHEC-EC-EARTH_CCLM4-8-17","ICHEC-EC-EARTH.01"
"1051","ICHEC-EC-EARTH","CCLM4-8-17",2020,"E Midlands",1,0,0,0,"ICHEC-EC-EARTH_CCLM4-8-17","ICHEC-EC-EARTH.01"
"1052","ICHEC-EC-EARTH","CCLM4-8-17",2021,"E Midlands",1,0,0,0,"ICHEC-EC-EARTH_CCLM4-8-17","ICHEC-EC-EARTH.01"
"1053","ICHEC-EC-EARTH","CCLM4-8-17",2022,"E Midlands",1,0,0,0,"ICHEC-EC-EARTH_CCLM4-8-17","ICHEC-EC-EARTH.01"
"1054","ICHEC-EC-EARTH","CCLM4-8-17",2023,"E Midlands",1,0,0,0,"ICHEC-EC-EARTH_CCLM4-8-17","ICHEC-EC-EARTH.01"
"1055","ICHEC-EC-EARTH","CCLM4-8-17",2024,"E Midlands",1,0,0,0,"ICHEC-EC-EARTH_CCLM4-8-17","ICHEC-EC-EARTH.01"
"1056","ICHEC-EC-EARTH","CCLM4-8-17",2025,"E Midlands",1,0,0,0,"ICHEC-EC-EARTH_CCLM4-8-17","ICHEC-EC-EARTH.01"
"1057","ICHEC-EC-EARTH","CCLM4-8-17",2026,"E Midlands",1,0,0,0,"ICHEC-EC-EARTH_CCLM4-8-17","ICHEC-EC-EARTH.01"
"1058","ICHEC-EC-EARTH","CCLM4-8-17",2027,"E Midlands",1,0,0,0,"ICHEC-EC-EARTH_CCLM4-8-17","ICHEC-EC-EARTH.01"
"1059","ICHEC-EC-EARTH","CCLM4-8-17",2028,"E Midlands",1,0,0,0,"ICHEC-EC-EARTH_CCLM4-8-17","ICHEC-EC-EARTH.01"
"1060","ICHEC-EC-EARTH","CCLM4-8-17",2029,"E Midlands",1,0,0,0,"ICHEC-EC-EARTH_CCLM4-8-17","ICHEC-EC-EARTH.01"
"1061","ICHEC-EC-EARTH","CCLM4-8-17",2030,"E Midlands",1,0,0,0,"ICHEC-EC-EARTH_CCLM4-8-17","ICHEC-EC-EARTH.01"
"1062","ICHEC-EC-EARTH","CCLM4-8-17",2031,"E Midlands",1,0,0,0,"ICHEC-EC-EARTH_CCLM4-8-17","ICHEC-EC-EARTH.01"
"1063","ICHEC-EC-EARTH","CCLM4-8-17",2032,"E Midlands",1,0,0,0,"ICHEC-EC-EARTH_CCLM4-8-17","ICHEC-EC-EARTH.01"
"1064","ICHEC-EC-EARTH","CCLM4-8-17",2033,"E Midlands",1,0,0,0,"ICHEC-EC-EARTH_CCLM4-8-17","ICHEC-EC-EARTH.01"
"1065","ICHEC-EC-EARTH","CCLM4-8-17",2034,"E Midlands",1,0,0,0,"ICHEC-EC-EARTH_CCLM4-8-17","ICHEC-EC-EARTH.01"
"1066","ICHEC-EC-EARTH","CCLM4-8-17",2035,"E Midlands",1,0,0,0,"ICHEC-EC-EARTH_CCLM4-8-17","ICHEC-EC-EARTH.01"
"1067","ICHEC-EC-EARTH","CCLM4-8-17",2036,"E Midlands",1,0,0,0,"ICHEC-EC-EARTH_CCLM4-8-17","ICHEC-EC-EARTH.01"
"1068","ICHEC-EC-EARTH","CCLM4-8-17",2037,"E Midlands",1,0,0,0,"ICHEC-EC-EARTH_CCLM4-8-17","ICHEC-EC-EARTH.01"
"1069","ICHEC-EC-EARTH","CCLM4-8-17",2038,"E Midlands",1,0,0,0,"ICHEC-EC-EARTH_CCLM4-8-17","ICHEC-EC-EARTH.01"
"1070","ICHEC-EC-EARTH","CCLM4-8-17",2039,"E Midlands",1,0.0280373831775701,3,31.9537923600939,"ICHEC-EC-EARTH_CCLM4-8-17","ICHEC-EC-EARTH.01"
"1071","ICHEC-EC-EARTH","CCLM4-8-17",2040,"E Midlands",1,0,0,0,"ICHEC-EC-EARTH_CCLM4-8-17","ICHEC-EC-EARTH.01"
"1072","ICHEC-EC-EARTH","CCLM4-8-17",2041,"E Midlands",1,0,0,0,"ICHEC-EC-EARTH_CCLM4-8-17","ICHEC-EC-EARTH.01"
"1073","ICHEC-EC-EARTH","CCLM4-8-17",2042,"E Midlands",1,0,0,0,"ICHEC-EC-EARTH_CCLM4-8-17","ICHEC-EC-EARTH.01"
"1074","ICHEC-EC-EARTH","CCLM4-8-17",2043,"E Midlands",1,0,0,0,"ICHEC-EC-EARTH_CCLM4-8-17","ICHEC-EC-EARTH.01"
"1075","ICHEC-EC-EARTH","CCLM4-8-17",2044,"E Midlands",1,0,0,0,"ICHEC-EC-EARTH_CCLM4-8-17","ICHEC-EC-EARTH.01"
"1076","ICHEC-EC-EARTH","CCLM4-8-17",2045,"E Midlands",1,0,0,0,"ICHEC-EC-EARTH_CCLM4-8-17","ICHEC-EC-EARTH.01"
"1077","ICHEC-EC-EARTH","CCLM4-8-17",2046,"E Midlands",1,0,0,0,"ICHEC-EC-EARTH_CCLM4-8-17","ICHEC-EC-EARTH.01"
"1078","ICHEC-EC-EARTH","CCLM4-8-17",2047,"E Midlands",1,0,0,0,"ICHEC-EC-EARTH_CCLM4-8-17","ICHEC-EC-EARTH.01"
"1079","ICHEC-EC-EARTH","CCLM4-8-17",2048,"E Midlands",1,0.186915887850467,3,31.6828039805094,"ICHEC-EC-EARTH_CCLM4-8-17","ICHEC-EC-EARTH.01"
"1080","ICHEC-EC-EARTH","CCLM4-8-17",2049,"E Midlands",1,0,0,0,"ICHEC-EC-EARTH_CCLM4-8-17","ICHEC-EC-EARTH.01"
"1081","ICHEC-EC-EARTH","CCLM4-8-17",2050,"E Midlands",1,0,0,0,"ICHEC-EC-EARTH_CCLM4-8-17","ICHEC-EC-EARTH.01"
"1082","ICHEC-EC-EARTH","CCLM4-8-17",2051,"E Midlands",1,0,0,0,"ICHEC-EC-EARTH_CCLM4-8-17","ICHEC-EC-EARTH.01"
"1083","ICHEC-EC-EARTH","CCLM4-8-17",2052,"E Midlands",1,0,0,0,"ICHEC-EC-EARTH_CCLM4-8-17","ICHEC-EC-EARTH.01"
"1084","ICHEC-EC-EARTH","CCLM4-8-17",2053,"E Midlands",1,0,0,0,"ICHEC-EC-EARTH_CCLM4-8-17","ICHEC-EC-EARTH.01"
"1085","ICHEC-EC-EARTH","CCLM4-8-17",2054,"E Midlands",1,0,0,0,"ICHEC-EC-EARTH_CCLM4-8-17","ICHEC-EC-EARTH.01"
"1086","ICHEC-EC-EARTH","CCLM4-8-17",2055,"E Midlands",1,0,0,0,"ICHEC-EC-EARTH_CCLM4-8-17","ICHEC-EC-EARTH.01"
"1087","ICHEC-EC-EARTH","CCLM4-8-17",2056,"E Midlands",1,0,0,0,"ICHEC-EC-EARTH_CCLM4-8-17","ICHEC-EC-EARTH.01"
"1088","ICHEC-EC-EARTH","CCLM4-8-17",2057,"E Midlands",1,1,7.72897196261682,36.7253750738449,"ICHEC-EC-EARTH_CCLM4-8-17","ICHEC-EC-EARTH.01"
"1089","ICHEC-EC-EARTH","CCLM4-8-17",2058,"E Midlands",1,0,0,0,"ICHEC-EC-EARTH_CCLM4-8-17","ICHEC-EC-EARTH.01"
"1090","ICHEC-EC-EARTH","CCLM4-8-17",2059,"E Midlands",1,0,0,0,"ICHEC-EC-EARTH_CCLM4-8-17","ICHEC-EC-EARTH.01"
"1091","ICHEC-EC-EARTH","CCLM4-8-17",2060,"E Midlands",1,0.0186915887850467,3,31.8666200637817,"ICHEC-EC-EARTH_CCLM4-8-17","ICHEC-EC-EARTH.01"
"1092","ICHEC-EC-EARTH","CCLM4-8-17",2061,"E Midlands",1,0,0,0,"ICHEC-EC-EARTH_CCLM4-8-17","ICHEC-EC-EARTH.01"
"1093","ICHEC-EC-EARTH","CCLM4-8-17",2062,"E Midlands",1,0,0,0,"ICHEC-EC-EARTH_CCLM4-8-17","ICHEC-EC-EARTH.01"
"1094","ICHEC-EC-EARTH","CCLM4-8-17",2063,"E Midlands",1,0,0,0,"ICHEC-EC-EARTH_CCLM4-8-17","ICHEC-EC-EARTH.01"
"1095","ICHEC-EC-EARTH","CCLM4-8-17",2064,"E Midlands",1,0,0,0,"ICHEC-EC-EARTH_CCLM4-8-17","ICHEC-EC-EARTH.01"
"1096","ICHEC-EC-EARTH","CCLM4-8-17",2065,"E Midlands",1,0.0467289719626168,3,30.9816109975179,"ICHEC-EC-EARTH_CCLM4-8-17","ICHEC-EC-EARTH.01"
"1097","ICHEC-EC-EARTH","CCLM4-8-17",2066,"E Midlands",1,0,0,0,"ICHEC-EC-EARTH_CCLM4-8-17","ICHEC-EC-EARTH.01"
"1098","ICHEC-EC-EARTH","CCLM4-8-17",2067,"E Midlands",1,0,0,0,"ICHEC-EC-EARTH_CCLM4-8-17","ICHEC-EC-EARTH.01"
"1099","ICHEC-EC-EARTH","CCLM4-8-17",2068,"E Midlands",1,0,0,0,"ICHEC-EC-EARTH_CCLM4-8-17","ICHEC-EC-EARTH.01"
"1100","ICHEC-EC-EARTH","CCLM4-8-17",2069,"E Midlands",1,0,0,0,"ICHEC-EC-EARTH_CCLM4-8-17","ICHEC-EC-EARTH.01"
"1101","ICHEC-EC-EARTH","CCLM4-8-17",2070,"E Midlands",1,0,0,0,"ICHEC-EC-EARTH_CCLM4-8-17","ICHEC-EC-EARTH.01"
"1102","ICHEC-EC-EARTH","CCLM4-8-17",2071,"E Midlands",1,0,0,0,"ICHEC-EC-EARTH_CCLM4-8-17","ICHEC-EC-EARTH.01"
"1103","ICHEC-EC-EARTH","CCLM4-8-17",2072,"E Midlands",1,0,0,0,"ICHEC-EC-EARTH_CCLM4-8-17","ICHEC-EC-EARTH.01"
"1104","ICHEC-EC-EARTH","CCLM4-8-17",2073,"E Midlands",1,0,0,0,"ICHEC-EC-EARTH_CCLM4-8-17","ICHEC-EC-EARTH.01"
"1105","ICHEC-EC-EARTH","CCLM4-8-17",2074,"E Midlands",1,0.0560747663551402,3,30.9539793862237,"ICHEC-EC-EARTH_CCLM4-8-17","ICHEC-EC-EARTH.01"
"1106","ICHEC-EC-EARTH","CCLM4-8-17",2075,"E Midlands",1,0,0,0,"ICHEC-EC-EARTH_CCLM4-8-17","ICHEC-EC-EARTH.01"
"1107","ICHEC-EC-EARTH","CCLM4-8-17",2076,"E Midlands",1,0,0,0,"ICHEC-EC-EARTH_CCLM4-8-17","ICHEC-EC-EARTH.01"
"1108","ICHEC-EC-EARTH","CCLM4-8-17",2077,"E Midlands",1,0,0,0,"ICHEC-EC-EARTH_CCLM4-8-17","ICHEC-EC-EARTH.01"
"1109","ICHEC-EC-EARTH","CCLM4-8-17",2078,"E Midlands",1,0.934579439252336,3.95,33.3187801396052,"ICHEC-EC-EARTH_CCLM4-8-17","ICHEC-EC-EARTH.01"
"1110","ICHEC-EC-EARTH","CCLM4-8-17",2079,"E Midlands",1,0.91588785046729,3.87755102040816,33.0181554815396,"ICHEC-EC-EARTH_CCLM4-8-17","ICHEC-EC-EARTH.01"
"1111","ICHEC-EC-EARTH","CCLM4-8-17",2080,"E Midlands",1,0,0,0,"ICHEC-EC-EARTH_CCLM4-8-17","ICHEC-EC-EARTH.01"
"1112","ICHEC-EC-EARTH","COSMO-crCLIM-v1-1",1980,"E Midlands",1,0,0,0,"ICHEC-EC-EARTH_COSMO-crCLIM-v1-1","ICHEC-EC-EARTH.02"
"1113","ICHEC-EC-EARTH","COSMO-crCLIM-v1-1",1981,"E Midlands",1,0,0,0,"ICHEC-EC-EARTH_COSMO-crCLIM-v1-1","ICHEC-EC-EARTH.02"
"1114","ICHEC-EC-EARTH","COSMO-crCLIM-v1-1",1982,"E Midlands",1,0,0,0,"ICHEC-EC-EARTH_COSMO-crCLIM-v1-1","ICHEC-EC-EARTH.02"
"1115","ICHEC-EC-EARTH","COSMO-crCLIM-v1-1",1983,"E Midlands",1,0,0,0,"ICHEC-EC-EARTH_COSMO-crCLIM-v1-1","ICHEC-EC-EARTH.02"
"1116","ICHEC-EC-EARTH","COSMO-crCLIM-v1-1",1984,"E Midlands",1,0,0,0,"ICHEC-EC-EARTH_COSMO-crCLIM-v1-1","ICHEC-EC-EARTH.02"
"1117","ICHEC-EC-EARTH","COSMO-crCLIM-v1-1",1985,"E Midlands",1,0,0,0,"ICHEC-EC-EARTH_COSMO-crCLIM-v1-1","ICHEC-EC-EARTH.02"
"1118","ICHEC-EC-EARTH","COSMO-crCLIM-v1-1",1986,"E Midlands",1,0,0,0,"ICHEC-EC-EARTH_COSMO-crCLIM-v1-1","ICHEC-EC-EARTH.02"
"1119","ICHEC-EC-EARTH","COSMO-crCLIM-v1-1",1987,"E Midlands",1,0,0,0,"ICHEC-EC-EARTH_COSMO-crCLIM-v1-1","ICHEC-EC-EARTH.02"
"1120","ICHEC-EC-EARTH","COSMO-crCLIM-v1-1",1988,"E Midlands",1,0,0,0,"ICHEC-EC-EARTH_COSMO-crCLIM-v1-1","ICHEC-EC-EARTH.02"
"1121","ICHEC-EC-EARTH","COSMO-crCLIM-v1-1",1989,"E Midlands",1,0,0,0,"ICHEC-EC-EARTH_COSMO-crCLIM-v1-1","ICHEC-EC-EARTH.02"
"1122","ICHEC-EC-EARTH","COSMO-crCLIM-v1-1",1990,"E Midlands",1,0,0,0,"ICHEC-EC-EARTH_COSMO-crCLIM-v1-1","ICHEC-EC-EARTH.02"
"1123","ICHEC-EC-EARTH","COSMO-crCLIM-v1-1",1991,"E Midlands",1,0,0,0,"ICHEC-EC-EARTH_COSMO-crCLIM-v1-1","ICHEC-EC-EARTH.02"
"1124","ICHEC-EC-EARTH","COSMO-crCLIM-v1-1",1992,"E Midlands",1,0,0,0,"ICHEC-EC-EARTH_COSMO-crCLIM-v1-1","ICHEC-EC-EARTH.02"
"1125","ICHEC-EC-EARTH","COSMO-crCLIM-v1-1",1993,"E Midlands",1,0,0,0,"ICHEC-EC-EARTH_COSMO-crCLIM-v1-1","ICHEC-EC-EARTH.02"
"1126","ICHEC-EC-EARTH","COSMO-crCLIM-v1-1",1994,"E Midlands",1,0,0,0,"ICHEC-EC-EARTH_COSMO-crCLIM-v1-1","ICHEC-EC-EARTH.02"
"1127","ICHEC-EC-EARTH","COSMO-crCLIM-v1-1",1995,"E Midlands",1,0,0,0,"ICHEC-EC-EARTH_COSMO-crCLIM-v1-1","ICHEC-EC-EARTH.02"
"1128","ICHEC-EC-EARTH","COSMO-crCLIM-v1-1",1996,"E Midlands",1,0,0,0,"ICHEC-EC-EARTH_COSMO-crCLIM-v1-1","ICHEC-EC-EARTH.02"
"1129","ICHEC-EC-EARTH","COSMO-crCLIM-v1-1",1997,"E Midlands",1,0,0,0,"ICHEC-EC-EARTH_COSMO-crCLIM-v1-1","ICHEC-EC-EARTH.02"
"1130","ICHEC-EC-EARTH","COSMO-crCLIM-v1-1",1998,"E Midlands",1,0,0,0,"ICHEC-EC-EARTH_COSMO-crCLIM-v1-1","ICHEC-EC-EARTH.02"
"1131","ICHEC-EC-EARTH","COSMO-crCLIM-v1-1",1999,"E Midlands",1,0.233644859813084,3,32.6315380605062,"ICHEC-EC-EARTH_COSMO-crCLIM-v1-1","ICHEC-EC-EARTH.02"
"1132","ICHEC-EC-EARTH","COSMO-crCLIM-v1-1",2000,"E Midlands",1,0,0,0,"ICHEC-EC-EARTH_COSMO-crCLIM-v1-1","ICHEC-EC-EARTH.02"
"1133","ICHEC-EC-EARTH","COSMO-crCLIM-v1-1",2001,"E Midlands",1,0,0,0,"ICHEC-EC-EARTH_COSMO-crCLIM-v1-1","ICHEC-EC-EARTH.02"
"1134","ICHEC-EC-EARTH","COSMO-crCLIM-v1-1",2002,"E Midlands",1,0,0,0,"ICHEC-EC-EARTH_COSMO-crCLIM-v1-1","ICHEC-EC-EARTH.02"
"1135","ICHEC-EC-EARTH","COSMO-crCLIM-v1-1",2003,"E Midlands",1,0,0,0,"ICHEC-EC-EARTH_COSMO-crCLIM-v1-1","ICHEC-EC-EARTH.02"
"1136","ICHEC-EC-EARTH","COSMO-crCLIM-v1-1",2004,"E Midlands",1,0,0,0,"ICHEC-EC-EARTH_COSMO-crCLIM-v1-1","ICHEC-EC-EARTH.02"
"1137","ICHEC-EC-EARTH","COSMO-crCLIM-v1-1",2005,"E Midlands",1,0,0,0,"ICHEC-EC-EARTH_COSMO-crCLIM-v1-1","ICHEC-EC-EARTH.02"
"1138","ICHEC-EC-EARTH","COSMO-crCLIM-v1-1",2006,"E Midlands",1,0,0,0,"ICHEC-EC-EARTH_COSMO-crCLIM-v1-1","ICHEC-EC-EARTH.02"
"1139","ICHEC-EC-EARTH","COSMO-crCLIM-v1-1",2007,"E Midlands",1,0,0,0,"ICHEC-EC-EARTH_COSMO-crCLIM-v1-1","ICHEC-EC-EARTH.02"
"1140","ICHEC-EC-EARTH","COSMO-crCLIM-v1-1",2008,"E Midlands",1,0,0,0,"ICHEC-EC-EARTH_COSMO-crCLIM-v1-1","ICHEC-EC-EARTH.02"
"1141","ICHEC-EC-EARTH","COSMO-crCLIM-v1-1",2009,"E Midlands",1,0,0,0,"ICHEC-EC-EARTH_COSMO-crCLIM-v1-1","ICHEC-EC-EARTH.02"
"1142","ICHEC-EC-EARTH","COSMO-crCLIM-v1-1",2010,"E Midlands",1,0,0,0,"ICHEC-EC-EARTH_COSMO-crCLIM-v1-1","ICHEC-EC-EARTH.02"
"1143","ICHEC-EC-EARTH","COSMO-crCLIM-v1-1",2011,"E Midlands",1,0,0,0,"ICHEC-EC-EARTH_COSMO-crCLIM-v1-1","ICHEC-EC-EARTH.02"
"1144","ICHEC-EC-EARTH","COSMO-crCLIM-v1-1",2012,"E Midlands",1,0,0,0,"ICHEC-EC-EARTH_COSMO-crCLIM-v1-1","ICHEC-EC-EARTH.02"
"1145","ICHEC-EC-EARTH","COSMO-crCLIM-v1-1",2013,"E Midlands",1,0,0,0,"ICHEC-EC-EARTH_COSMO-crCLIM-v1-1","ICHEC-EC-EARTH.02"
"1146","ICHEC-EC-EARTH","COSMO-crCLIM-v1-1",2014,"E Midlands",1,0,0,0,"ICHEC-EC-EARTH_COSMO-crCLIM-v1-1","ICHEC-EC-EARTH.02"
"1147","ICHEC-EC-EARTH","COSMO-crCLIM-v1-1",2015,"E Midlands",1,0,0,0,"ICHEC-EC-EARTH_COSMO-crCLIM-v1-1","ICHEC-EC-EARTH.02"
"1148","ICHEC-EC-EARTH","COSMO-crCLIM-v1-1",2016,"E Midlands",1,0,0,0,"ICHEC-EC-EARTH_COSMO-crCLIM-v1-1","ICHEC-EC-EARTH.02"
"1149","ICHEC-EC-EARTH","COSMO-crCLIM-v1-1",2017,"E Midlands",1,0,0,0,"ICHEC-EC-EARTH_COSMO-crCLIM-v1-1","ICHEC-EC-EARTH.02"
"1150","ICHEC-EC-EARTH","COSMO-crCLIM-v1-1",2018,"E Midlands",1,0,0,0,"ICHEC-EC-EARTH_COSMO-crCLIM-v1-1","ICHEC-EC-EARTH.02"
"1151","ICHEC-EC-EARTH","COSMO-crCLIM-v1-1",2019,"E Midlands",1,0,0,0,"ICHEC-EC-EARTH_COSMO-crCLIM-v1-1","ICHEC-EC-EARTH.02"
"1152","ICHEC-EC-EARTH","COSMO-crCLIM-v1-1",2020,"E Midlands",1,0,0,0,"ICHEC-EC-EARTH_COSMO-crCLIM-v1-1","ICHEC-EC-EARTH.02"
"1153","ICHEC-EC-EARTH","COSMO-crCLIM-v1-1",2021,"E Midlands",1,0,0,0,"ICHEC-EC-EARTH_COSMO-crCLIM-v1-1","ICHEC-EC-EARTH.02"
"1154","ICHEC-EC-EARTH","COSMO-crCLIM-v1-1",2022,"E Midlands",1,0,0,0,"ICHEC-EC-EARTH_COSMO-crCLIM-v1-1","ICHEC-EC-EARTH.02"
"1155","ICHEC-EC-EARTH","COSMO-crCLIM-v1-1",2023,"E Midlands",1,0,0,0,"ICHEC-EC-EARTH_COSMO-crCLIM-v1-1","ICHEC-EC-EARTH.02"
"1156","ICHEC-EC-EARTH","COSMO-crCLIM-v1-1",2024,"E Midlands",1,0,0,0,"ICHEC-EC-EARTH_COSMO-crCLIM-v1-1","ICHEC-EC-EARTH.02"
"1157","ICHEC-EC-EARTH","COSMO-crCLIM-v1-1",2025,"E Midlands",1,0,0,0,"ICHEC-EC-EARTH_COSMO-crCLIM-v1-1","ICHEC-EC-EARTH.02"
"1158","ICHEC-EC-EARTH","COSMO-crCLIM-v1-1",2026,"E Midlands",1,0,0,0,"ICHEC-EC-EARTH_COSMO-crCLIM-v1-1","ICHEC-EC-EARTH.02"
"1159","ICHEC-EC-EARTH","COSMO-crCLIM-v1-1",2027,"E Midlands",1,0,0,0,"ICHEC-EC-EARTH_COSMO-crCLIM-v1-1","ICHEC-EC-EARTH.02"
"1160","ICHEC-EC-EARTH","COSMO-crCLIM-v1-1",2028,"E Midlands",1,0,0,0,"ICHEC-EC-EARTH_COSMO-crCLIM-v1-1","ICHEC-EC-EARTH.02"
"1161","ICHEC-EC-EARTH","COSMO-crCLIM-v1-1",2029,"E Midlands",1,0,0,0,"ICHEC-EC-EARTH_COSMO-crCLIM-v1-1","ICHEC-EC-EARTH.02"
"1162","ICHEC-EC-EARTH","COSMO-crCLIM-v1-1",2030,"E Midlands",1,0,0,0,"ICHEC-EC-EARTH_COSMO-crCLIM-v1-1","ICHEC-EC-EARTH.02"
"1163","ICHEC-EC-EARTH","COSMO-crCLIM-v1-1",2031,"E Midlands",1,0,0,0,"ICHEC-EC-EARTH_COSMO-crCLIM-v1-1","ICHEC-EC-EARTH.02"
"1164","ICHEC-EC-EARTH","COSMO-crCLIM-v1-1",2032,"E Midlands",1,0,0,0,"ICHEC-EC-EARTH_COSMO-crCLIM-v1-1","ICHEC-EC-EARTH.02"
"1165","ICHEC-EC-EARTH","COSMO-crCLIM-v1-1",2033,"E Midlands",1,0,0,0,"ICHEC-EC-EARTH_COSMO-crCLIM-v1-1","ICHEC-EC-EARTH.02"
"1166","ICHEC-EC-EARTH","COSMO-crCLIM-v1-1",2034,"E Midlands",1,0,0,0,"ICHEC-EC-EARTH_COSMO-crCLIM-v1-1","ICHEC-EC-EARTH.02"
"1167","ICHEC-EC-EARTH","COSMO-crCLIM-v1-1",2035,"E Midlands",1,0,0,0,"ICHEC-EC-EARTH_COSMO-crCLIM-v1-1","ICHEC-EC-EARTH.02"
"1168","ICHEC-EC-EARTH","COSMO-crCLIM-v1-1",2036,"E Midlands",1,0,0,0,"ICHEC-EC-EARTH_COSMO-crCLIM-v1-1","ICHEC-EC-EARTH.02"
"1169","ICHEC-EC-EARTH","COSMO-crCLIM-v1-1",2037,"E Midlands",1,0,0,0,"ICHEC-EC-EARTH_COSMO-crCLIM-v1-1","ICHEC-EC-EARTH.02"
"1170","ICHEC-EC-EARTH","COSMO-crCLIM-v1-1",2038,"E Midlands",1,0,0,0,"ICHEC-EC-EARTH_COSMO-crCLIM-v1-1","ICHEC-EC-EARTH.02"
"1171","ICHEC-EC-EARTH","COSMO-crCLIM-v1-1",2039,"E Midlands",1,0,0,0,"ICHEC-EC-EARTH_COSMO-crCLIM-v1-1","ICHEC-EC-EARTH.02"
"1172","ICHEC-EC-EARTH","COSMO-crCLIM-v1-1",2040,"E Midlands",1,0,0,0,"ICHEC-EC-EARTH_COSMO-crCLIM-v1-1","ICHEC-EC-EARTH.02"
"1173","ICHEC-EC-EARTH","COSMO-crCLIM-v1-1",2041,"E Midlands",1,0,0,0,"ICHEC-EC-EARTH_COSMO-crCLIM-v1-1","ICHEC-EC-EARTH.02"
"1174","ICHEC-EC-EARTH","COSMO-crCLIM-v1-1",2042,"E Midlands",1,0.747663551401869,3.0375,33.733041125536,"ICHEC-EC-EARTH_COSMO-crCLIM-v1-1","ICHEC-EC-EARTH.02"
"1175","ICHEC-EC-EARTH","COSMO-crCLIM-v1-1",2043,"E Midlands",1,0,0,0,"ICHEC-EC-EARTH_COSMO-crCLIM-v1-1","ICHEC-EC-EARTH.02"
"1176","ICHEC-EC-EARTH","COSMO-crCLIM-v1-1",2044,"E Midlands",1,0,0,0,"ICHEC-EC-EARTH_COSMO-crCLIM-v1-1","ICHEC-EC-EARTH.02"
"1177","ICHEC-EC-EARTH","COSMO-crCLIM-v1-1",2045,"E Midlands",1,0,0,0,"ICHEC-EC-EARTH_COSMO-crCLIM-v1-1","ICHEC-EC-EARTH.02"
"1178","ICHEC-EC-EARTH","COSMO-crCLIM-v1-1",2046,"E Midlands",1,0,0,0,"ICHEC-EC-EARTH_COSMO-crCLIM-v1-1","ICHEC-EC-EARTH.02"
"1179","ICHEC-EC-EARTH","COSMO-crCLIM-v1-1",2047,"E Midlands",1,0,0,0,"ICHEC-EC-EARTH_COSMO-crCLIM-v1-1","ICHEC-EC-EARTH.02"
"1180","ICHEC-EC-EARTH","COSMO-crCLIM-v1-1",2048,"E Midlands",1,0,0,0,"ICHEC-EC-EARTH_COSMO-crCLIM-v1-1","ICHEC-EC-EARTH.02"
"1181","ICHEC-EC-EARTH","COSMO-crCLIM-v1-1",2049,"E Midlands",1,0,0,0,"ICHEC-EC-EARTH_COSMO-crCLIM-v1-1","ICHEC-EC-EARTH.02"
"1182","ICHEC-EC-EARTH","COSMO-crCLIM-v1-1",2050,"E Midlands",1,0,0,0,"ICHEC-EC-EARTH_COSMO-crCLIM-v1-1","ICHEC-EC-EARTH.02"
"1183","ICHEC-EC-EARTH","COSMO-crCLIM-v1-1",2051,"E Midlands",1,0,0,0,"ICHEC-EC-EARTH_COSMO-crCLIM-v1-1","ICHEC-EC-EARTH.02"
"1184","ICHEC-EC-EARTH","COSMO-crCLIM-v1-1",2052,"E Midlands",1,0,0,0,"ICHEC-EC-EARTH_COSMO-crCLIM-v1-1","ICHEC-EC-EARTH.02"
"1185","ICHEC-EC-EARTH","COSMO-crCLIM-v1-1",2053,"E Midlands",1,0,0,0,"ICHEC-EC-EARTH_COSMO-crCLIM-v1-1","ICHEC-EC-EARTH.02"
"1186","ICHEC-EC-EARTH","COSMO-crCLIM-v1-1",2054,"E Midlands",1,0,0,0,"ICHEC-EC-EARTH_COSMO-crCLIM-v1-1","ICHEC-EC-EARTH.02"
"1187","ICHEC-EC-EARTH","COSMO-crCLIM-v1-1",2055,"E Midlands",1,0,0,0,"ICHEC-EC-EARTH_COSMO-crCLIM-v1-1","ICHEC-EC-EARTH.02"
"1188","ICHEC-EC-EARTH","COSMO-crCLIM-v1-1",2056,"E Midlands",1,0,0,0,"ICHEC-EC-EARTH_COSMO-crCLIM-v1-1","ICHEC-EC-EARTH.02"
"1189","ICHEC-EC-EARTH","COSMO-crCLIM-v1-1",2057,"E Midlands",1,0,0,0,"ICHEC-EC-EARTH_COSMO-crCLIM-v1-1","ICHEC-EC-EARTH.02"
"1190","ICHEC-EC-EARTH","COSMO-crCLIM-v1-1",2058,"E Midlands",1,0,0,0,"ICHEC-EC-EARTH_COSMO-crCLIM-v1-1","ICHEC-EC-EARTH.02"
"1191","ICHEC-EC-EARTH","COSMO-crCLIM-v1-1",2059,"E Midlands",1,0,0,0,"ICHEC-EC-EARTH_COSMO-crCLIM-v1-1","ICHEC-EC-EARTH.02"
"1192","ICHEC-EC-EARTH","COSMO-crCLIM-v1-1",2060,"E Midlands",1,0,0,0,"ICHEC-EC-EARTH_COSMO-crCLIM-v1-1","ICHEC-EC-EARTH.02"
"1193","ICHEC-EC-EARTH","COSMO-crCLIM-v1-1",2061,"E Midlands",1,0,0,0,"ICHEC-EC-EARTH_COSMO-crCLIM-v1-1","ICHEC-EC-EARTH.02"
"1194","ICHEC-EC-EARTH","COSMO-crCLIM-v1-1",2062,"E Midlands",1,0,0,0,"ICHEC-EC-EARTH_COSMO-crCLIM-v1-1","ICHEC-EC-EARTH.02"
"1195","ICHEC-EC-EARTH","COSMO-crCLIM-v1-1",2063,"E Midlands",1,0,0,0,"ICHEC-EC-EARTH_COSMO-crCLIM-v1-1","ICHEC-EC-EARTH.02"
"1196","ICHEC-EC-EARTH","COSMO-crCLIM-v1-1",2064,"E Midlands",1,0,0,0,"ICHEC-EC-EARTH_COSMO-crCLIM-v1-1","ICHEC-EC-EARTH.02"
"1197","ICHEC-EC-EARTH","COSMO-crCLIM-v1-1",2065,"E Midlands",1,0,0,0,"ICHEC-EC-EARTH_COSMO-crCLIM-v1-1","ICHEC-EC-EARTH.02"
"1198","ICHEC-EC-EARTH","COSMO-crCLIM-v1-1",2066,"E Midlands",1,0,0,0,"ICHEC-EC-EARTH_COSMO-crCLIM-v1-1","ICHEC-EC-EARTH.02"
"1199","ICHEC-EC-EARTH","COSMO-crCLIM-v1-1",2067,"E Midlands",1,0,0,0,"ICHEC-EC-EARTH_COSMO-crCLIM-v1-1","ICHEC-EC-EARTH.02"
"1200","ICHEC-EC-EARTH","COSMO-crCLIM-v1-1",2068,"E Midlands",1,0,0,0,"ICHEC-EC-EARTH_COSMO-crCLIM-v1-1","ICHEC-EC-EARTH.02"
"1201","ICHEC-EC-EARTH","COSMO-crCLIM-v1-1",2069,"E Midlands",1,0,0,0,"ICHEC-EC-EARTH_COSMO-crCLIM-v1-1","ICHEC-EC-EARTH.02"
"1202","ICHEC-EC-EARTH","COSMO-crCLIM-v1-1",2070,"E Midlands",1,0,0,0,"ICHEC-EC-EARTH_COSMO-crCLIM-v1-1","ICHEC-EC-EARTH.02"
"1203","ICHEC-EC-EARTH","COSMO-crCLIM-v1-1",2071,"E Midlands",1,0,0,0,"ICHEC-EC-EARTH_COSMO-crCLIM-v1-1","ICHEC-EC-EARTH.02"
"1204","ICHEC-EC-EARTH","COSMO-crCLIM-v1-1",2072,"E Midlands",1,0,0,0,"ICHEC-EC-EARTH_COSMO-crCLIM-v1-1","ICHEC-EC-EARTH.02"
"1205","ICHEC-EC-EARTH","COSMO-crCLIM-v1-1",2073,"E Midlands",1,0,0,0,"ICHEC-EC-EARTH_COSMO-crCLIM-v1-1","ICHEC-EC-EARTH.02"
"1206","ICHEC-EC-EARTH","COSMO-crCLIM-v1-1",2074,"E Midlands",1,0,0,0,"ICHEC-EC-EARTH_COSMO-crCLIM-v1-1","ICHEC-EC-EARTH.02"
"1207","ICHEC-EC-EARTH","COSMO-crCLIM-v1-1",2075,"E Midlands",1,0,0,0,"ICHEC-EC-EARTH_COSMO-crCLIM-v1-1","ICHEC-EC-EARTH.02"
"1208","ICHEC-EC-EARTH","COSMO-crCLIM-v1-1",2076,"E Midlands",1,0,0,0,"ICHEC-EC-EARTH_COSMO-crCLIM-v1-1","ICHEC-EC-EARTH.02"
"1209","ICHEC-EC-EARTH","COSMO-crCLIM-v1-1",2077,"E Midlands",1,0,0,0,"ICHEC-EC-EARTH_COSMO-crCLIM-v1-1","ICHEC-EC-EARTH.02"
"1210","ICHEC-EC-EARTH","COSMO-crCLIM-v1-1",2078,"E Midlands",1,0,0,0,"ICHEC-EC-EARTH_COSMO-crCLIM-v1-1","ICHEC-EC-EARTH.02"
"1211","ICHEC-EC-EARTH","COSMO-crCLIM-v1-1",2079,"E Midlands",1,0.261682242990654,4.71428571428571,32.4914141842297,"ICHEC-EC-EARTH_COSMO-crCLIM-v1-1","ICHEC-EC-EARTH.02"
"1212","ICHEC-EC-EARTH","COSMO-crCLIM-v1-1",2080,"E Midlands",1,0,0,0,"ICHEC-EC-EARTH_COSMO-crCLIM-v1-1","ICHEC-EC-EARTH.02"
"1213","ICHEC-EC-EARTH","COSMO-crCLIM-v1-1",1980,"E Midlands",1,0,0,0,"ICHEC-EC-EARTH_COSMO-crCLIM-v1-1","ICHEC-EC-EARTH.02"
"1214","ICHEC-EC-EARTH","COSMO-crCLIM-v1-1",1981,"E Midlands",1,0,0,0,"ICHEC-EC-EARTH_COSMO-crCLIM-v1-1","ICHEC-EC-EARTH.02"
"1215","ICHEC-EC-EARTH","COSMO-crCLIM-v1-1",1982,"E Midlands",1,0,0,0,"ICHEC-EC-EARTH_COSMO-crCLIM-v1-1","ICHEC-EC-EARTH.02"
"1216","ICHEC-EC-EARTH","COSMO-crCLIM-v1-1",1983,"E Midlands",1,0,0,0,"ICHEC-EC-EARTH_COSMO-crCLIM-v1-1","ICHEC-EC-EARTH.02"
"1217","ICHEC-EC-EARTH","COSMO-crCLIM-v1-1",1984,"E Midlands",1,0,0,0,"ICHEC-EC-EARTH_COSMO-crCLIM-v1-1","ICHEC-EC-EARTH.02"
"1218","ICHEC-EC-EARTH","COSMO-crCLIM-v1-1",1985,"E Midlands",1,0,0,0,"ICHEC-EC-EARTH_COSMO-crCLIM-v1-1","ICHEC-EC-EARTH.02"
"1219","ICHEC-EC-EARTH","COSMO-crCLIM-v1-1",1986,"E Midlands",1,0,0,0,"ICHEC-EC-EARTH_COSMO-crCLIM-v1-1","ICHEC-EC-EARTH.02"
"1220","ICHEC-EC-EARTH","COSMO-crCLIM-v1-1",1987,"E Midlands",1,0,0,0,"ICHEC-EC-EARTH_COSMO-crCLIM-v1-1","ICHEC-EC-EARTH.02"
"1221","ICHEC-EC-EARTH","COSMO-crCLIM-v1-1",1988,"E Midlands",1,0,0,0,"ICHEC-EC-EARTH_COSMO-crCLIM-v1-1","ICHEC-EC-EARTH.02"
"1222","ICHEC-EC-EARTH","COSMO-crCLIM-v1-1",1989,"E Midlands",1,0,0,0,"ICHEC-EC-EARTH_COSMO-crCLIM-v1-1","ICHEC-EC-EARTH.02"
"1223","ICHEC-EC-EARTH","COSMO-crCLIM-v1-1",1990,"E Midlands",1,0,0,0,"ICHEC-EC-EARTH_COSMO-crCLIM-v1-1","ICHEC-EC-EARTH.02"
"1224","ICHEC-EC-EARTH","COSMO-crCLIM-v1-1",1991,"E Midlands",1,0,0,0,"ICHEC-EC-EARTH_COSMO-crCLIM-v1-1","ICHEC-EC-EARTH.02"
"1225","ICHEC-EC-EARTH","COSMO-crCLIM-v1-1",1992,"E Midlands",1,0,0,0,"ICHEC-EC-EARTH_COSMO-crCLIM-v1-1","ICHEC-EC-EARTH.02"
"1226","ICHEC-EC-EARTH","COSMO-crCLIM-v1-1",1993,"E Midlands",1,0,0,0,"ICHEC-EC-EARTH_COSMO-crCLIM-v1-1","ICHEC-EC-EARTH.02"
"1227","ICHEC-EC-EARTH","COSMO-crCLIM-v1-1",1994,"E Midlands",1,0,0,0,"ICHEC-EC-EARTH_COSMO-crCLIM-v1-1","ICHEC-EC-EARTH.02"
"1228","ICHEC-EC-EARTH","COSMO-crCLIM-v1-1",1995,"E Midlands",1,0,0,0,"ICHEC-EC-EARTH_COSMO-crCLIM-v1-1","ICHEC-EC-EARTH.02"
"1229","ICHEC-EC-EARTH","COSMO-crCLIM-v1-1",1996,"E Midlands",1,0,0,0,"ICHEC-EC-EARTH_COSMO-crCLIM-v1-1","ICHEC-EC-EARTH.02"
"1230","ICHEC-EC-EARTH","COSMO-crCLIM-v1-1",1997,"E Midlands",1,0,0,0,"ICHEC-EC-EARTH_COSMO-crCLIM-v1-1","ICHEC-EC-EARTH.02"
"1231","ICHEC-EC-EARTH","COSMO-crCLIM-v1-1",1998,"E Midlands",1,0,0,0,"ICHEC-EC-EARTH_COSMO-crCLIM-v1-1","ICHEC-EC-EARTH.02"
"1232","ICHEC-EC-EARTH","COSMO-crCLIM-v1-1",1999,"E Midlands",1,0,0,0,"ICHEC-EC-EARTH_COSMO-crCLIM-v1-1","ICHEC-EC-EARTH.02"
"1233","ICHEC-EC-EARTH","COSMO-crCLIM-v1-1",2000,"E Midlands",1,0,0,0,"ICHEC-EC-EARTH_COSMO-crCLIM-v1-1","ICHEC-EC-EARTH.02"
"1234","ICHEC-EC-EARTH","COSMO-crCLIM-v1-1",2001,"E Midlands",1,0,0,0,"ICHEC-EC-EARTH_COSMO-crCLIM-v1-1","ICHEC-EC-EARTH.02"
"1235","ICHEC-EC-EARTH","COSMO-crCLIM-v1-1",2002,"E Midlands",1,0,0,0,"ICHEC-EC-EARTH_COSMO-crCLIM-v1-1","ICHEC-EC-EARTH.02"
"1236","ICHEC-EC-EARTH","COSMO-crCLIM-v1-1",2003,"E Midlands",1,0,0,0,"ICHEC-EC-EARTH_COSMO-crCLIM-v1-1","ICHEC-EC-EARTH.02"
"1237","ICHEC-EC-EARTH","COSMO-crCLIM-v1-1",2004,"E Midlands",1,0,0,0,"ICHEC-EC-EARTH_COSMO-crCLIM-v1-1","ICHEC-EC-EARTH.02"
"1238","ICHEC-EC-EARTH","COSMO-crCLIM-v1-1",2005,"E Midlands",1,0,0,0,"ICHEC-EC-EARTH_COSMO-crCLIM-v1-1","ICHEC-EC-EARTH.02"
"1239","ICHEC-EC-EARTH","COSMO-crCLIM-v1-1",2006,"E Midlands",1,0,0,0,"ICHEC-EC-EARTH_COSMO-crCLIM-v1-1","ICHEC-EC-EARTH.02"
"1240","ICHEC-EC-EARTH","COSMO-crCLIM-v1-1",2007,"E Midlands",1,0.551401869158878,4.08474576271186,32.3162345506377,"ICHEC-EC-EARTH_COSMO-crCLIM-v1-1","ICHEC-EC-EARTH.02"
"1241","ICHEC-EC-EARTH","COSMO-crCLIM-v1-1",2008,"E Midlands",1,0,0,0,"ICHEC-EC-EARTH_COSMO-crCLIM-v1-1","ICHEC-EC-EARTH.02"
"1242","ICHEC-EC-EARTH","COSMO-crCLIM-v1-1",2009,"E Midlands",1,0,0,0,"ICHEC-EC-EARTH_COSMO-crCLIM-v1-1","ICHEC-EC-EARTH.02"
"1243","ICHEC-EC-EARTH","COSMO-crCLIM-v1-1",2010,"E Midlands",1,0,0,0,"ICHEC-EC-EARTH_COSMO-crCLIM-v1-1","ICHEC-EC-EARTH.02"
"1244","ICHEC-EC-EARTH","COSMO-crCLIM-v1-1",2011,"E Midlands",1,0,0,0,"ICHEC-EC-EARTH_COSMO-crCLIM-v1-1","ICHEC-EC-EARTH.02"
"1245","ICHEC-EC-EARTH","COSMO-crCLIM-v1-1",2012,"E Midlands",1,0,0,0,"ICHEC-EC-EARTH_COSMO-crCLIM-v1-1","ICHEC-EC-EARTH.02"
"1246","ICHEC-EC-EARTH","COSMO-crCLIM-v1-1",2013,"E Midlands",1,0,0,0,"ICHEC-EC-EARTH_COSMO-crCLIM-v1-1","ICHEC-EC-EARTH.02"
"1247","ICHEC-EC-EARTH","COSMO-crCLIM-v1-1",2014,"E Midlands",1,0,0,0,"ICHEC-EC-EARTH_COSMO-crCLIM-v1-1","ICHEC-EC-EARTH.02"
"1248","ICHEC-EC-EARTH","COSMO-crCLIM-v1-1",2015,"E Midlands",1,0,0,0,"ICHEC-EC-EARTH_COSMO-crCLIM-v1-1","ICHEC-EC-EARTH.02"
"1249","ICHEC-EC-EARTH","COSMO-crCLIM-v1-1",2016,"E Midlands",1,0,0,0,"ICHEC-EC-EARTH_COSMO-crCLIM-v1-1","ICHEC-EC-EARTH.02"
"1250","ICHEC-EC-EARTH","COSMO-crCLIM-v1-1",2017,"E Midlands",1,0,0,0,"ICHEC-EC-EARTH_COSMO-crCLIM-v1-1","ICHEC-EC-EARTH.02"
"1251","ICHEC-EC-EARTH","COSMO-crCLIM-v1-1",2018,"E Midlands",1,0,0,0,"ICHEC-EC-EARTH_COSMO-crCLIM-v1-1","ICHEC-EC-EARTH.02"
"1252","ICHEC-EC-EARTH","COSMO-crCLIM-v1-1",2019,"E Midlands",1,0,0,0,"ICHEC-EC-EARTH_COSMO-crCLIM-v1-1","ICHEC-EC-EARTH.02"
"1253","ICHEC-EC-EARTH","COSMO-crCLIM-v1-1",2020,"E Midlands",1,0,0,0,"ICHEC-EC-EARTH_COSMO-crCLIM-v1-1","ICHEC-EC-EARTH.02"
"1254","ICHEC-EC-EARTH","COSMO-crCLIM-v1-1",2021,"E Midlands",1,0,0,0,"ICHEC-EC-EARTH_COSMO-crCLIM-v1-1","ICHEC-EC-EARTH.02"
"1255","ICHEC-EC-EARTH","COSMO-crCLIM-v1-1",2022,"E Midlands",1,0,0,0,"ICHEC-EC-EARTH_COSMO-crCLIM-v1-1","ICHEC-EC-EARTH.02"
"1256","ICHEC-EC-EARTH","COSMO-crCLIM-v1-1",2023,"E Midlands",1,0,0,0,"ICHEC-EC-EARTH_COSMO-crCLIM-v1-1","ICHEC-EC-EARTH.02"
"1257","ICHEC-EC-EARTH","COSMO-crCLIM-v1-1",2024,"E Midlands",1,0,0,0,"ICHEC-EC-EARTH_COSMO-crCLIM-v1-1","ICHEC-EC-EARTH.02"
"1258","ICHEC-EC-EARTH","COSMO-crCLIM-v1-1",2025,"E Midlands",1,0,0,0,"ICHEC-EC-EARTH_COSMO-crCLIM-v1-1","ICHEC-EC-EARTH.02"
"1259","ICHEC-EC-EARTH","COSMO-crCLIM-v1-1",2026,"E Midlands",1,0,0,0,"ICHEC-EC-EARTH_COSMO-crCLIM-v1-1","ICHEC-EC-EARTH.02"
"1260","ICHEC-EC-EARTH","COSMO-crCLIM-v1-1",2027,"E Midlands",1,0,0,0,"ICHEC-EC-EARTH_COSMO-crCLIM-v1-1","ICHEC-EC-EARTH.02"
"1261","ICHEC-EC-EARTH","COSMO-crCLIM-v1-1",2028,"E Midlands",1,0,0,0,"ICHEC-EC-EARTH_COSMO-crCLIM-v1-1","ICHEC-EC-EARTH.02"
"1262","ICHEC-EC-EARTH","COSMO-crCLIM-v1-1",2029,"E Midlands",1,0,0,0,"ICHEC-EC-EARTH_COSMO-crCLIM-v1-1","ICHEC-EC-EARTH.02"
"1263","ICHEC-EC-EARTH","COSMO-crCLIM-v1-1",2030,"E Midlands",1,0,0,0,"ICHEC-EC-EARTH_COSMO-crCLIM-v1-1","ICHEC-EC-EARTH.02"
"1264","ICHEC-EC-EARTH","COSMO-crCLIM-v1-1",2031,"E Midlands",1,0,0,0,"ICHEC-EC-EARTH_COSMO-crCLIM-v1-1","ICHEC-EC-EARTH.02"
"1265","ICHEC-EC-EARTH","COSMO-crCLIM-v1-1",2032,"E Midlands",1,0,0,0,"ICHEC-EC-EARTH_COSMO-crCLIM-v1-1","ICHEC-EC-EARTH.02"
"1266","ICHEC-EC-EARTH","COSMO-crCLIM-v1-1",2033,"E Midlands",1,0,0,0,"ICHEC-EC-EARTH_COSMO-crCLIM-v1-1","ICHEC-EC-EARTH.02"
"1267","ICHEC-EC-EARTH","COSMO-crCLIM-v1-1",2034,"E Midlands",1,0,0,0,"ICHEC-EC-EARTH_COSMO-crCLIM-v1-1","ICHEC-EC-EARTH.02"
"1268","ICHEC-EC-EARTH","COSMO-crCLIM-v1-1",2035,"E Midlands",1,0,0,0,"ICHEC-EC-EARTH_COSMO-crCLIM-v1-1","ICHEC-EC-EARTH.02"
"1269","ICHEC-EC-EARTH","COSMO-crCLIM-v1-1",2036,"E Midlands",1,0,0,0,"ICHEC-EC-EARTH_COSMO-crCLIM-v1-1","ICHEC-EC-EARTH.02"
"1270","ICHEC-EC-EARTH","COSMO-crCLIM-v1-1",2037,"E Midlands",1,0,0,0,"ICHEC-EC-EARTH_COSMO-crCLIM-v1-1","ICHEC-EC-EARTH.02"
"1271","ICHEC-EC-EARTH","COSMO-crCLIM-v1-1",2038,"E Midlands",1,0,0,0,"ICHEC-EC-EARTH_COSMO-crCLIM-v1-1","ICHEC-EC-EARTH.02"
"1272","ICHEC-EC-EARTH","COSMO-crCLIM-v1-1",2039,"E Midlands",1,0,0,0,"ICHEC-EC-EARTH_COSMO-crCLIM-v1-1","ICHEC-EC-EARTH.02"
"1273","ICHEC-EC-EARTH","COSMO-crCLIM-v1-1",2040,"E Midlands",1,0,0,0,"ICHEC-EC-EARTH_COSMO-crCLIM-v1-1","ICHEC-EC-EARTH.02"
"1274","ICHEC-EC-EARTH","COSMO-crCLIM-v1-1",2041,"E Midlands",1,0,0,0,"ICHEC-EC-EARTH_COSMO-crCLIM-v1-1","ICHEC-EC-EARTH.02"
"1275","ICHEC-EC-EARTH","COSMO-crCLIM-v1-1",2042,"E Midlands",1,0,0,0,"ICHEC-EC-EARTH_COSMO-crCLIM-v1-1","ICHEC-EC-EARTH.02"
"1276","ICHEC-EC-EARTH","COSMO-crCLIM-v1-1",2043,"E Midlands",1,0,0,0,"ICHEC-EC-EARTH_COSMO-crCLIM-v1-1","ICHEC-EC-EARTH.02"
"1277","ICHEC-EC-EARTH","COSMO-crCLIM-v1-1",2044,"E Midlands",1,0,0,0,"ICHEC-EC-EARTH_COSMO-crCLIM-v1-1","ICHEC-EC-EARTH.02"
"1278","ICHEC-EC-EARTH","COSMO-crCLIM-v1-1",2045,"E Midlands",1,0,0,0,"ICHEC-EC-EARTH_COSMO-crCLIM-v1-1","ICHEC-EC-EARTH.02"
"1279","ICHEC-EC-EARTH","COSMO-crCLIM-v1-1",2046,"E Midlands",1,0,0,0,"ICHEC-EC-EARTH_COSMO-crCLIM-v1-1","ICHEC-EC-EARTH.02"
"1280","ICHEC-EC-EARTH","COSMO-crCLIM-v1-1",2047,"E Midlands",1,0,0,0,"ICHEC-EC-EARTH_COSMO-crCLIM-v1-1","ICHEC-EC-EARTH.02"
"1281","ICHEC-EC-EARTH","COSMO-crCLIM-v1-1",2048,"E Midlands",1,0,0,0,"ICHEC-EC-EARTH_COSMO-crCLIM-v1-1","ICHEC-EC-EARTH.02"
"1282","ICHEC-EC-EARTH","COSMO-crCLIM-v1-1",2049,"E Midlands",1,0,0,0,"ICHEC-EC-EARTH_COSMO-crCLIM-v1-1","ICHEC-EC-EARTH.02"
"1283","ICHEC-EC-EARTH","COSMO-crCLIM-v1-1",2050,"E Midlands",1,0,0,0,"ICHEC-EC-EARTH_COSMO-crCLIM-v1-1","ICHEC-EC-EARTH.02"
"1284","ICHEC-EC-EARTH","COSMO-crCLIM-v1-1",2051,"E Midlands",1,0,0,0,"ICHEC-EC-EARTH_COSMO-crCLIM-v1-1","ICHEC-EC-EARTH.02"
"1285","ICHEC-EC-EARTH","COSMO-crCLIM-v1-1",2052,"E Midlands",1,0,0,0,"ICHEC-EC-EARTH_COSMO-crCLIM-v1-1","ICHEC-EC-EARTH.02"
"1286","ICHEC-EC-EARTH","COSMO-crCLIM-v1-1",2053,"E Midlands",1,0,0,0,"ICHEC-EC-EARTH_COSMO-crCLIM-v1-1","ICHEC-EC-EARTH.02"
"1287","ICHEC-EC-EARTH","COSMO-crCLIM-v1-1",2054,"E Midlands",1,0,0,0,"ICHEC-EC-EARTH_COSMO-crCLIM-v1-1","ICHEC-EC-EARTH.02"
"1288","ICHEC-EC-EARTH","COSMO-crCLIM-v1-1",2055,"E Midlands",1,0,0,0,"ICHEC-EC-EARTH_COSMO-crCLIM-v1-1","ICHEC-EC-EARTH.02"
"1289","ICHEC-EC-EARTH","COSMO-crCLIM-v1-1",2056,"E Midlands",1,0.616822429906542,3.21212121212121,31.6496370765898,"ICHEC-EC-EARTH_COSMO-crCLIM-v1-1","ICHEC-EC-EARTH.02"
"1290","ICHEC-EC-EARTH","COSMO-crCLIM-v1-1",2057,"E Midlands",1,0,0,0,"ICHEC-EC-EARTH_COSMO-crCLIM-v1-1","ICHEC-EC-EARTH.02"
"1291","ICHEC-EC-EARTH","COSMO-crCLIM-v1-1",2058,"E Midlands",1,0,0,0,"ICHEC-EC-EARTH_COSMO-crCLIM-v1-1","ICHEC-EC-EARTH.02"
"1292","ICHEC-EC-EARTH","COSMO-crCLIM-v1-1",2059,"E Midlands",1,0,0,0,"ICHEC-EC-EARTH_COSMO-crCLIM-v1-1","ICHEC-EC-EARTH.02"
"1293","ICHEC-EC-EARTH","COSMO-crCLIM-v1-1",2060,"E Midlands",1,0,0,0,"ICHEC-EC-EARTH_COSMO-crCLIM-v1-1","ICHEC-EC-EARTH.02"
"1294","ICHEC-EC-EARTH","COSMO-crCLIM-v1-1",2061,"E Midlands",1,0,0,0,"ICHEC-EC-EARTH_COSMO-crCLIM-v1-1","ICHEC-EC-EARTH.02"
"1295","ICHEC-EC-EARTH","COSMO-crCLIM-v1-1",2062,"E Midlands",1,0,0,0,"ICHEC-EC-EARTH_COSMO-crCLIM-v1-1","ICHEC-EC-EARTH.02"
"1296","ICHEC-EC-EARTH","COSMO-crCLIM-v1-1",2063,"E Midlands",1,0,0,0,"ICHEC-EC-EARTH_COSMO-crCLIM-v1-1","ICHEC-EC-EARTH.02"
"1297","ICHEC-EC-EARTH","COSMO-crCLIM-v1-1",2064,"E Midlands",1,0,0,0,"ICHEC-EC-EARTH_COSMO-crCLIM-v1-1","ICHEC-EC-EARTH.02"
"1298","ICHEC-EC-EARTH","COSMO-crCLIM-v1-1",2065,"E Midlands",1,0,0,0,"ICHEC-EC-EARTH_COSMO-crCLIM-v1-1","ICHEC-EC-EARTH.02"
"1299","ICHEC-EC-EARTH","COSMO-crCLIM-v1-1",2066,"E Midlands",1,0,0,0,"ICHEC-EC-EARTH_COSMO-crCLIM-v1-1","ICHEC-EC-EARTH.02"
"1300","ICHEC-EC-EARTH","COSMO-crCLIM-v1-1",2067,"E Midlands",1,0,0,0,"ICHEC-EC-EARTH_COSMO-crCLIM-v1-1","ICHEC-EC-EARTH.02"
"1301","ICHEC-EC-EARTH","COSMO-crCLIM-v1-1",2068,"E Midlands",1,0,0,0,"ICHEC-EC-EARTH_COSMO-crCLIM-v1-1","ICHEC-EC-EARTH.02"
"1302","ICHEC-EC-EARTH","COSMO-crCLIM-v1-1",2069,"E Midlands",1,0,0,0,"ICHEC-EC-EARTH_COSMO-crCLIM-v1-1","ICHEC-EC-EARTH.02"
"1303","ICHEC-EC-EARTH","COSMO-crCLIM-v1-1",2070,"E Midlands",1,0,0,0,"ICHEC-EC-EARTH_COSMO-crCLIM-v1-1","ICHEC-EC-EARTH.02"
"1304","ICHEC-EC-EARTH","COSMO-crCLIM-v1-1",2071,"E Midlands",1,0,0,0,"ICHEC-EC-EARTH_COSMO-crCLIM-v1-1","ICHEC-EC-EARTH.02"
"1305","ICHEC-EC-EARTH","COSMO-crCLIM-v1-1",2072,"E Midlands",1,1.91588785046729,5.01951219512195,32.223903361768,"ICHEC-EC-EARTH_COSMO-crCLIM-v1-1","ICHEC-EC-EARTH.02"
"1306","ICHEC-EC-EARTH","COSMO-crCLIM-v1-1",2073,"E Midlands",1,0,0,0,"ICHEC-EC-EARTH_COSMO-crCLIM-v1-1","ICHEC-EC-EARTH.02"
"1307","ICHEC-EC-EARTH","COSMO-crCLIM-v1-1",2074,"E Midlands",1,0,0,0,"ICHEC-EC-EARTH_COSMO-crCLIM-v1-1","ICHEC-EC-EARTH.02"
"1308","ICHEC-EC-EARTH","COSMO-crCLIM-v1-1",2075,"E Midlands",1,0.0747663551401869,3,30.6298236052195,"ICHEC-EC-EARTH_COSMO-crCLIM-v1-1","ICHEC-EC-EARTH.02"
"1309","ICHEC-EC-EARTH","COSMO-crCLIM-v1-1",2076,"E Midlands",1,0,0,0,"ICHEC-EC-EARTH_COSMO-crCLIM-v1-1","ICHEC-EC-EARTH.02"
"1310","ICHEC-EC-EARTH","COSMO-crCLIM-v1-1",2077,"E Midlands",1,0,0,0,"ICHEC-EC-EARTH_COSMO-crCLIM-v1-1","ICHEC-EC-EARTH.02"
"1311","ICHEC-EC-EARTH","COSMO-crCLIM-v1-1",2078,"E Midlands",1,0,0,0,"ICHEC-EC-EARTH_COSMO-crCLIM-v1-1","ICHEC-EC-EARTH.02"
"1312","ICHEC-EC-EARTH","COSMO-crCLIM-v1-1",2079,"E Midlands",1,0,0,0,"ICHEC-EC-EARTH_COSMO-crCLIM-v1-1","ICHEC-EC-EARTH.02"
"1313","ICHEC-EC-EARTH","COSMO-crCLIM-v1-1",2080,"E Midlands",1,0,0,0,"ICHEC-EC-EARTH_COSMO-crCLIM-v1-1","ICHEC-EC-EARTH.02"
"1314","ICHEC-EC-EARTH","COSMO-crCLIM-v1-1",1980,"E Midlands",1,0,0,0,"ICHEC-EC-EARTH_COSMO-crCLIM-v1-1","ICHEC-EC-EARTH.02"
"1315","ICHEC-EC-EARTH","COSMO-crCLIM-v1-1",1981,"E Midlands",1,0,0,0,"ICHEC-EC-EARTH_COSMO-crCLIM-v1-1","ICHEC-EC-EARTH.02"
"1316","ICHEC-EC-EARTH","COSMO-crCLIM-v1-1",1982,"E Midlands",1,0,0,0,"ICHEC-EC-EARTH_COSMO-crCLIM-v1-1","ICHEC-EC-EARTH.02"
"1317","ICHEC-EC-EARTH","COSMO-crCLIM-v1-1",1983,"E Midlands",1,0,0,0,"ICHEC-EC-EARTH_COSMO-crCLIM-v1-1","ICHEC-EC-EARTH.02"
"1318","ICHEC-EC-EARTH","COSMO-crCLIM-v1-1",1984,"E Midlands",1,0,0,0,"ICHEC-EC-EARTH_COSMO-crCLIM-v1-1","ICHEC-EC-EARTH.02"
"1319","ICHEC-EC-EARTH","COSMO-crCLIM-v1-1",1985,"E Midlands",1,0,0,0,"ICHEC-EC-EARTH_COSMO-crCLIM-v1-1","ICHEC-EC-EARTH.02"
"1320","ICHEC-EC-EARTH","COSMO-crCLIM-v1-1",1986,"E Midlands",1,0,0,0,"ICHEC-EC-EARTH_COSMO-crCLIM-v1-1","ICHEC-EC-EARTH.02"
"1321","ICHEC-EC-EARTH","COSMO-crCLIM-v1-1",1987,"E Midlands",1,0,0,0,"ICHEC-EC-EARTH_COSMO-crCLIM-v1-1","ICHEC-EC-EARTH.02"
"1322","ICHEC-EC-EARTH","COSMO-crCLIM-v1-1",1988,"E Midlands",1,0,0,0,"ICHEC-EC-EARTH_COSMO-crCLIM-v1-1","ICHEC-EC-EARTH.02"
"1323","ICHEC-EC-EARTH","COSMO-crCLIM-v1-1",1989,"E Midlands",1,0.0467289719626168,3,32.548592376709,"ICHEC-EC-EARTH_COSMO-crCLIM-v1-1","ICHEC-EC-EARTH.02"
"1324","ICHEC-EC-EARTH","COSMO-crCLIM-v1-1",1990,"E Midlands",1,0,0,0,"ICHEC-EC-EARTH_COSMO-crCLIM-v1-1","ICHEC-EC-EARTH.02"
"1325","ICHEC-EC-EARTH","COSMO-crCLIM-v1-1",1991,"E Midlands",1,0,0,0,"ICHEC-EC-EARTH_COSMO-crCLIM-v1-1","ICHEC-EC-EARTH.02"
"1326","ICHEC-EC-EARTH","COSMO-crCLIM-v1-1",1992,"E Midlands",1,0,0,0,"ICHEC-EC-EARTH_COSMO-crCLIM-v1-1","ICHEC-EC-EARTH.02"
"1327","ICHEC-EC-EARTH","COSMO-crCLIM-v1-1",1993,"E Midlands",1,0.196261682242991,3,32.4040931822762,"ICHEC-EC-EARTH_COSMO-crCLIM-v1-1","ICHEC-EC-EARTH.02"
"1328","ICHEC-EC-EARTH","COSMO-crCLIM-v1-1",1994,"E Midlands",1,0,0,0,"ICHEC-EC-EARTH_COSMO-crCLIM-v1-1","ICHEC-EC-EARTH.02"
"1329","ICHEC-EC-EARTH","COSMO-crCLIM-v1-1",1995,"E Midlands",1,0.0467289719626168,3,30.8118980407715,"ICHEC-EC-EARTH_COSMO-crCLIM-v1-1","ICHEC-EC-EARTH.02"
"1330","ICHEC-EC-EARTH","COSMO-crCLIM-v1-1",1996,"E Midlands",1,0,0,0,"ICHEC-EC-EARTH_COSMO-crCLIM-v1-1","ICHEC-EC-EARTH.02"
"1331","ICHEC-EC-EARTH","COSMO-crCLIM-v1-1",1997,"E Midlands",1,0,0,0,"ICHEC-EC-EARTH_COSMO-crCLIM-v1-1","ICHEC-EC-EARTH.02"
"1332","ICHEC-EC-EARTH","COSMO-crCLIM-v1-1",1998,"E Midlands",1,0,0,0,"ICHEC-EC-EARTH_COSMO-crCLIM-v1-1","ICHEC-EC-EARTH.02"
"1333","ICHEC-EC-EARTH","COSMO-crCLIM-v1-1",1999,"E Midlands",1,0,0,0,"ICHEC-EC-EARTH_COSMO-crCLIM-v1-1","ICHEC-EC-EARTH.02"
"1334","ICHEC-EC-EARTH","COSMO-crCLIM-v1-1",2000,"E Midlands",1,0,0,0,"ICHEC-EC-EARTH_COSMO-crCLIM-v1-1","ICHEC-EC-EARTH.02"
"1335","ICHEC-EC-EARTH","COSMO-crCLIM-v1-1",2001,"E Midlands",1,0,0,0,"ICHEC-EC-EARTH_COSMO-crCLIM-v1-1","ICHEC-EC-EARTH.02"
"1336","ICHEC-EC-EARTH","COSMO-crCLIM-v1-1",2002,"E Midlands",1,0,0,0,"ICHEC-EC-EARTH_COSMO-crCLIM-v1-1","ICHEC-EC-EARTH.02"
"1337","ICHEC-EC-EARTH","COSMO-crCLIM-v1-1",2003,"E Midlands",1,0,0,0,"ICHEC-EC-EARTH_COSMO-crCLIM-v1-1","ICHEC-EC-EARTH.02"
"1338","ICHEC-EC-EARTH","COSMO-crCLIM-v1-1",2004,"E Midlands",1,0,0,0,"ICHEC-EC-EARTH_COSMO-crCLIM-v1-1","ICHEC-EC-EARTH.02"
"1339","ICHEC-EC-EARTH","COSMO-crCLIM-v1-1",2005,"E Midlands",1,0,0,0,"ICHEC-EC-EARTH_COSMO-crCLIM-v1-1","ICHEC-EC-EARTH.02"
"1340","ICHEC-EC-EARTH","COSMO-crCLIM-v1-1",2006,"E Midlands",1,0,0,0,"ICHEC-EC-EARTH_COSMO-crCLIM-v1-1","ICHEC-EC-EARTH.02"
"1341","ICHEC-EC-EARTH","COSMO-crCLIM-v1-1",2007,"E Midlands",1,0,0,0,"ICHEC-EC-EARTH_COSMO-crCLIM-v1-1","ICHEC-EC-EARTH.02"
"1342","ICHEC-EC-EARTH","COSMO-crCLIM-v1-1",2008,"E Midlands",1,0,0,0,"ICHEC-EC-EARTH_COSMO-crCLIM-v1-1","ICHEC-EC-EARTH.02"
"1343","ICHEC-EC-EARTH","COSMO-crCLIM-v1-1",2009,"E Midlands",1,0,0,0,"ICHEC-EC-EARTH_COSMO-crCLIM-v1-1","ICHEC-EC-EARTH.02"
"1344","ICHEC-EC-EARTH","COSMO-crCLIM-v1-1",2010,"E Midlands",1,0,0,0,"ICHEC-EC-EARTH_COSMO-crCLIM-v1-1","ICHEC-EC-EARTH.02"
"1345","ICHEC-EC-EARTH","COSMO-crCLIM-v1-1",2011,"E Midlands",1,0,0,0,"ICHEC-EC-EARTH_COSMO-crCLIM-v1-1","ICHEC-EC-EARTH.02"
"1346","ICHEC-EC-EARTH","COSMO-crCLIM-v1-1",2012,"E Midlands",1,0,0,0,"ICHEC-EC-EARTH_COSMO-crCLIM-v1-1","ICHEC-EC-EARTH.02"
"1347","ICHEC-EC-EARTH","COSMO-crCLIM-v1-1",2013,"E Midlands",1,0,0,0,"ICHEC-EC-EARTH_COSMO-crCLIM-v1-1","ICHEC-EC-EARTH.02"
"1348","ICHEC-EC-EARTH","COSMO-crCLIM-v1-1",2014,"E Midlands",1,0,0,0,"ICHEC-EC-EARTH_COSMO-crCLIM-v1-1","ICHEC-EC-EARTH.02"
"1349","ICHEC-EC-EARTH","COSMO-crCLIM-v1-1",2015,"E Midlands",1,0,0,0,"ICHEC-EC-EARTH_COSMO-crCLIM-v1-1","ICHEC-EC-EARTH.02"
"1350","ICHEC-EC-EARTH","COSMO-crCLIM-v1-1",2016,"E Midlands",1,0,0,0,"ICHEC-EC-EARTH_COSMO-crCLIM-v1-1","ICHEC-EC-EARTH.02"
"1351","ICHEC-EC-EARTH","COSMO-crCLIM-v1-1",2017,"E Midlands",1,0,0,0,"ICHEC-EC-EARTH_COSMO-crCLIM-v1-1","ICHEC-EC-EARTH.02"
"1352","ICHEC-EC-EARTH","COSMO-crCLIM-v1-1",2018,"E Midlands",1,0,0,0,"ICHEC-EC-EARTH_COSMO-crCLIM-v1-1","ICHEC-EC-EARTH.02"
"1353","ICHEC-EC-EARTH","COSMO-crCLIM-v1-1",2019,"E Midlands",1,0,0,0,"ICHEC-EC-EARTH_COSMO-crCLIM-v1-1","ICHEC-EC-EARTH.02"
"1354","ICHEC-EC-EARTH","COSMO-crCLIM-v1-1",2020,"E Midlands",1,0,0,0,"ICHEC-EC-EARTH_COSMO-crCLIM-v1-1","ICHEC-EC-EARTH.02"
"1355","ICHEC-EC-EARTH","COSMO-crCLIM-v1-1",2021,"E Midlands",1,0,0,0,"ICHEC-EC-EARTH_COSMO-crCLIM-v1-1","ICHEC-EC-EARTH.02"
"1356","ICHEC-EC-EARTH","COSMO-crCLIM-v1-1",2022,"E Midlands",1,0,0,0,"ICHEC-EC-EARTH_COSMO-crCLIM-v1-1","ICHEC-EC-EARTH.02"
"1357","ICHEC-EC-EARTH","COSMO-crCLIM-v1-1",2023,"E Midlands",1,0,0,0,"ICHEC-EC-EARTH_COSMO-crCLIM-v1-1","ICHEC-EC-EARTH.02"
"1358","ICHEC-EC-EARTH","COSMO-crCLIM-v1-1",2024,"E Midlands",1,0,0,0,"ICHEC-EC-EARTH_COSMO-crCLIM-v1-1","ICHEC-EC-EARTH.02"
"1359","ICHEC-EC-EARTH","COSMO-crCLIM-v1-1",2025,"E Midlands",1,0,0,0,"ICHEC-EC-EARTH_COSMO-crCLIM-v1-1","ICHEC-EC-EARTH.02"
"1360","ICHEC-EC-EARTH","COSMO-crCLIM-v1-1",2026,"E Midlands",1,0,0,0,"ICHEC-EC-EARTH_COSMO-crCLIM-v1-1","ICHEC-EC-EARTH.02"
"1361","ICHEC-EC-EARTH","COSMO-crCLIM-v1-1",2027,"E Midlands",1,0,0,0,"ICHEC-EC-EARTH_COSMO-crCLIM-v1-1","ICHEC-EC-EARTH.02"
"1362","ICHEC-EC-EARTH","COSMO-crCLIM-v1-1",2028,"E Midlands",1,0,0,0,"ICHEC-EC-EARTH_COSMO-crCLIM-v1-1","ICHEC-EC-EARTH.02"
"1363","ICHEC-EC-EARTH","COSMO-crCLIM-v1-1",2029,"E Midlands",1,0,0,0,"ICHEC-EC-EARTH_COSMO-crCLIM-v1-1","ICHEC-EC-EARTH.02"
"1364","ICHEC-EC-EARTH","COSMO-crCLIM-v1-1",2030,"E Midlands",1,0,0,0,"ICHEC-EC-EARTH_COSMO-crCLIM-v1-1","ICHEC-EC-EARTH.02"
"1365","ICHEC-EC-EARTH","COSMO-crCLIM-v1-1",2031,"E Midlands",1,0,0,0,"ICHEC-EC-EARTH_COSMO-crCLIM-v1-1","ICHEC-EC-EARTH.02"
"1366","ICHEC-EC-EARTH","COSMO-crCLIM-v1-1",2032,"E Midlands",1,0,0,0,"ICHEC-EC-EARTH_COSMO-crCLIM-v1-1","ICHEC-EC-EARTH.02"
"1367","ICHEC-EC-EARTH","COSMO-crCLIM-v1-1",2033,"E Midlands",1,0,0,0,"ICHEC-EC-EARTH_COSMO-crCLIM-v1-1","ICHEC-EC-EARTH.02"
"1368","ICHEC-EC-EARTH","COSMO-crCLIM-v1-1",2034,"E Midlands",1,0,0,0,"ICHEC-EC-EARTH_COSMO-crCLIM-v1-1","ICHEC-EC-EARTH.02"
"1369","ICHEC-EC-EARTH","COSMO-crCLIM-v1-1",2035,"E Midlands",1,0,0,0,"ICHEC-EC-EARTH_COSMO-crCLIM-v1-1","ICHEC-EC-EARTH.02"
"1370","ICHEC-EC-EARTH","COSMO-crCLIM-v1-1",2036,"E Midlands",1,0.654205607476635,4.88571428571429,32.4414983106362,"ICHEC-EC-EARTH_COSMO-crCLIM-v1-1","ICHEC-EC-EARTH.02"
"1371","ICHEC-EC-EARTH","COSMO-crCLIM-v1-1",2037,"E Midlands",1,0,0,0,"ICHEC-EC-EARTH_COSMO-crCLIM-v1-1","ICHEC-EC-EARTH.02"
"1372","ICHEC-EC-EARTH","COSMO-crCLIM-v1-1",2038,"E Midlands",1,0,0,0,"ICHEC-EC-EARTH_COSMO-crCLIM-v1-1","ICHEC-EC-EARTH.02"
"1373","ICHEC-EC-EARTH","COSMO-crCLIM-v1-1",2039,"E Midlands",1,0,0,0,"ICHEC-EC-EARTH_COSMO-crCLIM-v1-1","ICHEC-EC-EARTH.02"
"1374","ICHEC-EC-EARTH","COSMO-crCLIM-v1-1",2040,"E Midlands",1,0,0,0,"ICHEC-EC-EARTH_COSMO-crCLIM-v1-1","ICHEC-EC-EARTH.02"
"1375","ICHEC-EC-EARTH","COSMO-crCLIM-v1-1",2041,"E Midlands",1,0,0,0,"ICHEC-EC-EARTH_COSMO-crCLIM-v1-1","ICHEC-EC-EARTH.02"
"1376","ICHEC-EC-EARTH","COSMO-crCLIM-v1-1",2042,"E Midlands",1,0,0,0,"ICHEC-EC-EARTH_COSMO-crCLIM-v1-1","ICHEC-EC-EARTH.02"
"1377","ICHEC-EC-EARTH","COSMO-crCLIM-v1-1",2043,"E Midlands",1,0,0,0,"ICHEC-EC-EARTH_COSMO-crCLIM-v1-1","ICHEC-EC-EARTH.02"
"1378","ICHEC-EC-EARTH","COSMO-crCLIM-v1-1",2044,"E Midlands",1,0,0,0,"ICHEC-EC-EARTH_COSMO-crCLIM-v1-1","ICHEC-EC-EARTH.02"
"1379","ICHEC-EC-EARTH","COSMO-crCLIM-v1-1",2045,"E Midlands",1,0,0,0,"ICHEC-EC-EARTH_COSMO-crCLIM-v1-1","ICHEC-EC-EARTH.02"
"1380","ICHEC-EC-EARTH","COSMO-crCLIM-v1-1",2046,"E Midlands",1,0,0,0,"ICHEC-EC-EARTH_COSMO-crCLIM-v1-1","ICHEC-EC-EARTH.02"
"1381","ICHEC-EC-EARTH","COSMO-crCLIM-v1-1",2047,"E Midlands",1,0,0,0,"ICHEC-EC-EARTH_COSMO-crCLIM-v1-1","ICHEC-EC-EARTH.02"
"1382","ICHEC-EC-EARTH","COSMO-crCLIM-v1-1",2048,"E Midlands",1,0,0,0,"ICHEC-EC-EARTH_COSMO-crCLIM-v1-1","ICHEC-EC-EARTH.02"
"1383","ICHEC-EC-EARTH","COSMO-crCLIM-v1-1",2049,"E Midlands",1,0,0,0,"ICHEC-EC-EARTH_COSMO-crCLIM-v1-1","ICHEC-EC-EARTH.02"
"1384","ICHEC-EC-EARTH","COSMO-crCLIM-v1-1",2050,"E Midlands",1,0,0,0,"ICHEC-EC-EARTH_COSMO-crCLIM-v1-1","ICHEC-EC-EARTH.02"
"1385","ICHEC-EC-EARTH","COSMO-crCLIM-v1-1",2051,"E Midlands",1,0,0,0,"ICHEC-EC-EARTH_COSMO-crCLIM-v1-1","ICHEC-EC-EARTH.02"
"1386","ICHEC-EC-EARTH","COSMO-crCLIM-v1-1",2052,"E Midlands",1,0,0,0,"ICHEC-EC-EARTH_COSMO-crCLIM-v1-1","ICHEC-EC-EARTH.02"
"1387","ICHEC-EC-EARTH","COSMO-crCLIM-v1-1",2053,"E Midlands",1,0,0,0,"ICHEC-EC-EARTH_COSMO-crCLIM-v1-1","ICHEC-EC-EARTH.02"
"1388","ICHEC-EC-EARTH","COSMO-crCLIM-v1-1",2054,"E Midlands",1,0,0,0,"ICHEC-EC-EARTH_COSMO-crCLIM-v1-1","ICHEC-EC-EARTH.02"
"1389","ICHEC-EC-EARTH","COSMO-crCLIM-v1-1",2055,"E Midlands",1,0,0,0,"ICHEC-EC-EARTH_COSMO-crCLIM-v1-1","ICHEC-EC-EARTH.02"
"1390","ICHEC-EC-EARTH","COSMO-crCLIM-v1-1",2056,"E Midlands",1,0,0,0,"ICHEC-EC-EARTH_COSMO-crCLIM-v1-1","ICHEC-EC-EARTH.02"
"1391","ICHEC-EC-EARTH","COSMO-crCLIM-v1-1",2057,"E Midlands",1,0.850467289719626,3,33.0153270833222,"ICHEC-EC-EARTH_COSMO-crCLIM-v1-1","ICHEC-EC-EARTH.02"
"1392","ICHEC-EC-EARTH","COSMO-crCLIM-v1-1",2058,"E Midlands",1,0,0,0,"ICHEC-EC-EARTH_COSMO-crCLIM-v1-1","ICHEC-EC-EARTH.02"
"1393","ICHEC-EC-EARTH","COSMO-crCLIM-v1-1",2059,"E Midlands",1,0,0,0,"ICHEC-EC-EARTH_COSMO-crCLIM-v1-1","ICHEC-EC-EARTH.02"
"1394","ICHEC-EC-EARTH","COSMO-crCLIM-v1-1",2060,"E Midlands",1,0,0,0,"ICHEC-EC-EARTH_COSMO-crCLIM-v1-1","ICHEC-EC-EARTH.02"
"1395","ICHEC-EC-EARTH","COSMO-crCLIM-v1-1",2061,"E Midlands",1,0,0,0,"ICHEC-EC-EARTH_COSMO-crCLIM-v1-1","ICHEC-EC-EARTH.02"
"1396","ICHEC-EC-EARTH","COSMO-crCLIM-v1-1",2062,"E Midlands",1,0,0,0,"ICHEC-EC-EARTH_COSMO-crCLIM-v1-1","ICHEC-EC-EARTH.02"
"1397","ICHEC-EC-EARTH","COSMO-crCLIM-v1-1",2063,"E Midlands",1,0,0,0,"ICHEC-EC-EARTH_COSMO-crCLIM-v1-1","ICHEC-EC-EARTH.02"
"1398","ICHEC-EC-EARTH","COSMO-crCLIM-v1-1",2064,"E Midlands",1,0,0,0,"ICHEC-EC-EARTH_COSMO-crCLIM-v1-1","ICHEC-EC-EARTH.02"
"1399","ICHEC-EC-EARTH","COSMO-crCLIM-v1-1",2065,"E Midlands",1,0,0,0,"ICHEC-EC-EARTH_COSMO-crCLIM-v1-1","ICHEC-EC-EARTH.02"
"1400","ICHEC-EC-EARTH","COSMO-crCLIM-v1-1",2066,"E Midlands",1,0,0,0,"ICHEC-EC-EARTH_COSMO-crCLIM-v1-1","ICHEC-EC-EARTH.02"
"1401","ICHEC-EC-EARTH","COSMO-crCLIM-v1-1",2067,"E Midlands",1,0.158878504672897,3,31.2198395822562,"ICHEC-EC-EARTH_COSMO-crCLIM-v1-1","ICHEC-EC-EARTH.02"
"1402","ICHEC-EC-EARTH","COSMO-crCLIM-v1-1",2068,"E Midlands",1,0,0,0,"ICHEC-EC-EARTH_COSMO-crCLIM-v1-1","ICHEC-EC-EARTH.02"
"1403","ICHEC-EC-EARTH","COSMO-crCLIM-v1-1",2069,"E Midlands",1,0,0,0,"ICHEC-EC-EARTH_COSMO-crCLIM-v1-1","ICHEC-EC-EARTH.02"
"1404","ICHEC-EC-EARTH","COSMO-crCLIM-v1-1",2070,"E Midlands",1,0,0,0,"ICHEC-EC-EARTH_COSMO-crCLIM-v1-1","ICHEC-EC-EARTH.02"
"1405","ICHEC-EC-EARTH","COSMO-crCLIM-v1-1",2071,"E Midlands",1,0,0,0,"ICHEC-EC-EARTH_COSMO-crCLIM-v1-1","ICHEC-EC-EARTH.02"
"1406","ICHEC-EC-EARTH","COSMO-crCLIM-v1-1",2072,"E Midlands",1,0,0,0,"ICHEC-EC-EARTH_COSMO-crCLIM-v1-1","ICHEC-EC-EARTH.02"
"1407","ICHEC-EC-EARTH","COSMO-crCLIM-v1-1",2073,"E Midlands",1,0,0,0,"ICHEC-EC-EARTH_COSMO-crCLIM-v1-1","ICHEC-EC-EARTH.02"
"1408","ICHEC-EC-EARTH","COSMO-crCLIM-v1-1",2074,"E Midlands",1,0.0186915887850467,3,31.1290480295817,"ICHEC-EC-EARTH_COSMO-crCLIM-v1-1","ICHEC-EC-EARTH.02"
"1409","ICHEC-EC-EARTH","COSMO-crCLIM-v1-1",2075,"E Midlands",1,0,0,0,"ICHEC-EC-EARTH_COSMO-crCLIM-v1-1","ICHEC-EC-EARTH.02"
"1410","ICHEC-EC-EARTH","COSMO-crCLIM-v1-1",2076,"E Midlands",1,0,0,0,"ICHEC-EC-EARTH_COSMO-crCLIM-v1-1","ICHEC-EC-EARTH.02"
"1411","ICHEC-EC-EARTH","COSMO-crCLIM-v1-1",2077,"E Midlands",1,0,0,0,"ICHEC-EC-EARTH_COSMO-crCLIM-v1-1","ICHEC-EC-EARTH.02"
"1412","ICHEC-EC-EARTH","COSMO-crCLIM-v1-1",2078,"E Midlands",1,0,0,0,"ICHEC-EC-EARTH_COSMO-crCLIM-v1-1","ICHEC-EC-EARTH.02"
"1413","ICHEC-EC-EARTH","COSMO-crCLIM-v1-1",2079,"E Midlands",1,0,0,0,"ICHEC-EC-EARTH_COSMO-crCLIM-v1-1","ICHEC-EC-EARTH.02"
"1414","ICHEC-EC-EARTH","COSMO-crCLIM-v1-1",2080,"E Midlands",1,0,0,0,"ICHEC-EC-EARTH_COSMO-crCLIM-v1-1","ICHEC-EC-EARTH.02"
"1415","ICHEC-EC-EARTH","HadREM3-GA7-05",1980,"E Midlands",1,0,0,0,"ICHEC-EC-EARTH_HadREM3-GA7-05","ICHEC-EC-EARTH.03"
"1416","ICHEC-EC-EARTH","HadREM3-GA7-05",1981,"E Midlands",1,0,0,0,"ICHEC-EC-EARTH_HadREM3-GA7-05","ICHEC-EC-EARTH.03"
"1417","ICHEC-EC-EARTH","HadREM3-GA7-05",1982,"E Midlands",1,0,0,0,"ICHEC-EC-EARTH_HadREM3-GA7-05","ICHEC-EC-EARTH.03"
"1418","ICHEC-EC-EARTH","HadREM3-GA7-05",1983,"E Midlands",1,0,0,0,"ICHEC-EC-EARTH_HadREM3-GA7-05","ICHEC-EC-EARTH.03"
"1419","ICHEC-EC-EARTH","HadREM3-GA7-05",1984,"E Midlands",1,0,0,0,"ICHEC-EC-EARTH_HadREM3-GA7-05","ICHEC-EC-EARTH.03"
"1420","ICHEC-EC-EARTH","HadREM3-GA7-05",1985,"E Midlands",1,0,0,0,"ICHEC-EC-EARTH_HadREM3-GA7-05","ICHEC-EC-EARTH.03"
"1421","ICHEC-EC-EARTH","HadREM3-GA7-05",1986,"E Midlands",1,0,0,0,"ICHEC-EC-EARTH_HadREM3-GA7-05","ICHEC-EC-EARTH.03"
"1422","ICHEC-EC-EARTH","HadREM3-GA7-05",1987,"E Midlands",1,0,0,0,"ICHEC-EC-EARTH_HadREM3-GA7-05","ICHEC-EC-EARTH.03"
"1423","ICHEC-EC-EARTH","HadREM3-GA7-05",1988,"E Midlands",1,0,0,0,"ICHEC-EC-EARTH_HadREM3-GA7-05","ICHEC-EC-EARTH.03"
"1424","ICHEC-EC-EARTH","HadREM3-GA7-05",1989,"E Midlands",1,0,0,0,"ICHEC-EC-EARTH_HadREM3-GA7-05","ICHEC-EC-EARTH.03"
"1425","ICHEC-EC-EARTH","HadREM3-GA7-05",1990,"E Midlands",1,0,0,0,"ICHEC-EC-EARTH_HadREM3-GA7-05","ICHEC-EC-EARTH.03"
"1426","ICHEC-EC-EARTH","HadREM3-GA7-05",1991,"E Midlands",1,0,0,0,"ICHEC-EC-EARTH_HadREM3-GA7-05","ICHEC-EC-EARTH.03"
"1427","ICHEC-EC-EARTH","HadREM3-GA7-05",1992,"E Midlands",1,0,0,0,"ICHEC-EC-EARTH_HadREM3-GA7-05","ICHEC-EC-EARTH.03"
"1428","ICHEC-EC-EARTH","HadREM3-GA7-05",1993,"E Midlands",1,0,0,0,"ICHEC-EC-EARTH_HadREM3-GA7-05","ICHEC-EC-EARTH.03"
"1429","ICHEC-EC-EARTH","HadREM3-GA7-05",1994,"E Midlands",1,0,0,0,"ICHEC-EC-EARTH_HadREM3-GA7-05","ICHEC-EC-EARTH.03"
"1430","ICHEC-EC-EARTH","HadREM3-GA7-05",1995,"E Midlands",1,0,0,0,"ICHEC-EC-EARTH_HadREM3-GA7-05","ICHEC-EC-EARTH.03"
"1431","ICHEC-EC-EARTH","HadREM3-GA7-05",1996,"E Midlands",1,0,0,0,"ICHEC-EC-EARTH_HadREM3-GA7-05","ICHEC-EC-EARTH.03"
"1432","ICHEC-EC-EARTH","HadREM3-GA7-05",1997,"E Midlands",1,0,0,0,"ICHEC-EC-EARTH_HadREM3-GA7-05","ICHEC-EC-EARTH.03"
"1433","ICHEC-EC-EARTH","HadREM3-GA7-05",1998,"E Midlands",1,0,0,0,"ICHEC-EC-EARTH_HadREM3-GA7-05","ICHEC-EC-EARTH.03"
"1434","ICHEC-EC-EARTH","HadREM3-GA7-05",1999,"E Midlands",1,0,0,0,"ICHEC-EC-EARTH_HadREM3-GA7-05","ICHEC-EC-EARTH.03"
"1435","ICHEC-EC-EARTH","HadREM3-GA7-05",2000,"E Midlands",1,0,0,0,"ICHEC-EC-EARTH_HadREM3-GA7-05","ICHEC-EC-EARTH.03"
"1436","ICHEC-EC-EARTH","HadREM3-GA7-05",2001,"E Midlands",1,0,0,0,"ICHEC-EC-EARTH_HadREM3-GA7-05","ICHEC-EC-EARTH.03"
"1437","ICHEC-EC-EARTH","HadREM3-GA7-05",2002,"E Midlands",1,0,0,0,"ICHEC-EC-EARTH_HadREM3-GA7-05","ICHEC-EC-EARTH.03"
"1438","ICHEC-EC-EARTH","HadREM3-GA7-05",2003,"E Midlands",1,0,0,0,"ICHEC-EC-EARTH_HadREM3-GA7-05","ICHEC-EC-EARTH.03"
"1439","ICHEC-EC-EARTH","HadREM3-GA7-05",2004,"E Midlands",1,0,0,0,"ICHEC-EC-EARTH_HadREM3-GA7-05","ICHEC-EC-EARTH.03"
"1440","ICHEC-EC-EARTH","HadREM3-GA7-05",2005,"E Midlands",1,0,0,0,"ICHEC-EC-EARTH_HadREM3-GA7-05","ICHEC-EC-EARTH.03"
"1441","ICHEC-EC-EARTH","HadREM3-GA7-05",2006,"E Midlands",1,0.242990654205607,3,31.7217698219495,"ICHEC-EC-EARTH_HadREM3-GA7-05","ICHEC-EC-EARTH.03"
"1442","ICHEC-EC-EARTH","HadREM3-GA7-05",2007,"E Midlands",1,0,0,0,"ICHEC-EC-EARTH_HadREM3-GA7-05","ICHEC-EC-EARTH.03"
"1443","ICHEC-EC-EARTH","HadREM3-GA7-05",2008,"E Midlands",1,0,0,0,"ICHEC-EC-EARTH_HadREM3-GA7-05","ICHEC-EC-EARTH.03"
"1444","ICHEC-EC-EARTH","HadREM3-GA7-05",2009,"E Midlands",1,0,0,0,"ICHEC-EC-EARTH_HadREM3-GA7-05","ICHEC-EC-EARTH.03"
"1445","ICHEC-EC-EARTH","HadREM3-GA7-05",2010,"E Midlands",1,0,0,0,"ICHEC-EC-EARTH_HadREM3-GA7-05","ICHEC-EC-EARTH.03"
"1446","ICHEC-EC-EARTH","HadREM3-GA7-05",2011,"E Midlands",1,0,0,0,"ICHEC-EC-EARTH_HadREM3-GA7-05","ICHEC-EC-EARTH.03"
"1447","ICHEC-EC-EARTH","HadREM3-GA7-05",2012,"E Midlands",1,0,0,0,"ICHEC-EC-EARTH_HadREM3-GA7-05","ICHEC-EC-EARTH.03"
"1448","ICHEC-EC-EARTH","HadREM3-GA7-05",2013,"E Midlands",1,0,0,0,"ICHEC-EC-EARTH_HadREM3-GA7-05","ICHEC-EC-EARTH.03"
"1449","ICHEC-EC-EARTH","HadREM3-GA7-05",2014,"E Midlands",1,0,0,0,"ICHEC-EC-EARTH_HadREM3-GA7-05","ICHEC-EC-EARTH.03"
"1450","ICHEC-EC-EARTH","HadREM3-GA7-05",2015,"E Midlands",1,0,0,0,"ICHEC-EC-EARTH_HadREM3-GA7-05","ICHEC-EC-EARTH.03"
"1451","ICHEC-EC-EARTH","HadREM3-GA7-05",2016,"E Midlands",1,0,0,0,"ICHEC-EC-EARTH_HadREM3-GA7-05","ICHEC-EC-EARTH.03"
"1452","ICHEC-EC-EARTH","HadREM3-GA7-05",2017,"E Midlands",1,0,0,0,"ICHEC-EC-EARTH_HadREM3-GA7-05","ICHEC-EC-EARTH.03"
"1453","ICHEC-EC-EARTH","HadREM3-GA7-05",2018,"E Midlands",1,0,0,0,"ICHEC-EC-EARTH_HadREM3-GA7-05","ICHEC-EC-EARTH.03"
"1454","ICHEC-EC-EARTH","HadREM3-GA7-05",2019,"E Midlands",1,0.785046728971963,5.63095238095238,34.4138055131549,"ICHEC-EC-EARTH_HadREM3-GA7-05","ICHEC-EC-EARTH.03"
"1455","ICHEC-EC-EARTH","HadREM3-GA7-05",2020,"E Midlands",1,0,0,0,"ICHEC-EC-EARTH_HadREM3-GA7-05","ICHEC-EC-EARTH.03"
"1456","ICHEC-EC-EARTH","HadREM3-GA7-05",2021,"E Midlands",1,0,0,0,"ICHEC-EC-EARTH_HadREM3-GA7-05","ICHEC-EC-EARTH.03"
"1457","ICHEC-EC-EARTH","HadREM3-GA7-05",2022,"E Midlands",1,0,0,0,"ICHEC-EC-EARTH_HadREM3-GA7-05","ICHEC-EC-EARTH.03"
"1458","ICHEC-EC-EARTH","HadREM3-GA7-05",2023,"E Midlands",1,0,0,0,"ICHEC-EC-EARTH_HadREM3-GA7-05","ICHEC-EC-EARTH.03"
"1459","ICHEC-EC-EARTH","HadREM3-GA7-05",2024,"E Midlands",1,0,0,0,"ICHEC-EC-EARTH_HadREM3-GA7-05","ICHEC-EC-EARTH.03"
"1460","ICHEC-EC-EARTH","HadREM3-GA7-05",2025,"E Midlands",1,0,0,0,"ICHEC-EC-EARTH_HadREM3-GA7-05","ICHEC-EC-EARTH.03"
"1461","ICHEC-EC-EARTH","HadREM3-GA7-05",2026,"E Midlands",1,0,0,0,"ICHEC-EC-EARTH_HadREM3-GA7-05","ICHEC-EC-EARTH.03"
"1462","ICHEC-EC-EARTH","HadREM3-GA7-05",2027,"E Midlands",1,0,0,0,"ICHEC-EC-EARTH_HadREM3-GA7-05","ICHEC-EC-EARTH.03"
"1463","ICHEC-EC-EARTH","HadREM3-GA7-05",2028,"E Midlands",1,0,0,0,"ICHEC-EC-EARTH_HadREM3-GA7-05","ICHEC-EC-EARTH.03"
"1464","ICHEC-EC-EARTH","HadREM3-GA7-05",2029,"E Midlands",1,0,0,0,"ICHEC-EC-EARTH_HadREM3-GA7-05","ICHEC-EC-EARTH.03"
"1465","ICHEC-EC-EARTH","HadREM3-GA7-05",2030,"E Midlands",1,0,0,0,"ICHEC-EC-EARTH_HadREM3-GA7-05","ICHEC-EC-EARTH.03"
"1466","ICHEC-EC-EARTH","HadREM3-GA7-05",2031,"E Midlands",1,0,0,0,"ICHEC-EC-EARTH_HadREM3-GA7-05","ICHEC-EC-EARTH.03"
"1467","ICHEC-EC-EARTH","HadREM3-GA7-05",2032,"E Midlands",1,0,0,0,"ICHEC-EC-EARTH_HadREM3-GA7-05","ICHEC-EC-EARTH.03"
"1468","ICHEC-EC-EARTH","HadREM3-GA7-05",2033,"E Midlands",1,0,0,0,"ICHEC-EC-EARTH_HadREM3-GA7-05","ICHEC-EC-EARTH.03"
"1469","ICHEC-EC-EARTH","HadREM3-GA7-05",2034,"E Midlands",1,0,0,0,"ICHEC-EC-EARTH_HadREM3-GA7-05","ICHEC-EC-EARTH.03"
"1470","ICHEC-EC-EARTH","HadREM3-GA7-05",2035,"E Midlands",1,0,0,0,"ICHEC-EC-EARTH_HadREM3-GA7-05","ICHEC-EC-EARTH.03"
"1471","ICHEC-EC-EARTH","HadREM3-GA7-05",2036,"E Midlands",1,0,0,0,"ICHEC-EC-EARTH_HadREM3-GA7-05","ICHEC-EC-EARTH.03"
"1472","ICHEC-EC-EARTH","HadREM3-GA7-05",2037,"E Midlands",1,0,0,0,"ICHEC-EC-EARTH_HadREM3-GA7-05","ICHEC-EC-EARTH.03"
"1473","ICHEC-EC-EARTH","HadREM3-GA7-05",2038,"E Midlands",1,0,0,0,"ICHEC-EC-EARTH_HadREM3-GA7-05","ICHEC-EC-EARTH.03"
"1474","ICHEC-EC-EARTH","HadREM3-GA7-05",2039,"E Midlands",1,0,0,0,"ICHEC-EC-EARTH_HadREM3-GA7-05","ICHEC-EC-EARTH.03"
"1475","ICHEC-EC-EARTH","HadREM3-GA7-05",2040,"E Midlands",1,0,0,0,"ICHEC-EC-EARTH_HadREM3-GA7-05","ICHEC-EC-EARTH.03"
"1476","ICHEC-EC-EARTH","HadREM3-GA7-05",2041,"E Midlands",1,0,0,0,"ICHEC-EC-EARTH_HadREM3-GA7-05","ICHEC-EC-EARTH.03"
"1477","ICHEC-EC-EARTH","HadREM3-GA7-05",2042,"E Midlands",1,0,0,0,"ICHEC-EC-EARTH_HadREM3-GA7-05","ICHEC-EC-EARTH.03"
"1478","ICHEC-EC-EARTH","HadREM3-GA7-05",2043,"E Midlands",1,0,0,0,"ICHEC-EC-EARTH_HadREM3-GA7-05","ICHEC-EC-EARTH.03"
"1479","ICHEC-EC-EARTH","HadREM3-GA7-05",2044,"E Midlands",1,0,0,0,"ICHEC-EC-EARTH_HadREM3-GA7-05","ICHEC-EC-EARTH.03"
"1480","ICHEC-EC-EARTH","HadREM3-GA7-05",2045,"E Midlands",1,0,0,0,"ICHEC-EC-EARTH_HadREM3-GA7-05","ICHEC-EC-EARTH.03"
"1481","ICHEC-EC-EARTH","HadREM3-GA7-05",2046,"E Midlands",1,0,0,0,"ICHEC-EC-EARTH_HadREM3-GA7-05","ICHEC-EC-EARTH.03"
"1482","ICHEC-EC-EARTH","HadREM3-GA7-05",2047,"E Midlands",1,0,0,0,"ICHEC-EC-EARTH_HadREM3-GA7-05","ICHEC-EC-EARTH.03"
"1483","ICHEC-EC-EARTH","HadREM3-GA7-05",2048,"E Midlands",1,0,0,0,"ICHEC-EC-EARTH_HadREM3-GA7-05","ICHEC-EC-EARTH.03"
"1484","ICHEC-EC-EARTH","HadREM3-GA7-05",2049,"E Midlands",1,0,0,0,"ICHEC-EC-EARTH_HadREM3-GA7-05","ICHEC-EC-EARTH.03"
"1485","ICHEC-EC-EARTH","HadREM3-GA7-05",2050,"E Midlands",1,0,0,0,"ICHEC-EC-EARTH_HadREM3-GA7-05","ICHEC-EC-EARTH.03"
"1486","ICHEC-EC-EARTH","HadREM3-GA7-05",2051,"E Midlands",1,0,0,0,"ICHEC-EC-EARTH_HadREM3-GA7-05","ICHEC-EC-EARTH.03"
"1487","ICHEC-EC-EARTH","HadREM3-GA7-05",2052,"E Midlands",1,0.579439252336449,5,35.8524460510541,"ICHEC-EC-EARTH_HadREM3-GA7-05","ICHEC-EC-EARTH.03"
"1488","ICHEC-EC-EARTH","HadREM3-GA7-05",2053,"E Midlands",1,0,0,0,"ICHEC-EC-EARTH_HadREM3-GA7-05","ICHEC-EC-EARTH.03"
"1489","ICHEC-EC-EARTH","HadREM3-GA7-05",2054,"E Midlands",1,0,0,0,"ICHEC-EC-EARTH_HadREM3-GA7-05","ICHEC-EC-EARTH.03"
"1490","ICHEC-EC-EARTH","HadREM3-GA7-05",2055,"E Midlands",1,0,0,0,"ICHEC-EC-EARTH_HadREM3-GA7-05","ICHEC-EC-EARTH.03"
"1491","ICHEC-EC-EARTH","HadREM3-GA7-05",2056,"E Midlands",1,0.785046728971963,4.55952380952381,37.2469949425213,"ICHEC-EC-EARTH_HadREM3-GA7-05","ICHEC-EC-EARTH.03"
"1492","ICHEC-EC-EARTH","HadREM3-GA7-05",2057,"E Midlands",1,0.869158878504673,3.76344086021505,35.0725007175117,"ICHEC-EC-EARTH_HadREM3-GA7-05","ICHEC-EC-EARTH.03"
"1493","ICHEC-EC-EARTH","HadREM3-GA7-05",2058,"E Midlands",1,0,0,0,"ICHEC-EC-EARTH_HadREM3-GA7-05","ICHEC-EC-EARTH.03"
"1494","ICHEC-EC-EARTH","HadREM3-GA7-05",2059,"E Midlands",1,0,0,0,"ICHEC-EC-EARTH_HadREM3-GA7-05","ICHEC-EC-EARTH.03"
"1495","ICHEC-EC-EARTH","HadREM3-GA7-05",2060,"E Midlands",1,1.32710280373832,4.33098591549296,35.7238978511771,"ICHEC-EC-EARTH_HadREM3-GA7-05","ICHEC-EC-EARTH.03"
"1496","ICHEC-EC-EARTH","HadREM3-GA7-05",2061,"E Midlands",1,0,0,0,"ICHEC-EC-EARTH_HadREM3-GA7-05","ICHEC-EC-EARTH.03"
"1497","ICHEC-EC-EARTH","HadREM3-GA7-05",2062,"E Midlands",1,0,0,0,"ICHEC-EC-EARTH_HadREM3-GA7-05","ICHEC-EC-EARTH.03"
"1498","ICHEC-EC-EARTH","HadREM3-GA7-05",2063,"E Midlands",1,0,0,0,"ICHEC-EC-EARTH_HadREM3-GA7-05","ICHEC-EC-EARTH.03"
"1499","ICHEC-EC-EARTH","HadREM3-GA7-05",2064,"E Midlands",1,0.747663551401869,3.0375,33.9218001504739,"ICHEC-EC-EARTH_HadREM3-GA7-05","ICHEC-EC-EARTH.03"
"1500","ICHEC-EC-EARTH","HadREM3-GA7-05",2065,"E Midlands",1,0.373831775700935,3,34.3469534953435,"ICHEC-EC-EARTH_HadREM3-GA7-05","ICHEC-EC-EARTH.03"
"1501","ICHEC-EC-EARTH","HadREM3-GA7-05",2066,"E Midlands",1,0.271028037383178,3.6551724137931,34.5198410264377,"ICHEC-EC-EARTH_HadREM3-GA7-05","ICHEC-EC-EARTH.03"
"1502","ICHEC-EC-EARTH","HadREM3-GA7-05",2067,"E Midlands",1,0.214953271028037,3.60869565217391,33.33119028202,"ICHEC-EC-EARTH_HadREM3-GA7-05","ICHEC-EC-EARTH.03"
"1503","ICHEC-EC-EARTH","HadREM3-GA7-05",2068,"E Midlands",1,0,0,0,"ICHEC-EC-EARTH_HadREM3-GA7-05","ICHEC-EC-EARTH.03"
"1504","ICHEC-EC-EARTH","HadREM3-GA7-05",2069,"E Midlands",1,0,0,0,"ICHEC-EC-EARTH_HadREM3-GA7-05","ICHEC-EC-EARTH.03"
"1505","ICHEC-EC-EARTH","HadREM3-GA7-05",2070,"E Midlands",1,0.691588785046729,3.48648648648649,33.039954419179,"ICHEC-EC-EARTH_HadREM3-GA7-05","ICHEC-EC-EARTH.03"
"1506","ICHEC-EC-EARTH","HadREM3-GA7-05",2071,"E Midlands",1,0.383177570093458,3,34.4321740623412,"ICHEC-EC-EARTH_HadREM3-GA7-05","ICHEC-EC-EARTH.03"
"1507","ICHEC-EC-EARTH","HadREM3-GA7-05",2072,"E Midlands",1,0,0,0,"ICHEC-EC-EARTH_HadREM3-GA7-05","ICHEC-EC-EARTH.03"
"1508","ICHEC-EC-EARTH","HadREM3-GA7-05",2073,"E Midlands",1,0,0,0,"ICHEC-EC-EARTH_HadREM3-GA7-05","ICHEC-EC-EARTH.03"
"1509","ICHEC-EC-EARTH","HadREM3-GA7-05",2074,"E Midlands",1,0.738317757009346,3.10126582278481,35.5529694003898,"ICHEC-EC-EARTH_HadREM3-GA7-05","ICHEC-EC-EARTH.03"
"1510","ICHEC-EC-EARTH","HadREM3-GA7-05",2075,"E Midlands",1,0,0,0,"ICHEC-EC-EARTH_HadREM3-GA7-05","ICHEC-EC-EARTH.03"
"1511","ICHEC-EC-EARTH","HadREM3-GA7-05",2076,"E Midlands",1,0,0,0,"ICHEC-EC-EARTH_HadREM3-GA7-05","ICHEC-EC-EARTH.03"
"1512","ICHEC-EC-EARTH","HadREM3-GA7-05",2077,"E Midlands",1,0,0,0,"ICHEC-EC-EARTH_HadREM3-GA7-05","ICHEC-EC-EARTH.03"
"1513","ICHEC-EC-EARTH","HadREM3-GA7-05",2078,"E Midlands",1,0.626168224299065,3.76119402985075,31.1598263769007,"ICHEC-EC-EARTH_HadREM3-GA7-05","ICHEC-EC-EARTH.03"
"1514","ICHEC-EC-EARTH","HadREM3-GA7-05",2079,"E Midlands",1,1.08411214953271,4.60344827586207,36.5721257785565,"ICHEC-EC-EARTH_HadREM3-GA7-05","ICHEC-EC-EARTH.03"
"1515","ICHEC-EC-EARTH","HadREM3-GA7-05",2080,"E Midlands",1,0.355140186915888,3,32.6674307103743,"ICHEC-EC-EARTH_HadREM3-GA7-05","ICHEC-EC-EARTH.03"
"1516","ICHEC-EC-EARTH","HIRHAM5",1980,"E Midlands",1,0,0,0,"ICHEC-EC-EARTH_HIRHAM5","ICHEC-EC-EARTH.04"
"1517","ICHEC-EC-EARTH","HIRHAM5",1981,"E Midlands",1,0,0,0,"ICHEC-EC-EARTH_HIRHAM5","ICHEC-EC-EARTH.04"
"1518","ICHEC-EC-EARTH","HIRHAM5",1982,"E Midlands",1,0,0,0,"ICHEC-EC-EARTH_HIRHAM5","ICHEC-EC-EARTH.04"
"1519","ICHEC-EC-EARTH","HIRHAM5",1983,"E Midlands",1,0,0,0,"ICHEC-EC-EARTH_HIRHAM5","ICHEC-EC-EARTH.04"
"1520","ICHEC-EC-EARTH","HIRHAM5",1984,"E Midlands",1,0,0,0,"ICHEC-EC-EARTH_HIRHAM5","ICHEC-EC-EARTH.04"
"1521","ICHEC-EC-EARTH","HIRHAM5",1985,"E Midlands",1,0,0,0,"ICHEC-EC-EARTH_HIRHAM5","ICHEC-EC-EARTH.04"
"1522","ICHEC-EC-EARTH","HIRHAM5",1986,"E Midlands",1,0,0,0,"ICHEC-EC-EARTH_HIRHAM5","ICHEC-EC-EARTH.04"
"1523","ICHEC-EC-EARTH","HIRHAM5",1987,"E Midlands",1,0,0,0,"ICHEC-EC-EARTH_HIRHAM5","ICHEC-EC-EARTH.04"
"1524","ICHEC-EC-EARTH","HIRHAM5",1988,"E Midlands",1,0,0,0,"ICHEC-EC-EARTH_HIRHAM5","ICHEC-EC-EARTH.04"
"1525","ICHEC-EC-EARTH","HIRHAM5",1989,"E Midlands",1,0,0,0,"ICHEC-EC-EARTH_HIRHAM5","ICHEC-EC-EARTH.04"
"1526","ICHEC-EC-EARTH","HIRHAM5",1990,"E Midlands",1,0,0,0,"ICHEC-EC-EARTH_HIRHAM5","ICHEC-EC-EARTH.04"
"1527","ICHEC-EC-EARTH","HIRHAM5",1991,"E Midlands",1,0,0,0,"ICHEC-EC-EARTH_HIRHAM5","ICHEC-EC-EARTH.04"
"1528","ICHEC-EC-EARTH","HIRHAM5",1992,"E Midlands",1,0,0,0,"ICHEC-EC-EARTH_HIRHAM5","ICHEC-EC-EARTH.04"
"1529","ICHEC-EC-EARTH","HIRHAM5",1993,"E Midlands",1,0,0,0,"ICHEC-EC-EARTH_HIRHAM5","ICHEC-EC-EARTH.04"
"1530","ICHEC-EC-EARTH","HIRHAM5",1994,"E Midlands",1,0,0,0,"ICHEC-EC-EARTH_HIRHAM5","ICHEC-EC-EARTH.04"
"1531","ICHEC-EC-EARTH","HIRHAM5",1995,"E Midlands",1,0,0,0,"ICHEC-EC-EARTH_HIRHAM5","ICHEC-EC-EARTH.04"
"1532","ICHEC-EC-EARTH","HIRHAM5",1996,"E Midlands",1,0,0,0,"ICHEC-EC-EARTH_HIRHAM5","ICHEC-EC-EARTH.04"
"1533","ICHEC-EC-EARTH","HIRHAM5",1997,"E Midlands",1,0,0,0,"ICHEC-EC-EARTH_HIRHAM5","ICHEC-EC-EARTH.04"
"1534","ICHEC-EC-EARTH","HIRHAM5",1998,"E Midlands",1,0,0,0,"ICHEC-EC-EARTH_HIRHAM5","ICHEC-EC-EARTH.04"
"1535","ICHEC-EC-EARTH","HIRHAM5",1999,"E Midlands",1,0,0,0,"ICHEC-EC-EARTH_HIRHAM5","ICHEC-EC-EARTH.04"
"1536","ICHEC-EC-EARTH","HIRHAM5",2000,"E Midlands",1,0,0,0,"ICHEC-EC-EARTH_HIRHAM5","ICHEC-EC-EARTH.04"
"1537","ICHEC-EC-EARTH","HIRHAM5",2001,"E Midlands",1,0,0,0,"ICHEC-EC-EARTH_HIRHAM5","ICHEC-EC-EARTH.04"
"1538","ICHEC-EC-EARTH","HIRHAM5",2002,"E Midlands",1,0,0,0,"ICHEC-EC-EARTH_HIRHAM5","ICHEC-EC-EARTH.04"
"1539","ICHEC-EC-EARTH","HIRHAM5",2003,"E Midlands",1,0,0,0,"ICHEC-EC-EARTH_HIRHAM5","ICHEC-EC-EARTH.04"
"1540","ICHEC-EC-EARTH","HIRHAM5",2004,"E Midlands",1,0,0,0,"ICHEC-EC-EARTH_HIRHAM5","ICHEC-EC-EARTH.04"
"1541","ICHEC-EC-EARTH","HIRHAM5",2005,"E Midlands",1,0,0,0,"ICHEC-EC-EARTH_HIRHAM5","ICHEC-EC-EARTH.04"
"1542","ICHEC-EC-EARTH","HIRHAM5",2006,"E Midlands",1,0,0,0,"ICHEC-EC-EARTH_HIRHAM5","ICHEC-EC-EARTH.04"
"1543","ICHEC-EC-EARTH","HIRHAM5",2007,"E Midlands",1,0,0,0,"ICHEC-EC-EARTH_HIRHAM5","ICHEC-EC-EARTH.04"
"1544","ICHEC-EC-EARTH","HIRHAM5",2008,"E Midlands",1,0,0,0,"ICHEC-EC-EARTH_HIRHAM5","ICHEC-EC-EARTH.04"
"1545","ICHEC-EC-EARTH","HIRHAM5",2009,"E Midlands",1,0,0,0,"ICHEC-EC-EARTH_HIRHAM5","ICHEC-EC-EARTH.04"
"1546","ICHEC-EC-EARTH","HIRHAM5",2010,"E Midlands",1,0,0,0,"ICHEC-EC-EARTH_HIRHAM5","ICHEC-EC-EARTH.04"
"1547","ICHEC-EC-EARTH","HIRHAM5",2011,"E Midlands",1,0,0,0,"ICHEC-EC-EARTH_HIRHAM5","ICHEC-EC-EARTH.04"
"1548","ICHEC-EC-EARTH","HIRHAM5",2012,"E Midlands",1,0,0,0,"ICHEC-EC-EARTH_HIRHAM5","ICHEC-EC-EARTH.04"
"1549","ICHEC-EC-EARTH","HIRHAM5",2013,"E Midlands",1,0,0,0,"ICHEC-EC-EARTH_HIRHAM5","ICHEC-EC-EARTH.04"
"1550","ICHEC-EC-EARTH","HIRHAM5",2014,"E Midlands",1,0,0,0,"ICHEC-EC-EARTH_HIRHAM5","ICHEC-EC-EARTH.04"
"1551","ICHEC-EC-EARTH","HIRHAM5",2015,"E Midlands",1,0,0,0,"ICHEC-EC-EARTH_HIRHAM5","ICHEC-EC-EARTH.04"
"1552","ICHEC-EC-EARTH","HIRHAM5",2016,"E Midlands",1,0,0,0,"ICHEC-EC-EARTH_HIRHAM5","ICHEC-EC-EARTH.04"
"1553","ICHEC-EC-EARTH","HIRHAM5",2017,"E Midlands",1,0,0,0,"ICHEC-EC-EARTH_HIRHAM5","ICHEC-EC-EARTH.04"
"1554","ICHEC-EC-EARTH","HIRHAM5",2018,"E Midlands",1,0,0,0,"ICHEC-EC-EARTH_HIRHAM5","ICHEC-EC-EARTH.04"
"1555","ICHEC-EC-EARTH","HIRHAM5",2019,"E Midlands",1,0,0,0,"ICHEC-EC-EARTH_HIRHAM5","ICHEC-EC-EARTH.04"
"1556","ICHEC-EC-EARTH","HIRHAM5",2020,"E Midlands",1,0,0,0,"ICHEC-EC-EARTH_HIRHAM5","ICHEC-EC-EARTH.04"
"1557","ICHEC-EC-EARTH","HIRHAM5",2021,"E Midlands",1,0,0,0,"ICHEC-EC-EARTH_HIRHAM5","ICHEC-EC-EARTH.04"
"1558","ICHEC-EC-EARTH","HIRHAM5",2022,"E Midlands",1,0,0,0,"ICHEC-EC-EARTH_HIRHAM5","ICHEC-EC-EARTH.04"
"1559","ICHEC-EC-EARTH","HIRHAM5",2023,"E Midlands",1,0,0,0,"ICHEC-EC-EARTH_HIRHAM5","ICHEC-EC-EARTH.04"
"1560","ICHEC-EC-EARTH","HIRHAM5",2024,"E Midlands",1,0,0,0,"ICHEC-EC-EARTH_HIRHAM5","ICHEC-EC-EARTH.04"
"1561","ICHEC-EC-EARTH","HIRHAM5",2025,"E Midlands",1,0,0,0,"ICHEC-EC-EARTH_HIRHAM5","ICHEC-EC-EARTH.04"
"1562","ICHEC-EC-EARTH","HIRHAM5",2026,"E Midlands",1,0,0,0,"ICHEC-EC-EARTH_HIRHAM5","ICHEC-EC-EARTH.04"
"1563","ICHEC-EC-EARTH","HIRHAM5",2027,"E Midlands",1,0,0,0,"ICHEC-EC-EARTH_HIRHAM5","ICHEC-EC-EARTH.04"
"1564","ICHEC-EC-EARTH","HIRHAM5",2028,"E Midlands",1,0,0,0,"ICHEC-EC-EARTH_HIRHAM5","ICHEC-EC-EARTH.04"
"1565","ICHEC-EC-EARTH","HIRHAM5",2029,"E Midlands",1,0,0,0,"ICHEC-EC-EARTH_HIRHAM5","ICHEC-EC-EARTH.04"
"1566","ICHEC-EC-EARTH","HIRHAM5",2030,"E Midlands",1,0,0,0,"ICHEC-EC-EARTH_HIRHAM5","ICHEC-EC-EARTH.04"
"1567","ICHEC-EC-EARTH","HIRHAM5",2031,"E Midlands",1,0,0,0,"ICHEC-EC-EARTH_HIRHAM5","ICHEC-EC-EARTH.04"
"1568","ICHEC-EC-EARTH","HIRHAM5",2032,"E Midlands",1,0,0,0,"ICHEC-EC-EARTH_HIRHAM5","ICHEC-EC-EARTH.04"
"1569","ICHEC-EC-EARTH","HIRHAM5",2033,"E Midlands",1,0,0,0,"ICHEC-EC-EARTH_HIRHAM5","ICHEC-EC-EARTH.04"
"1570","ICHEC-EC-EARTH","HIRHAM5",2034,"E Midlands",1,0,0,0,"ICHEC-EC-EARTH_HIRHAM5","ICHEC-EC-EARTH.04"
"1571","ICHEC-EC-EARTH","HIRHAM5",2035,"E Midlands",1,0,0,0,"ICHEC-EC-EARTH_HIRHAM5","ICHEC-EC-EARTH.04"
"1572","ICHEC-EC-EARTH","HIRHAM5",2036,"E Midlands",1,0,0,0,"ICHEC-EC-EARTH_HIRHAM5","ICHEC-EC-EARTH.04"
"1573","ICHEC-EC-EARTH","HIRHAM5",2037,"E Midlands",1,0,0,0,"ICHEC-EC-EARTH_HIRHAM5","ICHEC-EC-EARTH.04"
"1574","ICHEC-EC-EARTH","HIRHAM5",2038,"E Midlands",1,0,0,0,"ICHEC-EC-EARTH_HIRHAM5","ICHEC-EC-EARTH.04"
"1575","ICHEC-EC-EARTH","HIRHAM5",2039,"E Midlands",1,0.0373831775700935,3,31.4006613095601,"ICHEC-EC-EARTH_HIRHAM5","ICHEC-EC-EARTH.04"
"1576","ICHEC-EC-EARTH","HIRHAM5",2040,"E Midlands",1,0,0,0,"ICHEC-EC-EARTH_HIRHAM5","ICHEC-EC-EARTH.04"
"1577","ICHEC-EC-EARTH","HIRHAM5",2041,"E Midlands",1,0,0,0,"ICHEC-EC-EARTH_HIRHAM5","ICHEC-EC-EARTH.04"
"1578","ICHEC-EC-EARTH","HIRHAM5",2042,"E Midlands",1,0,0,0,"ICHEC-EC-EARTH_HIRHAM5","ICHEC-EC-EARTH.04"
"1579","ICHEC-EC-EARTH","HIRHAM5",2043,"E Midlands",1,0,0,0,"ICHEC-EC-EARTH_HIRHAM5","ICHEC-EC-EARTH.04"
"1580","ICHEC-EC-EARTH","HIRHAM5",2044,"E Midlands",1,0,0,0,"ICHEC-EC-EARTH_HIRHAM5","ICHEC-EC-EARTH.04"
"1581","ICHEC-EC-EARTH","HIRHAM5",2045,"E Midlands",1,0,0,0,"ICHEC-EC-EARTH_HIRHAM5","ICHEC-EC-EARTH.04"
"1582","ICHEC-EC-EARTH","HIRHAM5",2046,"E Midlands",1,0,0,0,"ICHEC-EC-EARTH_HIRHAM5","ICHEC-EC-EARTH.04"
"1583","ICHEC-EC-EARTH","HIRHAM5",2047,"E Midlands",1,0,0,0,"ICHEC-EC-EARTH_HIRHAM5","ICHEC-EC-EARTH.04"
"1584","ICHEC-EC-EARTH","HIRHAM5",2048,"E Midlands",1,0,0,0,"ICHEC-EC-EARTH_HIRHAM5","ICHEC-EC-EARTH.04"
"1585","ICHEC-EC-EARTH","HIRHAM5",2049,"E Midlands",1,0,0,0,"ICHEC-EC-EARTH_HIRHAM5","ICHEC-EC-EARTH.04"
"1586","ICHEC-EC-EARTH","HIRHAM5",2050,"E Midlands",1,0,0,0,"ICHEC-EC-EARTH_HIRHAM5","ICHEC-EC-EARTH.04"
"1587","ICHEC-EC-EARTH","HIRHAM5",2051,"E Midlands",1,0,0,0,"ICHEC-EC-EARTH_HIRHAM5","ICHEC-EC-EARTH.04"
"1588","ICHEC-EC-EARTH","HIRHAM5",2052,"E Midlands",1,0,0,0,"ICHEC-EC-EARTH_HIRHAM5","ICHEC-EC-EARTH.04"
"1589","ICHEC-EC-EARTH","HIRHAM5",2053,"E Midlands",1,0,0,0,"ICHEC-EC-EARTH_HIRHAM5","ICHEC-EC-EARTH.04"
"1590","ICHEC-EC-EARTH","HIRHAM5",2054,"E Midlands",1,0,0,0,"ICHEC-EC-EARTH_HIRHAM5","ICHEC-EC-EARTH.04"
"1591","ICHEC-EC-EARTH","HIRHAM5",2055,"E Midlands",1,0,0,0,"ICHEC-EC-EARTH_HIRHAM5","ICHEC-EC-EARTH.04"
"1592","ICHEC-EC-EARTH","HIRHAM5",2056,"E Midlands",1,0,0,0,"ICHEC-EC-EARTH_HIRHAM5","ICHEC-EC-EARTH.04"
"1593","ICHEC-EC-EARTH","HIRHAM5",2057,"E Midlands",1,0,0,0,"ICHEC-EC-EARTH_HIRHAM5","ICHEC-EC-EARTH.04"
"1594","ICHEC-EC-EARTH","HIRHAM5",2058,"E Midlands",1,0,0,0,"ICHEC-EC-EARTH_HIRHAM5","ICHEC-EC-EARTH.04"
"1595","ICHEC-EC-EARTH","HIRHAM5",2059,"E Midlands",1,0,0,0,"ICHEC-EC-EARTH_HIRHAM5","ICHEC-EC-EARTH.04"
"1596","ICHEC-EC-EARTH","HIRHAM5",2060,"E Midlands",1,0,0,0,"ICHEC-EC-EARTH_HIRHAM5","ICHEC-EC-EARTH.04"
"1597","ICHEC-EC-EARTH","HIRHAM5",2061,"E Midlands",1,0,0,0,"ICHEC-EC-EARTH_HIRHAM5","ICHEC-EC-EARTH.04"
"1598","ICHEC-EC-EARTH","HIRHAM5",2062,"E Midlands",1,0,0,0,"ICHEC-EC-EARTH_HIRHAM5","ICHEC-EC-EARTH.04"
"1599","ICHEC-EC-EARTH","HIRHAM5",2063,"E Midlands",1,0,0,0,"ICHEC-EC-EARTH_HIRHAM5","ICHEC-EC-EARTH.04"
"1600","ICHEC-EC-EARTH","HIRHAM5",2064,"E Midlands",1,0,0,0,"ICHEC-EC-EARTH_HIRHAM5","ICHEC-EC-EARTH.04"
"1601","ICHEC-EC-EARTH","HIRHAM5",2065,"E Midlands",1,0,0,0,"ICHEC-EC-EARTH_HIRHAM5","ICHEC-EC-EARTH.04"
"1602","ICHEC-EC-EARTH","HIRHAM5",2066,"E Midlands",1,0,0,0,"ICHEC-EC-EARTH_HIRHAM5","ICHEC-EC-EARTH.04"
"1603","ICHEC-EC-EARTH","HIRHAM5",2067,"E Midlands",1,0,0,0,"ICHEC-EC-EARTH_HIRHAM5","ICHEC-EC-EARTH.04"
"1604","ICHEC-EC-EARTH","HIRHAM5",2068,"E Midlands",1,0,0,0,"ICHEC-EC-EARTH_HIRHAM5","ICHEC-EC-EARTH.04"
"1605","ICHEC-EC-EARTH","HIRHAM5",2069,"E Midlands",1,0,0,0,"ICHEC-EC-EARTH_HIRHAM5","ICHEC-EC-EARTH.04"
"1606","ICHEC-EC-EARTH","HIRHAM5",2070,"E Midlands",1,0,0,0,"ICHEC-EC-EARTH_HIRHAM5","ICHEC-EC-EARTH.04"
"1607","ICHEC-EC-EARTH","HIRHAM5",2071,"E Midlands",1,0,0,0,"ICHEC-EC-EARTH_HIRHAM5","ICHEC-EC-EARTH.04"
"1608","ICHEC-EC-EARTH","HIRHAM5",2072,"E Midlands",1,0,0,0,"ICHEC-EC-EARTH_HIRHAM5","ICHEC-EC-EARTH.04"
"1609","ICHEC-EC-EARTH","HIRHAM5",2073,"E Midlands",1,0,0,0,"ICHEC-EC-EARTH_HIRHAM5","ICHEC-EC-EARTH.04"
"1610","ICHEC-EC-EARTH","HIRHAM5",2074,"E Midlands",1,0,0,0,"ICHEC-EC-EARTH_HIRHAM5","ICHEC-EC-EARTH.04"
"1611","ICHEC-EC-EARTH","HIRHAM5",2075,"E Midlands",1,0,0,0,"ICHEC-EC-EARTH_HIRHAM5","ICHEC-EC-EARTH.04"
"1612","ICHEC-EC-EARTH","HIRHAM5",2076,"E Midlands",1,0,0,0,"ICHEC-EC-EARTH_HIRHAM5","ICHEC-EC-EARTH.04"
"1613","ICHEC-EC-EARTH","HIRHAM5",2077,"E Midlands",1,0,0,0,"ICHEC-EC-EARTH_HIRHAM5","ICHEC-EC-EARTH.04"
"1614","ICHEC-EC-EARTH","HIRHAM5",2078,"E Midlands",1,0,0,0,"ICHEC-EC-EARTH_HIRHAM5","ICHEC-EC-EARTH.04"
"1615","ICHEC-EC-EARTH","HIRHAM5",2079,"E Midlands",1,0,0,0,"ICHEC-EC-EARTH_HIRHAM5","ICHEC-EC-EARTH.04"
"1616","ICHEC-EC-EARTH","HIRHAM5",2080,"E Midlands",1,0,0,0,"ICHEC-EC-EARTH_HIRHAM5","ICHEC-EC-EARTH.04"
"1617","ICHEC-EC-EARTH","HIRHAM5",1980,"E Midlands",1,0,0,0,"ICHEC-EC-EARTH_HIRHAM5","ICHEC-EC-EARTH.04"
"1618","ICHEC-EC-EARTH","HIRHAM5",1981,"E Midlands",1,0,0,0,"ICHEC-EC-EARTH_HIRHAM5","ICHEC-EC-EARTH.04"
"1619","ICHEC-EC-EARTH","HIRHAM5",1982,"E Midlands",1,0,0,0,"ICHEC-EC-EARTH_HIRHAM5","ICHEC-EC-EARTH.04"
"1620","ICHEC-EC-EARTH","HIRHAM5",1983,"E Midlands",1,0,0,0,"ICHEC-EC-EARTH_HIRHAM5","ICHEC-EC-EARTH.04"
"1621","ICHEC-EC-EARTH","HIRHAM5",1984,"E Midlands",1,0,0,0,"ICHEC-EC-EARTH_HIRHAM5","ICHEC-EC-EARTH.04"
"1622","ICHEC-EC-EARTH","HIRHAM5",1985,"E Midlands",1,0,0,0,"ICHEC-EC-EARTH_HIRHAM5","ICHEC-EC-EARTH.04"
"1623","ICHEC-EC-EARTH","HIRHAM5",1986,"E Midlands",1,0,0,0,"ICHEC-EC-EARTH_HIRHAM5","ICHEC-EC-EARTH.04"
"1624","ICHEC-EC-EARTH","HIRHAM5",1987,"E Midlands",1,0,0,0,"ICHEC-EC-EARTH_HIRHAM5","ICHEC-EC-EARTH.04"
"1625","ICHEC-EC-EARTH","HIRHAM5",1988,"E Midlands",1,0,0,0,"ICHEC-EC-EARTH_HIRHAM5","ICHEC-EC-EARTH.04"
"1626","ICHEC-EC-EARTH","HIRHAM5",1989,"E Midlands",1,0,0,0,"ICHEC-EC-EARTH_HIRHAM5","ICHEC-EC-EARTH.04"
"1627","ICHEC-EC-EARTH","HIRHAM5",1990,"E Midlands",1,0,0,0,"ICHEC-EC-EARTH_HIRHAM5","ICHEC-EC-EARTH.04"
"1628","ICHEC-EC-EARTH","HIRHAM5",1991,"E Midlands",1,0,0,0,"ICHEC-EC-EARTH_HIRHAM5","ICHEC-EC-EARTH.04"
"1629","ICHEC-EC-EARTH","HIRHAM5",1992,"E Midlands",1,0,0,0,"ICHEC-EC-EARTH_HIRHAM5","ICHEC-EC-EARTH.04"
"1630","ICHEC-EC-EARTH","HIRHAM5",1993,"E Midlands",1,0,0,0,"ICHEC-EC-EARTH_HIRHAM5","ICHEC-EC-EARTH.04"
"1631","ICHEC-EC-EARTH","HIRHAM5",1994,"E Midlands",1,0,0,0,"ICHEC-EC-EARTH_HIRHAM5","ICHEC-EC-EARTH.04"
"1632","ICHEC-EC-EARTH","HIRHAM5",1995,"E Midlands",1,0,0,0,"ICHEC-EC-EARTH_HIRHAM5","ICHEC-EC-EARTH.04"
"1633","ICHEC-EC-EARTH","HIRHAM5",1996,"E Midlands",1,0,0,0,"ICHEC-EC-EARTH_HIRHAM5","ICHEC-EC-EARTH.04"
"1634","ICHEC-EC-EARTH","HIRHAM5",1997,"E Midlands",1,0,0,0,"ICHEC-EC-EARTH_HIRHAM5","ICHEC-EC-EARTH.04"
"1635","ICHEC-EC-EARTH","HIRHAM5",1998,"E Midlands",1,0,0,0,"ICHEC-EC-EARTH_HIRHAM5","ICHEC-EC-EARTH.04"
"1636","ICHEC-EC-EARTH","HIRHAM5",1999,"E Midlands",1,0,0,0,"ICHEC-EC-EARTH_HIRHAM5","ICHEC-EC-EARTH.04"
"1637","ICHEC-EC-EARTH","HIRHAM5",2000,"E Midlands",1,0,0,0,"ICHEC-EC-EARTH_HIRHAM5","ICHEC-EC-EARTH.04"
"1638","ICHEC-EC-EARTH","HIRHAM5",2001,"E Midlands",1,0,0,0,"ICHEC-EC-EARTH_HIRHAM5","ICHEC-EC-EARTH.04"
"1639","ICHEC-EC-EARTH","HIRHAM5",2002,"E Midlands",1,0,0,0,"ICHEC-EC-EARTH_HIRHAM5","ICHEC-EC-EARTH.04"
"1640","ICHEC-EC-EARTH","HIRHAM5",2003,"E Midlands",1,0,0,0,"ICHEC-EC-EARTH_HIRHAM5","ICHEC-EC-EARTH.04"
"1641","ICHEC-EC-EARTH","HIRHAM5",2004,"E Midlands",1,0,0,0,"ICHEC-EC-EARTH_HIRHAM5","ICHEC-EC-EARTH.04"
"1642","ICHEC-EC-EARTH","HIRHAM5",2005,"E Midlands",1,0,0,0,"ICHEC-EC-EARTH_HIRHAM5","ICHEC-EC-EARTH.04"
"1643","ICHEC-EC-EARTH","HIRHAM5",2006,"E Midlands",1,0,0,0,"ICHEC-EC-EARTH_HIRHAM5","ICHEC-EC-EARTH.04"
"1644","ICHEC-EC-EARTH","HIRHAM5",2007,"E Midlands",1,0,0,0,"ICHEC-EC-EARTH_HIRHAM5","ICHEC-EC-EARTH.04"
"1645","ICHEC-EC-EARTH","HIRHAM5",2008,"E Midlands",1,0,0,0,"ICHEC-EC-EARTH_HIRHAM5","ICHEC-EC-EARTH.04"
"1646","ICHEC-EC-EARTH","HIRHAM5",2009,"E Midlands",1,0,0,0,"ICHEC-EC-EARTH_HIRHAM5","ICHEC-EC-EARTH.04"
"1647","ICHEC-EC-EARTH","HIRHAM5",2010,"E Midlands",1,0,0,0,"ICHEC-EC-EARTH_HIRHAM5","ICHEC-EC-EARTH.04"
"1648","ICHEC-EC-EARTH","HIRHAM5",2011,"E Midlands",1,0,0,0,"ICHEC-EC-EARTH_HIRHAM5","ICHEC-EC-EARTH.04"
"1649","ICHEC-EC-EARTH","HIRHAM5",2012,"E Midlands",1,0,0,0,"ICHEC-EC-EARTH_HIRHAM5","ICHEC-EC-EARTH.04"
"1650","ICHEC-EC-EARTH","HIRHAM5",2013,"E Midlands",1,0,0,0,"ICHEC-EC-EARTH_HIRHAM5","ICHEC-EC-EARTH.04"
"1651","ICHEC-EC-EARTH","HIRHAM5",2014,"E Midlands",1,0,0,0,"ICHEC-EC-EARTH_HIRHAM5","ICHEC-EC-EARTH.04"
"1652","ICHEC-EC-EARTH","HIRHAM5",2015,"E Midlands",1,0,0,0,"ICHEC-EC-EARTH_HIRHAM5","ICHEC-EC-EARTH.04"
"1653","ICHEC-EC-EARTH","HIRHAM5",2016,"E Midlands",1,0,0,0,"ICHEC-EC-EARTH_HIRHAM5","ICHEC-EC-EARTH.04"
"1654","ICHEC-EC-EARTH","HIRHAM5",2017,"E Midlands",1,0,0,0,"ICHEC-EC-EARTH_HIRHAM5","ICHEC-EC-EARTH.04"
"1655","ICHEC-EC-EARTH","HIRHAM5",2018,"E Midlands",1,0,0,0,"ICHEC-EC-EARTH_HIRHAM5","ICHEC-EC-EARTH.04"
"1656","ICHEC-EC-EARTH","HIRHAM5",2019,"E Midlands",1,0,0,0,"ICHEC-EC-EARTH_HIRHAM5","ICHEC-EC-EARTH.04"
"1657","ICHEC-EC-EARTH","HIRHAM5",2020,"E Midlands",1,0.0654205607476635,3,30.7920823778425,"ICHEC-EC-EARTH_HIRHAM5","ICHEC-EC-EARTH.04"
"1658","ICHEC-EC-EARTH","HIRHAM5",2021,"E Midlands",1,0,0,0,"ICHEC-EC-EARTH_HIRHAM5","ICHEC-EC-EARTH.04"
"1659","ICHEC-EC-EARTH","HIRHAM5",2022,"E Midlands",1,0,0,0,"ICHEC-EC-EARTH_HIRHAM5","ICHEC-EC-EARTH.04"
"1660","ICHEC-EC-EARTH","HIRHAM5",2023,"E Midlands",1,0,0,0,"ICHEC-EC-EARTH_HIRHAM5","ICHEC-EC-EARTH.04"
"1661","ICHEC-EC-EARTH","HIRHAM5",2024,"E Midlands",1,0,0,0,"ICHEC-EC-EARTH_HIRHAM5","ICHEC-EC-EARTH.04"
"1662","ICHEC-EC-EARTH","HIRHAM5",2025,"E Midlands",1,0,0,0,"ICHEC-EC-EARTH_HIRHAM5","ICHEC-EC-EARTH.04"
"1663","ICHEC-EC-EARTH","HIRHAM5",2026,"E Midlands",1,0,0,0,"ICHEC-EC-EARTH_HIRHAM5","ICHEC-EC-EARTH.04"
"1664","ICHEC-EC-EARTH","HIRHAM5",2027,"E Midlands",1,0,0,0,"ICHEC-EC-EARTH_HIRHAM5","ICHEC-EC-EARTH.04"
"1665","ICHEC-EC-EARTH","HIRHAM5",2028,"E Midlands",1,0,0,0,"ICHEC-EC-EARTH_HIRHAM5","ICHEC-EC-EARTH.04"
"1666","ICHEC-EC-EARTH","HIRHAM5",2029,"E Midlands",1,0,0,0,"ICHEC-EC-EARTH_HIRHAM5","ICHEC-EC-EARTH.04"
"1667","ICHEC-EC-EARTH","HIRHAM5",2030,"E Midlands",1,0,0,0,"ICHEC-EC-EARTH_HIRHAM5","ICHEC-EC-EARTH.04"
"1668","ICHEC-EC-EARTH","HIRHAM5",2031,"E Midlands",1,0,0,0,"ICHEC-EC-EARTH_HIRHAM5","ICHEC-EC-EARTH.04"
"1669","ICHEC-EC-EARTH","HIRHAM5",2032,"E Midlands",1,0,0,0,"ICHEC-EC-EARTH_HIRHAM5","ICHEC-EC-EARTH.04"
"1670","ICHEC-EC-EARTH","HIRHAM5",2033,"E Midlands",1,0,0,0,"ICHEC-EC-EARTH_HIRHAM5","ICHEC-EC-EARTH.04"
"1671","ICHEC-EC-EARTH","HIRHAM5",2034,"E Midlands",1,0,0,0,"ICHEC-EC-EARTH_HIRHAM5","ICHEC-EC-EARTH.04"
"1672","ICHEC-EC-EARTH","HIRHAM5",2035,"E Midlands",1,0,0,0,"ICHEC-EC-EARTH_HIRHAM5","ICHEC-EC-EARTH.04"
"1673","ICHEC-EC-EARTH","HIRHAM5",2036,"E Midlands",1,0,0,0,"ICHEC-EC-EARTH_HIRHAM5","ICHEC-EC-EARTH.04"
"1674","ICHEC-EC-EARTH","HIRHAM5",2037,"E Midlands",1,0,0,0,"ICHEC-EC-EARTH_HIRHAM5","ICHEC-EC-EARTH.04"
"1675","ICHEC-EC-EARTH","HIRHAM5",2038,"E Midlands",1,0,0,0,"ICHEC-EC-EARTH_HIRHAM5","ICHEC-EC-EARTH.04"
"1676","ICHEC-EC-EARTH","HIRHAM5",2039,"E Midlands",1,0,0,0,"ICHEC-EC-EARTH_HIRHAM5","ICHEC-EC-EARTH.04"
"1677","ICHEC-EC-EARTH","HIRHAM5",2040,"E Midlands",1,0,0,0,"ICHEC-EC-EARTH_HIRHAM5","ICHEC-EC-EARTH.04"
"1678","ICHEC-EC-EARTH","HIRHAM5",2041,"E Midlands",1,0,0,0,"ICHEC-EC-EARTH_HIRHAM5","ICHEC-EC-EARTH.04"
"1679","ICHEC-EC-EARTH","HIRHAM5",2042,"E Midlands",1,0,0,0,"ICHEC-EC-EARTH_HIRHAM5","ICHEC-EC-EARTH.04"
"1680","ICHEC-EC-EARTH","HIRHAM5",2043,"E Midlands",1,0,0,0,"ICHEC-EC-EARTH_HIRHAM5","ICHEC-EC-EARTH.04"
"1681","ICHEC-EC-EARTH","HIRHAM5",2044,"E Midlands",1,0,0,0,"ICHEC-EC-EARTH_HIRHAM5","ICHEC-EC-EARTH.04"
"1682","ICHEC-EC-EARTH","HIRHAM5",2045,"E Midlands",1,0,0,0,"ICHEC-EC-EARTH_HIRHAM5","ICHEC-EC-EARTH.04"
"1683","ICHEC-EC-EARTH","HIRHAM5",2046,"E Midlands",1,0,0,0,"ICHEC-EC-EARTH_HIRHAM5","ICHEC-EC-EARTH.04"
"1684","ICHEC-EC-EARTH","HIRHAM5",2047,"E Midlands",1,0,0,0,"ICHEC-EC-EARTH_HIRHAM5","ICHEC-EC-EARTH.04"
"1685","ICHEC-EC-EARTH","HIRHAM5",2048,"E Midlands",1,0,0,0,"ICHEC-EC-EARTH_HIRHAM5","ICHEC-EC-EARTH.04"
"1686","ICHEC-EC-EARTH","HIRHAM5",2049,"E Midlands",1,0,0,0,"ICHEC-EC-EARTH_HIRHAM5","ICHEC-EC-EARTH.04"
"1687","ICHEC-EC-EARTH","HIRHAM5",2050,"E Midlands",1,0,0,0,"ICHEC-EC-EARTH_HIRHAM5","ICHEC-EC-EARTH.04"
"1688","ICHEC-EC-EARTH","HIRHAM5",2051,"E Midlands",1,0,0,0,"ICHEC-EC-EARTH_HIRHAM5","ICHEC-EC-EARTH.04"
"1689","ICHEC-EC-EARTH","HIRHAM5",2052,"E Midlands",1,0,0,0,"ICHEC-EC-EARTH_HIRHAM5","ICHEC-EC-EARTH.04"
"1690","ICHEC-EC-EARTH","HIRHAM5",2053,"E Midlands",1,0,0,0,"ICHEC-EC-EARTH_HIRHAM5","ICHEC-EC-EARTH.04"
"1691","ICHEC-EC-EARTH","HIRHAM5",2054,"E Midlands",1,0,0,0,"ICHEC-EC-EARTH_HIRHAM5","ICHEC-EC-EARTH.04"
"1692","ICHEC-EC-EARTH","HIRHAM5",2055,"E Midlands",1,0,0,0,"ICHEC-EC-EARTH_HIRHAM5","ICHEC-EC-EARTH.04"
"1693","ICHEC-EC-EARTH","HIRHAM5",2056,"E Midlands",1,0,0,0,"ICHEC-EC-EARTH_HIRHAM5","ICHEC-EC-EARTH.04"
"1694","ICHEC-EC-EARTH","HIRHAM5",2057,"E Midlands",1,0,0,0,"ICHEC-EC-EARTH_HIRHAM5","ICHEC-EC-EARTH.04"
"1695","ICHEC-EC-EARTH","HIRHAM5",2058,"E Midlands",1,0,0,0,"ICHEC-EC-EARTH_HIRHAM5","ICHEC-EC-EARTH.04"
"1696","ICHEC-EC-EARTH","HIRHAM5",2059,"E Midlands",1,0,0,0,"ICHEC-EC-EARTH_HIRHAM5","ICHEC-EC-EARTH.04"
"1697","ICHEC-EC-EARTH","HIRHAM5",2060,"E Midlands",1,0,0,0,"ICHEC-EC-EARTH_HIRHAM5","ICHEC-EC-EARTH.04"
"1698","ICHEC-EC-EARTH","HIRHAM5",2061,"E Midlands",1,0,0,0,"ICHEC-EC-EARTH_HIRHAM5","ICHEC-EC-EARTH.04"
"1699","ICHEC-EC-EARTH","HIRHAM5",2062,"E Midlands",1,0,0,0,"ICHEC-EC-EARTH_HIRHAM5","ICHEC-EC-EARTH.04"
"1700","ICHEC-EC-EARTH","HIRHAM5",2063,"E Midlands",1,0,0,0,"ICHEC-EC-EARTH_HIRHAM5","ICHEC-EC-EARTH.04"
"1701","ICHEC-EC-EARTH","HIRHAM5",2064,"E Midlands",1,0,0,0,"ICHEC-EC-EARTH_HIRHAM5","ICHEC-EC-EARTH.04"
"1702","ICHEC-EC-EARTH","HIRHAM5",2065,"E Midlands",1,0.0841121495327103,3.11111111111111,30.5721950266096,"ICHEC-EC-EARTH_HIRHAM5","ICHEC-EC-EARTH.04"
"1703","ICHEC-EC-EARTH","HIRHAM5",2066,"E Midlands",1,0,0,0,"ICHEC-EC-EARTH_HIRHAM5","ICHEC-EC-EARTH.04"
"1704","ICHEC-EC-EARTH","HIRHAM5",2067,"E Midlands",1,0,0,0,"ICHEC-EC-EARTH_HIRHAM5","ICHEC-EC-EARTH.04"
"1705","ICHEC-EC-EARTH","HIRHAM5",2068,"E Midlands",1,0,0,0,"ICHEC-EC-EARTH_HIRHAM5","ICHEC-EC-EARTH.04"
"1706","ICHEC-EC-EARTH","HIRHAM5",2069,"E Midlands",1,0,0,0,"ICHEC-EC-EARTH_HIRHAM5","ICHEC-EC-EARTH.04"
"1707","ICHEC-EC-EARTH","HIRHAM5",2070,"E Midlands",1,0,0,0,"ICHEC-EC-EARTH_HIRHAM5","ICHEC-EC-EARTH.04"
"1708","ICHEC-EC-EARTH","HIRHAM5",2071,"E Midlands",1,0,0,0,"ICHEC-EC-EARTH_HIRHAM5","ICHEC-EC-EARTH.04"
"1709","ICHEC-EC-EARTH","HIRHAM5",2072,"E Midlands",1,0.747663551401869,3.25,31.9374250527223,"ICHEC-EC-EARTH_HIRHAM5","ICHEC-EC-EARTH.04"
"1710","ICHEC-EC-EARTH","HIRHAM5",2073,"E Midlands",1,0,0,0,"ICHEC-EC-EARTH_HIRHAM5","ICHEC-EC-EARTH.04"
"1711","ICHEC-EC-EARTH","HIRHAM5",2074,"E Midlands",1,0,0,0,"ICHEC-EC-EARTH_HIRHAM5","ICHEC-EC-EARTH.04"
"1712","ICHEC-EC-EARTH","HIRHAM5",2075,"E Midlands",1,0.485981308411215,3.11538461538462,31.2138248544473,"ICHEC-EC-EARTH_HIRHAM5","ICHEC-EC-EARTH.04"
"1713","ICHEC-EC-EARTH","HIRHAM5",2076,"E Midlands",1,0,0,0,"ICHEC-EC-EARTH_HIRHAM5","ICHEC-EC-EARTH.04"
"1714","ICHEC-EC-EARTH","HIRHAM5",2077,"E Midlands",1,0,0,0,"ICHEC-EC-EARTH_HIRHAM5","ICHEC-EC-EARTH.04"
"1715","ICHEC-EC-EARTH","HIRHAM5",2078,"E Midlands",1,0,0,0,"ICHEC-EC-EARTH_HIRHAM5","ICHEC-EC-EARTH.04"
"1716","ICHEC-EC-EARTH","HIRHAM5",2079,"E Midlands",1,0,0,0,"ICHEC-EC-EARTH_HIRHAM5","ICHEC-EC-EARTH.04"
"1717","ICHEC-EC-EARTH","HIRHAM5",2080,"E Midlands",1,0,0,0,"ICHEC-EC-EARTH_HIRHAM5","ICHEC-EC-EARTH.04"
"1718","ICHEC-EC-EARTH","HIRHAM5",1980,"E Midlands",1,0,0,0,"ICHEC-EC-EARTH_HIRHAM5","ICHEC-EC-EARTH.04"
"1719","ICHEC-EC-EARTH","HIRHAM5",1981,"E Midlands",1,0,0,0,"ICHEC-EC-EARTH_HIRHAM5","ICHEC-EC-EARTH.04"
"1720","ICHEC-EC-EARTH","HIRHAM5",1982,"E Midlands",1,0,0,0,"ICHEC-EC-EARTH_HIRHAM5","ICHEC-EC-EARTH.04"
"1721","ICHEC-EC-EARTH","HIRHAM5",1983,"E Midlands",1,0,0,0,"ICHEC-EC-EARTH_HIRHAM5","ICHEC-EC-EARTH.04"
"1722","ICHEC-EC-EARTH","HIRHAM5",1984,"E Midlands",1,0,0,0,"ICHEC-EC-EARTH_HIRHAM5","ICHEC-EC-EARTH.04"
"1723","ICHEC-EC-EARTH","HIRHAM5",1985,"E Midlands",1,0,0,0,"ICHEC-EC-EARTH_HIRHAM5","ICHEC-EC-EARTH.04"
"1724","ICHEC-EC-EARTH","HIRHAM5",1986,"E Midlands",1,0,0,0,"ICHEC-EC-EARTH_HIRHAM5","ICHEC-EC-EARTH.04"
"1725","ICHEC-EC-EARTH","HIRHAM5",1987,"E Midlands",1,0,0,0,"ICHEC-EC-EARTH_HIRHAM5","ICHEC-EC-EARTH.04"
"1726","ICHEC-EC-EARTH","HIRHAM5",1988,"E Midlands",1,0,0,0,"ICHEC-EC-EARTH_HIRHAM5","ICHEC-EC-EARTH.04"
"1727","ICHEC-EC-EARTH","HIRHAM5",1989,"E Midlands",1,0,0,0,"ICHEC-EC-EARTH_HIRHAM5","ICHEC-EC-EARTH.04"
"1728","ICHEC-EC-EARTH","HIRHAM5",1990,"E Midlands",1,0,0,0,"ICHEC-EC-EARTH_HIRHAM5","ICHEC-EC-EARTH.04"
"1729","ICHEC-EC-EARTH","HIRHAM5",1991,"E Midlands",1,0,0,0,"ICHEC-EC-EARTH_HIRHAM5","ICHEC-EC-EARTH.04"
"1730","ICHEC-EC-EARTH","HIRHAM5",1992,"E Midlands",1,0,0,0,"ICHEC-EC-EARTH_HIRHAM5","ICHEC-EC-EARTH.04"
"1731","ICHEC-EC-EARTH","HIRHAM5",1993,"E Midlands",1,0.0280373831775701,3,31.7454700469971,"ICHEC-EC-EARTH_HIRHAM5","ICHEC-EC-EARTH.04"
"1732","ICHEC-EC-EARTH","HIRHAM5",1994,"E Midlands",1,0,0,0,"ICHEC-EC-EARTH_HIRHAM5","ICHEC-EC-EARTH.04"
"1733","ICHEC-EC-EARTH","HIRHAM5",1995,"E Midlands",1,0,0,0,"ICHEC-EC-EARTH_HIRHAM5","ICHEC-EC-EARTH.04"
"1734","ICHEC-EC-EARTH","HIRHAM5",1996,"E Midlands",1,0,0,0,"ICHEC-EC-EARTH_HIRHAM5","ICHEC-EC-EARTH.04"
"1735","ICHEC-EC-EARTH","HIRHAM5",1997,"E Midlands",1,0,0,0,"ICHEC-EC-EARTH_HIRHAM5","ICHEC-EC-EARTH.04"
"1736","ICHEC-EC-EARTH","HIRHAM5",1998,"E Midlands",1,0,0,0,"ICHEC-EC-EARTH_HIRHAM5","ICHEC-EC-EARTH.04"
"1737","ICHEC-EC-EARTH","HIRHAM5",1999,"E Midlands",1,0,0,0,"ICHEC-EC-EARTH_HIRHAM5","ICHEC-EC-EARTH.04"
"1738","ICHEC-EC-EARTH","HIRHAM5",2000,"E Midlands",1,0,0,0,"ICHEC-EC-EARTH_HIRHAM5","ICHEC-EC-EARTH.04"
"1739","ICHEC-EC-EARTH","HIRHAM5",2001,"E Midlands",1,0,0,0,"ICHEC-EC-EARTH_HIRHAM5","ICHEC-EC-EARTH.04"
"1740","ICHEC-EC-EARTH","HIRHAM5",2002,"E Midlands",1,0,0,0,"ICHEC-EC-EARTH_HIRHAM5","ICHEC-EC-EARTH.04"
"1741","ICHEC-EC-EARTH","HIRHAM5",2003,"E Midlands",1,0,0,0,"ICHEC-EC-EARTH_HIRHAM5","ICHEC-EC-EARTH.04"
"1742","ICHEC-EC-EARTH","HIRHAM5",2004,"E Midlands",1,0,0,0,"ICHEC-EC-EARTH_HIRHAM5","ICHEC-EC-EARTH.04"
"1743","ICHEC-EC-EARTH","HIRHAM5",2005,"E Midlands",1,0,0,0,"ICHEC-EC-EARTH_HIRHAM5","ICHEC-EC-EARTH.04"
"1744","ICHEC-EC-EARTH","HIRHAM5",2006,"E Midlands",1,0,0,0,"ICHEC-EC-EARTH_HIRHAM5","ICHEC-EC-EARTH.04"
"1745","ICHEC-EC-EARTH","HIRHAM5",2007,"E Midlands",1,0,0,0,"ICHEC-EC-EARTH_HIRHAM5","ICHEC-EC-EARTH.04"
"1746","ICHEC-EC-EARTH","HIRHAM5",2008,"E Midlands",1,0,0,0,"ICHEC-EC-EARTH_HIRHAM5","ICHEC-EC-EARTH.04"
"1747","ICHEC-EC-EARTH","HIRHAM5",2009,"E Midlands",1,0,0,0,"ICHEC-EC-EARTH_HIRHAM5","ICHEC-EC-EARTH.04"
"1748","ICHEC-EC-EARTH","HIRHAM5",2010,"E Midlands",1,0,0,0,"ICHEC-EC-EARTH_HIRHAM5","ICHEC-EC-EARTH.04"
"1749","ICHEC-EC-EARTH","HIRHAM5",2011,"E Midlands",1,0,0,0,"ICHEC-EC-EARTH_HIRHAM5","ICHEC-EC-EARTH.04"
"1750","ICHEC-EC-EARTH","HIRHAM5",2012,"E Midlands",1,0,0,0,"ICHEC-EC-EARTH_HIRHAM5","ICHEC-EC-EARTH.04"
"1751","ICHEC-EC-EARTH","HIRHAM5",2013,"E Midlands",1,0,0,0,"ICHEC-EC-EARTH_HIRHAM5","ICHEC-EC-EARTH.04"
"1752","ICHEC-EC-EARTH","HIRHAM5",2014,"E Midlands",1,0,0,0,"ICHEC-EC-EARTH_HIRHAM5","ICHEC-EC-EARTH.04"
"1753","ICHEC-EC-EARTH","HIRHAM5",2015,"E Midlands",1,0,0,0,"ICHEC-EC-EARTH_HIRHAM5","ICHEC-EC-EARTH.04"
"1754","ICHEC-EC-EARTH","HIRHAM5",2016,"E Midlands",1,0,0,0,"ICHEC-EC-EARTH_HIRHAM5","ICHEC-EC-EARTH.04"
"1755","ICHEC-EC-EARTH","HIRHAM5",2017,"E Midlands",1,0,0,0,"ICHEC-EC-EARTH_HIRHAM5","ICHEC-EC-EARTH.04"
"1756","ICHEC-EC-EARTH","HIRHAM5",2018,"E Midlands",1,0,0,0,"ICHEC-EC-EARTH_HIRHAM5","ICHEC-EC-EARTH.04"
"1757","ICHEC-EC-EARTH","HIRHAM5",2019,"E Midlands",1,0,0,0,"ICHEC-EC-EARTH_HIRHAM5","ICHEC-EC-EARTH.04"
"1758","ICHEC-EC-EARTH","HIRHAM5",2020,"E Midlands",1,0,0,0,"ICHEC-EC-EARTH_HIRHAM5","ICHEC-EC-EARTH.04"
"1759","ICHEC-EC-EARTH","HIRHAM5",2021,"E Midlands",1,0,0,0,"ICHEC-EC-EARTH_HIRHAM5","ICHEC-EC-EARTH.04"
"1760","ICHEC-EC-EARTH","HIRHAM5",2022,"E Midlands",1,0,0,0,"ICHEC-EC-EARTH_HIRHAM5","ICHEC-EC-EARTH.04"
"1761","ICHEC-EC-EARTH","HIRHAM5",2023,"E Midlands",1,0,0,0,"ICHEC-EC-EARTH_HIRHAM5","ICHEC-EC-EARTH.04"
"1762","ICHEC-EC-EARTH","HIRHAM5",2024,"E Midlands",1,0,0,0,"ICHEC-EC-EARTH_HIRHAM5","ICHEC-EC-EARTH.04"
"1763","ICHEC-EC-EARTH","HIRHAM5",2025,"E Midlands",1,0,0,0,"ICHEC-EC-EARTH_HIRHAM5","ICHEC-EC-EARTH.04"
"1764","ICHEC-EC-EARTH","HIRHAM5",2026,"E Midlands",1,0,0,0,"ICHEC-EC-EARTH_HIRHAM5","ICHEC-EC-EARTH.04"
"1765","ICHEC-EC-EARTH","HIRHAM5",2027,"E Midlands",1,0,0,0,"ICHEC-EC-EARTH_HIRHAM5","ICHEC-EC-EARTH.04"
"1766","ICHEC-EC-EARTH","HIRHAM5",2028,"E Midlands",1,0,0,0,"ICHEC-EC-EARTH_HIRHAM5","ICHEC-EC-EARTH.04"
"1767","ICHEC-EC-EARTH","HIRHAM5",2029,"E Midlands",1,0,0,0,"ICHEC-EC-EARTH_HIRHAM5","ICHEC-EC-EARTH.04"
"1768","ICHEC-EC-EARTH","HIRHAM5",2030,"E Midlands",1,0,0,0,"ICHEC-EC-EARTH_HIRHAM5","ICHEC-EC-EARTH.04"
"1769","ICHEC-EC-EARTH","HIRHAM5",2031,"E Midlands",1,0,0,0,"ICHEC-EC-EARTH_HIRHAM5","ICHEC-EC-EARTH.04"
"1770","ICHEC-EC-EARTH","HIRHAM5",2032,"E Midlands",1,0,0,0,"ICHEC-EC-EARTH_HIRHAM5","ICHEC-EC-EARTH.04"
"1771","ICHEC-EC-EARTH","HIRHAM5",2033,"E Midlands",1,0,0,0,"ICHEC-EC-EARTH_HIRHAM5","ICHEC-EC-EARTH.04"
"1772","ICHEC-EC-EARTH","HIRHAM5",2034,"E Midlands",1,0,0,0,"ICHEC-EC-EARTH_HIRHAM5","ICHEC-EC-EARTH.04"
"1773","ICHEC-EC-EARTH","HIRHAM5",2035,"E Midlands",1,0,0,0,"ICHEC-EC-EARTH_HIRHAM5","ICHEC-EC-EARTH.04"
"1774","ICHEC-EC-EARTH","HIRHAM5",2036,"E Midlands",1,0,0,0,"ICHEC-EC-EARTH_HIRHAM5","ICHEC-EC-EARTH.04"
"1775","ICHEC-EC-EARTH","HIRHAM5",2037,"E Midlands",1,0,0,0,"ICHEC-EC-EARTH_HIRHAM5","ICHEC-EC-EARTH.04"
"1776","ICHEC-EC-EARTH","HIRHAM5",2038,"E Midlands",1,0,0,0,"ICHEC-EC-EARTH_HIRHAM5","ICHEC-EC-EARTH.04"
"1777","ICHEC-EC-EARTH","HIRHAM5",2039,"E Midlands",1,0,0,0,"ICHEC-EC-EARTH_HIRHAM5","ICHEC-EC-EARTH.04"
"1778","ICHEC-EC-EARTH","HIRHAM5",2040,"E Midlands",1,0,0,0,"ICHEC-EC-EARTH_HIRHAM5","ICHEC-EC-EARTH.04"
"1779","ICHEC-EC-EARTH","HIRHAM5",2041,"E Midlands",1,0,0,0,"ICHEC-EC-EARTH_HIRHAM5","ICHEC-EC-EARTH.04"
"1780","ICHEC-EC-EARTH","HIRHAM5",2042,"E Midlands",1,0,0,0,"ICHEC-EC-EARTH_HIRHAM5","ICHEC-EC-EARTH.04"
"1781","ICHEC-EC-EARTH","HIRHAM5",2043,"E Midlands",1,0,0,0,"ICHEC-EC-EARTH_HIRHAM5","ICHEC-EC-EARTH.04"
"1782","ICHEC-EC-EARTH","HIRHAM5",2044,"E Midlands",1,0,0,0,"ICHEC-EC-EARTH_HIRHAM5","ICHEC-EC-EARTH.04"
"1783","ICHEC-EC-EARTH","HIRHAM5",2045,"E Midlands",1,0,0,0,"ICHEC-EC-EARTH_HIRHAM5","ICHEC-EC-EARTH.04"
"1784","ICHEC-EC-EARTH","HIRHAM5",2046,"E Midlands",1,0,0,0,"ICHEC-EC-EARTH_HIRHAM5","ICHEC-EC-EARTH.04"
"1785","ICHEC-EC-EARTH","HIRHAM5",2047,"E Midlands",1,0,0,0,"ICHEC-EC-EARTH_HIRHAM5","ICHEC-EC-EARTH.04"
"1786","ICHEC-EC-EARTH","HIRHAM5",2048,"E Midlands",1,0,0,0,"ICHEC-EC-EARTH_HIRHAM5","ICHEC-EC-EARTH.04"
"1787","ICHEC-EC-EARTH","HIRHAM5",2049,"E Midlands",1,0,0,0,"ICHEC-EC-EARTH_HIRHAM5","ICHEC-EC-EARTH.04"
"1788","ICHEC-EC-EARTH","HIRHAM5",2050,"E Midlands",1,0,0,0,"ICHEC-EC-EARTH_HIRHAM5","ICHEC-EC-EARTH.04"
"1789","ICHEC-EC-EARTH","HIRHAM5",2051,"E Midlands",1,0,0,0,"ICHEC-EC-EARTH_HIRHAM5","ICHEC-EC-EARTH.04"
"1790","ICHEC-EC-EARTH","HIRHAM5",2052,"E Midlands",1,0,0,0,"ICHEC-EC-EARTH_HIRHAM5","ICHEC-EC-EARTH.04"
"1791","ICHEC-EC-EARTH","HIRHAM5",2053,"E Midlands",1,0,0,0,"ICHEC-EC-EARTH_HIRHAM5","ICHEC-EC-EARTH.04"
"1792","ICHEC-EC-EARTH","HIRHAM5",2054,"E Midlands",1,0,0,0,"ICHEC-EC-EARTH_HIRHAM5","ICHEC-EC-EARTH.04"
"1793","ICHEC-EC-EARTH","HIRHAM5",2055,"E Midlands",1,0,0,0,"ICHEC-EC-EARTH_HIRHAM5","ICHEC-EC-EARTH.04"
"1794","ICHEC-EC-EARTH","HIRHAM5",2056,"E Midlands",1,0,0,0,"ICHEC-EC-EARTH_HIRHAM5","ICHEC-EC-EARTH.04"
"1795","ICHEC-EC-EARTH","HIRHAM5",2057,"E Midlands",1,0,0,0,"ICHEC-EC-EARTH_HIRHAM5","ICHEC-EC-EARTH.04"
"1796","ICHEC-EC-EARTH","HIRHAM5",2058,"E Midlands",1,0,0,0,"ICHEC-EC-EARTH_HIRHAM5","ICHEC-EC-EARTH.04"
"1797","ICHEC-EC-EARTH","HIRHAM5",2059,"E Midlands",1,0,0,0,"ICHEC-EC-EARTH_HIRHAM5","ICHEC-EC-EARTH.04"
"1798","ICHEC-EC-EARTH","HIRHAM5",2060,"E Midlands",1,0,0,0,"ICHEC-EC-EARTH_HIRHAM5","ICHEC-EC-EARTH.04"
"1799","ICHEC-EC-EARTH","HIRHAM5",2061,"E Midlands",1,0,0,0,"ICHEC-EC-EARTH_HIRHAM5","ICHEC-EC-EARTH.04"
"1800","ICHEC-EC-EARTH","HIRHAM5",2062,"E Midlands",1,0,0,0,"ICHEC-EC-EARTH_HIRHAM5","ICHEC-EC-EARTH.04"
"1801","ICHEC-EC-EARTH","HIRHAM5",2063,"E Midlands",1,0,0,0,"ICHEC-EC-EARTH_HIRHAM5","ICHEC-EC-EARTH.04"
"1802","ICHEC-EC-EARTH","HIRHAM5",2064,"E Midlands",1,0,0,0,"ICHEC-EC-EARTH_HIRHAM5","ICHEC-EC-EARTH.04"
"1803","ICHEC-EC-EARTH","HIRHAM5",2065,"E Midlands",1,0,0,0,"ICHEC-EC-EARTH_HIRHAM5","ICHEC-EC-EARTH.04"
"1804","ICHEC-EC-EARTH","HIRHAM5",2066,"E Midlands",1,0,0,0,"ICHEC-EC-EARTH_HIRHAM5","ICHEC-EC-EARTH.04"
"1805","ICHEC-EC-EARTH","HIRHAM5",2067,"E Midlands",1,0,0,0,"ICHEC-EC-EARTH_HIRHAM5","ICHEC-EC-EARTH.04"
"1806","ICHEC-EC-EARTH","HIRHAM5",2068,"E Midlands",1,0,0,0,"ICHEC-EC-EARTH_HIRHAM5","ICHEC-EC-EARTH.04"
"1807","ICHEC-EC-EARTH","HIRHAM5",2069,"E Midlands",1,0,0,0,"ICHEC-EC-EARTH_HIRHAM5","ICHEC-EC-EARTH.04"
"1808","ICHEC-EC-EARTH","HIRHAM5",2070,"E Midlands",1,0,0,0,"ICHEC-EC-EARTH_HIRHAM5","ICHEC-EC-EARTH.04"
"1809","ICHEC-EC-EARTH","HIRHAM5",2071,"E Midlands",1,0,0,0,"ICHEC-EC-EARTH_HIRHAM5","ICHEC-EC-EARTH.04"
"1810","ICHEC-EC-EARTH","HIRHAM5",2072,"E Midlands",1,0,0,0,"ICHEC-EC-EARTH_HIRHAM5","ICHEC-EC-EARTH.04"
"1811","ICHEC-EC-EARTH","HIRHAM5",2073,"E Midlands",1,0,0,0,"ICHEC-EC-EARTH_HIRHAM5","ICHEC-EC-EARTH.04"
"1812","ICHEC-EC-EARTH","HIRHAM5",2074,"E Midlands",1,0.0654205607476635,3,31.76965876988,"ICHEC-EC-EARTH_HIRHAM5","ICHEC-EC-EARTH.04"
"1813","ICHEC-EC-EARTH","HIRHAM5",2075,"E Midlands",1,0,0,0,"ICHEC-EC-EARTH_HIRHAM5","ICHEC-EC-EARTH.04"
"1814","ICHEC-EC-EARTH","HIRHAM5",2076,"E Midlands",1,0,0,0,"ICHEC-EC-EARTH_HIRHAM5","ICHEC-EC-EARTH.04"
"1815","ICHEC-EC-EARTH","HIRHAM5",2077,"E Midlands",1,0,0,0,"ICHEC-EC-EARTH_HIRHAM5","ICHEC-EC-EARTH.04"
"1816","ICHEC-EC-EARTH","HIRHAM5",2078,"E Midlands",1,0,0,0,"ICHEC-EC-EARTH_HIRHAM5","ICHEC-EC-EARTH.04"
"1817","ICHEC-EC-EARTH","HIRHAM5",2079,"E Midlands",1,0,0,0,"ICHEC-EC-EARTH_HIRHAM5","ICHEC-EC-EARTH.04"
"1818","ICHEC-EC-EARTH","HIRHAM5",2080,"E Midlands",1,0,0,0,"ICHEC-EC-EARTH_HIRHAM5","ICHEC-EC-EARTH.04"
"1819","ICHEC-EC-EARTH","RACMO22E",1980,"E Midlands",1,0,0,0,"ICHEC-EC-EARTH_RACMO22E","ICHEC-EC-EARTH.05"
"1820","ICHEC-EC-EARTH","RACMO22E",1981,"E Midlands",1,0,0,0,"ICHEC-EC-EARTH_RACMO22E","ICHEC-EC-EARTH.05"
"1821","ICHEC-EC-EARTH","RACMO22E",1982,"E Midlands",1,0,0,0,"ICHEC-EC-EARTH_RACMO22E","ICHEC-EC-EARTH.05"
"1822","ICHEC-EC-EARTH","RACMO22E",1983,"E Midlands",1,0,0,0,"ICHEC-EC-EARTH_RACMO22E","ICHEC-EC-EARTH.05"
"1823","ICHEC-EC-EARTH","RACMO22E",1984,"E Midlands",1,0,0,0,"ICHEC-EC-EARTH_RACMO22E","ICHEC-EC-EARTH.05"
"1824","ICHEC-EC-EARTH","RACMO22E",1985,"E Midlands",1,0,0,0,"ICHEC-EC-EARTH_RACMO22E","ICHEC-EC-EARTH.05"
"1825","ICHEC-EC-EARTH","RACMO22E",1986,"E Midlands",1,0,0,0,"ICHEC-EC-EARTH_RACMO22E","ICHEC-EC-EARTH.05"
"1826","ICHEC-EC-EARTH","RACMO22E",1987,"E Midlands",1,0,0,0,"ICHEC-EC-EARTH_RACMO22E","ICHEC-EC-EARTH.05"
"1827","ICHEC-EC-EARTH","RACMO22E",1988,"E Midlands",1,0,0,0,"ICHEC-EC-EARTH_RACMO22E","ICHEC-EC-EARTH.05"
"1828","ICHEC-EC-EARTH","RACMO22E",1989,"E Midlands",1,0,0,0,"ICHEC-EC-EARTH_RACMO22E","ICHEC-EC-EARTH.05"
"1829","ICHEC-EC-EARTH","RACMO22E",1990,"E Midlands",1,0,0,0,"ICHEC-EC-EARTH_RACMO22E","ICHEC-EC-EARTH.05"
"1830","ICHEC-EC-EARTH","RACMO22E",1991,"E Midlands",1,0,0,0,"ICHEC-EC-EARTH_RACMO22E","ICHEC-EC-EARTH.05"
"1831","ICHEC-EC-EARTH","RACMO22E",1992,"E Midlands",1,0,0,0,"ICHEC-EC-EARTH_RACMO22E","ICHEC-EC-EARTH.05"
"1832","ICHEC-EC-EARTH","RACMO22E",1993,"E Midlands",1,0,0,0,"ICHEC-EC-EARTH_RACMO22E","ICHEC-EC-EARTH.05"
"1833","ICHEC-EC-EARTH","RACMO22E",1994,"E Midlands",1,0,0,0,"ICHEC-EC-EARTH_RACMO22E","ICHEC-EC-EARTH.05"
"1834","ICHEC-EC-EARTH","RACMO22E",1995,"E Midlands",1,0,0,0,"ICHEC-EC-EARTH_RACMO22E","ICHEC-EC-EARTH.05"
"1835","ICHEC-EC-EARTH","RACMO22E",1996,"E Midlands",1,0,0,0,"ICHEC-EC-EARTH_RACMO22E","ICHEC-EC-EARTH.05"
"1836","ICHEC-EC-EARTH","RACMO22E",1997,"E Midlands",1,0,0,0,"ICHEC-EC-EARTH_RACMO22E","ICHEC-EC-EARTH.05"
"1837","ICHEC-EC-EARTH","RACMO22E",1998,"E Midlands",1,0,0,0,"ICHEC-EC-EARTH_RACMO22E","ICHEC-EC-EARTH.05"
"1838","ICHEC-EC-EARTH","RACMO22E",1999,"E Midlands",1,0,0,0,"ICHEC-EC-EARTH_RACMO22E","ICHEC-EC-EARTH.05"
"1839","ICHEC-EC-EARTH","RACMO22E",2000,"E Midlands",1,0,0,0,"ICHEC-EC-EARTH_RACMO22E","ICHEC-EC-EARTH.05"
"1840","ICHEC-EC-EARTH","RACMO22E",2001,"E Midlands",1,0,0,0,"ICHEC-EC-EARTH_RACMO22E","ICHEC-EC-EARTH.05"
"1841","ICHEC-EC-EARTH","RACMO22E",2002,"E Midlands",1,0,0,0,"ICHEC-EC-EARTH_RACMO22E","ICHEC-EC-EARTH.05"
"1842","ICHEC-EC-EARTH","RACMO22E",2003,"E Midlands",1,0,0,0,"ICHEC-EC-EARTH_RACMO22E","ICHEC-EC-EARTH.05"
"1843","ICHEC-EC-EARTH","RACMO22E",2004,"E Midlands",1,0,0,0,"ICHEC-EC-EARTH_RACMO22E","ICHEC-EC-EARTH.05"
"1844","ICHEC-EC-EARTH","RACMO22E",2005,"E Midlands",1,0,0,0,"ICHEC-EC-EARTH_RACMO22E","ICHEC-EC-EARTH.05"
"1845","ICHEC-EC-EARTH","RACMO22E",2006,"E Midlands",1,0,0,0,"ICHEC-EC-EARTH_RACMO22E","ICHEC-EC-EARTH.05"
"1846","ICHEC-EC-EARTH","RACMO22E",2007,"E Midlands",1,0,0,0,"ICHEC-EC-EARTH_RACMO22E","ICHEC-EC-EARTH.05"
"1847","ICHEC-EC-EARTH","RACMO22E",2008,"E Midlands",1,0.0467289719626168,3,34.2529713312785,"ICHEC-EC-EARTH_RACMO22E","ICHEC-EC-EARTH.05"
"1848","ICHEC-EC-EARTH","RACMO22E",2009,"E Midlands",1,0,0,0,"ICHEC-EC-EARTH_RACMO22E","ICHEC-EC-EARTH.05"
"1849","ICHEC-EC-EARTH","RACMO22E",2010,"E Midlands",1,0,0,0,"ICHEC-EC-EARTH_RACMO22E","ICHEC-EC-EARTH.05"
"1850","ICHEC-EC-EARTH","RACMO22E",2011,"E Midlands",1,0,0,0,"ICHEC-EC-EARTH_RACMO22E","ICHEC-EC-EARTH.05"
"1851","ICHEC-EC-EARTH","RACMO22E",2012,"E Midlands",1,0,0,0,"ICHEC-EC-EARTH_RACMO22E","ICHEC-EC-EARTH.05"
"1852","ICHEC-EC-EARTH","RACMO22E",2013,"E Midlands",1,0,0,0,"ICHEC-EC-EARTH_RACMO22E","ICHEC-EC-EARTH.05"
"1853","ICHEC-EC-EARTH","RACMO22E",2014,"E Midlands",1,0,0,0,"ICHEC-EC-EARTH_RACMO22E","ICHEC-EC-EARTH.05"
"1854","ICHEC-EC-EARTH","RACMO22E",2015,"E Midlands",1,0,0,0,"ICHEC-EC-EARTH_RACMO22E","ICHEC-EC-EARTH.05"
"1855","ICHEC-EC-EARTH","RACMO22E",2016,"E Midlands",1,0,0,0,"ICHEC-EC-EARTH_RACMO22E","ICHEC-EC-EARTH.05"
"1856","ICHEC-EC-EARTH","RACMO22E",2017,"E Midlands",1,0,0,0,"ICHEC-EC-EARTH_RACMO22E","ICHEC-EC-EARTH.05"
"1857","ICHEC-EC-EARTH","RACMO22E",2018,"E Midlands",1,0,0,0,"ICHEC-EC-EARTH_RACMO22E","ICHEC-EC-EARTH.05"
"1858","ICHEC-EC-EARTH","RACMO22E",2019,"E Midlands",1,0,0,0,"ICHEC-EC-EARTH_RACMO22E","ICHEC-EC-EARTH.05"
"1859","ICHEC-EC-EARTH","RACMO22E",2020,"E Midlands",1,0,0,0,"ICHEC-EC-EARTH_RACMO22E","ICHEC-EC-EARTH.05"
"1860","ICHEC-EC-EARTH","RACMO22E",2021,"E Midlands",1,0,0,0,"ICHEC-EC-EARTH_RACMO22E","ICHEC-EC-EARTH.05"
"1861","ICHEC-EC-EARTH","RACMO22E",2022,"E Midlands",1,0,0,0,"ICHEC-EC-EARTH_RACMO22E","ICHEC-EC-EARTH.05"
"1862","ICHEC-EC-EARTH","RACMO22E",2023,"E Midlands",1,0,0,0,"ICHEC-EC-EARTH_RACMO22E","ICHEC-EC-EARTH.05"
"1863","ICHEC-EC-EARTH","RACMO22E",2024,"E Midlands",1,0,0,0,"ICHEC-EC-EARTH_RACMO22E","ICHEC-EC-EARTH.05"
"1864","ICHEC-EC-EARTH","RACMO22E",2025,"E Midlands",1,0,0,0,"ICHEC-EC-EARTH_RACMO22E","ICHEC-EC-EARTH.05"
"1865","ICHEC-EC-EARTH","RACMO22E",2026,"E Midlands",1,0,0,0,"ICHEC-EC-EARTH_RACMO22E","ICHEC-EC-EARTH.05"
"1866","ICHEC-EC-EARTH","RACMO22E",2027,"E Midlands",1,0,0,0,"ICHEC-EC-EARTH_RACMO22E","ICHEC-EC-EARTH.05"
"1867","ICHEC-EC-EARTH","RACMO22E",2028,"E Midlands",1,0,0,0,"ICHEC-EC-EARTH_RACMO22E","ICHEC-EC-EARTH.05"
"1868","ICHEC-EC-EARTH","RACMO22E",2029,"E Midlands",1,0,0,0,"ICHEC-EC-EARTH_RACMO22E","ICHEC-EC-EARTH.05"
"1869","ICHEC-EC-EARTH","RACMO22E",2030,"E Midlands",1,0,0,0,"ICHEC-EC-EARTH_RACMO22E","ICHEC-EC-EARTH.05"
"1870","ICHEC-EC-EARTH","RACMO22E",2031,"E Midlands",1,0,0,0,"ICHEC-EC-EARTH_RACMO22E","ICHEC-EC-EARTH.05"
"1871","ICHEC-EC-EARTH","RACMO22E",2032,"E Midlands",1,0,0,0,"ICHEC-EC-EARTH_RACMO22E","ICHEC-EC-EARTH.05"
"1872","ICHEC-EC-EARTH","RACMO22E",2033,"E Midlands",1,0,0,0,"ICHEC-EC-EARTH_RACMO22E","ICHEC-EC-EARTH.05"
"1873","ICHEC-EC-EARTH","RACMO22E",2034,"E Midlands",1,0,0,0,"ICHEC-EC-EARTH_RACMO22E","ICHEC-EC-EARTH.05"
"1874","ICHEC-EC-EARTH","RACMO22E",2035,"E Midlands",1,0,0,0,"ICHEC-EC-EARTH_RACMO22E","ICHEC-EC-EARTH.05"
"1875","ICHEC-EC-EARTH","RACMO22E",2036,"E Midlands",1,0,0,0,"ICHEC-EC-EARTH_RACMO22E","ICHEC-EC-EARTH.05"
"1876","ICHEC-EC-EARTH","RACMO22E",2037,"E Midlands",1,0,0,0,"ICHEC-EC-EARTH_RACMO22E","ICHEC-EC-EARTH.05"
"1877","ICHEC-EC-EARTH","RACMO22E",2038,"E Midlands",1,0,0,0,"ICHEC-EC-EARTH_RACMO22E","ICHEC-EC-EARTH.05"
"1878","ICHEC-EC-EARTH","RACMO22E",2039,"E Midlands",1,0,0,0,"ICHEC-EC-EARTH_RACMO22E","ICHEC-EC-EARTH.05"
"1879","ICHEC-EC-EARTH","RACMO22E",2040,"E Midlands",1,0,0,0,"ICHEC-EC-EARTH_RACMO22E","ICHEC-EC-EARTH.05"
"1880","ICHEC-EC-EARTH","RACMO22E",2041,"E Midlands",1,0,0,0,"ICHEC-EC-EARTH_RACMO22E","ICHEC-EC-EARTH.05"
"1881","ICHEC-EC-EARTH","RACMO22E",2042,"E Midlands",1,0,0,0,"ICHEC-EC-EARTH_RACMO22E","ICHEC-EC-EARTH.05"
"1882","ICHEC-EC-EARTH","RACMO22E",2043,"E Midlands",1,0,0,0,"ICHEC-EC-EARTH_RACMO22E","ICHEC-EC-EARTH.05"
"1883","ICHEC-EC-EARTH","RACMO22E",2044,"E Midlands",1,0,0,0,"ICHEC-EC-EARTH_RACMO22E","ICHEC-EC-EARTH.05"
"1884","ICHEC-EC-EARTH","RACMO22E",2045,"E Midlands",1,0,0,0,"ICHEC-EC-EARTH_RACMO22E","ICHEC-EC-EARTH.05"
"1885","ICHEC-EC-EARTH","RACMO22E",2046,"E Midlands",1,0,0,0,"ICHEC-EC-EARTH_RACMO22E","ICHEC-EC-EARTH.05"
"1886","ICHEC-EC-EARTH","RACMO22E",2047,"E Midlands",1,0,0,0,"ICHEC-EC-EARTH_RACMO22E","ICHEC-EC-EARTH.05"
"1887","ICHEC-EC-EARTH","RACMO22E",2048,"E Midlands",1,0,0,0,"ICHEC-EC-EARTH_RACMO22E","ICHEC-EC-EARTH.05"
"1888","ICHEC-EC-EARTH","RACMO22E",2049,"E Midlands",1,0,0,0,"ICHEC-EC-EARTH_RACMO22E","ICHEC-EC-EARTH.05"
"1889","ICHEC-EC-EARTH","RACMO22E",2050,"E Midlands",1,0,0,0,"ICHEC-EC-EARTH_RACMO22E","ICHEC-EC-EARTH.05"
"1890","ICHEC-EC-EARTH","RACMO22E",2051,"E Midlands",1,0,0,0,"ICHEC-EC-EARTH_RACMO22E","ICHEC-EC-EARTH.05"
"1891","ICHEC-EC-EARTH","RACMO22E",2052,"E Midlands",1,0.224299065420561,4.33333333333333,32.0643127143383,"ICHEC-EC-EARTH_RACMO22E","ICHEC-EC-EARTH.05"
"1892","ICHEC-EC-EARTH","RACMO22E",2053,"E Midlands",1,0,0,0,"ICHEC-EC-EARTH_RACMO22E","ICHEC-EC-EARTH.05"
"1893","ICHEC-EC-EARTH","RACMO22E",2054,"E Midlands",1,0,0,0,"ICHEC-EC-EARTH_RACMO22E","ICHEC-EC-EARTH.05"
"1894","ICHEC-EC-EARTH","RACMO22E",2055,"E Midlands",1,0,0,0,"ICHEC-EC-EARTH_RACMO22E","ICHEC-EC-EARTH.05"
"1895","ICHEC-EC-EARTH","RACMO22E",2056,"E Midlands",1,0,0,0,"ICHEC-EC-EARTH_RACMO22E","ICHEC-EC-EARTH.05"
"1896","ICHEC-EC-EARTH","RACMO22E",2057,"E Midlands",1,0,0,0,"ICHEC-EC-EARTH_RACMO22E","ICHEC-EC-EARTH.05"
"1897","ICHEC-EC-EARTH","RACMO22E",2058,"E Midlands",1,0,0,0,"ICHEC-EC-EARTH_RACMO22E","ICHEC-EC-EARTH.05"
"1898","ICHEC-EC-EARTH","RACMO22E",2059,"E Midlands",1,0,0,0,"ICHEC-EC-EARTH_RACMO22E","ICHEC-EC-EARTH.05"
"1899","ICHEC-EC-EARTH","RACMO22E",2060,"E Midlands",1,0,0,0,"ICHEC-EC-EARTH_RACMO22E","ICHEC-EC-EARTH.05"
"1900","ICHEC-EC-EARTH","RACMO22E",2061,"E Midlands",1,0,0,0,"ICHEC-EC-EARTH_RACMO22E","ICHEC-EC-EARTH.05"
"1901","ICHEC-EC-EARTH","RACMO22E",2062,"E Midlands",1,0,0,0,"ICHEC-EC-EARTH_RACMO22E","ICHEC-EC-EARTH.05"
"1902","ICHEC-EC-EARTH","RACMO22E",2063,"E Midlands",1,0,0,0,"ICHEC-EC-EARTH_RACMO22E","ICHEC-EC-EARTH.05"
"1903","ICHEC-EC-EARTH","RACMO22E",2064,"E Midlands",1,0,0,0,"ICHEC-EC-EARTH_RACMO22E","ICHEC-EC-EARTH.05"
"1904","ICHEC-EC-EARTH","RACMO22E",2065,"E Midlands",1,0,0,0,"ICHEC-EC-EARTH_RACMO22E","ICHEC-EC-EARTH.05"
"1905","ICHEC-EC-EARTH","RACMO22E",2066,"E Midlands",1,0,0,0,"ICHEC-EC-EARTH_RACMO22E","ICHEC-EC-EARTH.05"
"1906","ICHEC-EC-EARTH","RACMO22E",2067,"E Midlands",1,0,0,0,"ICHEC-EC-EARTH_RACMO22E","ICHEC-EC-EARTH.05"
"1907","ICHEC-EC-EARTH","RACMO22E",2068,"E Midlands",1,0,0,0,"ICHEC-EC-EARTH_RACMO22E","ICHEC-EC-EARTH.05"
"1908","ICHEC-EC-EARTH","RACMO22E",2069,"E Midlands",1,0,0,0,"ICHEC-EC-EARTH_RACMO22E","ICHEC-EC-EARTH.05"
"1909","ICHEC-EC-EARTH","RACMO22E",2070,"E Midlands",1,0,0,0,"ICHEC-EC-EARTH_RACMO22E","ICHEC-EC-EARTH.05"
"1910","ICHEC-EC-EARTH","RACMO22E",2071,"E Midlands",1,0,0,0,"ICHEC-EC-EARTH_RACMO22E","ICHEC-EC-EARTH.05"
"1911","ICHEC-EC-EARTH","RACMO22E",2072,"E Midlands",1,0,0,0,"ICHEC-EC-EARTH_RACMO22E","ICHEC-EC-EARTH.05"
"1912","ICHEC-EC-EARTH","RACMO22E",2073,"E Midlands",1,0,0,0,"ICHEC-EC-EARTH_RACMO22E","ICHEC-EC-EARTH.05"
"1913","ICHEC-EC-EARTH","RACMO22E",2074,"E Midlands",1,0,0,0,"ICHEC-EC-EARTH_RACMO22E","ICHEC-EC-EARTH.05"
"1914","ICHEC-EC-EARTH","RACMO22E",2075,"E Midlands",1,0,0,0,"ICHEC-EC-EARTH_RACMO22E","ICHEC-EC-EARTH.05"
"1915","ICHEC-EC-EARTH","RACMO22E",2076,"E Midlands",1,0,0,0,"ICHEC-EC-EARTH_RACMO22E","ICHEC-EC-EARTH.05"
"1916","ICHEC-EC-EARTH","RACMO22E",2077,"E Midlands",1,0,0,0,"ICHEC-EC-EARTH_RACMO22E","ICHEC-EC-EARTH.05"
"1917","ICHEC-EC-EARTH","RACMO22E",2078,"E Midlands",1,0,0,0,"ICHEC-EC-EARTH_RACMO22E","ICHEC-EC-EARTH.05"
"1918","ICHEC-EC-EARTH","RACMO22E",2079,"E Midlands",1,0,0,0,"ICHEC-EC-EARTH_RACMO22E","ICHEC-EC-EARTH.05"
"1919","ICHEC-EC-EARTH","RACMO22E",2080,"E Midlands",1,0,0,0,"ICHEC-EC-EARTH_RACMO22E","ICHEC-EC-EARTH.05"
"1920","ICHEC-EC-EARTH","RACMO22E",1980,"E Midlands",1,0,0,0,"ICHEC-EC-EARTH_RACMO22E","ICHEC-EC-EARTH.05"
"1921","ICHEC-EC-EARTH","RACMO22E",1981,"E Midlands",1,0,0,0,"ICHEC-EC-EARTH_RACMO22E","ICHEC-EC-EARTH.05"
"1922","ICHEC-EC-EARTH","RACMO22E",1982,"E Midlands",1,0,0,0,"ICHEC-EC-EARTH_RACMO22E","ICHEC-EC-EARTH.05"
"1923","ICHEC-EC-EARTH","RACMO22E",1983,"E Midlands",1,0,0,0,"ICHEC-EC-EARTH_RACMO22E","ICHEC-EC-EARTH.05"
"1924","ICHEC-EC-EARTH","RACMO22E",1984,"E Midlands",1,0,0,0,"ICHEC-EC-EARTH_RACMO22E","ICHEC-EC-EARTH.05"
"1925","ICHEC-EC-EARTH","RACMO22E",1985,"E Midlands",1,0,0,0,"ICHEC-EC-EARTH_RACMO22E","ICHEC-EC-EARTH.05"
"1926","ICHEC-EC-EARTH","RACMO22E",1986,"E Midlands",1,0,0,0,"ICHEC-EC-EARTH_RACMO22E","ICHEC-EC-EARTH.05"
"1927","ICHEC-EC-EARTH","RACMO22E",1987,"E Midlands",1,0,0,0,"ICHEC-EC-EARTH_RACMO22E","ICHEC-EC-EARTH.05"
"1928","ICHEC-EC-EARTH","RACMO22E",1988,"E Midlands",1,0,0,0,"ICHEC-EC-EARTH_RACMO22E","ICHEC-EC-EARTH.05"
"1929","ICHEC-EC-EARTH","RACMO22E",1989,"E Midlands",1,0,0,0,"ICHEC-EC-EARTH_RACMO22E","ICHEC-EC-EARTH.05"
"1930","ICHEC-EC-EARTH","RACMO22E",1990,"E Midlands",1,0,0,0,"ICHEC-EC-EARTH_RACMO22E","ICHEC-EC-EARTH.05"
"1931","ICHEC-EC-EARTH","RACMO22E",1991,"E Midlands",1,0,0,0,"ICHEC-EC-EARTH_RACMO22E","ICHEC-EC-EARTH.05"
"1932","ICHEC-EC-EARTH","RACMO22E",1992,"E Midlands",1,0,0,0,"ICHEC-EC-EARTH_RACMO22E","ICHEC-EC-EARTH.05"
"1933","ICHEC-EC-EARTH","RACMO22E",1993,"E Midlands",1,0,0,0,"ICHEC-EC-EARTH_RACMO22E","ICHEC-EC-EARTH.05"
"1934","ICHEC-EC-EARTH","RACMO22E",1994,"E Midlands",1,0,0,0,"ICHEC-EC-EARTH_RACMO22E","ICHEC-EC-EARTH.05"
"1935","ICHEC-EC-EARTH","RACMO22E",1995,"E Midlands",1,0,0,0,"ICHEC-EC-EARTH_RACMO22E","ICHEC-EC-EARTH.05"
"1936","ICHEC-EC-EARTH","RACMO22E",1996,"E Midlands",1,0,0,0,"ICHEC-EC-EARTH_RACMO22E","ICHEC-EC-EARTH.05"
"1937","ICHEC-EC-EARTH","RACMO22E",1997,"E Midlands",1,0,0,0,"ICHEC-EC-EARTH_RACMO22E","ICHEC-EC-EARTH.05"
"1938","ICHEC-EC-EARTH","RACMO22E",1998,"E Midlands",1,0,0,0,"ICHEC-EC-EARTH_RACMO22E","ICHEC-EC-EARTH.05"
"1939","ICHEC-EC-EARTH","RACMO22E",1999,"E Midlands",1,0,0,0,"ICHEC-EC-EARTH_RACMO22E","ICHEC-EC-EARTH.05"
"1940","ICHEC-EC-EARTH","RACMO22E",2000,"E Midlands",1,0.495327102803738,3.81132075471698,31.7129954610981,"ICHEC-EC-EARTH_RACMO22E","ICHEC-EC-EARTH.05"
"1941","ICHEC-EC-EARTH","RACMO22E",2001,"E Midlands",1,0,0,0,"ICHEC-EC-EARTH_RACMO22E","ICHEC-EC-EARTH.05"
"1942","ICHEC-EC-EARTH","RACMO22E",2002,"E Midlands",1,0,0,0,"ICHEC-EC-EARTH_RACMO22E","ICHEC-EC-EARTH.05"
"1943","ICHEC-EC-EARTH","RACMO22E",2003,"E Midlands",1,0,0,0,"ICHEC-EC-EARTH_RACMO22E","ICHEC-EC-EARTH.05"
"1944","ICHEC-EC-EARTH","RACMO22E",2004,"E Midlands",1,0,0,0,"ICHEC-EC-EARTH_RACMO22E","ICHEC-EC-EARTH.05"
"1945","ICHEC-EC-EARTH","RACMO22E",2005,"E Midlands",1,0,0,0,"ICHEC-EC-EARTH_RACMO22E","ICHEC-EC-EARTH.05"
"1946","ICHEC-EC-EARTH","RACMO22E",2006,"E Midlands",1,0,0,0,"ICHEC-EC-EARTH_RACMO22E","ICHEC-EC-EARTH.05"
"1947","ICHEC-EC-EARTH","RACMO22E",2007,"E Midlands",1,0,0,0,"ICHEC-EC-EARTH_RACMO22E","ICHEC-EC-EARTH.05"
"1948","ICHEC-EC-EARTH","RACMO22E",2008,"E Midlands",1,0,0,0,"ICHEC-EC-EARTH_RACMO22E","ICHEC-EC-EARTH.05"
"1949","ICHEC-EC-EARTH","RACMO22E",2009,"E Midlands",1,0,0,0,"ICHEC-EC-EARTH_RACMO22E","ICHEC-EC-EARTH.05"
"1950","ICHEC-EC-EARTH","RACMO22E",2010,"E Midlands",1,0,0,0,"ICHEC-EC-EARTH_RACMO22E","ICHEC-EC-EARTH.05"
"1951","ICHEC-EC-EARTH","RACMO22E",2011,"E Midlands",1,0,0,0,"ICHEC-EC-EARTH_RACMO22E","ICHEC-EC-EARTH.05"
"1952","ICHEC-EC-EARTH","RACMO22E",2012,"E Midlands",1,0,0,0,"ICHEC-EC-EARTH_RACMO22E","ICHEC-EC-EARTH.05"
"1953","ICHEC-EC-EARTH","RACMO22E",2013,"E Midlands",1,0,0,0,"ICHEC-EC-EARTH_RACMO22E","ICHEC-EC-EARTH.05"
"1954","ICHEC-EC-EARTH","RACMO22E",2014,"E Midlands",1,0,0,0,"ICHEC-EC-EARTH_RACMO22E","ICHEC-EC-EARTH.05"
"1955","ICHEC-EC-EARTH","RACMO22E",2015,"E Midlands",1,0,0,0,"ICHEC-EC-EARTH_RACMO22E","ICHEC-EC-EARTH.05"
"1956","ICHEC-EC-EARTH","RACMO22E",2016,"E Midlands",1,0,0,0,"ICHEC-EC-EARTH_RACMO22E","ICHEC-EC-EARTH.05"
"1957","ICHEC-EC-EARTH","RACMO22E",2017,"E Midlands",1,0,0,0,"ICHEC-EC-EARTH_RACMO22E","ICHEC-EC-EARTH.05"
"1958","ICHEC-EC-EARTH","RACMO22E",2018,"E Midlands",1,0,0,0,"ICHEC-EC-EARTH_RACMO22E","ICHEC-EC-EARTH.05"
"1959","ICHEC-EC-EARTH","RACMO22E",2019,"E Midlands",1,0,0,0,"ICHEC-EC-EARTH_RACMO22E","ICHEC-EC-EARTH.05"
"1960","ICHEC-EC-EARTH","RACMO22E",2020,"E Midlands",1,0,0,0,"ICHEC-EC-EARTH_RACMO22E","ICHEC-EC-EARTH.05"
"1961","ICHEC-EC-EARTH","RACMO22E",2021,"E Midlands",1,0,0,0,"ICHEC-EC-EARTH_RACMO22E","ICHEC-EC-EARTH.05"
"1962","ICHEC-EC-EARTH","RACMO22E",2022,"E Midlands",1,0,0,0,"ICHEC-EC-EARTH_RACMO22E","ICHEC-EC-EARTH.05"
"1963","ICHEC-EC-EARTH","RACMO22E",2023,"E Midlands",1,0,0,0,"ICHEC-EC-EARTH_RACMO22E","ICHEC-EC-EARTH.05"
"1964","ICHEC-EC-EARTH","RACMO22E",2024,"E Midlands",1,0,0,0,"ICHEC-EC-EARTH_RACMO22E","ICHEC-EC-EARTH.05"
"1965","ICHEC-EC-EARTH","RACMO22E",2025,"E Midlands",1,0,0,0,"ICHEC-EC-EARTH_RACMO22E","ICHEC-EC-EARTH.05"
"1966","ICHEC-EC-EARTH","RACMO22E",2026,"E Midlands",1,0,0,0,"ICHEC-EC-EARTH_RACMO22E","ICHEC-EC-EARTH.05"
"1967","ICHEC-EC-EARTH","RACMO22E",2027,"E Midlands",1,0,0,0,"ICHEC-EC-EARTH_RACMO22E","ICHEC-EC-EARTH.05"
"1968","ICHEC-EC-EARTH","RACMO22E",2028,"E Midlands",1,0,0,0,"ICHEC-EC-EARTH_RACMO22E","ICHEC-EC-EARTH.05"
"1969","ICHEC-EC-EARTH","RACMO22E",2029,"E Midlands",1,0,0,0,"ICHEC-EC-EARTH_RACMO22E","ICHEC-EC-EARTH.05"
"1970","ICHEC-EC-EARTH","RACMO22E",2030,"E Midlands",1,0,0,0,"ICHEC-EC-EARTH_RACMO22E","ICHEC-EC-EARTH.05"
"1971","ICHEC-EC-EARTH","RACMO22E",2031,"E Midlands",1,0,0,0,"ICHEC-EC-EARTH_RACMO22E","ICHEC-EC-EARTH.05"
"1972","ICHEC-EC-EARTH","RACMO22E",2032,"E Midlands",1,0,0,0,"ICHEC-EC-EARTH_RACMO22E","ICHEC-EC-EARTH.05"
"1973","ICHEC-EC-EARTH","RACMO22E",2033,"E Midlands",1,0,0,0,"ICHEC-EC-EARTH_RACMO22E","ICHEC-EC-EARTH.05"
"1974","ICHEC-EC-EARTH","RACMO22E",2034,"E Midlands",1,0,0,0,"ICHEC-EC-EARTH_RACMO22E","ICHEC-EC-EARTH.05"
"1975","ICHEC-EC-EARTH","RACMO22E",2035,"E Midlands",1,0,0,0,"ICHEC-EC-EARTH_RACMO22E","ICHEC-EC-EARTH.05"
"1976","ICHEC-EC-EARTH","RACMO22E",2036,"E Midlands",1,0,0,0,"ICHEC-EC-EARTH_RACMO22E","ICHEC-EC-EARTH.05"
"1977","ICHEC-EC-EARTH","RACMO22E",2037,"E Midlands",1,0,0,0,"ICHEC-EC-EARTH_RACMO22E","ICHEC-EC-EARTH.05"
"1978","ICHEC-EC-EARTH","RACMO22E",2038,"E Midlands",1,0,0,0,"ICHEC-EC-EARTH_RACMO22E","ICHEC-EC-EARTH.05"
"1979","ICHEC-EC-EARTH","RACMO22E",2039,"E Midlands",1,0,0,0,"ICHEC-EC-EARTH_RACMO22E","ICHEC-EC-EARTH.05"
"1980","ICHEC-EC-EARTH","RACMO22E",2040,"E Midlands",1,0,0,0,"ICHEC-EC-EARTH_RACMO22E","ICHEC-EC-EARTH.05"
"1981","ICHEC-EC-EARTH","RACMO22E",2041,"E Midlands",1,0,0,0,"ICHEC-EC-EARTH_RACMO22E","ICHEC-EC-EARTH.05"
"1982","ICHEC-EC-EARTH","RACMO22E",2042,"E Midlands",1,0,0,0,"ICHEC-EC-EARTH_RACMO22E","ICHEC-EC-EARTH.05"
"1983","ICHEC-EC-EARTH","RACMO22E",2043,"E Midlands",1,0,0,0,"ICHEC-EC-EARTH_RACMO22E","ICHEC-EC-EARTH.05"
"1984","ICHEC-EC-EARTH","RACMO22E",2044,"E Midlands",1,0,0,0,"ICHEC-EC-EARTH_RACMO22E","ICHEC-EC-EARTH.05"
"1985","ICHEC-EC-EARTH","RACMO22E",2045,"E Midlands",1,0,0,0,"ICHEC-EC-EARTH_RACMO22E","ICHEC-EC-EARTH.05"
"1986","ICHEC-EC-EARTH","RACMO22E",2046,"E Midlands",1,0,0,0,"ICHEC-EC-EARTH_RACMO22E","ICHEC-EC-EARTH.05"
"1987","ICHEC-EC-EARTH","RACMO22E",2047,"E Midlands",1,0,0,0,"ICHEC-EC-EARTH_RACMO22E","ICHEC-EC-EARTH.05"
"1988","ICHEC-EC-EARTH","RACMO22E",2048,"E Midlands",1,0,0,0,"ICHEC-EC-EARTH_RACMO22E","ICHEC-EC-EARTH.05"
"1989","ICHEC-EC-EARTH","RACMO22E",2049,"E Midlands",1,0,0,0,"ICHEC-EC-EARTH_RACMO22E","ICHEC-EC-EARTH.05"
"1990","ICHEC-EC-EARTH","RACMO22E",2050,"E Midlands",1,0,0,0,"ICHEC-EC-EARTH_RACMO22E","ICHEC-EC-EARTH.05"
"1991","ICHEC-EC-EARTH","RACMO22E",2051,"E Midlands",1,0,0,0,"ICHEC-EC-EARTH_RACMO22E","ICHEC-EC-EARTH.05"
"1992","ICHEC-EC-EARTH","RACMO22E",2052,"E Midlands",1,0,0,0,"ICHEC-EC-EARTH_RACMO22E","ICHEC-EC-EARTH.05"
"1993","ICHEC-EC-EARTH","RACMO22E",2053,"E Midlands",1,0,0,0,"ICHEC-EC-EARTH_RACMO22E","ICHEC-EC-EARTH.05"
"1994","ICHEC-EC-EARTH","RACMO22E",2054,"E Midlands",1,0,0,0,"ICHEC-EC-EARTH_RACMO22E","ICHEC-EC-EARTH.05"
"1995","ICHEC-EC-EARTH","RACMO22E",2055,"E Midlands",1,0,0,0,"ICHEC-EC-EARTH_RACMO22E","ICHEC-EC-EARTH.05"
"1996","ICHEC-EC-EARTH","RACMO22E",2056,"E Midlands",1,0.0280373831775701,3,32.3977621926202,"ICHEC-EC-EARTH_RACMO22E","ICHEC-EC-EARTH.05"
"1997","ICHEC-EC-EARTH","RACMO22E",2057,"E Midlands",1,0,0,0,"ICHEC-EC-EARTH_RACMO22E","ICHEC-EC-EARTH.05"
"1998","ICHEC-EC-EARTH","RACMO22E",2058,"E Midlands",1,0,0,0,"ICHEC-EC-EARTH_RACMO22E","ICHEC-EC-EARTH.05"
"1999","ICHEC-EC-EARTH","RACMO22E",2059,"E Midlands",1,0,0,0,"ICHEC-EC-EARTH_RACMO22E","ICHEC-EC-EARTH.05"
"2000","ICHEC-EC-EARTH","RACMO22E",2060,"E Midlands",1,0,0,0,"ICHEC-EC-EARTH_RACMO22E","ICHEC-EC-EARTH.05"
"2001","ICHEC-EC-EARTH","RACMO22E",2061,"E Midlands",1,0,0,0,"ICHEC-EC-EARTH_RACMO22E","ICHEC-EC-EARTH.05"
"2002","ICHEC-EC-EARTH","RACMO22E",2062,"E Midlands",1,0,0,0,"ICHEC-EC-EARTH_RACMO22E","ICHEC-EC-EARTH.05"
"2003","ICHEC-EC-EARTH","RACMO22E",2063,"E Midlands",1,0,0,0,"ICHEC-EC-EARTH_RACMO22E","ICHEC-EC-EARTH.05"
"2004","ICHEC-EC-EARTH","RACMO22E",2064,"E Midlands",1,0,0,0,"ICHEC-EC-EARTH_RACMO22E","ICHEC-EC-EARTH.05"
"2005","ICHEC-EC-EARTH","RACMO22E",2065,"E Midlands",1,0.0934579439252336,3,30.9107398668925,"ICHEC-EC-EARTH_RACMO22E","ICHEC-EC-EARTH.05"
"2006","ICHEC-EC-EARTH","RACMO22E",2066,"E Midlands",1,0.14018691588785,3.33333333333333,31.1653573269314,"ICHEC-EC-EARTH_RACMO22E","ICHEC-EC-EARTH.05"
"2007","ICHEC-EC-EARTH","RACMO22E",2067,"E Midlands",1,0,0,0,"ICHEC-EC-EARTH_RACMO22E","ICHEC-EC-EARTH.05"
"2008","ICHEC-EC-EARTH","RACMO22E",2068,"E Midlands",1,0,0,0,"ICHEC-EC-EARTH_RACMO22E","ICHEC-EC-EARTH.05"
"2009","ICHEC-EC-EARTH","RACMO22E",2069,"E Midlands",1,0,0,0,"ICHEC-EC-EARTH_RACMO22E","ICHEC-EC-EARTH.05"
"2010","ICHEC-EC-EARTH","RACMO22E",2070,"E Midlands",1,0,0,0,"ICHEC-EC-EARTH_RACMO22E","ICHEC-EC-EARTH.05"
"2011","ICHEC-EC-EARTH","RACMO22E",2071,"E Midlands",1,0,0,0,"ICHEC-EC-EARTH_RACMO22E","ICHEC-EC-EARTH.05"
"2012","ICHEC-EC-EARTH","RACMO22E",2072,"E Midlands",1,0.803738317757009,5.2093023255814,32.5917301714486,"ICHEC-EC-EARTH_RACMO22E","ICHEC-EC-EARTH.05"
"2013","ICHEC-EC-EARTH","RACMO22E",2073,"E Midlands",1,0.280373831775701,3.13333333333333,31.0372740719053,"ICHEC-EC-EARTH_RACMO22E","ICHEC-EC-EARTH.05"
"2014","ICHEC-EC-EARTH","RACMO22E",2074,"E Midlands",1,0,0,0,"ICHEC-EC-EARTH_RACMO22E","ICHEC-EC-EARTH.05"
"2015","ICHEC-EC-EARTH","RACMO22E",2075,"E Midlands",1,0,0,0,"ICHEC-EC-EARTH_RACMO22E","ICHEC-EC-EARTH.05"
"2016","ICHEC-EC-EARTH","RACMO22E",2076,"E Midlands",1,0,0,0,"ICHEC-EC-EARTH_RACMO22E","ICHEC-EC-EARTH.05"
"2017","ICHEC-EC-EARTH","RACMO22E",2077,"E Midlands",1,0,0,0,"ICHEC-EC-EARTH_RACMO22E","ICHEC-EC-EARTH.05"
"2018","ICHEC-EC-EARTH","RACMO22E",2078,"E Midlands",1,0,0,0,"ICHEC-EC-EARTH_RACMO22E","ICHEC-EC-EARTH.05"
"2019","ICHEC-EC-EARTH","RACMO22E",2079,"E Midlands",1,0,0,0,"ICHEC-EC-EARTH_RACMO22E","ICHEC-EC-EARTH.05"
"2020","ICHEC-EC-EARTH","RACMO22E",2080,"E Midlands",1,0,0,0,"ICHEC-EC-EARTH_RACMO22E","ICHEC-EC-EARTH.05"
"2021","ICHEC-EC-EARTH","RACMO22E",1980,"E Midlands",1,0,0,0,"ICHEC-EC-EARTH_RACMO22E","ICHEC-EC-EARTH.05"
"2022","ICHEC-EC-EARTH","RACMO22E",1981,"E Midlands",1,0,0,0,"ICHEC-EC-EARTH_RACMO22E","ICHEC-EC-EARTH.05"
"2023","ICHEC-EC-EARTH","RACMO22E",1982,"E Midlands",1,0,0,0,"ICHEC-EC-EARTH_RACMO22E","ICHEC-EC-EARTH.05"
"2024","ICHEC-EC-EARTH","RACMO22E",1983,"E Midlands",1,0,0,0,"ICHEC-EC-EARTH_RACMO22E","ICHEC-EC-EARTH.05"
"2025","ICHEC-EC-EARTH","RACMO22E",1984,"E Midlands",1,0,0,0,"ICHEC-EC-EARTH_RACMO22E","ICHEC-EC-EARTH.05"
"2026","ICHEC-EC-EARTH","RACMO22E",1985,"E Midlands",1,0,0,0,"ICHEC-EC-EARTH_RACMO22E","ICHEC-EC-EARTH.05"
"2027","ICHEC-EC-EARTH","RACMO22E",1986,"E Midlands",1,0,0,0,"ICHEC-EC-EARTH_RACMO22E","ICHEC-EC-EARTH.05"
"2028","ICHEC-EC-EARTH","RACMO22E",1987,"E Midlands",1,0,0,0,"ICHEC-EC-EARTH_RACMO22E","ICHEC-EC-EARTH.05"
"2029","ICHEC-EC-EARTH","RACMO22E",1988,"E Midlands",1,0,0,0,"ICHEC-EC-EARTH_RACMO22E","ICHEC-EC-EARTH.05"
"2030","ICHEC-EC-EARTH","RACMO22E",1989,"E Midlands",1,0.00934579439252336,3,31.0732857386271,"ICHEC-EC-EARTH_RACMO22E","ICHEC-EC-EARTH.05"
"2031","ICHEC-EC-EARTH","RACMO22E",1990,"E Midlands",1,0,0,0,"ICHEC-EC-EARTH_RACMO22E","ICHEC-EC-EARTH.05"
"2032","ICHEC-EC-EARTH","RACMO22E",1991,"E Midlands",1,0,0,0,"ICHEC-EC-EARTH_RACMO22E","ICHEC-EC-EARTH.05"
"2033","ICHEC-EC-EARTH","RACMO22E",1992,"E Midlands",1,0,0,0,"ICHEC-EC-EARTH_RACMO22E","ICHEC-EC-EARTH.05"
"2034","ICHEC-EC-EARTH","RACMO22E",1993,"E Midlands",1,0,0,0,"ICHEC-EC-EARTH_RACMO22E","ICHEC-EC-EARTH.05"
"2035","ICHEC-EC-EARTH","RACMO22E",1994,"E Midlands",1,0,0,0,"ICHEC-EC-EARTH_RACMO22E","ICHEC-EC-EARTH.05"
"2036","ICHEC-EC-EARTH","RACMO22E",1995,"E Midlands",1,0,0,0,"ICHEC-EC-EARTH_RACMO22E","ICHEC-EC-EARTH.05"
"2037","ICHEC-EC-EARTH","RACMO22E",1996,"E Midlands",1,0,0,0,"ICHEC-EC-EARTH_RACMO22E","ICHEC-EC-EARTH.05"
"2038","ICHEC-EC-EARTH","RACMO22E",1997,"E Midlands",1,0,0,0,"ICHEC-EC-EARTH_RACMO22E","ICHEC-EC-EARTH.05"
"2039","ICHEC-EC-EARTH","RACMO22E",1998,"E Midlands",1,0,0,0,"ICHEC-EC-EARTH_RACMO22E","ICHEC-EC-EARTH.05"
"2040","ICHEC-EC-EARTH","RACMO22E",1999,"E Midlands",1,0,0,0,"ICHEC-EC-EARTH_RACMO22E","ICHEC-EC-EARTH.05"
"2041","ICHEC-EC-EARTH","RACMO22E",2000,"E Midlands",1,0,0,0,"ICHEC-EC-EARTH_RACMO22E","ICHEC-EC-EARTH.05"
"2042","ICHEC-EC-EARTH","RACMO22E",2001,"E Midlands",1,0,0,0,"ICHEC-EC-EARTH_RACMO22E","ICHEC-EC-EARTH.05"
"2043","ICHEC-EC-EARTH","RACMO22E",2002,"E Midlands",1,0,0,0,"ICHEC-EC-EARTH_RACMO22E","ICHEC-EC-EARTH.05"
"2044","ICHEC-EC-EARTH","RACMO22E",2003,"E Midlands",1,0,0,0,"ICHEC-EC-EARTH_RACMO22E","ICHEC-EC-EARTH.05"
"2045","ICHEC-EC-EARTH","RACMO22E",2004,"E Midlands",1,0,0,0,"ICHEC-EC-EARTH_RACMO22E","ICHEC-EC-EARTH.05"
"2046","ICHEC-EC-EARTH","RACMO22E",2005,"E Midlands",1,0,0,0,"ICHEC-EC-EARTH_RACMO22E","ICHEC-EC-EARTH.05"
"2047","ICHEC-EC-EARTH","RACMO22E",2006,"E Midlands",1,0,0,0,"ICHEC-EC-EARTH_RACMO22E","ICHEC-EC-EARTH.05"
"2048","ICHEC-EC-EARTH","RACMO22E",2007,"E Midlands",1,0,0,0,"ICHEC-EC-EARTH_RACMO22E","ICHEC-EC-EARTH.05"
"2049","ICHEC-EC-EARTH","RACMO22E",2008,"E Midlands",1,0,0,0,"ICHEC-EC-EARTH_RACMO22E","ICHEC-EC-EARTH.05"
"2050","ICHEC-EC-EARTH","RACMO22E",2009,"E Midlands",1,0,0,0,"ICHEC-EC-EARTH_RACMO22E","ICHEC-EC-EARTH.05"
"2051","ICHEC-EC-EARTH","RACMO22E",2010,"E Midlands",1,0,0,0,"ICHEC-EC-EARTH_RACMO22E","ICHEC-EC-EARTH.05"
"2052","ICHEC-EC-EARTH","RACMO22E",2011,"E Midlands",1,0,0,0,"ICHEC-EC-EARTH_RACMO22E","ICHEC-EC-EARTH.05"
"2053","ICHEC-EC-EARTH","RACMO22E",2012,"E Midlands",1,0,0,0,"ICHEC-EC-EARTH_RACMO22E","ICHEC-EC-EARTH.05"
"2054","ICHEC-EC-EARTH","RACMO22E",2013,"E Midlands",1,0,0,0,"ICHEC-EC-EARTH_RACMO22E","ICHEC-EC-EARTH.05"
"2055","ICHEC-EC-EARTH","RACMO22E",2014,"E Midlands",1,0,0,0,"ICHEC-EC-EARTH_RACMO22E","ICHEC-EC-EARTH.05"
"2056","ICHEC-EC-EARTH","RACMO22E",2015,"E Midlands",1,0,0,0,"ICHEC-EC-EARTH_RACMO22E","ICHEC-EC-EARTH.05"
"2057","ICHEC-EC-EARTH","RACMO22E",2016,"E Midlands",1,0,0,0,"ICHEC-EC-EARTH_RACMO22E","ICHEC-EC-EARTH.05"
"2058","ICHEC-EC-EARTH","RACMO22E",2017,"E Midlands",1,0,0,0,"ICHEC-EC-EARTH_RACMO22E","ICHEC-EC-EARTH.05"
"2059","ICHEC-EC-EARTH","RACMO22E",2018,"E Midlands",1,0,0,0,"ICHEC-EC-EARTH_RACMO22E","ICHEC-EC-EARTH.05"
"2060","ICHEC-EC-EARTH","RACMO22E",2019,"E Midlands",1,0,0,0,"ICHEC-EC-EARTH_RACMO22E","ICHEC-EC-EARTH.05"
"2061","ICHEC-EC-EARTH","RACMO22E",2020,"E Midlands",1,0,0,0,"ICHEC-EC-EARTH_RACMO22E","ICHEC-EC-EARTH.05"
"2062","ICHEC-EC-EARTH","RACMO22E",2021,"E Midlands",1,0,0,0,"ICHEC-EC-EARTH_RACMO22E","ICHEC-EC-EARTH.05"
"2063","ICHEC-EC-EARTH","RACMO22E",2022,"E Midlands",1,0,0,0,"ICHEC-EC-EARTH_RACMO22E","ICHEC-EC-EARTH.05"
"2064","ICHEC-EC-EARTH","RACMO22E",2023,"E Midlands",1,0,0,0,"ICHEC-EC-EARTH_RACMO22E","ICHEC-EC-EARTH.05"
"2065","ICHEC-EC-EARTH","RACMO22E",2024,"E Midlands",1,0,0,0,"ICHEC-EC-EARTH_RACMO22E","ICHEC-EC-EARTH.05"
"2066","ICHEC-EC-EARTH","RACMO22E",2025,"E Midlands",1,0.00934579439252336,3,30.6816085179647,"ICHEC-EC-EARTH_RACMO22E","ICHEC-EC-EARTH.05"
"2067","ICHEC-EC-EARTH","RACMO22E",2026,"E Midlands",1,0,0,0,"ICHEC-EC-EARTH_RACMO22E","ICHEC-EC-EARTH.05"
"2068","ICHEC-EC-EARTH","RACMO22E",2027,"E Midlands",1,0,0,0,"ICHEC-EC-EARTH_RACMO22E","ICHEC-EC-EARTH.05"
"2069","ICHEC-EC-EARTH","RACMO22E",2028,"E Midlands",1,0,0,0,"ICHEC-EC-EARTH_RACMO22E","ICHEC-EC-EARTH.05"
"2070","ICHEC-EC-EARTH","RACMO22E",2029,"E Midlands",1,0,0,0,"ICHEC-EC-EARTH_RACMO22E","ICHEC-EC-EARTH.05"
"2071","ICHEC-EC-EARTH","RACMO22E",2030,"E Midlands",1,0,0,0,"ICHEC-EC-EARTH_RACMO22E","ICHEC-EC-EARTH.05"
"2072","ICHEC-EC-EARTH","RACMO22E",2031,"E Midlands",1,0.214953271028037,3,33.080721606379,"ICHEC-EC-EARTH_RACMO22E","ICHEC-EC-EARTH.05"
"2073","ICHEC-EC-EARTH","RACMO22E",2032,"E Midlands",1,0,0,0,"ICHEC-EC-EARTH_RACMO22E","ICHEC-EC-EARTH.05"
"2074","ICHEC-EC-EARTH","RACMO22E",2033,"E Midlands",1,0,0,0,"ICHEC-EC-EARTH_RACMO22E","ICHEC-EC-EARTH.05"
"2075","ICHEC-EC-EARTH","RACMO22E",2034,"E Midlands",1,0,0,0,"ICHEC-EC-EARTH_RACMO22E","ICHEC-EC-EARTH.05"
"2076","ICHEC-EC-EARTH","RACMO22E",2035,"E Midlands",1,0.0560747663551402,4.66666666666667,32.74107454088,"ICHEC-EC-EARTH_RACMO22E","ICHEC-EC-EARTH.05"
"2077","ICHEC-EC-EARTH","RACMO22E",2036,"E Midlands",1,0.962616822429907,6.5631067961165,32.5548874244744,"ICHEC-EC-EARTH_RACMO22E","ICHEC-EC-EARTH.05"
"2078","ICHEC-EC-EARTH","RACMO22E",2037,"E Midlands",1,0,0,0,"ICHEC-EC-EARTH_RACMO22E","ICHEC-EC-EARTH.05"
"2079","ICHEC-EC-EARTH","RACMO22E",2038,"E Midlands",1,0,0,0,"ICHEC-EC-EARTH_RACMO22E","ICHEC-EC-EARTH.05"
"2080","ICHEC-EC-EARTH","RACMO22E",2039,"E Midlands",1,0,0,0,"ICHEC-EC-EARTH_RACMO22E","ICHEC-EC-EARTH.05"
"2081","ICHEC-EC-EARTH","RACMO22E",2040,"E Midlands",1,0,0,0,"ICHEC-EC-EARTH_RACMO22E","ICHEC-EC-EARTH.05"
"2082","ICHEC-EC-EARTH","RACMO22E",2041,"E Midlands",1,0,0,0,"ICHEC-EC-EARTH_RACMO22E","ICHEC-EC-EARTH.05"
"2083","ICHEC-EC-EARTH","RACMO22E",2042,"E Midlands",1,0,0,0,"ICHEC-EC-EARTH_RACMO22E","ICHEC-EC-EARTH.05"
"2084","ICHEC-EC-EARTH","RACMO22E",2043,"E Midlands",1,0,0,0,"ICHEC-EC-EARTH_RACMO22E","ICHEC-EC-EARTH.05"
"2085","ICHEC-EC-EARTH","RACMO22E",2044,"E Midlands",1,0,0,0,"ICHEC-EC-EARTH_RACMO22E","ICHEC-EC-EARTH.05"
"2086","ICHEC-EC-EARTH","RACMO22E",2045,"E Midlands",1,0,0,0,"ICHEC-EC-EARTH_RACMO22E","ICHEC-EC-EARTH.05"
"2087","ICHEC-EC-EARTH","RACMO22E",2046,"E Midlands",1,0,0,0,"ICHEC-EC-EARTH_RACMO22E","ICHEC-EC-EARTH.05"
"2088","ICHEC-EC-EARTH","RACMO22E",2047,"E Midlands",1,0,0,0,"ICHEC-EC-EARTH_RACMO22E","ICHEC-EC-EARTH.05"
"2089","ICHEC-EC-EARTH","RACMO22E",2048,"E Midlands",1,0.0373831775700935,3,32.3898700078328,"ICHEC-EC-EARTH_RACMO22E","ICHEC-EC-EARTH.05"
"2090","ICHEC-EC-EARTH","RACMO22E",2049,"E Midlands",1,0,0,0,"ICHEC-EC-EARTH_RACMO22E","ICHEC-EC-EARTH.05"
"2091","ICHEC-EC-EARTH","RACMO22E",2050,"E Midlands",1,0,0,0,"ICHEC-EC-EARTH_RACMO22E","ICHEC-EC-EARTH.05"
"2092","ICHEC-EC-EARTH","RACMO22E",2051,"E Midlands",1,0,0,0,"ICHEC-EC-EARTH_RACMO22E","ICHEC-EC-EARTH.05"
"2093","ICHEC-EC-EARTH","RACMO22E",2052,"E Midlands",1,0,0,0,"ICHEC-EC-EARTH_RACMO22E","ICHEC-EC-EARTH.05"
"2094","ICHEC-EC-EARTH","RACMO22E",2053,"E Midlands",1,0,0,0,"ICHEC-EC-EARTH_RACMO22E","ICHEC-EC-EARTH.05"
"2095","ICHEC-EC-EARTH","RACMO22E",2054,"E Midlands",1,0,0,0,"ICHEC-EC-EARTH_RACMO22E","ICHEC-EC-EARTH.05"
"2096","ICHEC-EC-EARTH","RACMO22E",2055,"E Midlands",1,0,0,0,"ICHEC-EC-EARTH_RACMO22E","ICHEC-EC-EARTH.05"
"2097","ICHEC-EC-EARTH","RACMO22E",2056,"E Midlands",1,0,0,0,"ICHEC-EC-EARTH_RACMO22E","ICHEC-EC-EARTH.05"
"2098","ICHEC-EC-EARTH","RACMO22E",2057,"E Midlands",1,0.710280373831776,3,33.1815529287907,"ICHEC-EC-EARTH_RACMO22E","ICHEC-EC-EARTH.05"
"2099","ICHEC-EC-EARTH","RACMO22E",2058,"E Midlands",1,0,0,0,"ICHEC-EC-EARTH_RACMO22E","ICHEC-EC-EARTH.05"
"2100","ICHEC-EC-EARTH","RACMO22E",2059,"E Midlands",1,0,0,0,"ICHEC-EC-EARTH_RACMO22E","ICHEC-EC-EARTH.05"
"2101","ICHEC-EC-EARTH","RACMO22E",2060,"E Midlands",1,0,0,0,"ICHEC-EC-EARTH_RACMO22E","ICHEC-EC-EARTH.05"
"2102","ICHEC-EC-EARTH","RACMO22E",2061,"E Midlands",1,0,0,0,"ICHEC-EC-EARTH_RACMO22E","ICHEC-EC-EARTH.05"
"2103","ICHEC-EC-EARTH","RACMO22E",2062,"E Midlands",1,0,0,0,"ICHEC-EC-EARTH_RACMO22E","ICHEC-EC-EARTH.05"
"2104","ICHEC-EC-EARTH","RACMO22E",2063,"E Midlands",1,0,0,0,"ICHEC-EC-EARTH_RACMO22E","ICHEC-EC-EARTH.05"
"2105","ICHEC-EC-EARTH","RACMO22E",2064,"E Midlands",1,0,0,0,"ICHEC-EC-EARTH_RACMO22E","ICHEC-EC-EARTH.05"
"2106","ICHEC-EC-EARTH","RACMO22E",2065,"E Midlands",1,0.14018691588785,3,32.780033853319,"ICHEC-EC-EARTH_RACMO22E","ICHEC-EC-EARTH.05"
"2107","ICHEC-EC-EARTH","RACMO22E",2066,"E Midlands",1,0,0,0,"ICHEC-EC-EARTH_RACMO22E","ICHEC-EC-EARTH.05"
"2108","ICHEC-EC-EARTH","RACMO22E",2067,"E Midlands",1,0,0,0,"ICHEC-EC-EARTH_RACMO22E","ICHEC-EC-EARTH.05"
"2109","ICHEC-EC-EARTH","RACMO22E",2068,"E Midlands",1,0,0,0,"ICHEC-EC-EARTH_RACMO22E","ICHEC-EC-EARTH.05"
"2110","ICHEC-EC-EARTH","RACMO22E",2069,"E Midlands",1,0,0,0,"ICHEC-EC-EARTH_RACMO22E","ICHEC-EC-EARTH.05"
"2111","ICHEC-EC-EARTH","RACMO22E",2070,"E Midlands",1,0,0,0,"ICHEC-EC-EARTH_RACMO22E","ICHEC-EC-EARTH.05"
"2112","ICHEC-EC-EARTH","RACMO22E",2071,"E Midlands",1,0,0,0,"ICHEC-EC-EARTH_RACMO22E","ICHEC-EC-EARTH.05"
"2113","ICHEC-EC-EARTH","RACMO22E",2072,"E Midlands",1,0,0,0,"ICHEC-EC-EARTH_RACMO22E","ICHEC-EC-EARTH.05"
"2114","ICHEC-EC-EARTH","RACMO22E",2073,"E Midlands",1,0,0,0,"ICHEC-EC-EARTH_RACMO22E","ICHEC-EC-EARTH.05"
"2115","ICHEC-EC-EARTH","RACMO22E",2074,"E Midlands",1,0.91588785046729,5.13265306122449,32.9732068305113,"ICHEC-EC-EARTH_RACMO22E","ICHEC-EC-EARTH.05"
"2116","ICHEC-EC-EARTH","RACMO22E",2075,"E Midlands",1,0,0,0,"ICHEC-EC-EARTH_RACMO22E","ICHEC-EC-EARTH.05"
"2117","ICHEC-EC-EARTH","RACMO22E",2076,"E Midlands",1,0,0,0,"ICHEC-EC-EARTH_RACMO22E","ICHEC-EC-EARTH.05"
"2118","ICHEC-EC-EARTH","RACMO22E",2077,"E Midlands",1,0,0,0,"ICHEC-EC-EARTH_RACMO22E","ICHEC-EC-EARTH.05"
"2119","ICHEC-EC-EARTH","RACMO22E",2078,"E Midlands",1,0,0,0,"ICHEC-EC-EARTH_RACMO22E","ICHEC-EC-EARTH.05"
"2120","ICHEC-EC-EARTH","RACMO22E",2079,"E Midlands",1,0,0,0,"ICHEC-EC-EARTH_RACMO22E","ICHEC-EC-EARTH.05"
"2121","ICHEC-EC-EARTH","RACMO22E",2080,"E Midlands",1,0,0,0,"ICHEC-EC-EARTH_RACMO22E","ICHEC-EC-EARTH.05"
"2122","ICHEC-EC-EARTH","RCA4",1980,"E Midlands",1,0,0,0,"ICHEC-EC-EARTH_RCA4","ICHEC-EC-EARTH.06"
"2123","ICHEC-EC-EARTH","RCA4",1981,"E Midlands",1,0,0,0,"ICHEC-EC-EARTH_RCA4","ICHEC-EC-EARTH.06"
"2124","ICHEC-EC-EARTH","RCA4",1982,"E Midlands",1,0,0,0,"ICHEC-EC-EARTH_RCA4","ICHEC-EC-EARTH.06"
"2125","ICHEC-EC-EARTH","RCA4",1983,"E Midlands",1,0,0,0,"ICHEC-EC-EARTH_RCA4","ICHEC-EC-EARTH.06"
"2126","ICHEC-EC-EARTH","RCA4",1984,"E Midlands",1,0,0,0,"ICHEC-EC-EARTH_RCA4","ICHEC-EC-EARTH.06"
"2127","ICHEC-EC-EARTH","RCA4",1985,"E Midlands",1,0,0,0,"ICHEC-EC-EARTH_RCA4","ICHEC-EC-EARTH.06"
"2128","ICHEC-EC-EARTH","RCA4",1986,"E Midlands",1,0,0,0,"ICHEC-EC-EARTH_RCA4","ICHEC-EC-EARTH.06"
"2129","ICHEC-EC-EARTH","RCA4",1987,"E Midlands",1,0.130841121495327,3.21428571428571,31.8856899851844,"ICHEC-EC-EARTH_RCA4","ICHEC-EC-EARTH.06"
"2130","ICHEC-EC-EARTH","RCA4",1988,"E Midlands",1,0,0,0,"ICHEC-EC-EARTH_RCA4","ICHEC-EC-EARTH.06"
"2131","ICHEC-EC-EARTH","RCA4",1989,"E Midlands",1,0,0,0,"ICHEC-EC-EARTH_RCA4","ICHEC-EC-EARTH.06"
"2132","ICHEC-EC-EARTH","RCA4",1990,"E Midlands",1,0,0,0,"ICHEC-EC-EARTH_RCA4","ICHEC-EC-EARTH.06"
"2133","ICHEC-EC-EARTH","RCA4",1991,"E Midlands",1,0,0,0,"ICHEC-EC-EARTH_RCA4","ICHEC-EC-EARTH.06"
"2134","ICHEC-EC-EARTH","RCA4",1992,"E Midlands",1,0,0,0,"ICHEC-EC-EARTH_RCA4","ICHEC-EC-EARTH.06"
"2135","ICHEC-EC-EARTH","RCA4",1993,"E Midlands",1,0,0,0,"ICHEC-EC-EARTH_RCA4","ICHEC-EC-EARTH.06"
"2136","ICHEC-EC-EARTH","RCA4",1994,"E Midlands",1,0,0,0,"ICHEC-EC-EARTH_RCA4","ICHEC-EC-EARTH.06"
"2137","ICHEC-EC-EARTH","RCA4",1995,"E Midlands",1,0,0,0,"ICHEC-EC-EARTH_RCA4","ICHEC-EC-EARTH.06"
"2138","ICHEC-EC-EARTH","RCA4",1996,"E Midlands",1,0,0,0,"ICHEC-EC-EARTH_RCA4","ICHEC-EC-EARTH.06"
"2139","ICHEC-EC-EARTH","RCA4",1997,"E Midlands",1,0,0,0,"ICHEC-EC-EARTH_RCA4","ICHEC-EC-EARTH.06"
"2140","ICHEC-EC-EARTH","RCA4",1998,"E Midlands",1,0,0,0,"ICHEC-EC-EARTH_RCA4","ICHEC-EC-EARTH.06"
"2141","ICHEC-EC-EARTH","RCA4",1999,"E Midlands",1,0,0,0,"ICHEC-EC-EARTH_RCA4","ICHEC-EC-EARTH.06"
"2142","ICHEC-EC-EARTH","RCA4",2000,"E Midlands",1,0,0,0,"ICHEC-EC-EARTH_RCA4","ICHEC-EC-EARTH.06"
"2143","ICHEC-EC-EARTH","RCA4",2001,"E Midlands",1,0,0,0,"ICHEC-EC-EARTH_RCA4","ICHEC-EC-EARTH.06"
"2144","ICHEC-EC-EARTH","RCA4",2002,"E Midlands",1,0,0,0,"ICHEC-EC-EARTH_RCA4","ICHEC-EC-EARTH.06"
"2145","ICHEC-EC-EARTH","RCA4",2003,"E Midlands",1,0,0,0,"ICHEC-EC-EARTH_RCA4","ICHEC-EC-EARTH.06"
"2146","ICHEC-EC-EARTH","RCA4",2004,"E Midlands",1,0,0,0,"ICHEC-EC-EARTH_RCA4","ICHEC-EC-EARTH.06"
"2147","ICHEC-EC-EARTH","RCA4",2005,"E Midlands",1,0,0,0,"ICHEC-EC-EARTH_RCA4","ICHEC-EC-EARTH.06"
"2148","ICHEC-EC-EARTH","RCA4",2006,"E Midlands",1,0,0,0,"ICHEC-EC-EARTH_RCA4","ICHEC-EC-EARTH.06"
"2149","ICHEC-EC-EARTH","RCA4",2007,"E Midlands",1,0,0,0,"ICHEC-EC-EARTH_RCA4","ICHEC-EC-EARTH.06"
"2150","ICHEC-EC-EARTH","RCA4",2008,"E Midlands",1,0,0,0,"ICHEC-EC-EARTH_RCA4","ICHEC-EC-EARTH.06"
"2151","ICHEC-EC-EARTH","RCA4",2009,"E Midlands",1,0,0,0,"ICHEC-EC-EARTH_RCA4","ICHEC-EC-EARTH.06"
"2152","ICHEC-EC-EARTH","RCA4",2010,"E Midlands",1,0,0,0,"ICHEC-EC-EARTH_RCA4","ICHEC-EC-EARTH.06"
"2153","ICHEC-EC-EARTH","RCA4",2011,"E Midlands",1,0,0,0,"ICHEC-EC-EARTH_RCA4","ICHEC-EC-EARTH.06"
"2154","ICHEC-EC-EARTH","RCA4",2012,"E Midlands",1,0,0,0,"ICHEC-EC-EARTH_RCA4","ICHEC-EC-EARTH.06"
"2155","ICHEC-EC-EARTH","RCA4",2013,"E Midlands",1,0,0,0,"ICHEC-EC-EARTH_RCA4","ICHEC-EC-EARTH.06"
"2156","ICHEC-EC-EARTH","RCA4",2014,"E Midlands",1,0,0,0,"ICHEC-EC-EARTH_RCA4","ICHEC-EC-EARTH.06"
"2157","ICHEC-EC-EARTH","RCA4",2015,"E Midlands",1,0.00934579439252336,3,33.1756474177043,"ICHEC-EC-EARTH_RCA4","ICHEC-EC-EARTH.06"
"2158","ICHEC-EC-EARTH","RCA4",2016,"E Midlands",1,0,0,0,"ICHEC-EC-EARTH_RCA4","ICHEC-EC-EARTH.06"
"2159","ICHEC-EC-EARTH","RCA4",2017,"E Midlands",1,0,0,0,"ICHEC-EC-EARTH_RCA4","ICHEC-EC-EARTH.06"
"2160","ICHEC-EC-EARTH","RCA4",2018,"E Midlands",1,0,0,0,"ICHEC-EC-EARTH_RCA4","ICHEC-EC-EARTH.06"
"2161","ICHEC-EC-EARTH","RCA4",2019,"E Midlands",1,0,0,0,"ICHEC-EC-EARTH_RCA4","ICHEC-EC-EARTH.06"
"2162","ICHEC-EC-EARTH","RCA4",2020,"E Midlands",1,0,0,0,"ICHEC-EC-EARTH_RCA4","ICHEC-EC-EARTH.06"
"2163","ICHEC-EC-EARTH","RCA4",2021,"E Midlands",1,0,0,0,"ICHEC-EC-EARTH_RCA4","ICHEC-EC-EARTH.06"
"2164","ICHEC-EC-EARTH","RCA4",2022,"E Midlands",1,0,0,0,"ICHEC-EC-EARTH_RCA4","ICHEC-EC-EARTH.06"
"2165","ICHEC-EC-EARTH","RCA4",2023,"E Midlands",1,0,0,0,"ICHEC-EC-EARTH_RCA4","ICHEC-EC-EARTH.06"
"2166","ICHEC-EC-EARTH","RCA4",2024,"E Midlands",1,0.242990654205607,3.15384615384615,32.1247122348883,"ICHEC-EC-EARTH_RCA4","ICHEC-EC-EARTH.06"
"2167","ICHEC-EC-EARTH","RCA4",2025,"E Midlands",1,0,0,0,"ICHEC-EC-EARTH_RCA4","ICHEC-EC-EARTH.06"
"2168","ICHEC-EC-EARTH","RCA4",2026,"E Midlands",1,0,0,0,"ICHEC-EC-EARTH_RCA4","ICHEC-EC-EARTH.06"
"2169","ICHEC-EC-EARTH","RCA4",2027,"E Midlands",1,0,0,0,"ICHEC-EC-EARTH_RCA4","ICHEC-EC-EARTH.06"
"2170","ICHEC-EC-EARTH","RCA4",2028,"E Midlands",1,0,0,0,"ICHEC-EC-EARTH_RCA4","ICHEC-EC-EARTH.06"
"2171","ICHEC-EC-EARTH","RCA4",2029,"E Midlands",1,0,0,0,"ICHEC-EC-EARTH_RCA4","ICHEC-EC-EARTH.06"
"2172","ICHEC-EC-EARTH","RCA4",2030,"E Midlands",1,0,0,0,"ICHEC-EC-EARTH_RCA4","ICHEC-EC-EARTH.06"
"2173","ICHEC-EC-EARTH","RCA4",2031,"E Midlands",1,0,0,0,"ICHEC-EC-EARTH_RCA4","ICHEC-EC-EARTH.06"
"2174","ICHEC-EC-EARTH","RCA4",2032,"E Midlands",1,0,0,0,"ICHEC-EC-EARTH_RCA4","ICHEC-EC-EARTH.06"
"2175","ICHEC-EC-EARTH","RCA4",2033,"E Midlands",1,0,0,0,"ICHEC-EC-EARTH_RCA4","ICHEC-EC-EARTH.06"
"2176","ICHEC-EC-EARTH","RCA4",2034,"E Midlands",1,0,0,0,"ICHEC-EC-EARTH_RCA4","ICHEC-EC-EARTH.06"
"2177","ICHEC-EC-EARTH","RCA4",2035,"E Midlands",1,0,0,0,"ICHEC-EC-EARTH_RCA4","ICHEC-EC-EARTH.06"
"2178","ICHEC-EC-EARTH","RCA4",2036,"E Midlands",1,0,0,0,"ICHEC-EC-EARTH_RCA4","ICHEC-EC-EARTH.06"
"2179","ICHEC-EC-EARTH","RCA4",2037,"E Midlands",1,0,0,0,"ICHEC-EC-EARTH_RCA4","ICHEC-EC-EARTH.06"
"2180","ICHEC-EC-EARTH","RCA4",2038,"E Midlands",1,0,0,0,"ICHEC-EC-EARTH_RCA4","ICHEC-EC-EARTH.06"
"2181","ICHEC-EC-EARTH","RCA4",2039,"E Midlands",1,0,0,0,"ICHEC-EC-EARTH_RCA4","ICHEC-EC-EARTH.06"
"2182","ICHEC-EC-EARTH","RCA4",2040,"E Midlands",1,0,0,0,"ICHEC-EC-EARTH_RCA4","ICHEC-EC-EARTH.06"
"2183","ICHEC-EC-EARTH","RCA4",2041,"E Midlands",1,0,0,0,"ICHEC-EC-EARTH_RCA4","ICHEC-EC-EARTH.06"
"2184","ICHEC-EC-EARTH","RCA4",2042,"E Midlands",1,0,0,0,"ICHEC-EC-EARTH_RCA4","ICHEC-EC-EARTH.06"
"2185","ICHEC-EC-EARTH","RCA4",2043,"E Midlands",1,0,0,0,"ICHEC-EC-EARTH_RCA4","ICHEC-EC-EARTH.06"
"2186","ICHEC-EC-EARTH","RCA4",2044,"E Midlands",1,0,0,0,"ICHEC-EC-EARTH_RCA4","ICHEC-EC-EARTH.06"
"2187","ICHEC-EC-EARTH","RCA4",2045,"E Midlands",1,0,0,0,"ICHEC-EC-EARTH_RCA4","ICHEC-EC-EARTH.06"
"2188","ICHEC-EC-EARTH","RCA4",2046,"E Midlands",1,0,0,0,"ICHEC-EC-EARTH_RCA4","ICHEC-EC-EARTH.06"
"2189","ICHEC-EC-EARTH","RCA4",2047,"E Midlands",1,0,0,0,"ICHEC-EC-EARTH_RCA4","ICHEC-EC-EARTH.06"
"2190","ICHEC-EC-EARTH","RCA4",2048,"E Midlands",1,0,0,0,"ICHEC-EC-EARTH_RCA4","ICHEC-EC-EARTH.06"
"2191","ICHEC-EC-EARTH","RCA4",2049,"E Midlands",1,0,0,0,"ICHEC-EC-EARTH_RCA4","ICHEC-EC-EARTH.06"
"2192","ICHEC-EC-EARTH","RCA4",2050,"E Midlands",1,0,0,0,"ICHEC-EC-EARTH_RCA4","ICHEC-EC-EARTH.06"
"2193","ICHEC-EC-EARTH","RCA4",2051,"E Midlands",1,0,0,0,"ICHEC-EC-EARTH_RCA4","ICHEC-EC-EARTH.06"
"2194","ICHEC-EC-EARTH","RCA4",2052,"E Midlands",1,0,0,0,"ICHEC-EC-EARTH_RCA4","ICHEC-EC-EARTH.06"
"2195","ICHEC-EC-EARTH","RCA4",2053,"E Midlands",1,0,0,0,"ICHEC-EC-EARTH_RCA4","ICHEC-EC-EARTH.06"
"2196","ICHEC-EC-EARTH","RCA4",2054,"E Midlands",1,0,0,0,"ICHEC-EC-EARTH_RCA4","ICHEC-EC-EARTH.06"
"2197","ICHEC-EC-EARTH","RCA4",2055,"E Midlands",1,0,0,0,"ICHEC-EC-EARTH_RCA4","ICHEC-EC-EARTH.06"
"2198","ICHEC-EC-EARTH","RCA4",2056,"E Midlands",1,0.168224299065421,5.16666666666667,33.4102034816036,"ICHEC-EC-EARTH_RCA4","ICHEC-EC-EARTH.06"
"2199","ICHEC-EC-EARTH","RCA4",2057,"E Midlands",1,1.00934579439252,4.51851851851852,33.2533834863172,"ICHEC-EC-EARTH_RCA4","ICHEC-EC-EARTH.06"
"2200","ICHEC-EC-EARTH","RCA4",2058,"E Midlands",1,0,0,0,"ICHEC-EC-EARTH_RCA4","ICHEC-EC-EARTH.06"
"2201","ICHEC-EC-EARTH","RCA4",2059,"E Midlands",1,0,0,0,"ICHEC-EC-EARTH_RCA4","ICHEC-EC-EARTH.06"
"2202","ICHEC-EC-EARTH","RCA4",2060,"E Midlands",1,0,0,0,"ICHEC-EC-EARTH_RCA4","ICHEC-EC-EARTH.06"
"2203","ICHEC-EC-EARTH","RCA4",2061,"E Midlands",1,0,0,0,"ICHEC-EC-EARTH_RCA4","ICHEC-EC-EARTH.06"
"2204","ICHEC-EC-EARTH","RCA4",2062,"E Midlands",1,0,0,0,"ICHEC-EC-EARTH_RCA4","ICHEC-EC-EARTH.06"
"2205","ICHEC-EC-EARTH","RCA4",2063,"E Midlands",1,0,0,0,"ICHEC-EC-EARTH_RCA4","ICHEC-EC-EARTH.06"
"2206","ICHEC-EC-EARTH","RCA4",2064,"E Midlands",1,0.757009345794392,4.50617283950617,34.1225287769066,"ICHEC-EC-EARTH_RCA4","ICHEC-EC-EARTH.06"
"2207","ICHEC-EC-EARTH","RCA4",2065,"E Midlands",1,0,0,0,"ICHEC-EC-EARTH_RCA4","ICHEC-EC-EARTH.06"
"2208","ICHEC-EC-EARTH","RCA4",2066,"E Midlands",1,0.130841121495327,3,33.3501624379839,"ICHEC-EC-EARTH_RCA4","ICHEC-EC-EARTH.06"
"2209","ICHEC-EC-EARTH","RCA4",2067,"E Midlands",1,0,0,0,"ICHEC-EC-EARTH_RCA4","ICHEC-EC-EARTH.06"
"2210","ICHEC-EC-EARTH","RCA4",2068,"E Midlands",1,0,0,0,"ICHEC-EC-EARTH_RCA4","ICHEC-EC-EARTH.06"
"2211","ICHEC-EC-EARTH","RCA4",2069,"E Midlands",1,0,0,0,"ICHEC-EC-EARTH_RCA4","ICHEC-EC-EARTH.06"
"2212","ICHEC-EC-EARTH","RCA4",2070,"E Midlands",1,1.02803738317757,3.65454545454545,32.9566145761085,"ICHEC-EC-EARTH_RCA4","ICHEC-EC-EARTH.06"
"2213","ICHEC-EC-EARTH","RCA4",2071,"E Midlands",1,0,0,0,"ICHEC-EC-EARTH_RCA4","ICHEC-EC-EARTH.06"
"2214","ICHEC-EC-EARTH","RCA4",2072,"E Midlands",1,0,0,0,"ICHEC-EC-EARTH_RCA4","ICHEC-EC-EARTH.06"
"2215","ICHEC-EC-EARTH","RCA4",2073,"E Midlands",1,0,0,0,"ICHEC-EC-EARTH_RCA4","ICHEC-EC-EARTH.06"
"2216","ICHEC-EC-EARTH","RCA4",2074,"E Midlands",1,0,0,0,"ICHEC-EC-EARTH_RCA4","ICHEC-EC-EARTH.06"
"2217","ICHEC-EC-EARTH","RCA4",2075,"E Midlands",1,0,0,0,"ICHEC-EC-EARTH_RCA4","ICHEC-EC-EARTH.06"
"2218","ICHEC-EC-EARTH","RCA4",2076,"E Midlands",1,0.00934579439252336,3,32.3212000528971,"ICHEC-EC-EARTH_RCA4","ICHEC-EC-EARTH.06"
"2219","ICHEC-EC-EARTH","RCA4",2077,"E Midlands",1,0,0,0,"ICHEC-EC-EARTH_RCA4","ICHEC-EC-EARTH.06"
"2220","ICHEC-EC-EARTH","RCA4",2078,"E Midlands",1,0,0,0,"ICHEC-EC-EARTH_RCA4","ICHEC-EC-EARTH.06"
"2221","ICHEC-EC-EARTH","RCA4",2079,"E Midlands",1,0.85981308411215,3.84782608695652,40.0444339295352,"ICHEC-EC-EARTH_RCA4","ICHEC-EC-EARTH.06"
"2222","ICHEC-EC-EARTH","RCA4",2080,"E Midlands",1,0,0,0,"ICHEC-EC-EARTH_RCA4","ICHEC-EC-EARTH.06"
"2223","ICHEC-EC-EARTH","RCA4",1980,"E Midlands",1,0,0,0,"ICHEC-EC-EARTH_RCA4","ICHEC-EC-EARTH.06"
"2224","ICHEC-EC-EARTH","RCA4",1981,"E Midlands",1,0,0,0,"ICHEC-EC-EARTH_RCA4","ICHEC-EC-EARTH.06"
"2225","ICHEC-EC-EARTH","RCA4",1982,"E Midlands",1,0,0,0,"ICHEC-EC-EARTH_RCA4","ICHEC-EC-EARTH.06"
"2226","ICHEC-EC-EARTH","RCA4",1983,"E Midlands",1,0,0,0,"ICHEC-EC-EARTH_RCA4","ICHEC-EC-EARTH.06"
"2227","ICHEC-EC-EARTH","RCA4",1984,"E Midlands",1,0,0,0,"ICHEC-EC-EARTH_RCA4","ICHEC-EC-EARTH.06"
"2228","ICHEC-EC-EARTH","RCA4",1985,"E Midlands",1,0,0,0,"ICHEC-EC-EARTH_RCA4","ICHEC-EC-EARTH.06"
"2229","ICHEC-EC-EARTH","RCA4",1986,"E Midlands",1,0,0,0,"ICHEC-EC-EARTH_RCA4","ICHEC-EC-EARTH.06"
"2230","ICHEC-EC-EARTH","RCA4",1987,"E Midlands",1,0,0,0,"ICHEC-EC-EARTH_RCA4","ICHEC-EC-EARTH.06"
"2231","ICHEC-EC-EARTH","RCA4",1988,"E Midlands",1,0,0,0,"ICHEC-EC-EARTH_RCA4","ICHEC-EC-EARTH.06"
"2232","ICHEC-EC-EARTH","RCA4",1989,"E Midlands",1,0,0,0,"ICHEC-EC-EARTH_RCA4","ICHEC-EC-EARTH.06"
"2233","ICHEC-EC-EARTH","RCA4",1990,"E Midlands",1,0,0,0,"ICHEC-EC-EARTH_RCA4","ICHEC-EC-EARTH.06"
"2234","ICHEC-EC-EARTH","RCA4",1991,"E Midlands",1,0,0,0,"ICHEC-EC-EARTH_RCA4","ICHEC-EC-EARTH.06"
"2235","ICHEC-EC-EARTH","RCA4",1992,"E Midlands",1,0,0,0,"ICHEC-EC-EARTH_RCA4","ICHEC-EC-EARTH.06"
"2236","ICHEC-EC-EARTH","RCA4",1993,"E Midlands",1,0,0,0,"ICHEC-EC-EARTH_RCA4","ICHEC-EC-EARTH.06"
"2237","ICHEC-EC-EARTH","RCA4",1994,"E Midlands",1,0,0,0,"ICHEC-EC-EARTH_RCA4","ICHEC-EC-EARTH.06"
"2238","ICHEC-EC-EARTH","RCA4",1995,"E Midlands",1,0,0,0,"ICHEC-EC-EARTH_RCA4","ICHEC-EC-EARTH.06"
"2239","ICHEC-EC-EARTH","RCA4",1996,"E Midlands",1,0,0,0,"ICHEC-EC-EARTH_RCA4","ICHEC-EC-EARTH.06"
"2240","ICHEC-EC-EARTH","RCA4",1997,"E Midlands",1,0,0,0,"ICHEC-EC-EARTH_RCA4","ICHEC-EC-EARTH.06"
"2241","ICHEC-EC-EARTH","RCA4",1998,"E Midlands",1,0,0,0,"ICHEC-EC-EARTH_RCA4","ICHEC-EC-EARTH.06"
"2242","ICHEC-EC-EARTH","RCA4",1999,"E Midlands",1,0,0,0,"ICHEC-EC-EARTH_RCA4","ICHEC-EC-EARTH.06"
"2243","ICHEC-EC-EARTH","RCA4",2000,"E Midlands",1,0.551401869158878,4.6271186440678,31.8044627833501,"ICHEC-EC-EARTH_RCA4","ICHEC-EC-EARTH.06"
"2244","ICHEC-EC-EARTH","RCA4",2001,"E Midlands",1,0,0,0,"ICHEC-EC-EARTH_RCA4","ICHEC-EC-EARTH.06"
"2245","ICHEC-EC-EARTH","RCA4",2002,"E Midlands",1,0,0,0,"ICHEC-EC-EARTH_RCA4","ICHEC-EC-EARTH.06"
"2246","ICHEC-EC-EARTH","RCA4",2003,"E Midlands",1,0,0,0,"ICHEC-EC-EARTH_RCA4","ICHEC-EC-EARTH.06"
"2247","ICHEC-EC-EARTH","RCA4",2004,"E Midlands",1,0,0,0,"ICHEC-EC-EARTH_RCA4","ICHEC-EC-EARTH.06"
"2248","ICHEC-EC-EARTH","RCA4",2005,"E Midlands",1,0,0,0,"ICHEC-EC-EARTH_RCA4","ICHEC-EC-EARTH.06"
"2249","ICHEC-EC-EARTH","RCA4",2006,"E Midlands",1,0,0,0,"ICHEC-EC-EARTH_RCA4","ICHEC-EC-EARTH.06"
"2250","ICHEC-EC-EARTH","RCA4",2007,"E Midlands",1,0,0,0,"ICHEC-EC-EARTH_RCA4","ICHEC-EC-EARTH.06"
"2251","ICHEC-EC-EARTH","RCA4",2008,"E Midlands",1,0,0,0,"ICHEC-EC-EARTH_RCA4","ICHEC-EC-EARTH.06"
"2252","ICHEC-EC-EARTH","RCA4",2009,"E Midlands",1,0,0,0,"ICHEC-EC-EARTH_RCA4","ICHEC-EC-EARTH.06"
"2253","ICHEC-EC-EARTH","RCA4",2010,"E Midlands",1,0,0,0,"ICHEC-EC-EARTH_RCA4","ICHEC-EC-EARTH.06"
"2254","ICHEC-EC-EARTH","RCA4",2011,"E Midlands",1,0,0,0,"ICHEC-EC-EARTH_RCA4","ICHEC-EC-EARTH.06"
"2255","ICHEC-EC-EARTH","RCA4",2012,"E Midlands",1,0,0,0,"ICHEC-EC-EARTH_RCA4","ICHEC-EC-EARTH.06"
"2256","ICHEC-EC-EARTH","RCA4",2013,"E Midlands",1,0,0,0,"ICHEC-EC-EARTH_RCA4","ICHEC-EC-EARTH.06"
"2257","ICHEC-EC-EARTH","RCA4",2014,"E Midlands",1,0,0,0,"ICHEC-EC-EARTH_RCA4","ICHEC-EC-EARTH.06"
"2258","ICHEC-EC-EARTH","RCA4",2015,"E Midlands",1,0,0,0,"ICHEC-EC-EARTH_RCA4","ICHEC-EC-EARTH.06"
"2259","ICHEC-EC-EARTH","RCA4",2016,"E Midlands",1,0,0,0,"ICHEC-EC-EARTH_RCA4","ICHEC-EC-EARTH.06"
"2260","ICHEC-EC-EARTH","RCA4",2017,"E Midlands",1,0,0,0,"ICHEC-EC-EARTH_RCA4","ICHEC-EC-EARTH.06"
"2261","ICHEC-EC-EARTH","RCA4",2018,"E Midlands",1,0,0,0,"ICHEC-EC-EARTH_RCA4","ICHEC-EC-EARTH.06"
"2262","ICHEC-EC-EARTH","RCA4",2019,"E Midlands",1,0,0,0,"ICHEC-EC-EARTH_RCA4","ICHEC-EC-EARTH.06"
"2263","ICHEC-EC-EARTH","RCA4",2020,"E Midlands",1,0.570093457943925,3.0655737704918,31.8131487161084,"ICHEC-EC-EARTH_RCA4","ICHEC-EC-EARTH.06"
"2264","ICHEC-EC-EARTH","RCA4",2021,"E Midlands",1,0,0,0,"ICHEC-EC-EARTH_RCA4","ICHEC-EC-EARTH.06"
"2265","ICHEC-EC-EARTH","RCA4",2022,"E Midlands",1,0,0,0,"ICHEC-EC-EARTH_RCA4","ICHEC-EC-EARTH.06"
"2266","ICHEC-EC-EARTH","RCA4",2023,"E Midlands",1,0,0,0,"ICHEC-EC-EARTH_RCA4","ICHEC-EC-EARTH.06"
"2267","ICHEC-EC-EARTH","RCA4",2024,"E Midlands",1,0,0,0,"ICHEC-EC-EARTH_RCA4","ICHEC-EC-EARTH.06"
"2268","ICHEC-EC-EARTH","RCA4",2025,"E Midlands",1,0,0,0,"ICHEC-EC-EARTH_RCA4","ICHEC-EC-EARTH.06"
"2269","ICHEC-EC-EARTH","RCA4",2026,"E Midlands",1,0,0,0,"ICHEC-EC-EARTH_RCA4","ICHEC-EC-EARTH.06"
"2270","ICHEC-EC-EARTH","RCA4",2027,"E Midlands",1,0,0,0,"ICHEC-EC-EARTH_RCA4","ICHEC-EC-EARTH.06"
"2271","ICHEC-EC-EARTH","RCA4",2028,"E Midlands",1,0,0,0,"ICHEC-EC-EARTH_RCA4","ICHEC-EC-EARTH.06"
"2272","ICHEC-EC-EARTH","RCA4",2029,"E Midlands",1,0,0,0,"ICHEC-EC-EARTH_RCA4","ICHEC-EC-EARTH.06"
"2273","ICHEC-EC-EARTH","RCA4",2030,"E Midlands",1,0,0,0,"ICHEC-EC-EARTH_RCA4","ICHEC-EC-EARTH.06"
"2274","ICHEC-EC-EARTH","RCA4",2031,"E Midlands",1,0,0,0,"ICHEC-EC-EARTH_RCA4","ICHEC-EC-EARTH.06"
"2275","ICHEC-EC-EARTH","RCA4",2032,"E Midlands",1,0,0,0,"ICHEC-EC-EARTH_RCA4","ICHEC-EC-EARTH.06"
"2276","ICHEC-EC-EARTH","RCA4",2033,"E Midlands",1,0,0,0,"ICHEC-EC-EARTH_RCA4","ICHEC-EC-EARTH.06"
"2277","ICHEC-EC-EARTH","RCA4",2034,"E Midlands",1,0,0,0,"ICHEC-EC-EARTH_RCA4","ICHEC-EC-EARTH.06"
"2278","ICHEC-EC-EARTH","RCA4",2035,"E Midlands",1,0,0,0,"ICHEC-EC-EARTH_RCA4","ICHEC-EC-EARTH.06"
"2279","ICHEC-EC-EARTH","RCA4",2036,"E Midlands",1,0,0,0,"ICHEC-EC-EARTH_RCA4","ICHEC-EC-EARTH.06"
"2280","ICHEC-EC-EARTH","RCA4",2037,"E Midlands",1,0,0,0,"ICHEC-EC-EARTH_RCA4","ICHEC-EC-EARTH.06"
"2281","ICHEC-EC-EARTH","RCA4",2038,"E Midlands",1,0,0,0,"ICHEC-EC-EARTH_RCA4","ICHEC-EC-EARTH.06"
"2282","ICHEC-EC-EARTH","RCA4",2039,"E Midlands",1,0.14018691588785,3,32.2347607294718,"ICHEC-EC-EARTH_RCA4","ICHEC-EC-EARTH.06"
"2283","ICHEC-EC-EARTH","RCA4",2040,"E Midlands",1,0,0,0,"ICHEC-EC-EARTH_RCA4","ICHEC-EC-EARTH.06"
"2284","ICHEC-EC-EARTH","RCA4",2041,"E Midlands",1,0.607476635514019,3.44615384615385,33.7327162852654,"ICHEC-EC-EARTH_RCA4","ICHEC-EC-EARTH.06"
"2285","ICHEC-EC-EARTH","RCA4",2042,"E Midlands",1,0,0,0,"ICHEC-EC-EARTH_RCA4","ICHEC-EC-EARTH.06"
"2286","ICHEC-EC-EARTH","RCA4",2043,"E Midlands",1,0,0,0,"ICHEC-EC-EARTH_RCA4","ICHEC-EC-EARTH.06"
"2287","ICHEC-EC-EARTH","RCA4",2044,"E Midlands",1,0,0,0,"ICHEC-EC-EARTH_RCA4","ICHEC-EC-EARTH.06"
"2288","ICHEC-EC-EARTH","RCA4",2045,"E Midlands",1,0,0,0,"ICHEC-EC-EARTH_RCA4","ICHEC-EC-EARTH.06"
"2289","ICHEC-EC-EARTH","RCA4",2046,"E Midlands",1,0,0,0,"ICHEC-EC-EARTH_RCA4","ICHEC-EC-EARTH.06"
"2290","ICHEC-EC-EARTH","RCA4",2047,"E Midlands",1,0,0,0,"ICHEC-EC-EARTH_RCA4","ICHEC-EC-EARTH.06"
"2291","ICHEC-EC-EARTH","RCA4",2048,"E Midlands",1,0,0,0,"ICHEC-EC-EARTH_RCA4","ICHEC-EC-EARTH.06"
"2292","ICHEC-EC-EARTH","RCA4",2049,"E Midlands",1,0,0,0,"ICHEC-EC-EARTH_RCA4","ICHEC-EC-EARTH.06"
"2293","ICHEC-EC-EARTH","RCA4",2050,"E Midlands",1,0,0,0,"ICHEC-EC-EARTH_RCA4","ICHEC-EC-EARTH.06"
"2294","ICHEC-EC-EARTH","RCA4",2051,"E Midlands",1,0.0560747663551402,3,32.7830914391412,"ICHEC-EC-EARTH_RCA4","ICHEC-EC-EARTH.06"
"2295","ICHEC-EC-EARTH","RCA4",2052,"E Midlands",1,0,0,0,"ICHEC-EC-EARTH_RCA4","ICHEC-EC-EARTH.06"
"2296","ICHEC-EC-EARTH","RCA4",2053,"E Midlands",1,0.0467289719626168,3,30.5926581700643,"ICHEC-EC-EARTH_RCA4","ICHEC-EC-EARTH.06"
"2297","ICHEC-EC-EARTH","RCA4",2054,"E Midlands",1,0,0,0,"ICHEC-EC-EARTH_RCA4","ICHEC-EC-EARTH.06"
"2298","ICHEC-EC-EARTH","RCA4",2055,"E Midlands",1,0,0,0,"ICHEC-EC-EARTH_RCA4","ICHEC-EC-EARTH.06"
"2299","ICHEC-EC-EARTH","RCA4",2056,"E Midlands",1,0.728971962616822,3.70512820512821,34.2076049727252,"ICHEC-EC-EARTH_RCA4","ICHEC-EC-EARTH.06"
"2300","ICHEC-EC-EARTH","RCA4",2057,"E Midlands",1,0,0,0,"ICHEC-EC-EARTH_RCA4","ICHEC-EC-EARTH.06"
"2301","ICHEC-EC-EARTH","RCA4",2058,"E Midlands",1,0,0,0,"ICHEC-EC-EARTH_RCA4","ICHEC-EC-EARTH.06"
"2302","ICHEC-EC-EARTH","RCA4",2059,"E Midlands",1,0,0,0,"ICHEC-EC-EARTH_RCA4","ICHEC-EC-EARTH.06"
"2303","ICHEC-EC-EARTH","RCA4",2060,"E Midlands",1,0.252336448598131,3.11111111111111,34.8057451854517,"ICHEC-EC-EARTH_RCA4","ICHEC-EC-EARTH.06"
"2304","ICHEC-EC-EARTH","RCA4",2061,"E Midlands",1,0,0,0,"ICHEC-EC-EARTH_RCA4","ICHEC-EC-EARTH.06"
"2305","ICHEC-EC-EARTH","RCA4",2062,"E Midlands",1,0,0,0,"ICHEC-EC-EARTH_RCA4","ICHEC-EC-EARTH.06"
"2306","ICHEC-EC-EARTH","RCA4",2063,"E Midlands",1,0,0,0,"ICHEC-EC-EARTH_RCA4","ICHEC-EC-EARTH.06"
"2307","ICHEC-EC-EARTH","RCA4",2064,"E Midlands",1,0,0,0,"ICHEC-EC-EARTH_RCA4","ICHEC-EC-EARTH.06"
"2308","ICHEC-EC-EARTH","RCA4",2065,"E Midlands",1,0.0654205607476635,3,33.4453941526867,"ICHEC-EC-EARTH_RCA4","ICHEC-EC-EARTH.06"
"2309","ICHEC-EC-EARTH","RCA4",2066,"E Midlands",1,0,0,0,"ICHEC-EC-EARTH_RCA4","ICHEC-EC-EARTH.06"
"2310","ICHEC-EC-EARTH","RCA4",2067,"E Midlands",1,0,0,0,"ICHEC-EC-EARTH_RCA4","ICHEC-EC-EARTH.06"
"2311","ICHEC-EC-EARTH","RCA4",2068,"E Midlands",1,0,0,0,"ICHEC-EC-EARTH_RCA4","ICHEC-EC-EARTH.06"
"2312","ICHEC-EC-EARTH","RCA4",2069,"E Midlands",1,0,0,0,"ICHEC-EC-EARTH_RCA4","ICHEC-EC-EARTH.06"
"2313","ICHEC-EC-EARTH","RCA4",2070,"E Midlands",1,0.0186915887850467,3,31.60568968455,"ICHEC-EC-EARTH_RCA4","ICHEC-EC-EARTH.06"
"2314","ICHEC-EC-EARTH","RCA4",2071,"E Midlands",1,0,0,0,"ICHEC-EC-EARTH_RCA4","ICHEC-EC-EARTH.06"
"2315","ICHEC-EC-EARTH","RCA4",2072,"E Midlands",1,0.869158878504673,6.54838709677419,34.4904912726833,"ICHEC-EC-EARTH_RCA4","ICHEC-EC-EARTH.06"
"2316","ICHEC-EC-EARTH","RCA4",2073,"E Midlands",1,0,0,0,"ICHEC-EC-EARTH_RCA4","ICHEC-EC-EARTH.06"
"2317","ICHEC-EC-EARTH","RCA4",2074,"E Midlands",1,0.757009345794392,3.88888888888889,33.33093575509,"ICHEC-EC-EARTH_RCA4","ICHEC-EC-EARTH.06"
"2318","ICHEC-EC-EARTH","RCA4",2075,"E Midlands",1,1.69158878504673,3.53038674033149,33.8953712867329,"ICHEC-EC-EARTH_RCA4","ICHEC-EC-EARTH.06"
"2319","ICHEC-EC-EARTH","RCA4",2076,"E Midlands",1,0.102803738317757,3,33.5577410495642,"ICHEC-EC-EARTH_RCA4","ICHEC-EC-EARTH.06"
"2320","ICHEC-EC-EARTH","RCA4",2077,"E Midlands",1,0.411214953271028,3.22727272727273,32.1421493436351,"ICHEC-EC-EARTH_RCA4","ICHEC-EC-EARTH.06"
"2321","ICHEC-EC-EARTH","RCA4",2078,"E Midlands",1,0,0,0,"ICHEC-EC-EARTH_RCA4","ICHEC-EC-EARTH.06"
"2322","ICHEC-EC-EARTH","RCA4",2079,"E Midlands",1,0,0,0,"ICHEC-EC-EARTH_RCA4","ICHEC-EC-EARTH.06"
"2323","ICHEC-EC-EARTH","RCA4",2080,"E Midlands",1,0,0,0,"ICHEC-EC-EARTH_RCA4","ICHEC-EC-EARTH.06"
"2324","ICHEC-EC-EARTH","RCA4",1980,"E Midlands",1,0,0,0,"ICHEC-EC-EARTH_RCA4","ICHEC-EC-EARTH.06"
"2325","ICHEC-EC-EARTH","RCA4",1981,"E Midlands",1,0,0,0,"ICHEC-EC-EARTH_RCA4","ICHEC-EC-EARTH.06"
"2326","ICHEC-EC-EARTH","RCA4",1982,"E Midlands",1,0,0,0,"ICHEC-EC-EARTH_RCA4","ICHEC-EC-EARTH.06"
"2327","ICHEC-EC-EARTH","RCA4",1983,"E Midlands",1,0,0,0,"ICHEC-EC-EARTH_RCA4","ICHEC-EC-EARTH.06"
"2328","ICHEC-EC-EARTH","RCA4",1984,"E Midlands",1,0,0,0,"ICHEC-EC-EARTH_RCA4","ICHEC-EC-EARTH.06"
"2329","ICHEC-EC-EARTH","RCA4",1985,"E Midlands",1,0,0,0,"ICHEC-EC-EARTH_RCA4","ICHEC-EC-EARTH.06"
"2330","ICHEC-EC-EARTH","RCA4",1986,"E Midlands",1,0,0,0,"ICHEC-EC-EARTH_RCA4","ICHEC-EC-EARTH.06"
"2331","ICHEC-EC-EARTH","RCA4",1987,"E Midlands",1,0,0,0,"ICHEC-EC-EARTH_RCA4","ICHEC-EC-EARTH.06"
"2332","ICHEC-EC-EARTH","RCA4",1988,"E Midlands",1,0,0,0,"ICHEC-EC-EARTH_RCA4","ICHEC-EC-EARTH.06"
"2333","ICHEC-EC-EARTH","RCA4",1989,"E Midlands",1,0,0,0,"ICHEC-EC-EARTH_RCA4","ICHEC-EC-EARTH.06"
"2334","ICHEC-EC-EARTH","RCA4",1990,"E Midlands",1,0,0,0,"ICHEC-EC-EARTH_RCA4","ICHEC-EC-EARTH.06"
"2335","ICHEC-EC-EARTH","RCA4",1991,"E Midlands",1,0,0,0,"ICHEC-EC-EARTH_RCA4","ICHEC-EC-EARTH.06"
"2336","ICHEC-EC-EARTH","RCA4",1992,"E Midlands",1,0,0,0,"ICHEC-EC-EARTH_RCA4","ICHEC-EC-EARTH.06"
"2337","ICHEC-EC-EARTH","RCA4",1993,"E Midlands",1,0,0,0,"ICHEC-EC-EARTH_RCA4","ICHEC-EC-EARTH.06"
"2338","ICHEC-EC-EARTH","RCA4",1994,"E Midlands",1,0,0,0,"ICHEC-EC-EARTH_RCA4","ICHEC-EC-EARTH.06"
"2339","ICHEC-EC-EARTH","RCA4",1995,"E Midlands",1,0,0,0,"ICHEC-EC-EARTH_RCA4","ICHEC-EC-EARTH.06"
"2340","ICHEC-EC-EARTH","RCA4",1996,"E Midlands",1,0,0,0,"ICHEC-EC-EARTH_RCA4","ICHEC-EC-EARTH.06"
"2341","ICHEC-EC-EARTH","RCA4",1997,"E Midlands",1,0,0,0,"ICHEC-EC-EARTH_RCA4","ICHEC-EC-EARTH.06"
"2342","ICHEC-EC-EARTH","RCA4",1998,"E Midlands",1,0,0,0,"ICHEC-EC-EARTH_RCA4","ICHEC-EC-EARTH.06"
"2343","ICHEC-EC-EARTH","RCA4",1999,"E Midlands",1,0,0,0,"ICHEC-EC-EARTH_RCA4","ICHEC-EC-EARTH.06"
"2344","ICHEC-EC-EARTH","RCA4",2000,"E Midlands",1,0,0,0,"ICHEC-EC-EARTH_RCA4","ICHEC-EC-EARTH.06"
"2345","ICHEC-EC-EARTH","RCA4",2001,"E Midlands",1,0,0,0,"ICHEC-EC-EARTH_RCA4","ICHEC-EC-EARTH.06"
"2346","ICHEC-EC-EARTH","RCA4",2002,"E Midlands",1,0,0,0,"ICHEC-EC-EARTH_RCA4","ICHEC-EC-EARTH.06"
"2347","ICHEC-EC-EARTH","RCA4",2003,"E Midlands",1,0,0,0,"ICHEC-EC-EARTH_RCA4","ICHEC-EC-EARTH.06"
"2348","ICHEC-EC-EARTH","RCA4",2004,"E Midlands",1,0,0,0,"ICHEC-EC-EARTH_RCA4","ICHEC-EC-EARTH.06"
"2349","ICHEC-EC-EARTH","RCA4",2005,"E Midlands",1,0,0,0,"ICHEC-EC-EARTH_RCA4","ICHEC-EC-EARTH.06"
"2350","ICHEC-EC-EARTH","RCA4",2006,"E Midlands",1,0,0,0,"ICHEC-EC-EARTH_RCA4","ICHEC-EC-EARTH.06"
"2351","ICHEC-EC-EARTH","RCA4",2007,"E Midlands",1,0,0,0,"ICHEC-EC-EARTH_RCA4","ICHEC-EC-EARTH.06"
"2352","ICHEC-EC-EARTH","RCA4",2008,"E Midlands",1,0,0,0,"ICHEC-EC-EARTH_RCA4","ICHEC-EC-EARTH.06"
"2353","ICHEC-EC-EARTH","RCA4",2009,"E Midlands",1,0,0,0,"ICHEC-EC-EARTH_RCA4","ICHEC-EC-EARTH.06"
"2354","ICHEC-EC-EARTH","RCA4",2010,"E Midlands",1,0,0,0,"ICHEC-EC-EARTH_RCA4","ICHEC-EC-EARTH.06"
"2355","ICHEC-EC-EARTH","RCA4",2011,"E Midlands",1,0,0,0,"ICHEC-EC-EARTH_RCA4","ICHEC-EC-EARTH.06"
"2356","ICHEC-EC-EARTH","RCA4",2012,"E Midlands",1,0,0,0,"ICHEC-EC-EARTH_RCA4","ICHEC-EC-EARTH.06"
"2357","ICHEC-EC-EARTH","RCA4",2013,"E Midlands",1,0,0,0,"ICHEC-EC-EARTH_RCA4","ICHEC-EC-EARTH.06"
"2358","ICHEC-EC-EARTH","RCA4",2014,"E Midlands",1,0,0,0,"ICHEC-EC-EARTH_RCA4","ICHEC-EC-EARTH.06"
"2359","ICHEC-EC-EARTH","RCA4",2015,"E Midlands",1,0,0,0,"ICHEC-EC-EARTH_RCA4","ICHEC-EC-EARTH.06"
"2360","ICHEC-EC-EARTH","RCA4",2016,"E Midlands",1,0,0,0,"ICHEC-EC-EARTH_RCA4","ICHEC-EC-EARTH.06"
"2361","ICHEC-EC-EARTH","RCA4",2017,"E Midlands",1,0,0,0,"ICHEC-EC-EARTH_RCA4","ICHEC-EC-EARTH.06"
"2362","ICHEC-EC-EARTH","RCA4",2018,"E Midlands",1,0,0,0,"ICHEC-EC-EARTH_RCA4","ICHEC-EC-EARTH.06"
"2363","ICHEC-EC-EARTH","RCA4",2019,"E Midlands",1,0,0,0,"ICHEC-EC-EARTH_RCA4","ICHEC-EC-EARTH.06"
"2364","ICHEC-EC-EARTH","RCA4",2020,"E Midlands",1,0,0,0,"ICHEC-EC-EARTH_RCA4","ICHEC-EC-EARTH.06"
"2365","ICHEC-EC-EARTH","RCA4",2021,"E Midlands",1,0,0,0,"ICHEC-EC-EARTH_RCA4","ICHEC-EC-EARTH.06"
"2366","ICHEC-EC-EARTH","RCA4",2022,"E Midlands",1,0,0,0,"ICHEC-EC-EARTH_RCA4","ICHEC-EC-EARTH.06"
"2367","ICHEC-EC-EARTH","RCA4",2023,"E Midlands",1,0,0,0,"ICHEC-EC-EARTH_RCA4","ICHEC-EC-EARTH.06"
"2368","ICHEC-EC-EARTH","RCA4",2024,"E Midlands",1,0,0,0,"ICHEC-EC-EARTH_RCA4","ICHEC-EC-EARTH.06"
"2369","ICHEC-EC-EARTH","RCA4",2025,"E Midlands",1,0,0,0,"ICHEC-EC-EARTH_RCA4","ICHEC-EC-EARTH.06"
"2370","ICHEC-EC-EARTH","RCA4",2026,"E Midlands",1,0,0,0,"ICHEC-EC-EARTH_RCA4","ICHEC-EC-EARTH.06"
"2371","ICHEC-EC-EARTH","RCA4",2027,"E Midlands",1,0,0,0,"ICHEC-EC-EARTH_RCA4","ICHEC-EC-EARTH.06"
"2372","ICHEC-EC-EARTH","RCA4",2028,"E Midlands",1,0,0,0,"ICHEC-EC-EARTH_RCA4","ICHEC-EC-EARTH.06"
"2373","ICHEC-EC-EARTH","RCA4",2029,"E Midlands",1,0,0,0,"ICHEC-EC-EARTH_RCA4","ICHEC-EC-EARTH.06"
"2374","ICHEC-EC-EARTH","RCA4",2030,"E Midlands",1,0,0,0,"ICHEC-EC-EARTH_RCA4","ICHEC-EC-EARTH.06"
"2375","ICHEC-EC-EARTH","RCA4",2031,"E Midlands",1,0,0,0,"ICHEC-EC-EARTH_RCA4","ICHEC-EC-EARTH.06"
"2376","ICHEC-EC-EARTH","RCA4",2032,"E Midlands",1,0,0,0,"ICHEC-EC-EARTH_RCA4","ICHEC-EC-EARTH.06"
"2377","ICHEC-EC-EARTH","RCA4",2033,"E Midlands",1,0,0,0,"ICHEC-EC-EARTH_RCA4","ICHEC-EC-EARTH.06"
"2378","ICHEC-EC-EARTH","RCA4",2034,"E Midlands",1,0,0,0,"ICHEC-EC-EARTH_RCA4","ICHEC-EC-EARTH.06"
"2379","ICHEC-EC-EARTH","RCA4",2035,"E Midlands",1,0.504672897196262,3.24074074074074,32.8838798046112,"ICHEC-EC-EARTH_RCA4","ICHEC-EC-EARTH.06"
"2380","ICHEC-EC-EARTH","RCA4",2036,"E Midlands",1,0.0747663551401869,3.375,32.9058186908563,"ICHEC-EC-EARTH_RCA4","ICHEC-EC-EARTH.06"
"2381","ICHEC-EC-EARTH","RCA4",2037,"E Midlands",1,0,0,0,"ICHEC-EC-EARTH_RCA4","ICHEC-EC-EARTH.06"
"2382","ICHEC-EC-EARTH","RCA4",2038,"E Midlands",1,0,0,0,"ICHEC-EC-EARTH_RCA4","ICHEC-EC-EARTH.06"
"2383","ICHEC-EC-EARTH","RCA4",2039,"E Midlands",1,0,0,0,"ICHEC-EC-EARTH_RCA4","ICHEC-EC-EARTH.06"
"2384","ICHEC-EC-EARTH","RCA4",2040,"E Midlands",1,0,0,0,"ICHEC-EC-EARTH_RCA4","ICHEC-EC-EARTH.06"
"2385","ICHEC-EC-EARTH","RCA4",2041,"E Midlands",1,0,0,0,"ICHEC-EC-EARTH_RCA4","ICHEC-EC-EARTH.06"
"2386","ICHEC-EC-EARTH","RCA4",2042,"E Midlands",1,0,0,0,"ICHEC-EC-EARTH_RCA4","ICHEC-EC-EARTH.06"
"2387","ICHEC-EC-EARTH","RCA4",2043,"E Midlands",1,0,0,0,"ICHEC-EC-EARTH_RCA4","ICHEC-EC-EARTH.06"
"2388","ICHEC-EC-EARTH","RCA4",2044,"E Midlands",1,0,0,0,"ICHEC-EC-EARTH_RCA4","ICHEC-EC-EARTH.06"
"2389","ICHEC-EC-EARTH","RCA4",2045,"E Midlands",1,0,0,0,"ICHEC-EC-EARTH_RCA4","ICHEC-EC-EARTH.06"
"2390","ICHEC-EC-EARTH","RCA4",2046,"E Midlands",1,0,0,0,"ICHEC-EC-EARTH_RCA4","ICHEC-EC-EARTH.06"
"2391","ICHEC-EC-EARTH","RCA4",2047,"E Midlands",1,0,0,0,"ICHEC-EC-EARTH_RCA4","ICHEC-EC-EARTH.06"
"2392","ICHEC-EC-EARTH","RCA4",2048,"E Midlands",1,0,0,0,"ICHEC-EC-EARTH_RCA4","ICHEC-EC-EARTH.06"
"2393","ICHEC-EC-EARTH","RCA4",2049,"E Midlands",1,0,0,0,"ICHEC-EC-EARTH_RCA4","ICHEC-EC-EARTH.06"
"2394","ICHEC-EC-EARTH","RCA4",2050,"E Midlands",1,0,0,0,"ICHEC-EC-EARTH_RCA4","ICHEC-EC-EARTH.06"
"2395","ICHEC-EC-EARTH","RCA4",2051,"E Midlands",1,0,0,0,"ICHEC-EC-EARTH_RCA4","ICHEC-EC-EARTH.06"
"2396","ICHEC-EC-EARTH","RCA4",2052,"E Midlands",1,0,0,0,"ICHEC-EC-EARTH_RCA4","ICHEC-EC-EARTH.06"
"2397","ICHEC-EC-EARTH","RCA4",2053,"E Midlands",1,0.822429906542056,3.22727272727273,34.9931457756144,"ICHEC-EC-EARTH_RCA4","ICHEC-EC-EARTH.06"
"2398","ICHEC-EC-EARTH","RCA4",2054,"E Midlands",1,0,0,0,"ICHEC-EC-EARTH_RCA4","ICHEC-EC-EARTH.06"
"2399","ICHEC-EC-EARTH","RCA4",2055,"E Midlands",1,0,0,0,"ICHEC-EC-EARTH_RCA4","ICHEC-EC-EARTH.06"
"2400","ICHEC-EC-EARTH","RCA4",2056,"E Midlands",1,0,0,0,"ICHEC-EC-EARTH_RCA4","ICHEC-EC-EARTH.06"
"2401","ICHEC-EC-EARTH","RCA4",2057,"E Midlands",1,0.00934579439252336,3,32.0674149195353,"ICHEC-EC-EARTH_RCA4","ICHEC-EC-EARTH.06"
"2402","ICHEC-EC-EARTH","RCA4",2058,"E Midlands",1,0,0,0,"ICHEC-EC-EARTH_RCA4","ICHEC-EC-EARTH.06"
"2403","ICHEC-EC-EARTH","RCA4",2059,"E Midlands",1,0.00934579439252336,3,32.7668857574463,"ICHEC-EC-EARTH_RCA4","ICHEC-EC-EARTH.06"
"2404","ICHEC-EC-EARTH","RCA4",2060,"E Midlands",1,0,0,0,"ICHEC-EC-EARTH_RCA4","ICHEC-EC-EARTH.06"
"2405","ICHEC-EC-EARTH","RCA4",2061,"E Midlands",1,0,0,0,"ICHEC-EC-EARTH_RCA4","ICHEC-EC-EARTH.06"
"2406","ICHEC-EC-EARTH","RCA4",2062,"E Midlands",1,0,0,0,"ICHEC-EC-EARTH_RCA4","ICHEC-EC-EARTH.06"
"2407","ICHEC-EC-EARTH","RCA4",2063,"E Midlands",1,0.130841121495327,3,34.5946408226377,"ICHEC-EC-EARTH_RCA4","ICHEC-EC-EARTH.06"
"2408","ICHEC-EC-EARTH","RCA4",2064,"E Midlands",1,0,0,0,"ICHEC-EC-EARTH_RCA4","ICHEC-EC-EARTH.06"
"2409","ICHEC-EC-EARTH","RCA4",2065,"E Midlands",1,0.0186915887850467,3,35.6105249722799,"ICHEC-EC-EARTH_RCA4","ICHEC-EC-EARTH.06"
"2410","ICHEC-EC-EARTH","RCA4",2066,"E Midlands",1,0.280373831775701,3,33.0281824747721,"ICHEC-EC-EARTH_RCA4","ICHEC-EC-EARTH.06"
"2411","ICHEC-EC-EARTH","RCA4",2067,"E Midlands",1,0,0,0,"ICHEC-EC-EARTH_RCA4","ICHEC-EC-EARTH.06"
"2412","ICHEC-EC-EARTH","RCA4",2068,"E Midlands",1,0,0,0,"ICHEC-EC-EARTH_RCA4","ICHEC-EC-EARTH.06"
"2413","ICHEC-EC-EARTH","RCA4",2069,"E Midlands",1,0,0,0,"ICHEC-EC-EARTH_RCA4","ICHEC-EC-EARTH.06"
"2414","ICHEC-EC-EARTH","RCA4",2070,"E Midlands",1,0,0,0,"ICHEC-EC-EARTH_RCA4","ICHEC-EC-EARTH.06"
"2415","ICHEC-EC-EARTH","RCA4",2071,"E Midlands",1,0,0,0,"ICHEC-EC-EARTH_RCA4","ICHEC-EC-EARTH.06"
"2416","ICHEC-EC-EARTH","RCA4",2072,"E Midlands",1,0,0,0,"ICHEC-EC-EARTH_RCA4","ICHEC-EC-EARTH.06"
"2417","ICHEC-EC-EARTH","RCA4",2073,"E Midlands",1,0,0,0,"ICHEC-EC-EARTH_RCA4","ICHEC-EC-EARTH.06"
"2418","ICHEC-EC-EARTH","RCA4",2074,"E Midlands",1,0,0,0,"ICHEC-EC-EARTH_RCA4","ICHEC-EC-EARTH.06"
"2419","ICHEC-EC-EARTH","RCA4",2075,"E Midlands",1,0,0,0,"ICHEC-EC-EARTH_RCA4","ICHEC-EC-EARTH.06"
"2420","ICHEC-EC-EARTH","RCA4",2076,"E Midlands",1,0.0560747663551402,3,33.2582414415148,"ICHEC-EC-EARTH_RCA4","ICHEC-EC-EARTH.06"
"2421","ICHEC-EC-EARTH","RCA4",2077,"E Midlands",1,0.11214953271028,3,32.6468360953861,"ICHEC-EC-EARTH_RCA4","ICHEC-EC-EARTH.06"
"2422","ICHEC-EC-EARTH","RCA4",2078,"E Midlands",1,0,0,0,"ICHEC-EC-EARTH_RCA4","ICHEC-EC-EARTH.06"
"2423","ICHEC-EC-EARTH","RCA4",2079,"E Midlands",1,0,0,0,"ICHEC-EC-EARTH_RCA4","ICHEC-EC-EARTH.06"
"2424","ICHEC-EC-EARTH","RCA4",2080,"E Midlands",1,0,0,0,"ICHEC-EC-EARTH_RCA4","ICHEC-EC-EARTH.06"
"2425","ICHEC-EC-EARTH","RegCM4-6",1980,"E Midlands",1,0,0,0,"ICHEC-EC-EARTH_RegCM4-6","ICHEC-EC-EARTH.07"
"2426","ICHEC-EC-EARTH","RegCM4-6",1981,"E Midlands",1,0,0,0,"ICHEC-EC-EARTH_RegCM4-6","ICHEC-EC-EARTH.07"
"2427","ICHEC-EC-EARTH","RegCM4-6",1982,"E Midlands",1,0.0373831775700935,3,31.5128888289134,"ICHEC-EC-EARTH_RegCM4-6","ICHEC-EC-EARTH.07"
"2428","ICHEC-EC-EARTH","RegCM4-6",1983,"E Midlands",1,0,0,0,"ICHEC-EC-EARTH_RegCM4-6","ICHEC-EC-EARTH.07"
"2429","ICHEC-EC-EARTH","RegCM4-6",1984,"E Midlands",1,0,0,0,"ICHEC-EC-EARTH_RegCM4-6","ICHEC-EC-EARTH.07"
"2430","ICHEC-EC-EARTH","RegCM4-6",1985,"E Midlands",1,0.0186915887850467,3,33.9525038401286,"ICHEC-EC-EARTH_RegCM4-6","ICHEC-EC-EARTH.07"
"2431","ICHEC-EC-EARTH","RegCM4-6",1986,"E Midlands",1,0.149532710280374,3,31.6574107607206,"ICHEC-EC-EARTH_RegCM4-6","ICHEC-EC-EARTH.07"
"2432","ICHEC-EC-EARTH","RegCM4-6",1987,"E Midlands",1,0.476635514018692,3.01960784313725,36.3576869886685,"ICHEC-EC-EARTH_RegCM4-6","ICHEC-EC-EARTH.07"
"2433","ICHEC-EC-EARTH","RegCM4-6",1988,"E Midlands",1,0,0,0,"ICHEC-EC-EARTH_RegCM4-6","ICHEC-EC-EARTH.07"
"2434","ICHEC-EC-EARTH","RegCM4-6",1989,"E Midlands",1,0,0,0,"ICHEC-EC-EARTH_RegCM4-6","ICHEC-EC-EARTH.07"
"2435","ICHEC-EC-EARTH","RegCM4-6",1990,"E Midlands",1,0,0,0,"ICHEC-EC-EARTH_RegCM4-6","ICHEC-EC-EARTH.07"
"2436","ICHEC-EC-EARTH","RegCM4-6",1991,"E Midlands",1,0,0,0,"ICHEC-EC-EARTH_RegCM4-6","ICHEC-EC-EARTH.07"
"2437","ICHEC-EC-EARTH","RegCM4-6",1992,"E Midlands",1,0,0,0,"ICHEC-EC-EARTH_RegCM4-6","ICHEC-EC-EARTH.07"
"2438","ICHEC-EC-EARTH","RegCM4-6",1993,"E Midlands",1,0,0,0,"ICHEC-EC-EARTH_RegCM4-6","ICHEC-EC-EARTH.07"
"2439","ICHEC-EC-EARTH","RegCM4-6",1994,"E Midlands",1,0,0,0,"ICHEC-EC-EARTH_RegCM4-6","ICHEC-EC-EARTH.07"
"2440","ICHEC-EC-EARTH","RegCM4-6",1995,"E Midlands",1,0,0,0,"ICHEC-EC-EARTH_RegCM4-6","ICHEC-EC-EARTH.07"
"2441","ICHEC-EC-EARTH","RegCM4-6",1996,"E Midlands",1,0,0,0,"ICHEC-EC-EARTH_RegCM4-6","ICHEC-EC-EARTH.07"
"2442","ICHEC-EC-EARTH","RegCM4-6",1997,"E Midlands",1,0,0,0,"ICHEC-EC-EARTH_RegCM4-6","ICHEC-EC-EARTH.07"
"2443","ICHEC-EC-EARTH","RegCM4-6",1998,"E Midlands",1,0.0560747663551402,3,31.8224353790283,"ICHEC-EC-EARTH_RegCM4-6","ICHEC-EC-EARTH.07"
"2444","ICHEC-EC-EARTH","RegCM4-6",1999,"E Midlands",1,0.00934579439252336,3,32.5269816716512,"ICHEC-EC-EARTH_RegCM4-6","ICHEC-EC-EARTH.07"
"2445","ICHEC-EC-EARTH","RegCM4-6",2000,"E Midlands",1,0,0,0,"ICHEC-EC-EARTH_RegCM4-6","ICHEC-EC-EARTH.07"
"2446","ICHEC-EC-EARTH","RegCM4-6",2001,"E Midlands",1,0,0,0,"ICHEC-EC-EARTH_RegCM4-6","ICHEC-EC-EARTH.07"
"2447","ICHEC-EC-EARTH","RegCM4-6",2002,"E Midlands",1,0,0,0,"ICHEC-EC-EARTH_RegCM4-6","ICHEC-EC-EARTH.07"
"2448","ICHEC-EC-EARTH","RegCM4-6",2003,"E Midlands",1,0,0,0,"ICHEC-EC-EARTH_RegCM4-6","ICHEC-EC-EARTH.07"
"2449","ICHEC-EC-EARTH","RegCM4-6",2004,"E Midlands",1,0.355140186915888,3.15789473684211,33.6042923948221,"ICHEC-EC-EARTH_RegCM4-6","ICHEC-EC-EARTH.07"
"2450","ICHEC-EC-EARTH","RegCM4-6",2005,"E Midlands",1,0,0,0,"ICHEC-EC-EARTH_RegCM4-6","ICHEC-EC-EARTH.07"
"2451","ICHEC-EC-EARTH","RegCM4-6",2006,"E Midlands",1,0.233644859813084,3.08,33.6612992699941,"ICHEC-EC-EARTH_RegCM4-6","ICHEC-EC-EARTH.07"
"2452","ICHEC-EC-EARTH","RegCM4-6",2007,"E Midlands",1,0,0,0,"ICHEC-EC-EARTH_RegCM4-6","ICHEC-EC-EARTH.07"
"2453","ICHEC-EC-EARTH","RegCM4-6",2008,"E Midlands",1,0.289719626168224,3,32.7266780689198,"ICHEC-EC-EARTH_RegCM4-6","ICHEC-EC-EARTH.07"
"2454","ICHEC-EC-EARTH","RegCM4-6",2009,"E Midlands",1,0.00934579439252336,4,31.3503613471985,"ICHEC-EC-EARTH_RegCM4-6","ICHEC-EC-EARTH.07"
"2455","ICHEC-EC-EARTH","RegCM4-6",2010,"E Midlands",1,0,0,0,"ICHEC-EC-EARTH_RegCM4-6","ICHEC-EC-EARTH.07"
"2456","ICHEC-EC-EARTH","RegCM4-6",2011,"E Midlands",1,0,0,0,"ICHEC-EC-EARTH_RegCM4-6","ICHEC-EC-EARTH.07"
"2457","ICHEC-EC-EARTH","RegCM4-6",2012,"E Midlands",1,0,0,0,"ICHEC-EC-EARTH_RegCM4-6","ICHEC-EC-EARTH.07"
"2458","ICHEC-EC-EARTH","RegCM4-6",2013,"E Midlands",1,0,0,0,"ICHEC-EC-EARTH_RegCM4-6","ICHEC-EC-EARTH.07"
"2459","ICHEC-EC-EARTH","RegCM4-6",2014,"E Midlands",1,0.504672897196262,3.40740740740741,33.8791988602391,"ICHEC-EC-EARTH_RegCM4-6","ICHEC-EC-EARTH.07"
"2460","ICHEC-EC-EARTH","RegCM4-6",2015,"E Midlands",1,0,0,0,"ICHEC-EC-EARTH_RegCM4-6","ICHEC-EC-EARTH.07"
"2461","ICHEC-EC-EARTH","RegCM4-6",2016,"E Midlands",1,0,0,0,"ICHEC-EC-EARTH_RegCM4-6","ICHEC-EC-EARTH.07"
"2462","ICHEC-EC-EARTH","RegCM4-6",2017,"E Midlands",1,0,0,0,"ICHEC-EC-EARTH_RegCM4-6","ICHEC-EC-EARTH.07"
"2463","ICHEC-EC-EARTH","RegCM4-6",2018,"E Midlands",1,0,0,0,"ICHEC-EC-EARTH_RegCM4-6","ICHEC-EC-EARTH.07"
"2464","ICHEC-EC-EARTH","RegCM4-6",2019,"E Midlands",1,0.149532710280374,4,32.9059800058603,"ICHEC-EC-EARTH_RegCM4-6","ICHEC-EC-EARTH.07"
"2465","ICHEC-EC-EARTH","RegCM4-6",2020,"E Midlands",1,0,0,0,"ICHEC-EC-EARTH_RegCM4-6","ICHEC-EC-EARTH.07"
"2466","ICHEC-EC-EARTH","RegCM4-6",2021,"E Midlands",1,0,0,0,"ICHEC-EC-EARTH_RegCM4-6","ICHEC-EC-EARTH.07"
"2467","ICHEC-EC-EARTH","RegCM4-6",2022,"E Midlands",1,0,0,0,"ICHEC-EC-EARTH_RegCM4-6","ICHEC-EC-EARTH.07"
"2468","ICHEC-EC-EARTH","RegCM4-6",2023,"E Midlands",1,0,0,0,"ICHEC-EC-EARTH_RegCM4-6","ICHEC-EC-EARTH.07"
"2469","ICHEC-EC-EARTH","RegCM4-6",2024,"E Midlands",1,0,0,0,"ICHEC-EC-EARTH_RegCM4-6","ICHEC-EC-EARTH.07"
"2470","ICHEC-EC-EARTH","RegCM4-6",2025,"E Midlands",1,0,0,0,"ICHEC-EC-EARTH_RegCM4-6","ICHEC-EC-EARTH.07"
"2471","ICHEC-EC-EARTH","RegCM4-6",2026,"E Midlands",1,0,0,0,"ICHEC-EC-EARTH_RegCM4-6","ICHEC-EC-EARTH.07"
"2472","ICHEC-EC-EARTH","RegCM4-6",2027,"E Midlands",1,0.0654205607476635,3,34.897578330267,"ICHEC-EC-EARTH_RegCM4-6","ICHEC-EC-EARTH.07"
"2473","ICHEC-EC-EARTH","RegCM4-6",2028,"E Midlands",1,0.691588785046729,3.81081081081081,33.9835925108678,"ICHEC-EC-EARTH_RegCM4-6","ICHEC-EC-EARTH.07"
"2474","ICHEC-EC-EARTH","RegCM4-6",2029,"E Midlands",1,1.05607476635514,7.24778761061947,34.7915374570088,"ICHEC-EC-EARTH_RegCM4-6","ICHEC-EC-EARTH.07"
"2475","ICHEC-EC-EARTH","RegCM4-6",2030,"E Midlands",1,0,0,0,"ICHEC-EC-EARTH_RegCM4-6","ICHEC-EC-EARTH.07"
"2476","ICHEC-EC-EARTH","RegCM4-6",2031,"E Midlands",1,0,0,0,"ICHEC-EC-EARTH_RegCM4-6","ICHEC-EC-EARTH.07"
"2477","ICHEC-EC-EARTH","RegCM4-6",2032,"E Midlands",1,0,0,0,"ICHEC-EC-EARTH_RegCM4-6","ICHEC-EC-EARTH.07"
"2478","ICHEC-EC-EARTH","RegCM4-6",2033,"E Midlands",1,0,0,0,"ICHEC-EC-EARTH_RegCM4-6","ICHEC-EC-EARTH.07"
"2479","ICHEC-EC-EARTH","RegCM4-6",2034,"E Midlands",1,0,0,0,"ICHEC-EC-EARTH_RegCM4-6","ICHEC-EC-EARTH.07"
"2480","ICHEC-EC-EARTH","RegCM4-6",2035,"E Midlands",1,0,0,0,"ICHEC-EC-EARTH_RegCM4-6","ICHEC-EC-EARTH.07"
"2481","ICHEC-EC-EARTH","RegCM4-6",2036,"E Midlands",1,0,0,0,"ICHEC-EC-EARTH_RegCM4-6","ICHEC-EC-EARTH.07"
"2482","ICHEC-EC-EARTH","RegCM4-6",2037,"E Midlands",1,0,0,0,"ICHEC-EC-EARTH_RegCM4-6","ICHEC-EC-EARTH.07"
"2483","ICHEC-EC-EARTH","RegCM4-6",2038,"E Midlands",1,0,0,0,"ICHEC-EC-EARTH_RegCM4-6","ICHEC-EC-EARTH.07"
"2484","ICHEC-EC-EARTH","RegCM4-6",2039,"E Midlands",1,0,0,0,"ICHEC-EC-EARTH_RegCM4-6","ICHEC-EC-EARTH.07"
"2485","ICHEC-EC-EARTH","RegCM4-6",2040,"E Midlands",1,0,0,0,"ICHEC-EC-EARTH_RegCM4-6","ICHEC-EC-EARTH.07"
"2486","ICHEC-EC-EARTH","RegCM4-6",2041,"E Midlands",1,0,0,0,"ICHEC-EC-EARTH_RegCM4-6","ICHEC-EC-EARTH.07"
"2487","ICHEC-EC-EARTH","RegCM4-6",2042,"E Midlands",1,0.831775700934579,5.52808988764045,33.4212894974874,"ICHEC-EC-EARTH_RegCM4-6","ICHEC-EC-EARTH.07"
"2488","ICHEC-EC-EARTH","RegCM4-6",2043,"E Midlands",1,0,0,0,"ICHEC-EC-EARTH_RegCM4-6","ICHEC-EC-EARTH.07"
"2489","ICHEC-EC-EARTH","RegCM4-6",2044,"E Midlands",1,0,0,0,"ICHEC-EC-EARTH_RegCM4-6","ICHEC-EC-EARTH.07"
"2490","ICHEC-EC-EARTH","RegCM4-6",2045,"E Midlands",1,0,0,0,"ICHEC-EC-EARTH_RegCM4-6","ICHEC-EC-EARTH.07"
"2491","ICHEC-EC-EARTH","RegCM4-6",2046,"E Midlands",1,0,0,0,"ICHEC-EC-EARTH_RegCM4-6","ICHEC-EC-EARTH.07"
"2492","ICHEC-EC-EARTH","RegCM4-6",2047,"E Midlands",1,0,0,0,"ICHEC-EC-EARTH_RegCM4-6","ICHEC-EC-EARTH.07"
"2493","ICHEC-EC-EARTH","RegCM4-6",2048,"E Midlands",1,0,0,0,"ICHEC-EC-EARTH_RegCM4-6","ICHEC-EC-EARTH.07"
"2494","ICHEC-EC-EARTH","RegCM4-6",2049,"E Midlands",1,0,0,0,"ICHEC-EC-EARTH_RegCM4-6","ICHEC-EC-EARTH.07"
"2495","ICHEC-EC-EARTH","RegCM4-6",2050,"E Midlands",1,0,0,0,"ICHEC-EC-EARTH_RegCM4-6","ICHEC-EC-EARTH.07"
"2496","ICHEC-EC-EARTH","RegCM4-6",2051,"E Midlands",1,0,0,0,"ICHEC-EC-EARTH_RegCM4-6","ICHEC-EC-EARTH.07"
"2497","ICHEC-EC-EARTH","RegCM4-6",2052,"E Midlands",1,0,0,0,"ICHEC-EC-EARTH_RegCM4-6","ICHEC-EC-EARTH.07"
"2498","ICHEC-EC-EARTH","RegCM4-6",2053,"E Midlands",1,0,0,0,"ICHEC-EC-EARTH_RegCM4-6","ICHEC-EC-EARTH.07"
"2499","ICHEC-EC-EARTH","RegCM4-6",2054,"E Midlands",1,0,0,0,"ICHEC-EC-EARTH_RegCM4-6","ICHEC-EC-EARTH.07"
"2500","ICHEC-EC-EARTH","RegCM4-6",2055,"E Midlands",1,0,0,0,"ICHEC-EC-EARTH_RegCM4-6","ICHEC-EC-EARTH.07"
"2501","ICHEC-EC-EARTH","RegCM4-6",2056,"E Midlands",1,0.00934579439252336,3,33.050591468811,"ICHEC-EC-EARTH_RegCM4-6","ICHEC-EC-EARTH.07"
"2502","ICHEC-EC-EARTH","RegCM4-6",2057,"E Midlands",1,0,0,0,"ICHEC-EC-EARTH_RegCM4-6","ICHEC-EC-EARTH.07"
"2503","ICHEC-EC-EARTH","RegCM4-6",2058,"E Midlands",1,0.0654205607476635,3,31.3104935600644,"ICHEC-EC-EARTH_RegCM4-6","ICHEC-EC-EARTH.07"
"2504","ICHEC-EC-EARTH","RegCM4-6",2059,"E Midlands",1,0,0,0,"ICHEC-EC-EARTH_RegCM4-6","ICHEC-EC-EARTH.07"
"2505","ICHEC-EC-EARTH","RegCM4-6",2060,"E Midlands",1,0.841121495327103,5.6,35.777547966286,"ICHEC-EC-EARTH_RegCM4-6","ICHEC-EC-EARTH.07"
"2506","ICHEC-EC-EARTH","RegCM4-6",2061,"E Midlands",1,0,0,0,"ICHEC-EC-EARTH_RegCM4-6","ICHEC-EC-EARTH.07"
"2507","ICHEC-EC-EARTH","RegCM4-6",2062,"E Midlands",1,0,0,0,"ICHEC-EC-EARTH_RegCM4-6","ICHEC-EC-EARTH.07"
"2508","ICHEC-EC-EARTH","RegCM4-6",2063,"E Midlands",1,0,0,0,"ICHEC-EC-EARTH_RegCM4-6","ICHEC-EC-EARTH.07"
"2509","ICHEC-EC-EARTH","RegCM4-6",2064,"E Midlands",1,0,0,0,"ICHEC-EC-EARTH_RegCM4-6","ICHEC-EC-EARTH.07"
"2510","ICHEC-EC-EARTH","RegCM4-6",2065,"E Midlands",1,0.420560747663551,3.17777777777778,32.2456761377829,"ICHEC-EC-EARTH_RegCM4-6","ICHEC-EC-EARTH.07"
"2511","ICHEC-EC-EARTH","RegCM4-6",2066,"E Midlands",1,0,0,0,"ICHEC-EC-EARTH_RegCM4-6","ICHEC-EC-EARTH.07"
"2512","ICHEC-EC-EARTH","RegCM4-6",2067,"E Midlands",1,0.728971962616822,3,32.4967866962792,"ICHEC-EC-EARTH_RegCM4-6","ICHEC-EC-EARTH.07"
"2513","ICHEC-EC-EARTH","RegCM4-6",2068,"E Midlands",1,0,0,0,"ICHEC-EC-EARTH_RegCM4-6","ICHEC-EC-EARTH.07"
"2514","ICHEC-EC-EARTH","RegCM4-6",2069,"E Midlands",1,0,0,0,"ICHEC-EC-EARTH_RegCM4-6","ICHEC-EC-EARTH.07"
"2515","ICHEC-EC-EARTH","RegCM4-6",2070,"E Midlands",1,0.271028037383178,3.3448275862069,32.0506655627284,"ICHEC-EC-EARTH_RegCM4-6","ICHEC-EC-EARTH.07"
"2516","ICHEC-EC-EARTH","RegCM4-6",2071,"E Midlands",1,0,0,0,"ICHEC-EC-EARTH_RegCM4-6","ICHEC-EC-EARTH.07"
"2517","ICHEC-EC-EARTH","RegCM4-6",2072,"E Midlands",1,0,0,0,"ICHEC-EC-EARTH_RegCM4-6","ICHEC-EC-EARTH.07"
"2518","ICHEC-EC-EARTH","RegCM4-6",2073,"E Midlands",1,0.0841121495327103,3,30.892313392074,"ICHEC-EC-EARTH_RegCM4-6","ICHEC-EC-EARTH.07"
"2519","ICHEC-EC-EARTH","RegCM4-6",2074,"E Midlands",1,0,0,0,"ICHEC-EC-EARTH_RegCM4-6","ICHEC-EC-EARTH.07"
"2520","ICHEC-EC-EARTH","RegCM4-6",2075,"E Midlands",1,0,0,0,"ICHEC-EC-EARTH_RegCM4-6","ICHEC-EC-EARTH.07"
"2521","ICHEC-EC-EARTH","RegCM4-6",2076,"E Midlands",1,0.0467289719626168,4.2,31.2071095021566,"ICHEC-EC-EARTH_RegCM4-6","ICHEC-EC-EARTH.07"
"2522","ICHEC-EC-EARTH","RegCM4-6",2077,"E Midlands",1,1.50467289719626,3.63354037267081,35.9335762651811,"ICHEC-EC-EARTH_RegCM4-6","ICHEC-EC-EARTH.07"
"2523","ICHEC-EC-EARTH","RegCM4-6",2078,"E Midlands",1,2.67289719626168,9.93706293706294,36.3675321467896,"ICHEC-EC-EARTH_RegCM4-6","ICHEC-EC-EARTH.07"
"2524","ICHEC-EC-EARTH","RegCM4-6",2079,"E Midlands",1,0.551401869158878,4.79661016949153,32.9536854137389,"ICHEC-EC-EARTH_RegCM4-6","ICHEC-EC-EARTH.07"
"2525","ICHEC-EC-EARTH","RegCM4-6",2080,"E Midlands",1,0,0,0,"ICHEC-EC-EARTH_RegCM4-6","ICHEC-EC-EARTH.07"
"2526","ICHEC-EC-EARTH","REMO2015",1980,"E Midlands",1,0,0,0,"ICHEC-EC-EARTH_REMO2015","ICHEC-EC-EARTH.08"
"2527","ICHEC-EC-EARTH","REMO2015",1981,"E Midlands",1,0,0,0,"ICHEC-EC-EARTH_REMO2015","ICHEC-EC-EARTH.08"
"2528","ICHEC-EC-EARTH","REMO2015",1982,"E Midlands",1,0,0,0,"ICHEC-EC-EARTH_REMO2015","ICHEC-EC-EARTH.08"
"2529","ICHEC-EC-EARTH","REMO2015",1983,"E Midlands",1,0,0,0,"ICHEC-EC-EARTH_REMO2015","ICHEC-EC-EARTH.08"
"2530","ICHEC-EC-EARTH","REMO2015",1984,"E Midlands",1,0,0,0,"ICHEC-EC-EARTH_REMO2015","ICHEC-EC-EARTH.08"
"2531","ICHEC-EC-EARTH","REMO2015",1985,"E Midlands",1,0,0,0,"ICHEC-EC-EARTH_REMO2015","ICHEC-EC-EARTH.08"
"2532","ICHEC-EC-EARTH","REMO2015",1986,"E Midlands",1,0,0,0,"ICHEC-EC-EARTH_REMO2015","ICHEC-EC-EARTH.08"
"2533","ICHEC-EC-EARTH","REMO2015",1987,"E Midlands",1,0,0,0,"ICHEC-EC-EARTH_REMO2015","ICHEC-EC-EARTH.08"
"2534","ICHEC-EC-EARTH","REMO2015",1988,"E Midlands",1,0,0,0,"ICHEC-EC-EARTH_REMO2015","ICHEC-EC-EARTH.08"
"2535","ICHEC-EC-EARTH","REMO2015",1989,"E Midlands",1,0,0,0,"ICHEC-EC-EARTH_REMO2015","ICHEC-EC-EARTH.08"
"2536","ICHEC-EC-EARTH","REMO2015",1990,"E Midlands",1,0,0,0,"ICHEC-EC-EARTH_REMO2015","ICHEC-EC-EARTH.08"
"2537","ICHEC-EC-EARTH","REMO2015",1991,"E Midlands",1,0,0,0,"ICHEC-EC-EARTH_REMO2015","ICHEC-EC-EARTH.08"
"2538","ICHEC-EC-EARTH","REMO2015",1992,"E Midlands",1,0,0,0,"ICHEC-EC-EARTH_REMO2015","ICHEC-EC-EARTH.08"
"2539","ICHEC-EC-EARTH","REMO2015",1993,"E Midlands",1,0,0,0,"ICHEC-EC-EARTH_REMO2015","ICHEC-EC-EARTH.08"
"2540","ICHEC-EC-EARTH","REMO2015",1994,"E Midlands",1,0,0,0,"ICHEC-EC-EARTH_REMO2015","ICHEC-EC-EARTH.08"
"2541","ICHEC-EC-EARTH","REMO2015",1995,"E Midlands",1,0,0,0,"ICHEC-EC-EARTH_REMO2015","ICHEC-EC-EARTH.08"
"2542","ICHEC-EC-EARTH","REMO2015",1996,"E Midlands",1,0,0,0,"ICHEC-EC-EARTH_REMO2015","ICHEC-EC-EARTH.08"
"2543","ICHEC-EC-EARTH","REMO2015",1997,"E Midlands",1,0,0,0,"ICHEC-EC-EARTH_REMO2015","ICHEC-EC-EARTH.08"
"2544","ICHEC-EC-EARTH","REMO2015",1998,"E Midlands",1,0,0,0,"ICHEC-EC-EARTH_REMO2015","ICHEC-EC-EARTH.08"
"2545","ICHEC-EC-EARTH","REMO2015",1999,"E Midlands",1,0,0,0,"ICHEC-EC-EARTH_REMO2015","ICHEC-EC-EARTH.08"
"2546","ICHEC-EC-EARTH","REMO2015",2000,"E Midlands",1,0,0,0,"ICHEC-EC-EARTH_REMO2015","ICHEC-EC-EARTH.08"
"2547","ICHEC-EC-EARTH","REMO2015",2001,"E Midlands",1,0,0,0,"ICHEC-EC-EARTH_REMO2015","ICHEC-EC-EARTH.08"
"2548","ICHEC-EC-EARTH","REMO2015",2002,"E Midlands",1,0,0,0,"ICHEC-EC-EARTH_REMO2015","ICHEC-EC-EARTH.08"
"2549","ICHEC-EC-EARTH","REMO2015",2003,"E Midlands",1,0,0,0,"ICHEC-EC-EARTH_REMO2015","ICHEC-EC-EARTH.08"
"2550","ICHEC-EC-EARTH","REMO2015",2004,"E Midlands",1,0.411214953271028,3,31.301242127563,"ICHEC-EC-EARTH_REMO2015","ICHEC-EC-EARTH.08"
"2551","ICHEC-EC-EARTH","REMO2015",2005,"E Midlands",1,0,0,0,"ICHEC-EC-EARTH_REMO2015","ICHEC-EC-EARTH.08"
"2552","ICHEC-EC-EARTH","REMO2015",2006,"E Midlands",1,0,0,0,"ICHEC-EC-EARTH_REMO2015","ICHEC-EC-EARTH.08"
"2553","ICHEC-EC-EARTH","REMO2015",2007,"E Midlands",1,0,0,0,"ICHEC-EC-EARTH_REMO2015","ICHEC-EC-EARTH.08"
"2554","ICHEC-EC-EARTH","REMO2015",2008,"E Midlands",1,0,0,0,"ICHEC-EC-EARTH_REMO2015","ICHEC-EC-EARTH.08"
"2555","ICHEC-EC-EARTH","REMO2015",2009,"E Midlands",1,0,0,0,"ICHEC-EC-EARTH_REMO2015","ICHEC-EC-EARTH.08"
"2556","ICHEC-EC-EARTH","REMO2015",2010,"E Midlands",1,0,0,0,"ICHEC-EC-EARTH_REMO2015","ICHEC-EC-EARTH.08"
"2557","ICHEC-EC-EARTH","REMO2015",2011,"E Midlands",1,0,0,0,"ICHEC-EC-EARTH_REMO2015","ICHEC-EC-EARTH.08"
"2558","ICHEC-EC-EARTH","REMO2015",2012,"E Midlands",1,0,0,0,"ICHEC-EC-EARTH_REMO2015","ICHEC-EC-EARTH.08"
"2559","ICHEC-EC-EARTH","REMO2015",2013,"E Midlands",1,0,0,0,"ICHEC-EC-EARTH_REMO2015","ICHEC-EC-EARTH.08"
"2560","ICHEC-EC-EARTH","REMO2015",2014,"E Midlands",1,0,0,0,"ICHEC-EC-EARTH_REMO2015","ICHEC-EC-EARTH.08"
"2561","ICHEC-EC-EARTH","REMO2015",2015,"E Midlands",1,0,0,0,"ICHEC-EC-EARTH_REMO2015","ICHEC-EC-EARTH.08"
"2562","ICHEC-EC-EARTH","REMO2015",2016,"E Midlands",1,0,0,0,"ICHEC-EC-EARTH_REMO2015","ICHEC-EC-EARTH.08"
"2563","ICHEC-EC-EARTH","REMO2015",2017,"E Midlands",1,0,0,0,"ICHEC-EC-EARTH_REMO2015","ICHEC-EC-EARTH.08"
"2564","ICHEC-EC-EARTH","REMO2015",2018,"E Midlands",1,0.121495327102804,3,32.2146941698514,"ICHEC-EC-EARTH_REMO2015","ICHEC-EC-EARTH.08"
"2565","ICHEC-EC-EARTH","REMO2015",2019,"E Midlands",1,0.102803738317757,3.63636363636364,31.2739776698026,"ICHEC-EC-EARTH_REMO2015","ICHEC-EC-EARTH.08"
"2566","ICHEC-EC-EARTH","REMO2015",2020,"E Midlands",1,0,0,0,"ICHEC-EC-EARTH_REMO2015","ICHEC-EC-EARTH.08"
"2567","ICHEC-EC-EARTH","REMO2015",2021,"E Midlands",1,0,0,0,"ICHEC-EC-EARTH_REMO2015","ICHEC-EC-EARTH.08"
"2568","ICHEC-EC-EARTH","REMO2015",2022,"E Midlands",1,0,0,0,"ICHEC-EC-EARTH_REMO2015","ICHEC-EC-EARTH.08"
"2569","ICHEC-EC-EARTH","REMO2015",2023,"E Midlands",1,0,0,0,"ICHEC-EC-EARTH_REMO2015","ICHEC-EC-EARTH.08"
"2570","ICHEC-EC-EARTH","REMO2015",2024,"E Midlands",1,0,0,0,"ICHEC-EC-EARTH_REMO2015","ICHEC-EC-EARTH.08"
"2571","ICHEC-EC-EARTH","REMO2015",2025,"E Midlands",1,0,0,0,"ICHEC-EC-EARTH_REMO2015","ICHEC-EC-EARTH.08"
"2572","ICHEC-EC-EARTH","REMO2015",2026,"E Midlands",1,0,0,0,"ICHEC-EC-EARTH_REMO2015","ICHEC-EC-EARTH.08"
"2573","ICHEC-EC-EARTH","REMO2015",2027,"E Midlands",1,0,0,0,"ICHEC-EC-EARTH_REMO2015","ICHEC-EC-EARTH.08"
"2574","ICHEC-EC-EARTH","REMO2015",2028,"E Midlands",1,0,0,0,"ICHEC-EC-EARTH_REMO2015","ICHEC-EC-EARTH.08"
"2575","ICHEC-EC-EARTH","REMO2015",2029,"E Midlands",1,0,0,0,"ICHEC-EC-EARTH_REMO2015","ICHEC-EC-EARTH.08"
"2576","ICHEC-EC-EARTH","REMO2015",2030,"E Midlands",1,0,0,0,"ICHEC-EC-EARTH_REMO2015","ICHEC-EC-EARTH.08"
"2577","ICHEC-EC-EARTH","REMO2015",2031,"E Midlands",1,0,0,0,"ICHEC-EC-EARTH_REMO2015","ICHEC-EC-EARTH.08"
"2578","ICHEC-EC-EARTH","REMO2015",2032,"E Midlands",1,0,0,0,"ICHEC-EC-EARTH_REMO2015","ICHEC-EC-EARTH.08"
"2579","ICHEC-EC-EARTH","REMO2015",2033,"E Midlands",1,0,0,0,"ICHEC-EC-EARTH_REMO2015","ICHEC-EC-EARTH.08"
"2580","ICHEC-EC-EARTH","REMO2015",2034,"E Midlands",1,0,0,0,"ICHEC-EC-EARTH_REMO2015","ICHEC-EC-EARTH.08"
"2581","ICHEC-EC-EARTH","REMO2015",2035,"E Midlands",1,0,0,0,"ICHEC-EC-EARTH_REMO2015","ICHEC-EC-EARTH.08"
"2582","ICHEC-EC-EARTH","REMO2015",2036,"E Midlands",1,0,0,0,"ICHEC-EC-EARTH_REMO2015","ICHEC-EC-EARTH.08"
"2583","ICHEC-EC-EARTH","REMO2015",2037,"E Midlands",1,0,0,0,"ICHEC-EC-EARTH_REMO2015","ICHEC-EC-EARTH.08"
"2584","ICHEC-EC-EARTH","REMO2015",2038,"E Midlands",1,0,0,0,"ICHEC-EC-EARTH_REMO2015","ICHEC-EC-EARTH.08"
"2585","ICHEC-EC-EARTH","REMO2015",2039,"E Midlands",1,0,0,0,"ICHEC-EC-EARTH_REMO2015","ICHEC-EC-EARTH.08"
"2586","ICHEC-EC-EARTH","REMO2015",2040,"E Midlands",1,0,0,0,"ICHEC-EC-EARTH_REMO2015","ICHEC-EC-EARTH.08"
"2587","ICHEC-EC-EARTH","REMO2015",2041,"E Midlands",1,0,0,0,"ICHEC-EC-EARTH_REMO2015","ICHEC-EC-EARTH.08"
"2588","ICHEC-EC-EARTH","REMO2015",2042,"E Midlands",1,0,0,0,"ICHEC-EC-EARTH_REMO2015","ICHEC-EC-EARTH.08"
"2589","ICHEC-EC-EARTH","REMO2015",2043,"E Midlands",1,0,0,0,"ICHEC-EC-EARTH_REMO2015","ICHEC-EC-EARTH.08"
"2590","ICHEC-EC-EARTH","REMO2015",2044,"E Midlands",1,0,0,0,"ICHEC-EC-EARTH_REMO2015","ICHEC-EC-EARTH.08"
"2591","ICHEC-EC-EARTH","REMO2015",2045,"E Midlands",1,0.102803738317757,3,30.9448138150302,"ICHEC-EC-EARTH_REMO2015","ICHEC-EC-EARTH.08"
"2592","ICHEC-EC-EARTH","REMO2015",2046,"E Midlands",1,0,0,0,"ICHEC-EC-EARTH_REMO2015","ICHEC-EC-EARTH.08"
"2593","ICHEC-EC-EARTH","REMO2015",2047,"E Midlands",1,0,0,0,"ICHEC-EC-EARTH_REMO2015","ICHEC-EC-EARTH.08"
"2594","ICHEC-EC-EARTH","REMO2015",2048,"E Midlands",1,0,0,0,"ICHEC-EC-EARTH_REMO2015","ICHEC-EC-EARTH.08"
"2595","ICHEC-EC-EARTH","REMO2015",2049,"E Midlands",1,0,0,0,"ICHEC-EC-EARTH_REMO2015","ICHEC-EC-EARTH.08"
"2596","ICHEC-EC-EARTH","REMO2015",2050,"E Midlands",1,0.0186915887850467,3,31.5774760246277,"ICHEC-EC-EARTH_REMO2015","ICHEC-EC-EARTH.08"
"2597","ICHEC-EC-EARTH","REMO2015",2051,"E Midlands",1,0,0,0,"ICHEC-EC-EARTH_REMO2015","ICHEC-EC-EARTH.08"
"2598","ICHEC-EC-EARTH","REMO2015",2052,"E Midlands",1,0,0,0,"ICHEC-EC-EARTH_REMO2015","ICHEC-EC-EARTH.08"
"2599","ICHEC-EC-EARTH","REMO2015",2053,"E Midlands",1,0,0,0,"ICHEC-EC-EARTH_REMO2015","ICHEC-EC-EARTH.08"
"2600","ICHEC-EC-EARTH","REMO2015",2054,"E Midlands",1,0,0,0,"ICHEC-EC-EARTH_REMO2015","ICHEC-EC-EARTH.08"
"2601","ICHEC-EC-EARTH","REMO2015",2055,"E Midlands",1,0,0,0,"ICHEC-EC-EARTH_REMO2015","ICHEC-EC-EARTH.08"
"2602","ICHEC-EC-EARTH","REMO2015",2056,"E Midlands",1,0,0,0,"ICHEC-EC-EARTH_REMO2015","ICHEC-EC-EARTH.08"
"2603","ICHEC-EC-EARTH","REMO2015",2057,"E Midlands",1,0.822429906542056,4.03409090909091,31.3096993782304,"ICHEC-EC-EARTH_REMO2015","ICHEC-EC-EARTH.08"
"2604","ICHEC-EC-EARTH","REMO2015",2058,"E Midlands",1,0,0,0,"ICHEC-EC-EARTH_REMO2015","ICHEC-EC-EARTH.08"
"2605","ICHEC-EC-EARTH","REMO2015",2059,"E Midlands",1,0,0,0,"ICHEC-EC-EARTH_REMO2015","ICHEC-EC-EARTH.08"
"2606","ICHEC-EC-EARTH","REMO2015",2060,"E Midlands",1,0,0,0,"ICHEC-EC-EARTH_REMO2015","ICHEC-EC-EARTH.08"
"2607","ICHEC-EC-EARTH","REMO2015",2061,"E Midlands",1,0,0,0,"ICHEC-EC-EARTH_REMO2015","ICHEC-EC-EARTH.08"
"2608","ICHEC-EC-EARTH","REMO2015",2062,"E Midlands",1,0,0,0,"ICHEC-EC-EARTH_REMO2015","ICHEC-EC-EARTH.08"
"2609","ICHEC-EC-EARTH","REMO2015",2063,"E Midlands",1,0,0,0,"ICHEC-EC-EARTH_REMO2015","ICHEC-EC-EARTH.08"
"2610","ICHEC-EC-EARTH","REMO2015",2064,"E Midlands",1,0.0280373831775701,3,30.7689429389106,"ICHEC-EC-EARTH_REMO2015","ICHEC-EC-EARTH.08"
"2611","ICHEC-EC-EARTH","REMO2015",2065,"E Midlands",1,0.0841121495327103,4.66666666666667,31.1328452799055,"ICHEC-EC-EARTH_REMO2015","ICHEC-EC-EARTH.08"
"2612","ICHEC-EC-EARTH","REMO2015",2066,"E Midlands",1,0.0747663551401869,3.625,30.7612292627494,"ICHEC-EC-EARTH_REMO2015","ICHEC-EC-EARTH.08"
"2613","ICHEC-EC-EARTH","REMO2015",2067,"E Midlands",1,0,0,0,"ICHEC-EC-EARTH_REMO2015","ICHEC-EC-EARTH.08"
"2614","ICHEC-EC-EARTH","REMO2015",2068,"E Midlands",1,0,0,0,"ICHEC-EC-EARTH_REMO2015","ICHEC-EC-EARTH.08"
"2615","ICHEC-EC-EARTH","REMO2015",2069,"E Midlands",1,0,0,0,"ICHEC-EC-EARTH_REMO2015","ICHEC-EC-EARTH.08"
"2616","ICHEC-EC-EARTH","REMO2015",2070,"E Midlands",1,0,0,0,"ICHEC-EC-EARTH_REMO2015","ICHEC-EC-EARTH.08"
"2617","ICHEC-EC-EARTH","REMO2015",2071,"E Midlands",1,0,0,0,"ICHEC-EC-EARTH_REMO2015","ICHEC-EC-EARTH.08"
"2618","ICHEC-EC-EARTH","REMO2015",2072,"E Midlands",1,0,0,0,"ICHEC-EC-EARTH_REMO2015","ICHEC-EC-EARTH.08"
"2619","ICHEC-EC-EARTH","REMO2015",2073,"E Midlands",1,0,0,0,"ICHEC-EC-EARTH_REMO2015","ICHEC-EC-EARTH.08"
"2620","ICHEC-EC-EARTH","REMO2015",2074,"E Midlands",1,0,0,0,"ICHEC-EC-EARTH_REMO2015","ICHEC-EC-EARTH.08"
"2621","ICHEC-EC-EARTH","REMO2015",2075,"E Midlands",1,0,0,0,"ICHEC-EC-EARTH_REMO2015","ICHEC-EC-EARTH.08"
"2622","ICHEC-EC-EARTH","REMO2015",2076,"E Midlands",1,0.0841121495327103,3.88888888888889,31.6482483122084,"ICHEC-EC-EARTH_REMO2015","ICHEC-EC-EARTH.08"
"2623","ICHEC-EC-EARTH","REMO2015",2077,"E Midlands",1,0,0,0,"ICHEC-EC-EARTH_REMO2015","ICHEC-EC-EARTH.08"
"2624","ICHEC-EC-EARTH","REMO2015",2078,"E Midlands",1,1.11214953271028,3.59663865546218,31.1063877786336,"ICHEC-EC-EARTH_REMO2015","ICHEC-EC-EARTH.08"
"2625","ICHEC-EC-EARTH","REMO2015",2079,"E Midlands",1,0,0,0,"ICHEC-EC-EARTH_REMO2015","ICHEC-EC-EARTH.08"
"2626","ICHEC-EC-EARTH","REMO2015",2080,"E Midlands",1,0,0,0,"ICHEC-EC-EARTH_REMO2015","ICHEC-EC-EARTH.08"
"2627","ICHEC-EC-EARTH","WRF381P",1980,"E Midlands",1,0,0,0,"ICHEC-EC-EARTH_WRF381P","ICHEC-EC-EARTH.09"
"2628","ICHEC-EC-EARTH","WRF381P",1981,"E Midlands",1,0,0,0,"ICHEC-EC-EARTH_WRF381P","ICHEC-EC-EARTH.09"
"2629","ICHEC-EC-EARTH","WRF381P",1982,"E Midlands",1,0,0,0,"ICHEC-EC-EARTH_WRF381P","ICHEC-EC-EARTH.09"
"2630","ICHEC-EC-EARTH","WRF381P",1983,"E Midlands",1,0,0,0,"ICHEC-EC-EARTH_WRF381P","ICHEC-EC-EARTH.09"
"2631","ICHEC-EC-EARTH","WRF381P",1984,"E Midlands",1,0,0,0,"ICHEC-EC-EARTH_WRF381P","ICHEC-EC-EARTH.09"
"2632","ICHEC-EC-EARTH","WRF381P",1985,"E Midlands",1,0,0,0,"ICHEC-EC-EARTH_WRF381P","ICHEC-EC-EARTH.09"
"2633","ICHEC-EC-EARTH","WRF381P",1986,"E Midlands",1,0,0,0,"ICHEC-EC-EARTH_WRF381P","ICHEC-EC-EARTH.09"
"2634","ICHEC-EC-EARTH","WRF381P",1987,"E Midlands",1,0,0,0,"ICHEC-EC-EARTH_WRF381P","ICHEC-EC-EARTH.09"
"2635","ICHEC-EC-EARTH","WRF381P",1988,"E Midlands",1,0,0,0,"ICHEC-EC-EARTH_WRF381P","ICHEC-EC-EARTH.09"
"2636","ICHEC-EC-EARTH","WRF381P",1989,"E Midlands",1,0,0,0,"ICHEC-EC-EARTH_WRF381P","ICHEC-EC-EARTH.09"
"2637","ICHEC-EC-EARTH","WRF381P",1990,"E Midlands",1,0,0,0,"ICHEC-EC-EARTH_WRF381P","ICHEC-EC-EARTH.09"
"2638","ICHEC-EC-EARTH","WRF381P",1991,"E Midlands",1,0,0,0,"ICHEC-EC-EARTH_WRF381P","ICHEC-EC-EARTH.09"
"2639","ICHEC-EC-EARTH","WRF381P",1992,"E Midlands",1,0,0,0,"ICHEC-EC-EARTH_WRF381P","ICHEC-EC-EARTH.09"
"2640","ICHEC-EC-EARTH","WRF381P",1993,"E Midlands",1,0,0,0,"ICHEC-EC-EARTH_WRF381P","ICHEC-EC-EARTH.09"
"2641","ICHEC-EC-EARTH","WRF381P",1994,"E Midlands",1,0,0,0,"ICHEC-EC-EARTH_WRF381P","ICHEC-EC-EARTH.09"
"2642","ICHEC-EC-EARTH","WRF381P",1995,"E Midlands",1,0,0,0,"ICHEC-EC-EARTH_WRF381P","ICHEC-EC-EARTH.09"
"2643","ICHEC-EC-EARTH","WRF381P",1996,"E Midlands",1,0,0,0,"ICHEC-EC-EARTH_WRF381P","ICHEC-EC-EARTH.09"
"2644","ICHEC-EC-EARTH","WRF381P",1997,"E Midlands",1,0,0,0,"ICHEC-EC-EARTH_WRF381P","ICHEC-EC-EARTH.09"
"2645","ICHEC-EC-EARTH","WRF381P",1998,"E Midlands",1,0,0,0,"ICHEC-EC-EARTH_WRF381P","ICHEC-EC-EARTH.09"
"2646","ICHEC-EC-EARTH","WRF381P",1999,"E Midlands",1,0,0,0,"ICHEC-EC-EARTH_WRF381P","ICHEC-EC-EARTH.09"
"2647","ICHEC-EC-EARTH","WRF381P",2000,"E Midlands",1,0,0,0,"ICHEC-EC-EARTH_WRF381P","ICHEC-EC-EARTH.09"
"2648","ICHEC-EC-EARTH","WRF381P",2001,"E Midlands",1,0,0,0,"ICHEC-EC-EARTH_WRF381P","ICHEC-EC-EARTH.09"
"2649","ICHEC-EC-EARTH","WRF381P",2002,"E Midlands",1,0,0,0,"ICHEC-EC-EARTH_WRF381P","ICHEC-EC-EARTH.09"
"2650","ICHEC-EC-EARTH","WRF381P",2003,"E Midlands",1,0,0,0,"ICHEC-EC-EARTH_WRF381P","ICHEC-EC-EARTH.09"
"2651","ICHEC-EC-EARTH","WRF381P",2004,"E Midlands",1,0,0,0,"ICHEC-EC-EARTH_WRF381P","ICHEC-EC-EARTH.09"
"2652","ICHEC-EC-EARTH","WRF381P",2005,"E Midlands",1,0,0,0,"ICHEC-EC-EARTH_WRF381P","ICHEC-EC-EARTH.09"
"2653","ICHEC-EC-EARTH","WRF381P",2006,"E Midlands",1,0,0,0,"ICHEC-EC-EARTH_WRF381P","ICHEC-EC-EARTH.09"
"2654","ICHEC-EC-EARTH","WRF381P",2007,"E Midlands",1,0,0,0,"ICHEC-EC-EARTH_WRF381P","ICHEC-EC-EARTH.09"
"2655","ICHEC-EC-EARTH","WRF381P",2008,"E Midlands",1,0,0,0,"ICHEC-EC-EARTH_WRF381P","ICHEC-EC-EARTH.09"
"2656","ICHEC-EC-EARTH","WRF381P",2009,"E Midlands",1,0,0,0,"ICHEC-EC-EARTH_WRF381P","ICHEC-EC-EARTH.09"
"2657","ICHEC-EC-EARTH","WRF381P",2010,"E Midlands",1,0,0,0,"ICHEC-EC-EARTH_WRF381P","ICHEC-EC-EARTH.09"
"2658","ICHEC-EC-EARTH","WRF381P",2011,"E Midlands",1,0,0,0,"ICHEC-EC-EARTH_WRF381P","ICHEC-EC-EARTH.09"
"2659","ICHEC-EC-EARTH","WRF381P",2012,"E Midlands",1,0,0,0,"ICHEC-EC-EARTH_WRF381P","ICHEC-EC-EARTH.09"
"2660","ICHEC-EC-EARTH","WRF381P",2013,"E Midlands",1,0,0,0,"ICHEC-EC-EARTH_WRF381P","ICHEC-EC-EARTH.09"
"2661","ICHEC-EC-EARTH","WRF381P",2014,"E Midlands",1,0,0,0,"ICHEC-EC-EARTH_WRF381P","ICHEC-EC-EARTH.09"
"2662","ICHEC-EC-EARTH","WRF381P",2015,"E Midlands",1,0.598130841121495,3,35.5718815922737,"ICHEC-EC-EARTH_WRF381P","ICHEC-EC-EARTH.09"
"2663","ICHEC-EC-EARTH","WRF381P",2016,"E Midlands",1,0,0,0,"ICHEC-EC-EARTH_WRF381P","ICHEC-EC-EARTH.09"
"2664","ICHEC-EC-EARTH","WRF381P",2017,"E Midlands",1,0,0,0,"ICHEC-EC-EARTH_WRF381P","ICHEC-EC-EARTH.09"
"2665","ICHEC-EC-EARTH","WRF381P",2018,"E Midlands",1,0.757009345794392,3.23456790123457,34.5152872903847,"ICHEC-EC-EARTH_WRF381P","ICHEC-EC-EARTH.09"
"2666","ICHEC-EC-EARTH","WRF381P",2019,"E Midlands",1,0,0,0,"ICHEC-EC-EARTH_WRF381P","ICHEC-EC-EARTH.09"
"2667","ICHEC-EC-EARTH","WRF381P",2020,"E Midlands",1,0,0,0,"ICHEC-EC-EARTH_WRF381P","ICHEC-EC-EARTH.09"
"2668","ICHEC-EC-EARTH","WRF381P",2021,"E Midlands",1,0,0,0,"ICHEC-EC-EARTH_WRF381P","ICHEC-EC-EARTH.09"
"2669","ICHEC-EC-EARTH","WRF381P",2022,"E Midlands",1,0,0,0,"ICHEC-EC-EARTH_WRF381P","ICHEC-EC-EARTH.09"
"2670","ICHEC-EC-EARTH","WRF381P",2023,"E Midlands",1,0,0,0,"ICHEC-EC-EARTH_WRF381P","ICHEC-EC-EARTH.09"
"2671","ICHEC-EC-EARTH","WRF381P",2024,"E Midlands",1,0,0,0,"ICHEC-EC-EARTH_WRF381P","ICHEC-EC-EARTH.09"
"2672","ICHEC-EC-EARTH","WRF381P",2025,"E Midlands",1,0,0,0,"ICHEC-EC-EARTH_WRF381P","ICHEC-EC-EARTH.09"
"2673","ICHEC-EC-EARTH","WRF381P",2026,"E Midlands",1,0,0,0,"ICHEC-EC-EARTH_WRF381P","ICHEC-EC-EARTH.09"
"2674","ICHEC-EC-EARTH","WRF381P",2027,"E Midlands",1,0,0,0,"ICHEC-EC-EARTH_WRF381P","ICHEC-EC-EARTH.09"
"2675","ICHEC-EC-EARTH","WRF381P",2028,"E Midlands",1,0,0,0,"ICHEC-EC-EARTH_WRF381P","ICHEC-EC-EARTH.09"
"2676","ICHEC-EC-EARTH","WRF381P",2029,"E Midlands",1,0,0,0,"ICHEC-EC-EARTH_WRF381P","ICHEC-EC-EARTH.09"
"2677","ICHEC-EC-EARTH","WRF381P",2030,"E Midlands",1,0,0,0,"ICHEC-EC-EARTH_WRF381P","ICHEC-EC-EARTH.09"
"2678","ICHEC-EC-EARTH","WRF381P",2031,"E Midlands",1,0,0,0,"ICHEC-EC-EARTH_WRF381P","ICHEC-EC-EARTH.09"
"2679","ICHEC-EC-EARTH","WRF381P",2032,"E Midlands",1,0,0,0,"ICHEC-EC-EARTH_WRF381P","ICHEC-EC-EARTH.09"
"2680","ICHEC-EC-EARTH","WRF381P",2033,"E Midlands",1,0,0,0,"ICHEC-EC-EARTH_WRF381P","ICHEC-EC-EARTH.09"
"2681","ICHEC-EC-EARTH","WRF381P",2034,"E Midlands",1,0,0,0,"ICHEC-EC-EARTH_WRF381P","ICHEC-EC-EARTH.09"
"2682","ICHEC-EC-EARTH","WRF381P",2035,"E Midlands",1,0,0,0,"ICHEC-EC-EARTH_WRF381P","ICHEC-EC-EARTH.09"
"2683","ICHEC-EC-EARTH","WRF381P",2036,"E Midlands",1,0,0,0,"ICHEC-EC-EARTH_WRF381P","ICHEC-EC-EARTH.09"
"2684","ICHEC-EC-EARTH","WRF381P",2037,"E Midlands",1,0,0,0,"ICHEC-EC-EARTH_WRF381P","ICHEC-EC-EARTH.09"
"2685","ICHEC-EC-EARTH","WRF381P",2038,"E Midlands",1,0.551401869158878,3.93220338983051,32.5617601696381,"ICHEC-EC-EARTH_WRF381P","ICHEC-EC-EARTH.09"
"2686","ICHEC-EC-EARTH","WRF381P",2039,"E Midlands",1,0,0,0,"ICHEC-EC-EARTH_WRF381P","ICHEC-EC-EARTH.09"
"2687","ICHEC-EC-EARTH","WRF381P",2040,"E Midlands",1,0,0,0,"ICHEC-EC-EARTH_WRF381P","ICHEC-EC-EARTH.09"
"2688","ICHEC-EC-EARTH","WRF381P",2041,"E Midlands",1,0.570093457943925,3.72131147540984,31.3334676661778,"ICHEC-EC-EARTH_WRF381P","ICHEC-EC-EARTH.09"
"2689","ICHEC-EC-EARTH","WRF381P",2042,"E Midlands",1,0,0,0,"ICHEC-EC-EARTH_WRF381P","ICHEC-EC-EARTH.09"
"2690","ICHEC-EC-EARTH","WRF381P",2043,"E Midlands",1,0,0,0,"ICHEC-EC-EARTH_WRF381P","ICHEC-EC-EARTH.09"
"2691","ICHEC-EC-EARTH","WRF381P",2044,"E Midlands",1,0,0,0,"ICHEC-EC-EARTH_WRF381P","ICHEC-EC-EARTH.09"
"2692","ICHEC-EC-EARTH","WRF381P",2045,"E Midlands",1,0,0,0,"ICHEC-EC-EARTH_WRF381P","ICHEC-EC-EARTH.09"
"2693","ICHEC-EC-EARTH","WRF381P",2046,"E Midlands",1,0.168224299065421,3,34.4557774861654,"ICHEC-EC-EARTH_WRF381P","ICHEC-EC-EARTH.09"
"2694","ICHEC-EC-EARTH","WRF381P",2047,"E Midlands",1,0,0,0,"ICHEC-EC-EARTH_WRF381P","ICHEC-EC-EARTH.09"
"2695","ICHEC-EC-EARTH","WRF381P",2048,"E Midlands",1,0,0,0,"ICHEC-EC-EARTH_WRF381P","ICHEC-EC-EARTH.09"
"2696","ICHEC-EC-EARTH","WRF381P",2049,"E Midlands",1,0,0,0,"ICHEC-EC-EARTH_WRF381P","ICHEC-EC-EARTH.09"
"2697","ICHEC-EC-EARTH","WRF381P",2050,"E Midlands",1,0,0,0,"ICHEC-EC-EARTH_WRF381P","ICHEC-EC-EARTH.09"
"2698","ICHEC-EC-EARTH","WRF381P",2051,"E Midlands",1,0,0,0,"ICHEC-EC-EARTH_WRF381P","ICHEC-EC-EARTH.09"
"2699","ICHEC-EC-EARTH","WRF381P",2052,"E Midlands",1,1.31775700934579,3.54609929078014,32.6790241585274,"ICHEC-EC-EARTH_WRF381P","ICHEC-EC-EARTH.09"
"2700","ICHEC-EC-EARTH","WRF381P",2053,"E Midlands",1,0,0,0,"ICHEC-EC-EARTH_WRF381P","ICHEC-EC-EARTH.09"
"2701","ICHEC-EC-EARTH","WRF381P",2054,"E Midlands",1,0,0,0,"ICHEC-EC-EARTH_WRF381P","ICHEC-EC-EARTH.09"
"2702","ICHEC-EC-EARTH","WRF381P",2055,"E Midlands",1,0,0,0,"ICHEC-EC-EARTH_WRF381P","ICHEC-EC-EARTH.09"
"2703","ICHEC-EC-EARTH","WRF381P",2056,"E Midlands",1,0.401869158878505,3.3953488372093,33.1521421347478,"ICHEC-EC-EARTH_WRF381P","ICHEC-EC-EARTH.09"
"2704","ICHEC-EC-EARTH","WRF381P",2057,"E Midlands",1,0,0,0,"ICHEC-EC-EARTH_WRF381P","ICHEC-EC-EARTH.09"
"2705","ICHEC-EC-EARTH","WRF381P",2058,"E Midlands",1,1.06542056074766,3.5,33.5378325604556,"ICHEC-EC-EARTH_WRF381P","ICHEC-EC-EARTH.09"
"2706","ICHEC-EC-EARTH","WRF381P",2059,"E Midlands",1,0,0,0,"ICHEC-EC-EARTH_WRF381P","ICHEC-EC-EARTH.09"
"2707","ICHEC-EC-EARTH","WRF381P",2060,"E Midlands",1,0.14018691588785,3,31.6166763941447,"ICHEC-EC-EARTH_WRF381P","ICHEC-EC-EARTH.09"
"2708","ICHEC-EC-EARTH","WRF381P",2061,"E Midlands",1,0.00934579439252336,3,32.3853890101115,"ICHEC-EC-EARTH_WRF381P","ICHEC-EC-EARTH.09"
"2709","ICHEC-EC-EARTH","WRF381P",2062,"E Midlands",1,0,0,0,"ICHEC-EC-EARTH_WRF381P","ICHEC-EC-EARTH.09"
"2710","ICHEC-EC-EARTH","WRF381P",2063,"E Midlands",1,0,0,0,"ICHEC-EC-EARTH_WRF381P","ICHEC-EC-EARTH.09"
"2711","ICHEC-EC-EARTH","WRF381P",2064,"E Midlands",1,0.364485981308411,3.1025641025641,33.0174820871435,"ICHEC-EC-EARTH_WRF381P","ICHEC-EC-EARTH.09"
"2712","ICHEC-EC-EARTH","WRF381P",2065,"E Midlands",1,0,0,0,"ICHEC-EC-EARTH_WRF381P","ICHEC-EC-EARTH.09"
"2713","ICHEC-EC-EARTH","WRF381P",2066,"E Midlands",1,0,0,0,"ICHEC-EC-EARTH_WRF381P","ICHEC-EC-EARTH.09"
"2714","ICHEC-EC-EARTH","WRF381P",2067,"E Midlands",1,0,0,0,"ICHEC-EC-EARTH_WRF381P","ICHEC-EC-EARTH.09"
"2715","ICHEC-EC-EARTH","WRF381P",2068,"E Midlands",1,0,0,0,"ICHEC-EC-EARTH_WRF381P","ICHEC-EC-EARTH.09"
"2716","ICHEC-EC-EARTH","WRF381P",2069,"E Midlands",1,0,0,0,"ICHEC-EC-EARTH_WRF381P","ICHEC-EC-EARTH.09"
"2717","ICHEC-EC-EARTH","WRF381P",2070,"E Midlands",1,1.33644859813084,4.46153846153846,33.6317206937394,"ICHEC-EC-EARTH_WRF381P","ICHEC-EC-EARTH.09"
"2718","ICHEC-EC-EARTH","WRF381P",2071,"E Midlands",1,0.542056074766355,3.05172413793103,32.3101860627361,"ICHEC-EC-EARTH_WRF381P","ICHEC-EC-EARTH.09"
"2719","ICHEC-EC-EARTH","WRF381P",2072,"E Midlands",1,0.0654205607476635,3.14285714285714,31.2194203762781,"ICHEC-EC-EARTH_WRF381P","ICHEC-EC-EARTH.09"
"2720","ICHEC-EC-EARTH","WRF381P",2073,"E Midlands",1,0,0,0,"ICHEC-EC-EARTH_WRF381P","ICHEC-EC-EARTH.09"
"2721","ICHEC-EC-EARTH","WRF381P",2074,"E Midlands",1,0,0,0,"ICHEC-EC-EARTH_WRF381P","ICHEC-EC-EARTH.09"
"2722","ICHEC-EC-EARTH","WRF381P",2075,"E Midlands",1,0,0,0,"ICHEC-EC-EARTH_WRF381P","ICHEC-EC-EARTH.09"
"2723","ICHEC-EC-EARTH","WRF381P",2076,"E Midlands",1,0,0,0,"ICHEC-EC-EARTH_WRF381P","ICHEC-EC-EARTH.09"
"2724","ICHEC-EC-EARTH","WRF381P",2077,"E Midlands",1,0,0,0,"ICHEC-EC-EARTH_WRF381P","ICHEC-EC-EARTH.09"
"2725","ICHEC-EC-EARTH","WRF381P",2078,"E Midlands",1,1.50467289719626,3.96273291925466,35.5076857870904,"ICHEC-EC-EARTH_WRF381P","ICHEC-EC-EARTH.09"
"2726","ICHEC-EC-EARTH","WRF381P",2079,"E Midlands",1,1.35514018691589,3.04137931034483,35.7248451123292,"ICHEC-EC-EARTH_WRF381P","ICHEC-EC-EARTH.09"
"2727","ICHEC-EC-EARTH","WRF381P",2080,"E Midlands",1,0,0,0,"ICHEC-EC-EARTH_WRF381P","ICHEC-EC-EARTH.09"
"2728","IPSL-IPSL-CM5A-MR","HIRHAM5",1980,"E Midlands",1,0,0,0,"IPSL-IPSL-CM5A-MR_HIRHAM5","IPSL-IPSL-CM5A-MR.01"
"2729","IPSL-IPSL-CM5A-MR","HIRHAM5",1981,"E Midlands",1,0,0,0,"IPSL-IPSL-CM5A-MR_HIRHAM5","IPSL-IPSL-CM5A-MR.01"
"2730","IPSL-IPSL-CM5A-MR","HIRHAM5",1982,"E Midlands",1,0,0,0,"IPSL-IPSL-CM5A-MR_HIRHAM5","IPSL-IPSL-CM5A-MR.01"
"2731","IPSL-IPSL-CM5A-MR","HIRHAM5",1983,"E Midlands",1,0,0,0,"IPSL-IPSL-CM5A-MR_HIRHAM5","IPSL-IPSL-CM5A-MR.01"
"2732","IPSL-IPSL-CM5A-MR","HIRHAM5",1984,"E Midlands",1,0,0,0,"IPSL-IPSL-CM5A-MR_HIRHAM5","IPSL-IPSL-CM5A-MR.01"
"2733","IPSL-IPSL-CM5A-MR","HIRHAM5",1985,"E Midlands",1,0,0,0,"IPSL-IPSL-CM5A-MR_HIRHAM5","IPSL-IPSL-CM5A-MR.01"
"2734","IPSL-IPSL-CM5A-MR","HIRHAM5",1986,"E Midlands",1,0,0,0,"IPSL-IPSL-CM5A-MR_HIRHAM5","IPSL-IPSL-CM5A-MR.01"
"2735","IPSL-IPSL-CM5A-MR","HIRHAM5",1987,"E Midlands",1,0,0,0,"IPSL-IPSL-CM5A-MR_HIRHAM5","IPSL-IPSL-CM5A-MR.01"
"2736","IPSL-IPSL-CM5A-MR","HIRHAM5",1988,"E Midlands",1,0,0,0,"IPSL-IPSL-CM5A-MR_HIRHAM5","IPSL-IPSL-CM5A-MR.01"
"2737","IPSL-IPSL-CM5A-MR","HIRHAM5",1989,"E Midlands",1,0,0,0,"IPSL-IPSL-CM5A-MR_HIRHAM5","IPSL-IPSL-CM5A-MR.01"
"2738","IPSL-IPSL-CM5A-MR","HIRHAM5",1990,"E Midlands",1,0,0,0,"IPSL-IPSL-CM5A-MR_HIRHAM5","IPSL-IPSL-CM5A-MR.01"
"2739","IPSL-IPSL-CM5A-MR","HIRHAM5",1991,"E Midlands",1,0,0,0,"IPSL-IPSL-CM5A-MR_HIRHAM5","IPSL-IPSL-CM5A-MR.01"
"2740","IPSL-IPSL-CM5A-MR","HIRHAM5",1992,"E Midlands",1,0,0,0,"IPSL-IPSL-CM5A-MR_HIRHAM5","IPSL-IPSL-CM5A-MR.01"
"2741","IPSL-IPSL-CM5A-MR","HIRHAM5",1993,"E Midlands",1,0,0,0,"IPSL-IPSL-CM5A-MR_HIRHAM5","IPSL-IPSL-CM5A-MR.01"
"2742","IPSL-IPSL-CM5A-MR","HIRHAM5",1994,"E Midlands",1,0,0,0,"IPSL-IPSL-CM5A-MR_HIRHAM5","IPSL-IPSL-CM5A-MR.01"
"2743","IPSL-IPSL-CM5A-MR","HIRHAM5",1995,"E Midlands",1,0,0,0,"IPSL-IPSL-CM5A-MR_HIRHAM5","IPSL-IPSL-CM5A-MR.01"
"2744","IPSL-IPSL-CM5A-MR","HIRHAM5",1996,"E Midlands",1,0,0,0,"IPSL-IPSL-CM5A-MR_HIRHAM5","IPSL-IPSL-CM5A-MR.01"
"2745","IPSL-IPSL-CM5A-MR","HIRHAM5",1997,"E Midlands",1,0,0,0,"IPSL-IPSL-CM5A-MR_HIRHAM5","IPSL-IPSL-CM5A-MR.01"
"2746","IPSL-IPSL-CM5A-MR","HIRHAM5",1998,"E Midlands",1,0,0,0,"IPSL-IPSL-CM5A-MR_HIRHAM5","IPSL-IPSL-CM5A-MR.01"
"2747","IPSL-IPSL-CM5A-MR","HIRHAM5",1999,"E Midlands",1,0,0,0,"IPSL-IPSL-CM5A-MR_HIRHAM5","IPSL-IPSL-CM5A-MR.01"
"2748","IPSL-IPSL-CM5A-MR","HIRHAM5",2000,"E Midlands",1,0,0,0,"IPSL-IPSL-CM5A-MR_HIRHAM5","IPSL-IPSL-CM5A-MR.01"
"2749","IPSL-IPSL-CM5A-MR","HIRHAM5",2001,"E Midlands",1,0,0,0,"IPSL-IPSL-CM5A-MR_HIRHAM5","IPSL-IPSL-CM5A-MR.01"
"2750","IPSL-IPSL-CM5A-MR","HIRHAM5",2002,"E Midlands",1,0,0,0,"IPSL-IPSL-CM5A-MR_HIRHAM5","IPSL-IPSL-CM5A-MR.01"
"2751","IPSL-IPSL-CM5A-MR","HIRHAM5",2003,"E Midlands",1,0,0,0,"IPSL-IPSL-CM5A-MR_HIRHAM5","IPSL-IPSL-CM5A-MR.01"
"2752","IPSL-IPSL-CM5A-MR","HIRHAM5",2004,"E Midlands",1,0,0,0,"IPSL-IPSL-CM5A-MR_HIRHAM5","IPSL-IPSL-CM5A-MR.01"
"2753","IPSL-IPSL-CM5A-MR","HIRHAM5",2005,"E Midlands",1,0,0,0,"IPSL-IPSL-CM5A-MR_HIRHAM5","IPSL-IPSL-CM5A-MR.01"
"2754","IPSL-IPSL-CM5A-MR","HIRHAM5",2006,"E Midlands",1,0,0,0,"IPSL-IPSL-CM5A-MR_HIRHAM5","IPSL-IPSL-CM5A-MR.01"
"2755","IPSL-IPSL-CM5A-MR","HIRHAM5",2007,"E Midlands",1,0,0,0,"IPSL-IPSL-CM5A-MR_HIRHAM5","IPSL-IPSL-CM5A-MR.01"
"2756","IPSL-IPSL-CM5A-MR","HIRHAM5",2008,"E Midlands",1,0.0560747663551402,3,31.2022858725654,"IPSL-IPSL-CM5A-MR_HIRHAM5","IPSL-IPSL-CM5A-MR.01"
"2757","IPSL-IPSL-CM5A-MR","HIRHAM5",2009,"E Midlands",1,0,0,0,"IPSL-IPSL-CM5A-MR_HIRHAM5","IPSL-IPSL-CM5A-MR.01"
"2758","IPSL-IPSL-CM5A-MR","HIRHAM5",2010,"E Midlands",1,0,0,0,"IPSL-IPSL-CM5A-MR_HIRHAM5","IPSL-IPSL-CM5A-MR.01"
"2759","IPSL-IPSL-CM5A-MR","HIRHAM5",2011,"E Midlands",1,0,0,0,"IPSL-IPSL-CM5A-MR_HIRHAM5","IPSL-IPSL-CM5A-MR.01"
"2760","IPSL-IPSL-CM5A-MR","HIRHAM5",2012,"E Midlands",1,0,0,0,"IPSL-IPSL-CM5A-MR_HIRHAM5","IPSL-IPSL-CM5A-MR.01"
"2761","IPSL-IPSL-CM5A-MR","HIRHAM5",2013,"E Midlands",1,0,0,0,"IPSL-IPSL-CM5A-MR_HIRHAM5","IPSL-IPSL-CM5A-MR.01"
"2762","IPSL-IPSL-CM5A-MR","HIRHAM5",2014,"E Midlands",1,0,0,0,"IPSL-IPSL-CM5A-MR_HIRHAM5","IPSL-IPSL-CM5A-MR.01"
"2763","IPSL-IPSL-CM5A-MR","HIRHAM5",2015,"E Midlands",1,0,0,0,"IPSL-IPSL-CM5A-MR_HIRHAM5","IPSL-IPSL-CM5A-MR.01"
"2764","IPSL-IPSL-CM5A-MR","HIRHAM5",2016,"E Midlands",1,0,0,0,"IPSL-IPSL-CM5A-MR_HIRHAM5","IPSL-IPSL-CM5A-MR.01"
"2765","IPSL-IPSL-CM5A-MR","HIRHAM5",2017,"E Midlands",1,0,0,0,"IPSL-IPSL-CM5A-MR_HIRHAM5","IPSL-IPSL-CM5A-MR.01"
"2766","IPSL-IPSL-CM5A-MR","HIRHAM5",2018,"E Midlands",1,0,0,0,"IPSL-IPSL-CM5A-MR_HIRHAM5","IPSL-IPSL-CM5A-MR.01"
"2767","IPSL-IPSL-CM5A-MR","HIRHAM5",2019,"E Midlands",1,0,0,0,"IPSL-IPSL-CM5A-MR_HIRHAM5","IPSL-IPSL-CM5A-MR.01"
"2768","IPSL-IPSL-CM5A-MR","HIRHAM5",2020,"E Midlands",1,0,0,0,"IPSL-IPSL-CM5A-MR_HIRHAM5","IPSL-IPSL-CM5A-MR.01"
"2769","IPSL-IPSL-CM5A-MR","HIRHAM5",2021,"E Midlands",1,0,0,0,"IPSL-IPSL-CM5A-MR_HIRHAM5","IPSL-IPSL-CM5A-MR.01"
"2770","IPSL-IPSL-CM5A-MR","HIRHAM5",2022,"E Midlands",1,0,0,0,"IPSL-IPSL-CM5A-MR_HIRHAM5","IPSL-IPSL-CM5A-MR.01"
"2771","IPSL-IPSL-CM5A-MR","HIRHAM5",2023,"E Midlands",1,0,0,0,"IPSL-IPSL-CM5A-MR_HIRHAM5","IPSL-IPSL-CM5A-MR.01"
"2772","IPSL-IPSL-CM5A-MR","HIRHAM5",2024,"E Midlands",1,0,0,0,"IPSL-IPSL-CM5A-MR_HIRHAM5","IPSL-IPSL-CM5A-MR.01"
"2773","IPSL-IPSL-CM5A-MR","HIRHAM5",2025,"E Midlands",1,0,0,0,"IPSL-IPSL-CM5A-MR_HIRHAM5","IPSL-IPSL-CM5A-MR.01"
"2774","IPSL-IPSL-CM5A-MR","HIRHAM5",2026,"E Midlands",1,0,0,0,"IPSL-IPSL-CM5A-MR_HIRHAM5","IPSL-IPSL-CM5A-MR.01"
"2775","IPSL-IPSL-CM5A-MR","HIRHAM5",2027,"E Midlands",1,0,0,0,"IPSL-IPSL-CM5A-MR_HIRHAM5","IPSL-IPSL-CM5A-MR.01"
"2776","IPSL-IPSL-CM5A-MR","HIRHAM5",2028,"E Midlands",1,0,0,0,"IPSL-IPSL-CM5A-MR_HIRHAM5","IPSL-IPSL-CM5A-MR.01"
"2777","IPSL-IPSL-CM5A-MR","HIRHAM5",2029,"E Midlands",1,0,0,0,"IPSL-IPSL-CM5A-MR_HIRHAM5","IPSL-IPSL-CM5A-MR.01"
"2778","IPSL-IPSL-CM5A-MR","HIRHAM5",2030,"E Midlands",1,0,0,0,"IPSL-IPSL-CM5A-MR_HIRHAM5","IPSL-IPSL-CM5A-MR.01"
"2779","IPSL-IPSL-CM5A-MR","HIRHAM5",2031,"E Midlands",1,0,0,0,"IPSL-IPSL-CM5A-MR_HIRHAM5","IPSL-IPSL-CM5A-MR.01"
"2780","IPSL-IPSL-CM5A-MR","HIRHAM5",2032,"E Midlands",1,0,0,0,"IPSL-IPSL-CM5A-MR_HIRHAM5","IPSL-IPSL-CM5A-MR.01"
"2781","IPSL-IPSL-CM5A-MR","HIRHAM5",2033,"E Midlands",1,0,0,0,"IPSL-IPSL-CM5A-MR_HIRHAM5","IPSL-IPSL-CM5A-MR.01"
"2782","IPSL-IPSL-CM5A-MR","HIRHAM5",2034,"E Midlands",1,0,0,0,"IPSL-IPSL-CM5A-MR_HIRHAM5","IPSL-IPSL-CM5A-MR.01"
"2783","IPSL-IPSL-CM5A-MR","HIRHAM5",2035,"E Midlands",1,0,0,0,"IPSL-IPSL-CM5A-MR_HIRHAM5","IPSL-IPSL-CM5A-MR.01"
"2784","IPSL-IPSL-CM5A-MR","HIRHAM5",2036,"E Midlands",1,0,0,0,"IPSL-IPSL-CM5A-MR_HIRHAM5","IPSL-IPSL-CM5A-MR.01"
"2785","IPSL-IPSL-CM5A-MR","HIRHAM5",2037,"E Midlands",1,0,0,0,"IPSL-IPSL-CM5A-MR_HIRHAM5","IPSL-IPSL-CM5A-MR.01"
"2786","IPSL-IPSL-CM5A-MR","HIRHAM5",2038,"E Midlands",1,0,0,0,"IPSL-IPSL-CM5A-MR_HIRHAM5","IPSL-IPSL-CM5A-MR.01"
"2787","IPSL-IPSL-CM5A-MR","HIRHAM5",2039,"E Midlands",1,0,0,0,"IPSL-IPSL-CM5A-MR_HIRHAM5","IPSL-IPSL-CM5A-MR.01"
"2788","IPSL-IPSL-CM5A-MR","HIRHAM5",2040,"E Midlands",1,0,0,0,"IPSL-IPSL-CM5A-MR_HIRHAM5","IPSL-IPSL-CM5A-MR.01"
"2789","IPSL-IPSL-CM5A-MR","HIRHAM5",2041,"E Midlands",1,0,0,0,"IPSL-IPSL-CM5A-MR_HIRHAM5","IPSL-IPSL-CM5A-MR.01"
"2790","IPSL-IPSL-CM5A-MR","HIRHAM5",2042,"E Midlands",1,0,0,0,"IPSL-IPSL-CM5A-MR_HIRHAM5","IPSL-IPSL-CM5A-MR.01"
"2791","IPSL-IPSL-CM5A-MR","HIRHAM5",2043,"E Midlands",1,0,0,0,"IPSL-IPSL-CM5A-MR_HIRHAM5","IPSL-IPSL-CM5A-MR.01"
"2792","IPSL-IPSL-CM5A-MR","HIRHAM5",2044,"E Midlands",1,0,0,0,"IPSL-IPSL-CM5A-MR_HIRHAM5","IPSL-IPSL-CM5A-MR.01"
"2793","IPSL-IPSL-CM5A-MR","HIRHAM5",2045,"E Midlands",1,0,0,0,"IPSL-IPSL-CM5A-MR_HIRHAM5","IPSL-IPSL-CM5A-MR.01"
"2794","IPSL-IPSL-CM5A-MR","HIRHAM5",2046,"E Midlands",1,0,0,0,"IPSL-IPSL-CM5A-MR_HIRHAM5","IPSL-IPSL-CM5A-MR.01"
"2795","IPSL-IPSL-CM5A-MR","HIRHAM5",2047,"E Midlands",1,0,0,0,"IPSL-IPSL-CM5A-MR_HIRHAM5","IPSL-IPSL-CM5A-MR.01"
"2796","IPSL-IPSL-CM5A-MR","HIRHAM5",2048,"E Midlands",1,0,0,0,"IPSL-IPSL-CM5A-MR_HIRHAM5","IPSL-IPSL-CM5A-MR.01"
"2797","IPSL-IPSL-CM5A-MR","HIRHAM5",2049,"E Midlands",1,0,0,0,"IPSL-IPSL-CM5A-MR_HIRHAM5","IPSL-IPSL-CM5A-MR.01"
"2798","IPSL-IPSL-CM5A-MR","HIRHAM5",2050,"E Midlands",1,0,0,0,"IPSL-IPSL-CM5A-MR_HIRHAM5","IPSL-IPSL-CM5A-MR.01"
"2799","IPSL-IPSL-CM5A-MR","HIRHAM5",2051,"E Midlands",1,0.551401869158878,3.03389830508475,31.3854888563102,"IPSL-IPSL-CM5A-MR_HIRHAM5","IPSL-IPSL-CM5A-MR.01"
"2800","IPSL-IPSL-CM5A-MR","HIRHAM5",2052,"E Midlands",1,0,0,0,"IPSL-IPSL-CM5A-MR_HIRHAM5","IPSL-IPSL-CM5A-MR.01"
"2801","IPSL-IPSL-CM5A-MR","HIRHAM5",2053,"E Midlands",1,0,0,0,"IPSL-IPSL-CM5A-MR_HIRHAM5","IPSL-IPSL-CM5A-MR.01"
"2802","IPSL-IPSL-CM5A-MR","HIRHAM5",2054,"E Midlands",1,0,0,0,"IPSL-IPSL-CM5A-MR_HIRHAM5","IPSL-IPSL-CM5A-MR.01"
"2803","IPSL-IPSL-CM5A-MR","HIRHAM5",2055,"E Midlands",1,0.803738317757009,4.94186046511628,32.5005361714104,"IPSL-IPSL-CM5A-MR_HIRHAM5","IPSL-IPSL-CM5A-MR.01"
"2804","IPSL-IPSL-CM5A-MR","HIRHAM5",2056,"E Midlands",1,0,0,0,"IPSL-IPSL-CM5A-MR_HIRHAM5","IPSL-IPSL-CM5A-MR.01"
"2805","IPSL-IPSL-CM5A-MR","HIRHAM5",2057,"E Midlands",1,0,0,0,"IPSL-IPSL-CM5A-MR_HIRHAM5","IPSL-IPSL-CM5A-MR.01"
"2806","IPSL-IPSL-CM5A-MR","HIRHAM5",2058,"E Midlands",1,0,0,0,"IPSL-IPSL-CM5A-MR_HIRHAM5","IPSL-IPSL-CM5A-MR.01"
"2807","IPSL-IPSL-CM5A-MR","HIRHAM5",2059,"E Midlands",1,0,0,0,"IPSL-IPSL-CM5A-MR_HIRHAM5","IPSL-IPSL-CM5A-MR.01"
"2808","IPSL-IPSL-CM5A-MR","HIRHAM5",2060,"E Midlands",1,0,0,0,"IPSL-IPSL-CM5A-MR_HIRHAM5","IPSL-IPSL-CM5A-MR.01"
"2809","IPSL-IPSL-CM5A-MR","HIRHAM5",2061,"E Midlands",1,0,0,0,"IPSL-IPSL-CM5A-MR_HIRHAM5","IPSL-IPSL-CM5A-MR.01"
"2810","IPSL-IPSL-CM5A-MR","HIRHAM5",2062,"E Midlands",1,0,0,0,"IPSL-IPSL-CM5A-MR_HIRHAM5","IPSL-IPSL-CM5A-MR.01"
"2811","IPSL-IPSL-CM5A-MR","HIRHAM5",2063,"E Midlands",1,0,0,0,"IPSL-IPSL-CM5A-MR_HIRHAM5","IPSL-IPSL-CM5A-MR.01"
"2812","IPSL-IPSL-CM5A-MR","HIRHAM5",2064,"E Midlands",1,0,0,0,"IPSL-IPSL-CM5A-MR_HIRHAM5","IPSL-IPSL-CM5A-MR.01"
"2813","IPSL-IPSL-CM5A-MR","HIRHAM5",2065,"E Midlands",1,0,0,0,"IPSL-IPSL-CM5A-MR_HIRHAM5","IPSL-IPSL-CM5A-MR.01"
"2814","IPSL-IPSL-CM5A-MR","HIRHAM5",2066,"E Midlands",1,0,0,0,"IPSL-IPSL-CM5A-MR_HIRHAM5","IPSL-IPSL-CM5A-MR.01"
"2815","IPSL-IPSL-CM5A-MR","HIRHAM5",2067,"E Midlands",1,0,0,0,"IPSL-IPSL-CM5A-MR_HIRHAM5","IPSL-IPSL-CM5A-MR.01"
"2816","IPSL-IPSL-CM5A-MR","HIRHAM5",2068,"E Midlands",1,0,0,0,"IPSL-IPSL-CM5A-MR_HIRHAM5","IPSL-IPSL-CM5A-MR.01"
"2817","IPSL-IPSL-CM5A-MR","HIRHAM5",2069,"E Midlands",1,0,0,0,"IPSL-IPSL-CM5A-MR_HIRHAM5","IPSL-IPSL-CM5A-MR.01"
"2818","IPSL-IPSL-CM5A-MR","HIRHAM5",2070,"E Midlands",1,0,0,0,"IPSL-IPSL-CM5A-MR_HIRHAM5","IPSL-IPSL-CM5A-MR.01"
"2819","IPSL-IPSL-CM5A-MR","HIRHAM5",2071,"E Midlands",1,0,0,0,"IPSL-IPSL-CM5A-MR_HIRHAM5","IPSL-IPSL-CM5A-MR.01"
"2820","IPSL-IPSL-CM5A-MR","HIRHAM5",2072,"E Midlands",1,0,0,0,"IPSL-IPSL-CM5A-MR_HIRHAM5","IPSL-IPSL-CM5A-MR.01"
"2821","IPSL-IPSL-CM5A-MR","HIRHAM5",2073,"E Midlands",1,0,0,0,"IPSL-IPSL-CM5A-MR_HIRHAM5","IPSL-IPSL-CM5A-MR.01"
"2822","IPSL-IPSL-CM5A-MR","HIRHAM5",2074,"E Midlands",1,0,0,0,"IPSL-IPSL-CM5A-MR_HIRHAM5","IPSL-IPSL-CM5A-MR.01"
"2823","IPSL-IPSL-CM5A-MR","HIRHAM5",2075,"E Midlands",1,0.0934579439252336,3,31.7298537890116,"IPSL-IPSL-CM5A-MR_HIRHAM5","IPSL-IPSL-CM5A-MR.01"
"2824","IPSL-IPSL-CM5A-MR","HIRHAM5",2076,"E Midlands",1,0,0,0,"IPSL-IPSL-CM5A-MR_HIRHAM5","IPSL-IPSL-CM5A-MR.01"
"2825","IPSL-IPSL-CM5A-MR","HIRHAM5",2077,"E Midlands",1,0,0,0,"IPSL-IPSL-CM5A-MR_HIRHAM5","IPSL-IPSL-CM5A-MR.01"
"2826","IPSL-IPSL-CM5A-MR","HIRHAM5",2078,"E Midlands",1,0,0,0,"IPSL-IPSL-CM5A-MR_HIRHAM5","IPSL-IPSL-CM5A-MR.01"
"2827","IPSL-IPSL-CM5A-MR","HIRHAM5",2079,"E Midlands",1,0,0,0,"IPSL-IPSL-CM5A-MR_HIRHAM5","IPSL-IPSL-CM5A-MR.01"
"2828","IPSL-IPSL-CM5A-MR","HIRHAM5",2080,"E Midlands",1,0,0,0,"IPSL-IPSL-CM5A-MR_HIRHAM5","IPSL-IPSL-CM5A-MR.01"
"2829","IPSL-IPSL-CM5A-MR","RACMO22E",1980,"E Midlands",1,0,0,0,"IPSL-IPSL-CM5A-MR_RACMO22E","IPSL-IPSL-CM5A-MR.02"
"2830","IPSL-IPSL-CM5A-MR","RACMO22E",1981,"E Midlands",1,0,0,0,"IPSL-IPSL-CM5A-MR_RACMO22E","IPSL-IPSL-CM5A-MR.02"
"2831","IPSL-IPSL-CM5A-MR","RACMO22E",1982,"E Midlands",1,0,0,0,"IPSL-IPSL-CM5A-MR_RACMO22E","IPSL-IPSL-CM5A-MR.02"
"2832","IPSL-IPSL-CM5A-MR","RACMO22E",1983,"E Midlands",1,0,0,0,"IPSL-IPSL-CM5A-MR_RACMO22E","IPSL-IPSL-CM5A-MR.02"
"2833","IPSL-IPSL-CM5A-MR","RACMO22E",1984,"E Midlands",1,0,0,0,"IPSL-IPSL-CM5A-MR_RACMO22E","IPSL-IPSL-CM5A-MR.02"
"2834","IPSL-IPSL-CM5A-MR","RACMO22E",1985,"E Midlands",1,0,0,0,"IPSL-IPSL-CM5A-MR_RACMO22E","IPSL-IPSL-CM5A-MR.02"
"2835","IPSL-IPSL-CM5A-MR","RACMO22E",1986,"E Midlands",1,0,0,0,"IPSL-IPSL-CM5A-MR_RACMO22E","IPSL-IPSL-CM5A-MR.02"
"2836","IPSL-IPSL-CM5A-MR","RACMO22E",1987,"E Midlands",1,0,0,0,"IPSL-IPSL-CM5A-MR_RACMO22E","IPSL-IPSL-CM5A-MR.02"
"2837","IPSL-IPSL-CM5A-MR","RACMO22E",1988,"E Midlands",1,0,0,0,"IPSL-IPSL-CM5A-MR_RACMO22E","IPSL-IPSL-CM5A-MR.02"
"2838","IPSL-IPSL-CM5A-MR","RACMO22E",1989,"E Midlands",1,0,0,0,"IPSL-IPSL-CM5A-MR_RACMO22E","IPSL-IPSL-CM5A-MR.02"
"2839","IPSL-IPSL-CM5A-MR","RACMO22E",1990,"E Midlands",1,0,0,0,"IPSL-IPSL-CM5A-MR_RACMO22E","IPSL-IPSL-CM5A-MR.02"
"2840","IPSL-IPSL-CM5A-MR","RACMO22E",1991,"E Midlands",1,0,0,0,"IPSL-IPSL-CM5A-MR_RACMO22E","IPSL-IPSL-CM5A-MR.02"
"2841","IPSL-IPSL-CM5A-MR","RACMO22E",1992,"E Midlands",1,0,0,0,"IPSL-IPSL-CM5A-MR_RACMO22E","IPSL-IPSL-CM5A-MR.02"
"2842","IPSL-IPSL-CM5A-MR","RACMO22E",1993,"E Midlands",1,0,0,0,"IPSL-IPSL-CM5A-MR_RACMO22E","IPSL-IPSL-CM5A-MR.02"
"2843","IPSL-IPSL-CM5A-MR","RACMO22E",1994,"E Midlands",1,0,0,0,"IPSL-IPSL-CM5A-MR_RACMO22E","IPSL-IPSL-CM5A-MR.02"
"2844","IPSL-IPSL-CM5A-MR","RACMO22E",1995,"E Midlands",1,0,0,0,"IPSL-IPSL-CM5A-MR_RACMO22E","IPSL-IPSL-CM5A-MR.02"
"2845","IPSL-IPSL-CM5A-MR","RACMO22E",1996,"E Midlands",1,0,0,0,"IPSL-IPSL-CM5A-MR_RACMO22E","IPSL-IPSL-CM5A-MR.02"
"2846","IPSL-IPSL-CM5A-MR","RACMO22E",1997,"E Midlands",1,0,0,0,"IPSL-IPSL-CM5A-MR_RACMO22E","IPSL-IPSL-CM5A-MR.02"
"2847","IPSL-IPSL-CM5A-MR","RACMO22E",1998,"E Midlands",1,0,0,0,"IPSL-IPSL-CM5A-MR_RACMO22E","IPSL-IPSL-CM5A-MR.02"
"2848","IPSL-IPSL-CM5A-MR","RACMO22E",1999,"E Midlands",1,0,0,0,"IPSL-IPSL-CM5A-MR_RACMO22E","IPSL-IPSL-CM5A-MR.02"
"2849","IPSL-IPSL-CM5A-MR","RACMO22E",2000,"E Midlands",1,0.0280373831775701,3,32.6698361502753,"IPSL-IPSL-CM5A-MR_RACMO22E","IPSL-IPSL-CM5A-MR.02"
"2850","IPSL-IPSL-CM5A-MR","RACMO22E",2001,"E Midlands",1,0,0,0,"IPSL-IPSL-CM5A-MR_RACMO22E","IPSL-IPSL-CM5A-MR.02"
"2851","IPSL-IPSL-CM5A-MR","RACMO22E",2002,"E Midlands",1,0,0,0,"IPSL-IPSL-CM5A-MR_RACMO22E","IPSL-IPSL-CM5A-MR.02"
"2852","IPSL-IPSL-CM5A-MR","RACMO22E",2003,"E Midlands",1,0,0,0,"IPSL-IPSL-CM5A-MR_RACMO22E","IPSL-IPSL-CM5A-MR.02"
"2853","IPSL-IPSL-CM5A-MR","RACMO22E",2004,"E Midlands",1,0,0,0,"IPSL-IPSL-CM5A-MR_RACMO22E","IPSL-IPSL-CM5A-MR.02"
"2854","IPSL-IPSL-CM5A-MR","RACMO22E",2005,"E Midlands",1,0,0,0,"IPSL-IPSL-CM5A-MR_RACMO22E","IPSL-IPSL-CM5A-MR.02"
"2855","IPSL-IPSL-CM5A-MR","RACMO22E",2006,"E Midlands",1,0,0,0,"IPSL-IPSL-CM5A-MR_RACMO22E","IPSL-IPSL-CM5A-MR.02"
"2856","IPSL-IPSL-CM5A-MR","RACMO22E",2007,"E Midlands",1,0,0,0,"IPSL-IPSL-CM5A-MR_RACMO22E","IPSL-IPSL-CM5A-MR.02"
"2857","IPSL-IPSL-CM5A-MR","RACMO22E",2008,"E Midlands",1,0,0,0,"IPSL-IPSL-CM5A-MR_RACMO22E","IPSL-IPSL-CM5A-MR.02"
"2858","IPSL-IPSL-CM5A-MR","RACMO22E",2009,"E Midlands",1,0,0,0,"IPSL-IPSL-CM5A-MR_RACMO22E","IPSL-IPSL-CM5A-MR.02"
"2859","IPSL-IPSL-CM5A-MR","RACMO22E",2010,"E Midlands",1,0,0,0,"IPSL-IPSL-CM5A-MR_RACMO22E","IPSL-IPSL-CM5A-MR.02"
"2860","IPSL-IPSL-CM5A-MR","RACMO22E",2011,"E Midlands",1,0,0,0,"IPSL-IPSL-CM5A-MR_RACMO22E","IPSL-IPSL-CM5A-MR.02"
"2861","IPSL-IPSL-CM5A-MR","RACMO22E",2012,"E Midlands",1,0.0186915887850467,3,32.5645009676615,"IPSL-IPSL-CM5A-MR_RACMO22E","IPSL-IPSL-CM5A-MR.02"
"2862","IPSL-IPSL-CM5A-MR","RACMO22E",2013,"E Midlands",1,0,0,0,"IPSL-IPSL-CM5A-MR_RACMO22E","IPSL-IPSL-CM5A-MR.02"
"2863","IPSL-IPSL-CM5A-MR","RACMO22E",2014,"E Midlands",1,0,0,0,"IPSL-IPSL-CM5A-MR_RACMO22E","IPSL-IPSL-CM5A-MR.02"
"2864","IPSL-IPSL-CM5A-MR","RACMO22E",2015,"E Midlands",1,0,0,0,"IPSL-IPSL-CM5A-MR_RACMO22E","IPSL-IPSL-CM5A-MR.02"
"2865","IPSL-IPSL-CM5A-MR","RACMO22E",2016,"E Midlands",1,0,0,0,"IPSL-IPSL-CM5A-MR_RACMO22E","IPSL-IPSL-CM5A-MR.02"
"2866","IPSL-IPSL-CM5A-MR","RACMO22E",2017,"E Midlands",1,0,0,0,"IPSL-IPSL-CM5A-MR_RACMO22E","IPSL-IPSL-CM5A-MR.02"
"2867","IPSL-IPSL-CM5A-MR","RACMO22E",2018,"E Midlands",1,0,0,0,"IPSL-IPSL-CM5A-MR_RACMO22E","IPSL-IPSL-CM5A-MR.02"
"2868","IPSL-IPSL-CM5A-MR","RACMO22E",2019,"E Midlands",1,0,0,0,"IPSL-IPSL-CM5A-MR_RACMO22E","IPSL-IPSL-CM5A-MR.02"
"2869","IPSL-IPSL-CM5A-MR","RACMO22E",2020,"E Midlands",1,0,0,0,"IPSL-IPSL-CM5A-MR_RACMO22E","IPSL-IPSL-CM5A-MR.02"
"2870","IPSL-IPSL-CM5A-MR","RACMO22E",2021,"E Midlands",1,0,0,0,"IPSL-IPSL-CM5A-MR_RACMO22E","IPSL-IPSL-CM5A-MR.02"
"2871","IPSL-IPSL-CM5A-MR","RACMO22E",2022,"E Midlands",1,0,0,0,"IPSL-IPSL-CM5A-MR_RACMO22E","IPSL-IPSL-CM5A-MR.02"
"2872","IPSL-IPSL-CM5A-MR","RACMO22E",2023,"E Midlands",1,0,0,0,"IPSL-IPSL-CM5A-MR_RACMO22E","IPSL-IPSL-CM5A-MR.02"
"2873","IPSL-IPSL-CM5A-MR","RACMO22E",2024,"E Midlands",1,0,0,0,"IPSL-IPSL-CM5A-MR_RACMO22E","IPSL-IPSL-CM5A-MR.02"
"2874","IPSL-IPSL-CM5A-MR","RACMO22E",2025,"E Midlands",1,0,0,0,"IPSL-IPSL-CM5A-MR_RACMO22E","IPSL-IPSL-CM5A-MR.02"
"2875","IPSL-IPSL-CM5A-MR","RACMO22E",2026,"E Midlands",1,0,0,0,"IPSL-IPSL-CM5A-MR_RACMO22E","IPSL-IPSL-CM5A-MR.02"
"2876","IPSL-IPSL-CM5A-MR","RACMO22E",2027,"E Midlands",1,0,0,0,"IPSL-IPSL-CM5A-MR_RACMO22E","IPSL-IPSL-CM5A-MR.02"
"2877","IPSL-IPSL-CM5A-MR","RACMO22E",2028,"E Midlands",1,0,0,0,"IPSL-IPSL-CM5A-MR_RACMO22E","IPSL-IPSL-CM5A-MR.02"
"2878","IPSL-IPSL-CM5A-MR","RACMO22E",2029,"E Midlands",1,0,0,0,"IPSL-IPSL-CM5A-MR_RACMO22E","IPSL-IPSL-CM5A-MR.02"
"2879","IPSL-IPSL-CM5A-MR","RACMO22E",2030,"E Midlands",1,0,0,0,"IPSL-IPSL-CM5A-MR_RACMO22E","IPSL-IPSL-CM5A-MR.02"
"2880","IPSL-IPSL-CM5A-MR","RACMO22E",2031,"E Midlands",1,0,0,0,"IPSL-IPSL-CM5A-MR_RACMO22E","IPSL-IPSL-CM5A-MR.02"
"2881","IPSL-IPSL-CM5A-MR","RACMO22E",2032,"E Midlands",1,0,0,0,"IPSL-IPSL-CM5A-MR_RACMO22E","IPSL-IPSL-CM5A-MR.02"
"2882","IPSL-IPSL-CM5A-MR","RACMO22E",2033,"E Midlands",1,0,0,0,"IPSL-IPSL-CM5A-MR_RACMO22E","IPSL-IPSL-CM5A-MR.02"
"2883","IPSL-IPSL-CM5A-MR","RACMO22E",2034,"E Midlands",1,0,0,0,"IPSL-IPSL-CM5A-MR_RACMO22E","IPSL-IPSL-CM5A-MR.02"
"2884","IPSL-IPSL-CM5A-MR","RACMO22E",2035,"E Midlands",1,0,0,0,"IPSL-IPSL-CM5A-MR_RACMO22E","IPSL-IPSL-CM5A-MR.02"
"2885","IPSL-IPSL-CM5A-MR","RACMO22E",2036,"E Midlands",1,0,0,0,"IPSL-IPSL-CM5A-MR_RACMO22E","IPSL-IPSL-CM5A-MR.02"
"2886","IPSL-IPSL-CM5A-MR","RACMO22E",2037,"E Midlands",1,0,0,0,"IPSL-IPSL-CM5A-MR_RACMO22E","IPSL-IPSL-CM5A-MR.02"
"2887","IPSL-IPSL-CM5A-MR","RACMO22E",2038,"E Midlands",1,0,0,0,"IPSL-IPSL-CM5A-MR_RACMO22E","IPSL-IPSL-CM5A-MR.02"
"2888","IPSL-IPSL-CM5A-MR","RACMO22E",2039,"E Midlands",1,0,0,0,"IPSL-IPSL-CM5A-MR_RACMO22E","IPSL-IPSL-CM5A-MR.02"
"2889","IPSL-IPSL-CM5A-MR","RACMO22E",2040,"E Midlands",1,0,0,0,"IPSL-IPSL-CM5A-MR_RACMO22E","IPSL-IPSL-CM5A-MR.02"
"2890","IPSL-IPSL-CM5A-MR","RACMO22E",2041,"E Midlands",1,0,0,0,"IPSL-IPSL-CM5A-MR_RACMO22E","IPSL-IPSL-CM5A-MR.02"
"2891","IPSL-IPSL-CM5A-MR","RACMO22E",2042,"E Midlands",1,0,0,0,"IPSL-IPSL-CM5A-MR_RACMO22E","IPSL-IPSL-CM5A-MR.02"
"2892","IPSL-IPSL-CM5A-MR","RACMO22E",2043,"E Midlands",1,0,0,0,"IPSL-IPSL-CM5A-MR_RACMO22E","IPSL-IPSL-CM5A-MR.02"
"2893","IPSL-IPSL-CM5A-MR","RACMO22E",2044,"E Midlands",1,0,0,0,"IPSL-IPSL-CM5A-MR_RACMO22E","IPSL-IPSL-CM5A-MR.02"
"2894","IPSL-IPSL-CM5A-MR","RACMO22E",2045,"E Midlands",1,0,0,0,"IPSL-IPSL-CM5A-MR_RACMO22E","IPSL-IPSL-CM5A-MR.02"
"2895","IPSL-IPSL-CM5A-MR","RACMO22E",2046,"E Midlands",1,0,0,0,"IPSL-IPSL-CM5A-MR_RACMO22E","IPSL-IPSL-CM5A-MR.02"
"2896","IPSL-IPSL-CM5A-MR","RACMO22E",2047,"E Midlands",1,0,0,0,"IPSL-IPSL-CM5A-MR_RACMO22E","IPSL-IPSL-CM5A-MR.02"
"2897","IPSL-IPSL-CM5A-MR","RACMO22E",2048,"E Midlands",1,0,0,0,"IPSL-IPSL-CM5A-MR_RACMO22E","IPSL-IPSL-CM5A-MR.02"
"2898","IPSL-IPSL-CM5A-MR","RACMO22E",2049,"E Midlands",1,0,0,0,"IPSL-IPSL-CM5A-MR_RACMO22E","IPSL-IPSL-CM5A-MR.02"
"2899","IPSL-IPSL-CM5A-MR","RACMO22E",2050,"E Midlands",1,0,0,0,"IPSL-IPSL-CM5A-MR_RACMO22E","IPSL-IPSL-CM5A-MR.02"
"2900","IPSL-IPSL-CM5A-MR","RACMO22E",2051,"E Midlands",1,0.420560747663551,3,32.9506192101373,"IPSL-IPSL-CM5A-MR_RACMO22E","IPSL-IPSL-CM5A-MR.02"
"2901","IPSL-IPSL-CM5A-MR","RACMO22E",2052,"E Midlands",1,0,0,0,"IPSL-IPSL-CM5A-MR_RACMO22E","IPSL-IPSL-CM5A-MR.02"
"2902","IPSL-IPSL-CM5A-MR","RACMO22E",2053,"E Midlands",1,0,0,0,"IPSL-IPSL-CM5A-MR_RACMO22E","IPSL-IPSL-CM5A-MR.02"
"2903","IPSL-IPSL-CM5A-MR","RACMO22E",2054,"E Midlands",1,0,0,0,"IPSL-IPSL-CM5A-MR_RACMO22E","IPSL-IPSL-CM5A-MR.02"
"2904","IPSL-IPSL-CM5A-MR","RACMO22E",2055,"E Midlands",1,0.94392523364486,7.44554455445545,33.5000757516942,"IPSL-IPSL-CM5A-MR_RACMO22E","IPSL-IPSL-CM5A-MR.02"
"2905","IPSL-IPSL-CM5A-MR","RACMO22E",2056,"E Midlands",1,0,0,0,"IPSL-IPSL-CM5A-MR_RACMO22E","IPSL-IPSL-CM5A-MR.02"
"2906","IPSL-IPSL-CM5A-MR","RACMO22E",2057,"E Midlands",1,0,0,0,"IPSL-IPSL-CM5A-MR_RACMO22E","IPSL-IPSL-CM5A-MR.02"
"2907","IPSL-IPSL-CM5A-MR","RACMO22E",2058,"E Midlands",1,0,0,0,"IPSL-IPSL-CM5A-MR_RACMO22E","IPSL-IPSL-CM5A-MR.02"
"2908","IPSL-IPSL-CM5A-MR","RACMO22E",2059,"E Midlands",1,0,0,0,"IPSL-IPSL-CM5A-MR_RACMO22E","IPSL-IPSL-CM5A-MR.02"
"2909","IPSL-IPSL-CM5A-MR","RACMO22E",2060,"E Midlands",1,0,0,0,"IPSL-IPSL-CM5A-MR_RACMO22E","IPSL-IPSL-CM5A-MR.02"
"2910","IPSL-IPSL-CM5A-MR","RACMO22E",2061,"E Midlands",1,0,0,0,"IPSL-IPSL-CM5A-MR_RACMO22E","IPSL-IPSL-CM5A-MR.02"
"2911","IPSL-IPSL-CM5A-MR","RACMO22E",2062,"E Midlands",1,0.0186915887850467,3,35.0393988291423,"IPSL-IPSL-CM5A-MR_RACMO22E","IPSL-IPSL-CM5A-MR.02"
"2912","IPSL-IPSL-CM5A-MR","RACMO22E",2063,"E Midlands",1,0,0,0,"IPSL-IPSL-CM5A-MR_RACMO22E","IPSL-IPSL-CM5A-MR.02"
"2913","IPSL-IPSL-CM5A-MR","RACMO22E",2064,"E Midlands",1,0,0,0,"IPSL-IPSL-CM5A-MR_RACMO22E","IPSL-IPSL-CM5A-MR.02"
"2914","IPSL-IPSL-CM5A-MR","RACMO22E",2065,"E Midlands",1,0,0,0,"IPSL-IPSL-CM5A-MR_RACMO22E","IPSL-IPSL-CM5A-MR.02"
"2915","IPSL-IPSL-CM5A-MR","RACMO22E",2066,"E Midlands",1,0.121495327102804,3.15384615384615,31.0270765377925,"IPSL-IPSL-CM5A-MR_RACMO22E","IPSL-IPSL-CM5A-MR.02"
"2916","IPSL-IPSL-CM5A-MR","RACMO22E",2067,"E Midlands",1,0,0,0,"IPSL-IPSL-CM5A-MR_RACMO22E","IPSL-IPSL-CM5A-MR.02"
"2917","IPSL-IPSL-CM5A-MR","RACMO22E",2068,"E Midlands",1,0.280373831775701,3,32.4545019467672,"IPSL-IPSL-CM5A-MR_RACMO22E","IPSL-IPSL-CM5A-MR.02"
"2918","IPSL-IPSL-CM5A-MR","RACMO22E",2069,"E Midlands",1,0,0,0,"IPSL-IPSL-CM5A-MR_RACMO22E","IPSL-IPSL-CM5A-MR.02"
"2919","IPSL-IPSL-CM5A-MR","RACMO22E",2070,"E Midlands",1,0,0,0,"IPSL-IPSL-CM5A-MR_RACMO22E","IPSL-IPSL-CM5A-MR.02"
"2920","IPSL-IPSL-CM5A-MR","RACMO22E",2071,"E Midlands",1,0.439252336448598,3,31.1414732899226,"IPSL-IPSL-CM5A-MR_RACMO22E","IPSL-IPSL-CM5A-MR.02"
"2921","IPSL-IPSL-CM5A-MR","RACMO22E",2072,"E Midlands",1,0,0,0,"IPSL-IPSL-CM5A-MR_RACMO22E","IPSL-IPSL-CM5A-MR.02"
"2922","IPSL-IPSL-CM5A-MR","RACMO22E",2073,"E Midlands",1,0,0,0,"IPSL-IPSL-CM5A-MR_RACMO22E","IPSL-IPSL-CM5A-MR.02"
"2923","IPSL-IPSL-CM5A-MR","RACMO22E",2074,"E Midlands",1,0,0,0,"IPSL-IPSL-CM5A-MR_RACMO22E","IPSL-IPSL-CM5A-MR.02"
"2924","IPSL-IPSL-CM5A-MR","RACMO22E",2075,"E Midlands",1,0.0841121495327103,3.55555555555556,30.8072791629367,"IPSL-IPSL-CM5A-MR_RACMO22E","IPSL-IPSL-CM5A-MR.02"
"2925","IPSL-IPSL-CM5A-MR","RACMO22E",2076,"E Midlands",1,0,0,0,"IPSL-IPSL-CM5A-MR_RACMO22E","IPSL-IPSL-CM5A-MR.02"
"2926","IPSL-IPSL-CM5A-MR","RACMO22E",2077,"E Midlands",1,0,0,0,"IPSL-IPSL-CM5A-MR_RACMO22E","IPSL-IPSL-CM5A-MR.02"
"2927","IPSL-IPSL-CM5A-MR","RACMO22E",2078,"E Midlands",1,0,0,0,"IPSL-IPSL-CM5A-MR_RACMO22E","IPSL-IPSL-CM5A-MR.02"
"2928","IPSL-IPSL-CM5A-MR","RACMO22E",2079,"E Midlands",1,0,0,0,"IPSL-IPSL-CM5A-MR_RACMO22E","IPSL-IPSL-CM5A-MR.02"
"2929","IPSL-IPSL-CM5A-MR","RACMO22E",2080,"E Midlands",1,0.186915887850467,3,31.8075991153717,"IPSL-IPSL-CM5A-MR_RACMO22E","IPSL-IPSL-CM5A-MR.02"
"2930","IPSL-IPSL-CM5A-MR","RCA4",1980,"E Midlands",1,0,0,0,"IPSL-IPSL-CM5A-MR_RCA4","IPSL-IPSL-CM5A-MR.03"
"2931","IPSL-IPSL-CM5A-MR","RCA4",1981,"E Midlands",1,0,0,0,"IPSL-IPSL-CM5A-MR_RCA4","IPSL-IPSL-CM5A-MR.03"
"2932","IPSL-IPSL-CM5A-MR","RCA4",1982,"E Midlands",1,0,0,0,"IPSL-IPSL-CM5A-MR_RCA4","IPSL-IPSL-CM5A-MR.03"
"2933","IPSL-IPSL-CM5A-MR","RCA4",1983,"E Midlands",1,0,0,0,"IPSL-IPSL-CM5A-MR_RCA4","IPSL-IPSL-CM5A-MR.03"
"2934","IPSL-IPSL-CM5A-MR","RCA4",1984,"E Midlands",1,0,0,0,"IPSL-IPSL-CM5A-MR_RCA4","IPSL-IPSL-CM5A-MR.03"
"2935","IPSL-IPSL-CM5A-MR","RCA4",1985,"E Midlands",1,0,0,0,"IPSL-IPSL-CM5A-MR_RCA4","IPSL-IPSL-CM5A-MR.03"
"2936","IPSL-IPSL-CM5A-MR","RCA4",1986,"E Midlands",1,0,0,0,"IPSL-IPSL-CM5A-MR_RCA4","IPSL-IPSL-CM5A-MR.03"
"2937","IPSL-IPSL-CM5A-MR","RCA4",1987,"E Midlands",1,0,0,0,"IPSL-IPSL-CM5A-MR_RCA4","IPSL-IPSL-CM5A-MR.03"
"2938","IPSL-IPSL-CM5A-MR","RCA4",1988,"E Midlands",1,0,0,0,"IPSL-IPSL-CM5A-MR_RCA4","IPSL-IPSL-CM5A-MR.03"
"2939","IPSL-IPSL-CM5A-MR","RCA4",1989,"E Midlands",1,0,0,0,"IPSL-IPSL-CM5A-MR_RCA4","IPSL-IPSL-CM5A-MR.03"
"2940","IPSL-IPSL-CM5A-MR","RCA4",1990,"E Midlands",1,0,0,0,"IPSL-IPSL-CM5A-MR_RCA4","IPSL-IPSL-CM5A-MR.03"
"2941","IPSL-IPSL-CM5A-MR","RCA4",1991,"E Midlands",1,0,0,0,"IPSL-IPSL-CM5A-MR_RCA4","IPSL-IPSL-CM5A-MR.03"
"2942","IPSL-IPSL-CM5A-MR","RCA4",1992,"E Midlands",1,0,0,0,"IPSL-IPSL-CM5A-MR_RCA4","IPSL-IPSL-CM5A-MR.03"
"2943","IPSL-IPSL-CM5A-MR","RCA4",1993,"E Midlands",1,0,0,0,"IPSL-IPSL-CM5A-MR_RCA4","IPSL-IPSL-CM5A-MR.03"
"2944","IPSL-IPSL-CM5A-MR","RCA4",1994,"E Midlands",1,0,0,0,"IPSL-IPSL-CM5A-MR_RCA4","IPSL-IPSL-CM5A-MR.03"
"2945","IPSL-IPSL-CM5A-MR","RCA4",1995,"E Midlands",1,0,0,0,"IPSL-IPSL-CM5A-MR_RCA4","IPSL-IPSL-CM5A-MR.03"
"2946","IPSL-IPSL-CM5A-MR","RCA4",1996,"E Midlands",1,0,0,0,"IPSL-IPSL-CM5A-MR_RCA4","IPSL-IPSL-CM5A-MR.03"
"2947","IPSL-IPSL-CM5A-MR","RCA4",1997,"E Midlands",1,0,0,0,"IPSL-IPSL-CM5A-MR_RCA4","IPSL-IPSL-CM5A-MR.03"
"2948","IPSL-IPSL-CM5A-MR","RCA4",1998,"E Midlands",1,0,0,0,"IPSL-IPSL-CM5A-MR_RCA4","IPSL-IPSL-CM5A-MR.03"
"2949","IPSL-IPSL-CM5A-MR","RCA4",1999,"E Midlands",1,0,0,0,"IPSL-IPSL-CM5A-MR_RCA4","IPSL-IPSL-CM5A-MR.03"
"2950","IPSL-IPSL-CM5A-MR","RCA4",2000,"E Midlands",1,0,0,0,"IPSL-IPSL-CM5A-MR_RCA4","IPSL-IPSL-CM5A-MR.03"
"2951","IPSL-IPSL-CM5A-MR","RCA4",2001,"E Midlands",1,0,0,0,"IPSL-IPSL-CM5A-MR_RCA4","IPSL-IPSL-CM5A-MR.03"
"2952","IPSL-IPSL-CM5A-MR","RCA4",2002,"E Midlands",1,0,0,0,"IPSL-IPSL-CM5A-MR_RCA4","IPSL-IPSL-CM5A-MR.03"
"2953","IPSL-IPSL-CM5A-MR","RCA4",2003,"E Midlands",1,0,0,0,"IPSL-IPSL-CM5A-MR_RCA4","IPSL-IPSL-CM5A-MR.03"
"2954","IPSL-IPSL-CM5A-MR","RCA4",2004,"E Midlands",1,0,0,0,"IPSL-IPSL-CM5A-MR_RCA4","IPSL-IPSL-CM5A-MR.03"
"2955","IPSL-IPSL-CM5A-MR","RCA4",2005,"E Midlands",1,0,0,0,"IPSL-IPSL-CM5A-MR_RCA4","IPSL-IPSL-CM5A-MR.03"
"2956","IPSL-IPSL-CM5A-MR","RCA4",2006,"E Midlands",1,0,0,0,"IPSL-IPSL-CM5A-MR_RCA4","IPSL-IPSL-CM5A-MR.03"
"2957","IPSL-IPSL-CM5A-MR","RCA4",2007,"E Midlands",1,0,0,0,"IPSL-IPSL-CM5A-MR_RCA4","IPSL-IPSL-CM5A-MR.03"
"2958","IPSL-IPSL-CM5A-MR","RCA4",2008,"E Midlands",1,0,0,0,"IPSL-IPSL-CM5A-MR_RCA4","IPSL-IPSL-CM5A-MR.03"
"2959","IPSL-IPSL-CM5A-MR","RCA4",2009,"E Midlands",1,0,0,0,"IPSL-IPSL-CM5A-MR_RCA4","IPSL-IPSL-CM5A-MR.03"
"2960","IPSL-IPSL-CM5A-MR","RCA4",2010,"E Midlands",1,0,0,0,"IPSL-IPSL-CM5A-MR_RCA4","IPSL-IPSL-CM5A-MR.03"
"2961","IPSL-IPSL-CM5A-MR","RCA4",2011,"E Midlands",1,0,0,0,"IPSL-IPSL-CM5A-MR_RCA4","IPSL-IPSL-CM5A-MR.03"
"2962","IPSL-IPSL-CM5A-MR","RCA4",2012,"E Midlands",1,0,0,0,"IPSL-IPSL-CM5A-MR_RCA4","IPSL-IPSL-CM5A-MR.03"
"2963","IPSL-IPSL-CM5A-MR","RCA4",2013,"E Midlands",1,0,0,0,"IPSL-IPSL-CM5A-MR_RCA4","IPSL-IPSL-CM5A-MR.03"
"2964","IPSL-IPSL-CM5A-MR","RCA4",2014,"E Midlands",1,0,0,0,"IPSL-IPSL-CM5A-MR_RCA4","IPSL-IPSL-CM5A-MR.03"
"2965","IPSL-IPSL-CM5A-MR","RCA4",2015,"E Midlands",1,0,0,0,"IPSL-IPSL-CM5A-MR_RCA4","IPSL-IPSL-CM5A-MR.03"
"2966","IPSL-IPSL-CM5A-MR","RCA4",2016,"E Midlands",1,0,0,0,"IPSL-IPSL-CM5A-MR_RCA4","IPSL-IPSL-CM5A-MR.03"
"2967","IPSL-IPSL-CM5A-MR","RCA4",2017,"E Midlands",1,0,0,0,"IPSL-IPSL-CM5A-MR_RCA4","IPSL-IPSL-CM5A-MR.03"
"2968","IPSL-IPSL-CM5A-MR","RCA4",2018,"E Midlands",1,0,0,0,"IPSL-IPSL-CM5A-MR_RCA4","IPSL-IPSL-CM5A-MR.03"
"2969","IPSL-IPSL-CM5A-MR","RCA4",2019,"E Midlands",1,0,0,0,"IPSL-IPSL-CM5A-MR_RCA4","IPSL-IPSL-CM5A-MR.03"
"2970","IPSL-IPSL-CM5A-MR","RCA4",2020,"E Midlands",1,0,0,0,"IPSL-IPSL-CM5A-MR_RCA4","IPSL-IPSL-CM5A-MR.03"
"2971","IPSL-IPSL-CM5A-MR","RCA4",2021,"E Midlands",1,0,0,0,"IPSL-IPSL-CM5A-MR_RCA4","IPSL-IPSL-CM5A-MR.03"
"2972","IPSL-IPSL-CM5A-MR","RCA4",2022,"E Midlands",1,0,0,0,"IPSL-IPSL-CM5A-MR_RCA4","IPSL-IPSL-CM5A-MR.03"
"2973","IPSL-IPSL-CM5A-MR","RCA4",2023,"E Midlands",1,0,0,0,"IPSL-IPSL-CM5A-MR_RCA4","IPSL-IPSL-CM5A-MR.03"
"2974","IPSL-IPSL-CM5A-MR","RCA4",2024,"E Midlands",1,0,0,0,"IPSL-IPSL-CM5A-MR_RCA4","IPSL-IPSL-CM5A-MR.03"
"2975","IPSL-IPSL-CM5A-MR","RCA4",2025,"E Midlands",1,0,0,0,"IPSL-IPSL-CM5A-MR_RCA4","IPSL-IPSL-CM5A-MR.03"
"2976","IPSL-IPSL-CM5A-MR","RCA4",2026,"E Midlands",1,0,0,0,"IPSL-IPSL-CM5A-MR_RCA4","IPSL-IPSL-CM5A-MR.03"
"2977","IPSL-IPSL-CM5A-MR","RCA4",2027,"E Midlands",1,0,0,0,"IPSL-IPSL-CM5A-MR_RCA4","IPSL-IPSL-CM5A-MR.03"
"2978","IPSL-IPSL-CM5A-MR","RCA4",2028,"E Midlands",1,0,0,0,"IPSL-IPSL-CM5A-MR_RCA4","IPSL-IPSL-CM5A-MR.03"
"2979","IPSL-IPSL-CM5A-MR","RCA4",2029,"E Midlands",1,0,0,0,"IPSL-IPSL-CM5A-MR_RCA4","IPSL-IPSL-CM5A-MR.03"
"2980","IPSL-IPSL-CM5A-MR","RCA4",2030,"E Midlands",1,0,0,0,"IPSL-IPSL-CM5A-MR_RCA4","IPSL-IPSL-CM5A-MR.03"
"2981","IPSL-IPSL-CM5A-MR","RCA4",2031,"E Midlands",1,0,0,0,"IPSL-IPSL-CM5A-MR_RCA4","IPSL-IPSL-CM5A-MR.03"
"2982","IPSL-IPSL-CM5A-MR","RCA4",2032,"E Midlands",1,0,0,0,"IPSL-IPSL-CM5A-MR_RCA4","IPSL-IPSL-CM5A-MR.03"
"2983","IPSL-IPSL-CM5A-MR","RCA4",2033,"E Midlands",1,0,0,0,"IPSL-IPSL-CM5A-MR_RCA4","IPSL-IPSL-CM5A-MR.03"
"2984","IPSL-IPSL-CM5A-MR","RCA4",2034,"E Midlands",1,0,0,0,"IPSL-IPSL-CM5A-MR_RCA4","IPSL-IPSL-CM5A-MR.03"
"2985","IPSL-IPSL-CM5A-MR","RCA4",2035,"E Midlands",1,0,0,0,"IPSL-IPSL-CM5A-MR_RCA4","IPSL-IPSL-CM5A-MR.03"
"2986","IPSL-IPSL-CM5A-MR","RCA4",2036,"E Midlands",1,0,0,0,"IPSL-IPSL-CM5A-MR_RCA4","IPSL-IPSL-CM5A-MR.03"
"2987","IPSL-IPSL-CM5A-MR","RCA4",2037,"E Midlands",1,0,0,0,"IPSL-IPSL-CM5A-MR_RCA4","IPSL-IPSL-CM5A-MR.03"
"2988","IPSL-IPSL-CM5A-MR","RCA4",2038,"E Midlands",1,0,0,0,"IPSL-IPSL-CM5A-MR_RCA4","IPSL-IPSL-CM5A-MR.03"
"2989","IPSL-IPSL-CM5A-MR","RCA4",2039,"E Midlands",1,0,0,0,"IPSL-IPSL-CM5A-MR_RCA4","IPSL-IPSL-CM5A-MR.03"
"2990","IPSL-IPSL-CM5A-MR","RCA4",2040,"E Midlands",1,0,0,0,"IPSL-IPSL-CM5A-MR_RCA4","IPSL-IPSL-CM5A-MR.03"
"2991","IPSL-IPSL-CM5A-MR","RCA4",2041,"E Midlands",1,0,0,0,"IPSL-IPSL-CM5A-MR_RCA4","IPSL-IPSL-CM5A-MR.03"
"2992","IPSL-IPSL-CM5A-MR","RCA4",2042,"E Midlands",1,0,0,0,"IPSL-IPSL-CM5A-MR_RCA4","IPSL-IPSL-CM5A-MR.03"
"2993","IPSL-IPSL-CM5A-MR","RCA4",2043,"E Midlands",1,0,0,0,"IPSL-IPSL-CM5A-MR_RCA4","IPSL-IPSL-CM5A-MR.03"
"2994","IPSL-IPSL-CM5A-MR","RCA4",2044,"E Midlands",1,0,0,0,"IPSL-IPSL-CM5A-MR_RCA4","IPSL-IPSL-CM5A-MR.03"
"2995","IPSL-IPSL-CM5A-MR","RCA4",2045,"E Midlands",1,0.224299065420561,3,35.2138653728697,"IPSL-IPSL-CM5A-MR_RCA4","IPSL-IPSL-CM5A-MR.03"
"2996","IPSL-IPSL-CM5A-MR","RCA4",2046,"E Midlands",1,0,0,0,"IPSL-IPSL-CM5A-MR_RCA4","IPSL-IPSL-CM5A-MR.03"
"2997","IPSL-IPSL-CM5A-MR","RCA4",2047,"E Midlands",1,0,0,0,"IPSL-IPSL-CM5A-MR_RCA4","IPSL-IPSL-CM5A-MR.03"
"2998","IPSL-IPSL-CM5A-MR","RCA4",2048,"E Midlands",1,0,0,0,"IPSL-IPSL-CM5A-MR_RCA4","IPSL-IPSL-CM5A-MR.03"
"2999","IPSL-IPSL-CM5A-MR","RCA4",2049,"E Midlands",1,0,0,0,"IPSL-IPSL-CM5A-MR_RCA4","IPSL-IPSL-CM5A-MR.03"
"3000","IPSL-IPSL-CM5A-MR","RCA4",2050,"E Midlands",1,0,0,0,"IPSL-IPSL-CM5A-MR_RCA4","IPSL-IPSL-CM5A-MR.03"
"3001","IPSL-IPSL-CM5A-MR","RCA4",2051,"E Midlands",1,0,0,0,"IPSL-IPSL-CM5A-MR_RCA4","IPSL-IPSL-CM5A-MR.03"
"3002","IPSL-IPSL-CM5A-MR","RCA4",2052,"E Midlands",1,0,0,0,"IPSL-IPSL-CM5A-MR_RCA4","IPSL-IPSL-CM5A-MR.03"
"3003","IPSL-IPSL-CM5A-MR","RCA4",2053,"E Midlands",1,0,0,0,"IPSL-IPSL-CM5A-MR_RCA4","IPSL-IPSL-CM5A-MR.03"
"3004","IPSL-IPSL-CM5A-MR","RCA4",2054,"E Midlands",1,0,0,0,"IPSL-IPSL-CM5A-MR_RCA4","IPSL-IPSL-CM5A-MR.03"
"3005","IPSL-IPSL-CM5A-MR","RCA4",2055,"E Midlands",1,0.11214953271028,3,31.8286328050825,"IPSL-IPSL-CM5A-MR_RCA4","IPSL-IPSL-CM5A-MR.03"
"3006","IPSL-IPSL-CM5A-MR","RCA4",2056,"E Midlands",1,0,0,0,"IPSL-IPSL-CM5A-MR_RCA4","IPSL-IPSL-CM5A-MR.03"
"3007","IPSL-IPSL-CM5A-MR","RCA4",2057,"E Midlands",1,0.299065420560748,3,32.7714137136936,"IPSL-IPSL-CM5A-MR_RCA4","IPSL-IPSL-CM5A-MR.03"
"3008","IPSL-IPSL-CM5A-MR","RCA4",2058,"E Midlands",1,0,0,0,"IPSL-IPSL-CM5A-MR_RCA4","IPSL-IPSL-CM5A-MR.03"
"3009","IPSL-IPSL-CM5A-MR","RCA4",2059,"E Midlands",1,0,0,0,"IPSL-IPSL-CM5A-MR_RCA4","IPSL-IPSL-CM5A-MR.03"
"3010","IPSL-IPSL-CM5A-MR","RCA4",2060,"E Midlands",1,0,0,0,"IPSL-IPSL-CM5A-MR_RCA4","IPSL-IPSL-CM5A-MR.03"
"3011","IPSL-IPSL-CM5A-MR","RCA4",2061,"E Midlands",1,0,0,0,"IPSL-IPSL-CM5A-MR_RCA4","IPSL-IPSL-CM5A-MR.03"
"3012","IPSL-IPSL-CM5A-MR","RCA4",2062,"E Midlands",1,0,0,0,"IPSL-IPSL-CM5A-MR_RCA4","IPSL-IPSL-CM5A-MR.03"
"3013","IPSL-IPSL-CM5A-MR","RCA4",2063,"E Midlands",1,0,0,0,"IPSL-IPSL-CM5A-MR_RCA4","IPSL-IPSL-CM5A-MR.03"
"3014","IPSL-IPSL-CM5A-MR","RCA4",2064,"E Midlands",1,0,0,0,"IPSL-IPSL-CM5A-MR_RCA4","IPSL-IPSL-CM5A-MR.03"
"3015","IPSL-IPSL-CM5A-MR","RCA4",2065,"E Midlands",1,0,0,0,"IPSL-IPSL-CM5A-MR_RCA4","IPSL-IPSL-CM5A-MR.03"
"3016","IPSL-IPSL-CM5A-MR","RCA4",2066,"E Midlands",1,0,0,0,"IPSL-IPSL-CM5A-MR_RCA4","IPSL-IPSL-CM5A-MR.03"
"3017","IPSL-IPSL-CM5A-MR","RCA4",2067,"E Midlands",1,0.102803738317757,3.90909090909091,31.9777779824806,"IPSL-IPSL-CM5A-MR_RCA4","IPSL-IPSL-CM5A-MR.03"
"3018","IPSL-IPSL-CM5A-MR","RCA4",2068,"E Midlands",1,0,0,0,"IPSL-IPSL-CM5A-MR_RCA4","IPSL-IPSL-CM5A-MR.03"
"3019","IPSL-IPSL-CM5A-MR","RCA4",2069,"E Midlands",1,0,0,0,"IPSL-IPSL-CM5A-MR_RCA4","IPSL-IPSL-CM5A-MR.03"
"3020","IPSL-IPSL-CM5A-MR","RCA4",2070,"E Midlands",1,0,0,0,"IPSL-IPSL-CM5A-MR_RCA4","IPSL-IPSL-CM5A-MR.03"
"3021","IPSL-IPSL-CM5A-MR","RCA4",2071,"E Midlands",1,0.0654205607476635,3,31.7669263113113,"IPSL-IPSL-CM5A-MR_RCA4","IPSL-IPSL-CM5A-MR.03"
"3022","IPSL-IPSL-CM5A-MR","RCA4",2072,"E Midlands",1,0,0,0,"IPSL-IPSL-CM5A-MR_RCA4","IPSL-IPSL-CM5A-MR.03"
"3023","IPSL-IPSL-CM5A-MR","RCA4",2073,"E Midlands",1,0,0,0,"IPSL-IPSL-CM5A-MR_RCA4","IPSL-IPSL-CM5A-MR.03"
"3024","IPSL-IPSL-CM5A-MR","RCA4",2074,"E Midlands",1,0.392523364485981,5.28571428571429,33.0807371715299,"IPSL-IPSL-CM5A-MR_RCA4","IPSL-IPSL-CM5A-MR.03"
"3025","IPSL-IPSL-CM5A-MR","RCA4",2075,"E Midlands",1,0,0,0,"IPSL-IPSL-CM5A-MR_RCA4","IPSL-IPSL-CM5A-MR.03"
"3026","IPSL-IPSL-CM5A-MR","RCA4",2076,"E Midlands",1,0,0,0,"IPSL-IPSL-CM5A-MR_RCA4","IPSL-IPSL-CM5A-MR.03"
"3027","IPSL-IPSL-CM5A-MR","RCA4",2077,"E Midlands",1,0.149532710280374,3,34.2984642982483,"IPSL-IPSL-CM5A-MR_RCA4","IPSL-IPSL-CM5A-MR.03"
"3028","IPSL-IPSL-CM5A-MR","RCA4",2078,"E Midlands",1,0,0,0,"IPSL-IPSL-CM5A-MR_RCA4","IPSL-IPSL-CM5A-MR.03"
"3029","IPSL-IPSL-CM5A-MR","RCA4",2079,"E Midlands",1,0,0,0,"IPSL-IPSL-CM5A-MR_RCA4","IPSL-IPSL-CM5A-MR.03"
"3030","IPSL-IPSL-CM5A-MR","RCA4",2080,"E Midlands",1,1.04672897196262,3.59821428571429,33.5211346732719,"IPSL-IPSL-CM5A-MR_RCA4","IPSL-IPSL-CM5A-MR.03"
"3031","IPSL-IPSL-CM5A-MR","REMO2015",1980,"E Midlands",1,0,0,0,"IPSL-IPSL-CM5A-MR_REMO2015","IPSL-IPSL-CM5A-MR.04"
"3032","IPSL-IPSL-CM5A-MR","REMO2015",1981,"E Midlands",1,0,0,0,"IPSL-IPSL-CM5A-MR_REMO2015","IPSL-IPSL-CM5A-MR.04"
"3033","IPSL-IPSL-CM5A-MR","REMO2015",1982,"E Midlands",1,0,0,0,"IPSL-IPSL-CM5A-MR_REMO2015","IPSL-IPSL-CM5A-MR.04"
"3034","IPSL-IPSL-CM5A-MR","REMO2015",1983,"E Midlands",1,0.0560747663551402,4.33333333333333,31.9174372487598,"IPSL-IPSL-CM5A-MR_REMO2015","IPSL-IPSL-CM5A-MR.04"
"3035","IPSL-IPSL-CM5A-MR","REMO2015",1984,"E Midlands",1,0,0,0,"IPSL-IPSL-CM5A-MR_REMO2015","IPSL-IPSL-CM5A-MR.04"
"3036","IPSL-IPSL-CM5A-MR","REMO2015",1985,"E Midlands",1,0,0,0,"IPSL-IPSL-CM5A-MR_REMO2015","IPSL-IPSL-CM5A-MR.04"
"3037","IPSL-IPSL-CM5A-MR","REMO2015",1986,"E Midlands",1,0,0,0,"IPSL-IPSL-CM5A-MR_REMO2015","IPSL-IPSL-CM5A-MR.04"
"3038","IPSL-IPSL-CM5A-MR","REMO2015",1987,"E Midlands",1,0,0,0,"IPSL-IPSL-CM5A-MR_REMO2015","IPSL-IPSL-CM5A-MR.04"
"3039","IPSL-IPSL-CM5A-MR","REMO2015",1988,"E Midlands",1,0,0,0,"IPSL-IPSL-CM5A-MR_REMO2015","IPSL-IPSL-CM5A-MR.04"
"3040","IPSL-IPSL-CM5A-MR","REMO2015",1989,"E Midlands",1,0.0280373831775701,3,31.1175721486409,"IPSL-IPSL-CM5A-MR_REMO2015","IPSL-IPSL-CM5A-MR.04"
"3041","IPSL-IPSL-CM5A-MR","REMO2015",1990,"E Midlands",1,0,0,0,"IPSL-IPSL-CM5A-MR_REMO2015","IPSL-IPSL-CM5A-MR.04"
"3042","IPSL-IPSL-CM5A-MR","REMO2015",1991,"E Midlands",1,0,0,0,"IPSL-IPSL-CM5A-MR_REMO2015","IPSL-IPSL-CM5A-MR.04"
"3043","IPSL-IPSL-CM5A-MR","REMO2015",1992,"E Midlands",1,0,0,0,"IPSL-IPSL-CM5A-MR_REMO2015","IPSL-IPSL-CM5A-MR.04"
"3044","IPSL-IPSL-CM5A-MR","REMO2015",1993,"E Midlands",1,0,0,0,"IPSL-IPSL-CM5A-MR_REMO2015","IPSL-IPSL-CM5A-MR.04"
"3045","IPSL-IPSL-CM5A-MR","REMO2015",1994,"E Midlands",1,0,0,0,"IPSL-IPSL-CM5A-MR_REMO2015","IPSL-IPSL-CM5A-MR.04"
"3046","IPSL-IPSL-CM5A-MR","REMO2015",1995,"E Midlands",1,0,0,0,"IPSL-IPSL-CM5A-MR_REMO2015","IPSL-IPSL-CM5A-MR.04"
"3047","IPSL-IPSL-CM5A-MR","REMO2015",1996,"E Midlands",1,0,0,0,"IPSL-IPSL-CM5A-MR_REMO2015","IPSL-IPSL-CM5A-MR.04"
"3048","IPSL-IPSL-CM5A-MR","REMO2015",1997,"E Midlands",1,0,0,0,"IPSL-IPSL-CM5A-MR_REMO2015","IPSL-IPSL-CM5A-MR.04"
"3049","IPSL-IPSL-CM5A-MR","REMO2015",1998,"E Midlands",1,0,0,0,"IPSL-IPSL-CM5A-MR_REMO2015","IPSL-IPSL-CM5A-MR.04"
"3050","IPSL-IPSL-CM5A-MR","REMO2015",1999,"E Midlands",1,0,0,0,"IPSL-IPSL-CM5A-MR_REMO2015","IPSL-IPSL-CM5A-MR.04"
"3051","IPSL-IPSL-CM5A-MR","REMO2015",2000,"E Midlands",1,0.00934579439252336,3,30.8937393824259,"IPSL-IPSL-CM5A-MR_REMO2015","IPSL-IPSL-CM5A-MR.04"
"3052","IPSL-IPSL-CM5A-MR","REMO2015",2001,"E Midlands",1,0,0,0,"IPSL-IPSL-CM5A-MR_REMO2015","IPSL-IPSL-CM5A-MR.04"
"3053","IPSL-IPSL-CM5A-MR","REMO2015",2002,"E Midlands",1,0,0,0,"IPSL-IPSL-CM5A-MR_REMO2015","IPSL-IPSL-CM5A-MR.04"
"3054","IPSL-IPSL-CM5A-MR","REMO2015",2003,"E Midlands",1,0,0,0,"IPSL-IPSL-CM5A-MR_REMO2015","IPSL-IPSL-CM5A-MR.04"
"3055","IPSL-IPSL-CM5A-MR","REMO2015",2004,"E Midlands",1,0,0,0,"IPSL-IPSL-CM5A-MR_REMO2015","IPSL-IPSL-CM5A-MR.04"
"3056","IPSL-IPSL-CM5A-MR","REMO2015",2005,"E Midlands",1,0,0,0,"IPSL-IPSL-CM5A-MR_REMO2015","IPSL-IPSL-CM5A-MR.04"
"3057","IPSL-IPSL-CM5A-MR","REMO2015",2006,"E Midlands",1,0,0,0,"IPSL-IPSL-CM5A-MR_REMO2015","IPSL-IPSL-CM5A-MR.04"
"3058","IPSL-IPSL-CM5A-MR","REMO2015",2007,"E Midlands",1,0.327102803738318,4.11428571428571,30.6492467421577,"IPSL-IPSL-CM5A-MR_REMO2015","IPSL-IPSL-CM5A-MR.04"
"3059","IPSL-IPSL-CM5A-MR","REMO2015",2008,"E Midlands",1,0,0,0,"IPSL-IPSL-CM5A-MR_REMO2015","IPSL-IPSL-CM5A-MR.04"
"3060","IPSL-IPSL-CM5A-MR","REMO2015",2009,"E Midlands",1,0,0,0,"IPSL-IPSL-CM5A-MR_REMO2015","IPSL-IPSL-CM5A-MR.04"
"3061","IPSL-IPSL-CM5A-MR","REMO2015",2010,"E Midlands",1,0,0,0,"IPSL-IPSL-CM5A-MR_REMO2015","IPSL-IPSL-CM5A-MR.04"
"3062","IPSL-IPSL-CM5A-MR","REMO2015",2011,"E Midlands",1,0.00934579439252336,3,30.4393231074015,"IPSL-IPSL-CM5A-MR_REMO2015","IPSL-IPSL-CM5A-MR.04"
"3063","IPSL-IPSL-CM5A-MR","REMO2015",2012,"E Midlands",1,0,0,0,"IPSL-IPSL-CM5A-MR_REMO2015","IPSL-IPSL-CM5A-MR.04"
"3064","IPSL-IPSL-CM5A-MR","REMO2015",2013,"E Midlands",1,0,0,0,"IPSL-IPSL-CM5A-MR_REMO2015","IPSL-IPSL-CM5A-MR.04"
"3065","IPSL-IPSL-CM5A-MR","REMO2015",2014,"E Midlands",1,0,0,0,"IPSL-IPSL-CM5A-MR_REMO2015","IPSL-IPSL-CM5A-MR.04"
"3066","IPSL-IPSL-CM5A-MR","REMO2015",2015,"E Midlands",1,0.439252336448598,4,31.265173718608,"IPSL-IPSL-CM5A-MR_REMO2015","IPSL-IPSL-CM5A-MR.04"
"3067","IPSL-IPSL-CM5A-MR","REMO2015",2016,"E Midlands",1,0,0,0,"IPSL-IPSL-CM5A-MR_REMO2015","IPSL-IPSL-CM5A-MR.04"
"3068","IPSL-IPSL-CM5A-MR","REMO2015",2017,"E Midlands",1,0,0,0,"IPSL-IPSL-CM5A-MR_REMO2015","IPSL-IPSL-CM5A-MR.04"
"3069","IPSL-IPSL-CM5A-MR","REMO2015",2018,"E Midlands",1,0,0,0,"IPSL-IPSL-CM5A-MR_REMO2015","IPSL-IPSL-CM5A-MR.04"
"3070","IPSL-IPSL-CM5A-MR","REMO2015",2019,"E Midlands",1,0,0,0,"IPSL-IPSL-CM5A-MR_REMO2015","IPSL-IPSL-CM5A-MR.04"
"3071","IPSL-IPSL-CM5A-MR","REMO2015",2020,"E Midlands",1,0,0,0,"IPSL-IPSL-CM5A-MR_REMO2015","IPSL-IPSL-CM5A-MR.04"
"3072","IPSL-IPSL-CM5A-MR","REMO2015",2021,"E Midlands",1,0,0,0,"IPSL-IPSL-CM5A-MR_REMO2015","IPSL-IPSL-CM5A-MR.04"
"3073","IPSL-IPSL-CM5A-MR","REMO2015",2022,"E Midlands",1,0,0,0,"IPSL-IPSL-CM5A-MR_REMO2015","IPSL-IPSL-CM5A-MR.04"
"3074","IPSL-IPSL-CM5A-MR","REMO2015",2023,"E Midlands",1,0,0,0,"IPSL-IPSL-CM5A-MR_REMO2015","IPSL-IPSL-CM5A-MR.04"
"3075","IPSL-IPSL-CM5A-MR","REMO2015",2024,"E Midlands",1,0,0,0,"IPSL-IPSL-CM5A-MR_REMO2015","IPSL-IPSL-CM5A-MR.04"
"3076","IPSL-IPSL-CM5A-MR","REMO2015",2025,"E Midlands",1,0,0,0,"IPSL-IPSL-CM5A-MR_REMO2015","IPSL-IPSL-CM5A-MR.04"
"3077","IPSL-IPSL-CM5A-MR","REMO2015",2026,"E Midlands",1,0,0,0,"IPSL-IPSL-CM5A-MR_REMO2015","IPSL-IPSL-CM5A-MR.04"
"3078","IPSL-IPSL-CM5A-MR","REMO2015",2027,"E Midlands",1,0.0373831775700935,3,31.7179694970449,"IPSL-IPSL-CM5A-MR_REMO2015","IPSL-IPSL-CM5A-MR.04"
"3079","IPSL-IPSL-CM5A-MR","REMO2015",2028,"E Midlands",1,0,0,0,"IPSL-IPSL-CM5A-MR_REMO2015","IPSL-IPSL-CM5A-MR.04"
"3080","IPSL-IPSL-CM5A-MR","REMO2015",2029,"E Midlands",1,0,0,0,"IPSL-IPSL-CM5A-MR_REMO2015","IPSL-IPSL-CM5A-MR.04"
"3081","IPSL-IPSL-CM5A-MR","REMO2015",2030,"E Midlands",1,0.00934579439252336,3,30.9788862864176,"IPSL-IPSL-CM5A-MR_REMO2015","IPSL-IPSL-CM5A-MR.04"
"3082","IPSL-IPSL-CM5A-MR","REMO2015",2031,"E Midlands",1,0,0,0,"IPSL-IPSL-CM5A-MR_REMO2015","IPSL-IPSL-CM5A-MR.04"
"3083","IPSL-IPSL-CM5A-MR","REMO2015",2032,"E Midlands",1,0,0,0,"IPSL-IPSL-CM5A-MR_REMO2015","IPSL-IPSL-CM5A-MR.04"
"3084","IPSL-IPSL-CM5A-MR","REMO2015",2033,"E Midlands",1,0,0,0,"IPSL-IPSL-CM5A-MR_REMO2015","IPSL-IPSL-CM5A-MR.04"
"3085","IPSL-IPSL-CM5A-MR","REMO2015",2034,"E Midlands",1,0,0,0,"IPSL-IPSL-CM5A-MR_REMO2015","IPSL-IPSL-CM5A-MR.04"
"3086","IPSL-IPSL-CM5A-MR","REMO2015",2035,"E Midlands",1,0,0,0,"IPSL-IPSL-CM5A-MR_REMO2015","IPSL-IPSL-CM5A-MR.04"
"3087","IPSL-IPSL-CM5A-MR","REMO2015",2036,"E Midlands",1,0.0467289719626168,4.2,30.8987229728699,"IPSL-IPSL-CM5A-MR_REMO2015","IPSL-IPSL-CM5A-MR.04"
"3088","IPSL-IPSL-CM5A-MR","REMO2015",2037,"E Midlands",1,0,0,0,"IPSL-IPSL-CM5A-MR_REMO2015","IPSL-IPSL-CM5A-MR.04"
"3089","IPSL-IPSL-CM5A-MR","REMO2015",2038,"E Midlands",1,0,0,0,"IPSL-IPSL-CM5A-MR_REMO2015","IPSL-IPSL-CM5A-MR.04"
"3090","IPSL-IPSL-CM5A-MR","REMO2015",2039,"E Midlands",1,0,0,0,"IPSL-IPSL-CM5A-MR_REMO2015","IPSL-IPSL-CM5A-MR.04"
"3091","IPSL-IPSL-CM5A-MR","REMO2015",2040,"E Midlands",1,0,0,0,"IPSL-IPSL-CM5A-MR_REMO2015","IPSL-IPSL-CM5A-MR.04"
"3092","IPSL-IPSL-CM5A-MR","REMO2015",2041,"E Midlands",1,0,0,0,"IPSL-IPSL-CM5A-MR_REMO2015","IPSL-IPSL-CM5A-MR.04"
"3093","IPSL-IPSL-CM5A-MR","REMO2015",2042,"E Midlands",1,0.0654205607476635,3.85714285714286,30.9064140910194,"IPSL-IPSL-CM5A-MR_REMO2015","IPSL-IPSL-CM5A-MR.04"
"3094","IPSL-IPSL-CM5A-MR","REMO2015",2043,"E Midlands",1,0,0,0,"IPSL-IPSL-CM5A-MR_REMO2015","IPSL-IPSL-CM5A-MR.04"
"3095","IPSL-IPSL-CM5A-MR","REMO2015",2044,"E Midlands",1,0,0,0,"IPSL-IPSL-CM5A-MR_REMO2015","IPSL-IPSL-CM5A-MR.04"
"3096","IPSL-IPSL-CM5A-MR","REMO2015",2045,"E Midlands",1,0,0,0,"IPSL-IPSL-CM5A-MR_REMO2015","IPSL-IPSL-CM5A-MR.04"
"3097","IPSL-IPSL-CM5A-MR","REMO2015",2046,"E Midlands",1,0,0,0,"IPSL-IPSL-CM5A-MR_REMO2015","IPSL-IPSL-CM5A-MR.04"
"3098","IPSL-IPSL-CM5A-MR","REMO2015",2047,"E Midlands",1,0,0,0,"IPSL-IPSL-CM5A-MR_REMO2015","IPSL-IPSL-CM5A-MR.04"
"3099","IPSL-IPSL-CM5A-MR","REMO2015",2048,"E Midlands",1,0,0,0,"IPSL-IPSL-CM5A-MR_REMO2015","IPSL-IPSL-CM5A-MR.04"
"3100","IPSL-IPSL-CM5A-MR","REMO2015",2049,"E Midlands",1,0,0,0,"IPSL-IPSL-CM5A-MR_REMO2015","IPSL-IPSL-CM5A-MR.04"
"3101","IPSL-IPSL-CM5A-MR","REMO2015",2050,"E Midlands",1,0,0,0,"IPSL-IPSL-CM5A-MR_REMO2015","IPSL-IPSL-CM5A-MR.04"
"3102","IPSL-IPSL-CM5A-MR","REMO2015",2051,"E Midlands",1,0.14018691588785,3,31.6863258785672,"IPSL-IPSL-CM5A-MR_REMO2015","IPSL-IPSL-CM5A-MR.04"
"3103","IPSL-IPSL-CM5A-MR","REMO2015",2052,"E Midlands",1,0,0,0,"IPSL-IPSL-CM5A-MR_REMO2015","IPSL-IPSL-CM5A-MR.04"
"3104","IPSL-IPSL-CM5A-MR","REMO2015",2053,"E Midlands",1,0,0,0,"IPSL-IPSL-CM5A-MR_REMO2015","IPSL-IPSL-CM5A-MR.04"
"3105","IPSL-IPSL-CM5A-MR","REMO2015",2054,"E Midlands",1,0.757009345794392,3,33.5838708602842,"IPSL-IPSL-CM5A-MR_REMO2015","IPSL-IPSL-CM5A-MR.04"
"3106","IPSL-IPSL-CM5A-MR","REMO2015",2055,"E Midlands",1,1.72897196261682,4.20540540540541,32.5141544763032,"IPSL-IPSL-CM5A-MR_REMO2015","IPSL-IPSL-CM5A-MR.04"
"3107","IPSL-IPSL-CM5A-MR","REMO2015",2056,"E Midlands",1,0.0280373831775701,3,31.277562989129,"IPSL-IPSL-CM5A-MR_REMO2015","IPSL-IPSL-CM5A-MR.04"
"3108","IPSL-IPSL-CM5A-MR","REMO2015",2057,"E Midlands",1,0,0,0,"IPSL-IPSL-CM5A-MR_REMO2015","IPSL-IPSL-CM5A-MR.04"
"3109","IPSL-IPSL-CM5A-MR","REMO2015",2058,"E Midlands",1,0,0,0,"IPSL-IPSL-CM5A-MR_REMO2015","IPSL-IPSL-CM5A-MR.04"
"3110","IPSL-IPSL-CM5A-MR","REMO2015",2059,"E Midlands",1,0,0,0,"IPSL-IPSL-CM5A-MR_REMO2015","IPSL-IPSL-CM5A-MR.04"
"3111","IPSL-IPSL-CM5A-MR","REMO2015",2060,"E Midlands",1,0,0,0,"IPSL-IPSL-CM5A-MR_REMO2015","IPSL-IPSL-CM5A-MR.04"
"3112","IPSL-IPSL-CM5A-MR","REMO2015",2061,"E Midlands",1,0,0,0,"IPSL-IPSL-CM5A-MR_REMO2015","IPSL-IPSL-CM5A-MR.04"
"3113","IPSL-IPSL-CM5A-MR","REMO2015",2062,"E Midlands",1,0.0373831775700935,3,32.9908343950907,"IPSL-IPSL-CM5A-MR_REMO2015","IPSL-IPSL-CM5A-MR.04"
"3114","IPSL-IPSL-CM5A-MR","REMO2015",2063,"E Midlands",1,0.869158878504673,3.12903225806452,35.6610813286142,"IPSL-IPSL-CM5A-MR_REMO2015","IPSL-IPSL-CM5A-MR.04"
"3115","IPSL-IPSL-CM5A-MR","REMO2015",2064,"E Midlands",1,0,0,0,"IPSL-IPSL-CM5A-MR_REMO2015","IPSL-IPSL-CM5A-MR.04"
"3116","IPSL-IPSL-CM5A-MR","REMO2015",2065,"E Midlands",1,0,0,0,"IPSL-IPSL-CM5A-MR_REMO2015","IPSL-IPSL-CM5A-MR.04"
"3117","IPSL-IPSL-CM5A-MR","REMO2015",2066,"E Midlands",1,0.420560747663551,3.73333333333333,31.4335281831247,"IPSL-IPSL-CM5A-MR_REMO2015","IPSL-IPSL-CM5A-MR.04"
"3118","IPSL-IPSL-CM5A-MR","REMO2015",2067,"E Midlands",1,0.448598130841121,3.45833333333333,31.060600274139,"IPSL-IPSL-CM5A-MR_REMO2015","IPSL-IPSL-CM5A-MR.04"
"3119","IPSL-IPSL-CM5A-MR","REMO2015",2068,"E Midlands",1,0,0,0,"IPSL-IPSL-CM5A-MR_REMO2015","IPSL-IPSL-CM5A-MR.04"
"3120","IPSL-IPSL-CM5A-MR","REMO2015",2069,"E Midlands",1,0,0,0,"IPSL-IPSL-CM5A-MR_REMO2015","IPSL-IPSL-CM5A-MR.04"
"3121","IPSL-IPSL-CM5A-MR","REMO2015",2070,"E Midlands",1,0,0,0,"IPSL-IPSL-CM5A-MR_REMO2015","IPSL-IPSL-CM5A-MR.04"
"3122","IPSL-IPSL-CM5A-MR","REMO2015",2071,"E Midlands",1,0,0,0,"IPSL-IPSL-CM5A-MR_REMO2015","IPSL-IPSL-CM5A-MR.04"
"3123","IPSL-IPSL-CM5A-MR","REMO2015",2072,"E Midlands",1,0,0,0,"IPSL-IPSL-CM5A-MR_REMO2015","IPSL-IPSL-CM5A-MR.04"
"3124","IPSL-IPSL-CM5A-MR","REMO2015",2073,"E Midlands",1,0.345794392523364,3.02702702702703,31.1048660750862,"IPSL-IPSL-CM5A-MR_REMO2015","IPSL-IPSL-CM5A-MR.04"
"3125","IPSL-IPSL-CM5A-MR","REMO2015",2074,"E Midlands",1,0.392523364485981,3.69047619047619,33.9081293726724,"IPSL-IPSL-CM5A-MR_REMO2015","IPSL-IPSL-CM5A-MR.04"
"3126","IPSL-IPSL-CM5A-MR","REMO2015",2075,"E Midlands",1,0.616822429906542,3.01515151515152,32.1804323340907,"IPSL-IPSL-CM5A-MR_REMO2015","IPSL-IPSL-CM5A-MR.04"
"3127","IPSL-IPSL-CM5A-MR","REMO2015",2076,"E Midlands",1,0.0373831775700935,3,32.014088789622,"IPSL-IPSL-CM5A-MR_REMO2015","IPSL-IPSL-CM5A-MR.04"
"3128","IPSL-IPSL-CM5A-MR","REMO2015",2077,"E Midlands",1,0,0,0,"IPSL-IPSL-CM5A-MR_REMO2015","IPSL-IPSL-CM5A-MR.04"
"3129","IPSL-IPSL-CM5A-MR","REMO2015",2078,"E Midlands",1,0,0,0,"IPSL-IPSL-CM5A-MR_REMO2015","IPSL-IPSL-CM5A-MR.04"
"3130","IPSL-IPSL-CM5A-MR","REMO2015",2079,"E Midlands",1,0.504672897196262,3.14814814814815,33.2996642574852,"IPSL-IPSL-CM5A-MR_REMO2015","IPSL-IPSL-CM5A-MR.04"
"3131","IPSL-IPSL-CM5A-MR","REMO2015",2080,"E Midlands",1,0,0,0,"IPSL-IPSL-CM5A-MR_REMO2015","IPSL-IPSL-CM5A-MR.04"
"3132","IPSL-IPSL-CM5A-MR","WRF381P",1980,"E Midlands",1,0,0,0,"IPSL-IPSL-CM5A-MR_WRF381P","IPSL-IPSL-CM5A-MR.05"
"3133","IPSL-IPSL-CM5A-MR","WRF381P",1981,"E Midlands",1,0,0,0,"IPSL-IPSL-CM5A-MR_WRF381P","IPSL-IPSL-CM5A-MR.05"
"3134","IPSL-IPSL-CM5A-MR","WRF381P",1982,"E Midlands",1,0,0,0,"IPSL-IPSL-CM5A-MR_WRF381P","IPSL-IPSL-CM5A-MR.05"
"3135","IPSL-IPSL-CM5A-MR","WRF381P",1983,"E Midlands",1,0,0,0,"IPSL-IPSL-CM5A-MR_WRF381P","IPSL-IPSL-CM5A-MR.05"
"3136","IPSL-IPSL-CM5A-MR","WRF381P",1984,"E Midlands",1,0,0,0,"IPSL-IPSL-CM5A-MR_WRF381P","IPSL-IPSL-CM5A-MR.05"
"3137","IPSL-IPSL-CM5A-MR","WRF381P",1985,"E Midlands",1,0,0,0,"IPSL-IPSL-CM5A-MR_WRF381P","IPSL-IPSL-CM5A-MR.05"
"3138","IPSL-IPSL-CM5A-MR","WRF381P",1986,"E Midlands",1,0,0,0,"IPSL-IPSL-CM5A-MR_WRF381P","IPSL-IPSL-CM5A-MR.05"
"3139","IPSL-IPSL-CM5A-MR","WRF381P",1987,"E Midlands",1,0.775700934579439,4.07228915662651,32.0379180885907,"IPSL-IPSL-CM5A-MR_WRF381P","IPSL-IPSL-CM5A-MR.05"
"3140","IPSL-IPSL-CM5A-MR","WRF381P",1988,"E Midlands",1,0,0,0,"IPSL-IPSL-CM5A-MR_WRF381P","IPSL-IPSL-CM5A-MR.05"
"3141","IPSL-IPSL-CM5A-MR","WRF381P",1989,"E Midlands",1,0,0,0,"IPSL-IPSL-CM5A-MR_WRF381P","IPSL-IPSL-CM5A-MR.05"
"3142","IPSL-IPSL-CM5A-MR","WRF381P",1990,"E Midlands",1,0.233644859813084,3,30.8282154591878,"IPSL-IPSL-CM5A-MR_WRF381P","IPSL-IPSL-CM5A-MR.05"
"3143","IPSL-IPSL-CM5A-MR","WRF381P",1991,"E Midlands",1,0,0,0,"IPSL-IPSL-CM5A-MR_WRF381P","IPSL-IPSL-CM5A-MR.05"
"3144","IPSL-IPSL-CM5A-MR","WRF381P",1992,"E Midlands",1,0,0,0,"IPSL-IPSL-CM5A-MR_WRF381P","IPSL-IPSL-CM5A-MR.05"
"3145","IPSL-IPSL-CM5A-MR","WRF381P",1993,"E Midlands",1,0,0,0,"IPSL-IPSL-CM5A-MR_WRF381P","IPSL-IPSL-CM5A-MR.05"
"3146","IPSL-IPSL-CM5A-MR","WRF381P",1994,"E Midlands",1,0,0,0,"IPSL-IPSL-CM5A-MR_WRF381P","IPSL-IPSL-CM5A-MR.05"
"3147","IPSL-IPSL-CM5A-MR","WRF381P",1995,"E Midlands",1,0,0,0,"IPSL-IPSL-CM5A-MR_WRF381P","IPSL-IPSL-CM5A-MR.05"
"3148","IPSL-IPSL-CM5A-MR","WRF381P",1996,"E Midlands",1,0.420560747663551,3.62222222222222,31.1817859215207,"IPSL-IPSL-CM5A-MR_WRF381P","IPSL-IPSL-CM5A-MR.05"
"3149","IPSL-IPSL-CM5A-MR","WRF381P",1997,"E Midlands",1,0.654205607476635,4.24285714285714,31.3197109569822,"IPSL-IPSL-CM5A-MR_WRF381P","IPSL-IPSL-CM5A-MR.05"
"3150","IPSL-IPSL-CM5A-MR","WRF381P",1998,"E Midlands",1,0,0,0,"IPSL-IPSL-CM5A-MR_WRF381P","IPSL-IPSL-CM5A-MR.05"
"3151","IPSL-IPSL-CM5A-MR","WRF381P",1999,"E Midlands",1,0,0,0,"IPSL-IPSL-CM5A-MR_WRF381P","IPSL-IPSL-CM5A-MR.05"
"3152","IPSL-IPSL-CM5A-MR","WRF381P",2000,"E Midlands",1,0,0,0,"IPSL-IPSL-CM5A-MR_WRF381P","IPSL-IPSL-CM5A-MR.05"
"3153","IPSL-IPSL-CM5A-MR","WRF381P",2001,"E Midlands",1,0,0,0,"IPSL-IPSL-CM5A-MR_WRF381P","IPSL-IPSL-CM5A-MR.05"
"3154","IPSL-IPSL-CM5A-MR","WRF381P",2002,"E Midlands",1,0.0747663551401869,3,30.671560883522,"IPSL-IPSL-CM5A-MR_WRF381P","IPSL-IPSL-CM5A-MR.05"
"3155","IPSL-IPSL-CM5A-MR","WRF381P",2003,"E Midlands",1,1.7196261682243,5.04347826086957,33.4152550705101,"IPSL-IPSL-CM5A-MR_WRF381P","IPSL-IPSL-CM5A-MR.05"
"3156","IPSL-IPSL-CM5A-MR","WRF381P",2004,"E Midlands",1,0,0,0,"IPSL-IPSL-CM5A-MR_WRF381P","IPSL-IPSL-CM5A-MR.05"
"3157","IPSL-IPSL-CM5A-MR","WRF381P",2005,"E Midlands",1,0.121495327102804,3,30.9507317909828,"IPSL-IPSL-CM5A-MR_WRF381P","IPSL-IPSL-CM5A-MR.05"
"3158","IPSL-IPSL-CM5A-MR","WRF381P",2006,"E Midlands",1,0,0,0,"IPSL-IPSL-CM5A-MR_WRF381P","IPSL-IPSL-CM5A-MR.05"
"3159","IPSL-IPSL-CM5A-MR","WRF381P",2007,"E Midlands",1,0,0,0,"IPSL-IPSL-CM5A-MR_WRF381P","IPSL-IPSL-CM5A-MR.05"
"3160","IPSL-IPSL-CM5A-MR","WRF381P",2008,"E Midlands",1,0.0747663551401869,3,31.0441661675771,"IPSL-IPSL-CM5A-MR_WRF381P","IPSL-IPSL-CM5A-MR.05"
"3161","IPSL-IPSL-CM5A-MR","WRF381P",2009,"E Midlands",1,0.0186915887850467,3,31.3479318618774,"IPSL-IPSL-CM5A-MR_WRF381P","IPSL-IPSL-CM5A-MR.05"
"3162","IPSL-IPSL-CM5A-MR","WRF381P",2010,"E Midlands",1,0,0,0,"IPSL-IPSL-CM5A-MR_WRF381P","IPSL-IPSL-CM5A-MR.05"
"3163","IPSL-IPSL-CM5A-MR","WRF381P",2011,"E Midlands",1,0,0,0,"IPSL-IPSL-CM5A-MR_WRF381P","IPSL-IPSL-CM5A-MR.05"
"3164","IPSL-IPSL-CM5A-MR","WRF381P",2012,"E Midlands",1,0,0,0,"IPSL-IPSL-CM5A-MR_WRF381P","IPSL-IPSL-CM5A-MR.05"
"3165","IPSL-IPSL-CM5A-MR","WRF381P",2013,"E Midlands",1,0.327102803738318,4.02857142857143,30.9327384371336,"IPSL-IPSL-CM5A-MR_WRF381P","IPSL-IPSL-CM5A-MR.05"
"3166","IPSL-IPSL-CM5A-MR","WRF381P",2014,"E Midlands",1,1.50467289719626,3.95652173913043,31.7751090618394,"IPSL-IPSL-CM5A-MR_WRF381P","IPSL-IPSL-CM5A-MR.05"
"3167","IPSL-IPSL-CM5A-MR","WRF381P",2015,"E Midlands",1,1.46728971962617,3,33.2518152431318,"IPSL-IPSL-CM5A-MR_WRF381P","IPSL-IPSL-CM5A-MR.05"
"3168","IPSL-IPSL-CM5A-MR","WRF381P",2016,"E Midlands",1,0.635514018691589,3.29411764705882,31.2936652473375,"IPSL-IPSL-CM5A-MR_WRF381P","IPSL-IPSL-CM5A-MR.05"
"3169","IPSL-IPSL-CM5A-MR","WRF381P",2017,"E Midlands",1,0,0,0,"IPSL-IPSL-CM5A-MR_WRF381P","IPSL-IPSL-CM5A-MR.05"
"3170","IPSL-IPSL-CM5A-MR","WRF381P",2018,"E Midlands",1,0,0,0,"IPSL-IPSL-CM5A-MR_WRF381P","IPSL-IPSL-CM5A-MR.05"
"3171","IPSL-IPSL-CM5A-MR","WRF381P",2019,"E Midlands",1,1.86915887850467,5.42,33.9228972651845,"IPSL-IPSL-CM5A-MR_WRF381P","IPSL-IPSL-CM5A-MR.05"
"3172","IPSL-IPSL-CM5A-MR","WRF381P",2020,"E Midlands",1,0.906542056074766,4.61855670103093,33.2877764601888,"IPSL-IPSL-CM5A-MR_WRF381P","IPSL-IPSL-CM5A-MR.05"
"3173","IPSL-IPSL-CM5A-MR","WRF381P",2021,"E Midlands",1,0.97196261682243,4.59615384615385,31.6265120474192,"IPSL-IPSL-CM5A-MR_WRF381P","IPSL-IPSL-CM5A-MR.05"
"3174","IPSL-IPSL-CM5A-MR","WRF381P",2022,"E Midlands",1,0.981308411214953,6.11428571428571,33.0727984270486,"IPSL-IPSL-CM5A-MR_WRF381P","IPSL-IPSL-CM5A-MR.05"
"3175","IPSL-IPSL-CM5A-MR","WRF381P",2023,"E Midlands",1,0,0,0,"IPSL-IPSL-CM5A-MR_WRF381P","IPSL-IPSL-CM5A-MR.05"
"3176","IPSL-IPSL-CM5A-MR","WRF381P",2024,"E Midlands",1,0.242990654205607,3,31.4084312854669,"IPSL-IPSL-CM5A-MR_WRF381P","IPSL-IPSL-CM5A-MR.05"
"3177","IPSL-IPSL-CM5A-MR","WRF381P",2025,"E Midlands",1,0,0,0,"IPSL-IPSL-CM5A-MR_WRF381P","IPSL-IPSL-CM5A-MR.05"
"3178","IPSL-IPSL-CM5A-MR","WRF381P",2026,"E Midlands",1,0,0,0,"IPSL-IPSL-CM5A-MR_WRF381P","IPSL-IPSL-CM5A-MR.05"
"3179","IPSL-IPSL-CM5A-MR","WRF381P",2027,"E Midlands",1,0,0,0,"IPSL-IPSL-CM5A-MR_WRF381P","IPSL-IPSL-CM5A-MR.05"
"3180","IPSL-IPSL-CM5A-MR","WRF381P",2028,"E Midlands",1,0,0,0,"IPSL-IPSL-CM5A-MR_WRF381P","IPSL-IPSL-CM5A-MR.05"
"3181","IPSL-IPSL-CM5A-MR","WRF381P",2029,"E Midlands",1,0,0,0,"IPSL-IPSL-CM5A-MR_WRF381P","IPSL-IPSL-CM5A-MR.05"
"3182","IPSL-IPSL-CM5A-MR","WRF381P",2030,"E Midlands",1,0.663551401869159,5.63380281690141,33.0114319003351,"IPSL-IPSL-CM5A-MR_WRF381P","IPSL-IPSL-CM5A-MR.05"
"3183","IPSL-IPSL-CM5A-MR","WRF381P",2031,"E Midlands",1,0,0,0,"IPSL-IPSL-CM5A-MR_WRF381P","IPSL-IPSL-CM5A-MR.05"
"3184","IPSL-IPSL-CM5A-MR","WRF381P",2032,"E Midlands",1,0,0,0,"IPSL-IPSL-CM5A-MR_WRF381P","IPSL-IPSL-CM5A-MR.05"
"3185","IPSL-IPSL-CM5A-MR","WRF381P",2033,"E Midlands",1,0.121495327102804,3,31.3621737162272,"IPSL-IPSL-CM5A-MR_WRF381P","IPSL-IPSL-CM5A-MR.05"
"3186","IPSL-IPSL-CM5A-MR","WRF381P",2034,"E Midlands",1,0,0,0,"IPSL-IPSL-CM5A-MR_WRF381P","IPSL-IPSL-CM5A-MR.05"
"3187","IPSL-IPSL-CM5A-MR","WRF381P",2035,"E Midlands",1,0.158878504672897,3.41176470588235,31.9393558361951,"IPSL-IPSL-CM5A-MR_WRF381P","IPSL-IPSL-CM5A-MR.05"
"3188","IPSL-IPSL-CM5A-MR","WRF381P",2036,"E Midlands",1,0.0934579439252336,3,31.0703875541687,"IPSL-IPSL-CM5A-MR_WRF381P","IPSL-IPSL-CM5A-MR.05"
"3189","IPSL-IPSL-CM5A-MR","WRF381P",2037,"E Midlands",1,0.0373831775700935,3,31.1800158818563,"IPSL-IPSL-CM5A-MR_WRF381P","IPSL-IPSL-CM5A-MR.05"
"3190","IPSL-IPSL-CM5A-MR","WRF381P",2038,"E Midlands",1,0.0280373831775701,3.33333333333333,32.539289077123,"IPSL-IPSL-CM5A-MR_WRF381P","IPSL-IPSL-CM5A-MR.05"
"3191","IPSL-IPSL-CM5A-MR","WRF381P",2039,"E Midlands",1,0.0467289719626168,3.4,31.0984113534292,"IPSL-IPSL-CM5A-MR_WRF381P","IPSL-IPSL-CM5A-MR.05"
"3192","IPSL-IPSL-CM5A-MR","WRF381P",2040,"E Midlands",1,0,0,0,"IPSL-IPSL-CM5A-MR_WRF381P","IPSL-IPSL-CM5A-MR.05"
"3193","IPSL-IPSL-CM5A-MR","WRF381P",2041,"E Midlands",1,0,0,0,"IPSL-IPSL-CM5A-MR_WRF381P","IPSL-IPSL-CM5A-MR.05"
"3194","IPSL-IPSL-CM5A-MR","WRF381P",2042,"E Midlands",1,0,0,0,"IPSL-IPSL-CM5A-MR_WRF381P","IPSL-IPSL-CM5A-MR.05"
"3195","IPSL-IPSL-CM5A-MR","WRF381P",2043,"E Midlands",1,0,0,0,"IPSL-IPSL-CM5A-MR_WRF381P","IPSL-IPSL-CM5A-MR.05"
"3196","IPSL-IPSL-CM5A-MR","WRF381P",2044,"E Midlands",1,0,0,0,"IPSL-IPSL-CM5A-MR_WRF381P","IPSL-IPSL-CM5A-MR.05"
"3197","IPSL-IPSL-CM5A-MR","WRF381P",2045,"E Midlands",1,0.831775700934579,3.50561797752809,32.4300251891104,"IPSL-IPSL-CM5A-MR_WRF381P","IPSL-IPSL-CM5A-MR.05"
"3198","IPSL-IPSL-CM5A-MR","WRF381P",2046,"E Midlands",1,0.588785046728972,3,31.3759482550243,"IPSL-IPSL-CM5A-MR_WRF381P","IPSL-IPSL-CM5A-MR.05"
"3199","IPSL-IPSL-CM5A-MR","WRF381P",2047,"E Midlands",1,0,0,0,"IPSL-IPSL-CM5A-MR_WRF381P","IPSL-IPSL-CM5A-MR.05"
"3200","IPSL-IPSL-CM5A-MR","WRF381P",2048,"E Midlands",1,0.186915887850467,3,32.6058866024017,"IPSL-IPSL-CM5A-MR_WRF381P","IPSL-IPSL-CM5A-MR.05"
"3201","IPSL-IPSL-CM5A-MR","WRF381P",2049,"E Midlands",1,0,0,0,"IPSL-IPSL-CM5A-MR_WRF381P","IPSL-IPSL-CM5A-MR.05"
"3202","IPSL-IPSL-CM5A-MR","WRF381P",2050,"E Midlands",1,0.196261682242991,3.9047619047619,31.9253432924785,"IPSL-IPSL-CM5A-MR_WRF381P","IPSL-IPSL-CM5A-MR.05"
"3203","IPSL-IPSL-CM5A-MR","WRF381P",2051,"E Midlands",1,0.364485981308411,3.30769230769231,31.716345711651,"IPSL-IPSL-CM5A-MR_WRF381P","IPSL-IPSL-CM5A-MR.05"
"3204","IPSL-IPSL-CM5A-MR","WRF381P",2052,"E Midlands",1,0,0,0,"IPSL-IPSL-CM5A-MR_WRF381P","IPSL-IPSL-CM5A-MR.05"
"3205","IPSL-IPSL-CM5A-MR","WRF381P",2053,"E Midlands",1,0.757009345794392,4.51851851851852,31.238800135169,"IPSL-IPSL-CM5A-MR_WRF381P","IPSL-IPSL-CM5A-MR.05"
"3206","IPSL-IPSL-CM5A-MR","WRF381P",2054,"E Midlands",1,0.401869158878505,3.41860465116279,33.2440920504489,"IPSL-IPSL-CM5A-MR_WRF381P","IPSL-IPSL-CM5A-MR.05"
"3207","IPSL-IPSL-CM5A-MR","WRF381P",2055,"E Midlands",1,1.18691588785047,5.41732283464567,31.951398051612,"IPSL-IPSL-CM5A-MR_WRF381P","IPSL-IPSL-CM5A-MR.05"
"3208","IPSL-IPSL-CM5A-MR","WRF381P",2056,"E Midlands",1,0.271028037383178,3,31.2094998195254,"IPSL-IPSL-CM5A-MR_WRF381P","IPSL-IPSL-CM5A-MR.05"
"3209","IPSL-IPSL-CM5A-MR","WRF381P",2057,"E Midlands",1,0.495327102803738,3.92452830188679,31.1422218757605,"IPSL-IPSL-CM5A-MR_WRF381P","IPSL-IPSL-CM5A-MR.05"
"3210","IPSL-IPSL-CM5A-MR","WRF381P",2058,"E Midlands",1,0.803738317757009,4.91860465116279,32.504737402672,"IPSL-IPSL-CM5A-MR_WRF381P","IPSL-IPSL-CM5A-MR.05"
"3211","IPSL-IPSL-CM5A-MR","WRF381P",2059,"E Midlands",1,0,0,0,"IPSL-IPSL-CM5A-MR_WRF381P","IPSL-IPSL-CM5A-MR.05"
"3212","IPSL-IPSL-CM5A-MR","WRF381P",2060,"E Midlands",1,0.0560747663551402,3.16666666666667,30.6517381403181,"IPSL-IPSL-CM5A-MR_WRF381P","IPSL-IPSL-CM5A-MR.05"
"3213","IPSL-IPSL-CM5A-MR","WRF381P",2061,"E Midlands",1,0.289719626168224,3,33.5229242899085,"IPSL-IPSL-CM5A-MR_WRF381P","IPSL-IPSL-CM5A-MR.05"
"3214","IPSL-IPSL-CM5A-MR","WRF381P",2062,"E Midlands",1,1.1214953271028,4.625,32.7839339224497,"IPSL-IPSL-CM5A-MR_WRF381P","IPSL-IPSL-CM5A-MR.05"
"3215","IPSL-IPSL-CM5A-MR","WRF381P",2063,"E Midlands",1,0,0,0,"IPSL-IPSL-CM5A-MR_WRF381P","IPSL-IPSL-CM5A-MR.05"
"3216","IPSL-IPSL-CM5A-MR","WRF381P",2064,"E Midlands",1,1.46728971962617,3.43949044585987,33.0496021461082,"IPSL-IPSL-CM5A-MR_WRF381P","IPSL-IPSL-CM5A-MR.05"
"3217","IPSL-IPSL-CM5A-MR","WRF381P",2065,"E Midlands",1,0,0,0,"IPSL-IPSL-CM5A-MR_WRF381P","IPSL-IPSL-CM5A-MR.05"
"3218","IPSL-IPSL-CM5A-MR","WRF381P",2066,"E Midlands",1,0.271028037383178,3.24137931034483,31.3801502167493,"IPSL-IPSL-CM5A-MR_WRF381P","IPSL-IPSL-CM5A-MR.05"
"3219","IPSL-IPSL-CM5A-MR","WRF381P",2067,"E Midlands",1,0.00934579439252336,3,31.0166002909342,"IPSL-IPSL-CM5A-MR_WRF381P","IPSL-IPSL-CM5A-MR.05"
"3220","IPSL-IPSL-CM5A-MR","WRF381P",2068,"E Midlands",1,0.981308411214953,3.81904761904762,32.3986082803635,"IPSL-IPSL-CM5A-MR_WRF381P","IPSL-IPSL-CM5A-MR.05"
"3221","IPSL-IPSL-CM5A-MR","WRF381P",2069,"E Midlands",1,0.00934579439252336,3,33.5722014109294,"IPSL-IPSL-CM5A-MR_WRF381P","IPSL-IPSL-CM5A-MR.05"
"3222","IPSL-IPSL-CM5A-MR","WRF381P",2070,"E Midlands",1,0.663551401869159,3.30985915492958,31.9431188487111,"IPSL-IPSL-CM5A-MR_WRF381P","IPSL-IPSL-CM5A-MR.05"
"3223","IPSL-IPSL-CM5A-MR","WRF381P",2071,"E Midlands",1,0.757009345794392,4.59259259259259,32.7998302542133,"IPSL-IPSL-CM5A-MR_WRF381P","IPSL-IPSL-CM5A-MR.05"
"3224","IPSL-IPSL-CM5A-MR","WRF381P",2072,"E Midlands",1,0.0841121495327103,3.55555555555556,30.6626034136172,"IPSL-IPSL-CM5A-MR_WRF381P","IPSL-IPSL-CM5A-MR.05"
"3225","IPSL-IPSL-CM5A-MR","WRF381P",2073,"E Midlands",1,0.0934579439252336,3.4,30.6550084908803,"IPSL-IPSL-CM5A-MR_WRF381P","IPSL-IPSL-CM5A-MR.05"
"3226","IPSL-IPSL-CM5A-MR","WRF381P",2074,"E Midlands",1,0,0,0,"IPSL-IPSL-CM5A-MR_WRF381P","IPSL-IPSL-CM5A-MR.05"
"3227","IPSL-IPSL-CM5A-MR","WRF381P",2075,"E Midlands",1,1.68224299065421,4.22777777777778,31.7600582083066,"IPSL-IPSL-CM5A-MR_WRF381P","IPSL-IPSL-CM5A-MR.05"
"3228","IPSL-IPSL-CM5A-MR","WRF381P",2076,"E Midlands",1,0.0186915887850467,3.5,32.7821569442749,"IPSL-IPSL-CM5A-MR_WRF381P","IPSL-IPSL-CM5A-MR.05"
"3229","IPSL-IPSL-CM5A-MR","WRF381P",2077,"E Midlands",1,0,0,0,"IPSL-IPSL-CM5A-MR_WRF381P","IPSL-IPSL-CM5A-MR.05"
"3230","IPSL-IPSL-CM5A-MR","WRF381P",2078,"E Midlands",1,0,0,0,"IPSL-IPSL-CM5A-MR_WRF381P","IPSL-IPSL-CM5A-MR.05"
"3231","IPSL-IPSL-CM5A-MR","WRF381P",2079,"E Midlands",1,0.700934579439252,4.24,32.0658646102481,"IPSL-IPSL-CM5A-MR_WRF381P","IPSL-IPSL-CM5A-MR.05"
"3232","IPSL-IPSL-CM5A-MR","WRF381P",2080,"E Midlands",1,0,0,0,"IPSL-IPSL-CM5A-MR_WRF381P","IPSL-IPSL-CM5A-MR.05"
"3233","MOHC-HadGEM2-ES","ALADIN63",1980,"E Midlands",1,0,0,0,"MOHC-HadGEM2-ES_ALADIN63","MOHC-HadGEM2-ES.01"
"3234","MOHC-HadGEM2-ES","ALADIN63",1981,"E Midlands",1,0,0,0,"MOHC-HadGEM2-ES_ALADIN63","MOHC-HadGEM2-ES.01"
"3235","MOHC-HadGEM2-ES","ALADIN63",1982,"E Midlands",1,0,0,0,"MOHC-HadGEM2-ES_ALADIN63","MOHC-HadGEM2-ES.01"
"3236","MOHC-HadGEM2-ES","ALADIN63",1983,"E Midlands",1,0,0,0,"MOHC-HadGEM2-ES_ALADIN63","MOHC-HadGEM2-ES.01"
"3237","MOHC-HadGEM2-ES","ALADIN63",1984,"E Midlands",1,0.841121495327103,4.44444444444444,34.1076725396151,"MOHC-HadGEM2-ES_ALADIN63","MOHC-HadGEM2-ES.01"
"3238","MOHC-HadGEM2-ES","ALADIN63",1985,"E Midlands",1,0,0,0,"MOHC-HadGEM2-ES_ALADIN63","MOHC-HadGEM2-ES.01"
"3239","MOHC-HadGEM2-ES","ALADIN63",1986,"E Midlands",1,0,0,0,"MOHC-HadGEM2-ES_ALADIN63","MOHC-HadGEM2-ES.01"
"3240","MOHC-HadGEM2-ES","ALADIN63",1987,"E Midlands",1,0,0,0,"MOHC-HadGEM2-ES_ALADIN63","MOHC-HadGEM2-ES.01"
"3241","MOHC-HadGEM2-ES","ALADIN63",1988,"E Midlands",1,0.392523364485981,3,31.7492410720341,"MOHC-HadGEM2-ES_ALADIN63","MOHC-HadGEM2-ES.01"
"3242","MOHC-HadGEM2-ES","ALADIN63",1989,"E Midlands",1,0,0,0,"MOHC-HadGEM2-ES_ALADIN63","MOHC-HadGEM2-ES.01"
"3243","MOHC-HadGEM2-ES","ALADIN63",1990,"E Midlands",1,0,0,0,"MOHC-HadGEM2-ES_ALADIN63","MOHC-HadGEM2-ES.01"
"3244","MOHC-HadGEM2-ES","ALADIN63",1991,"E Midlands",1,0,0,0,"MOHC-HadGEM2-ES_ALADIN63","MOHC-HadGEM2-ES.01"
"3245","MOHC-HadGEM2-ES","ALADIN63",1992,"E Midlands",1,0,0,0,"MOHC-HadGEM2-ES_ALADIN63","MOHC-HadGEM2-ES.01"
"3246","MOHC-HadGEM2-ES","ALADIN63",1993,"E Midlands",1,0,0,0,"MOHC-HadGEM2-ES_ALADIN63","MOHC-HadGEM2-ES.01"
"3247","MOHC-HadGEM2-ES","ALADIN63",1994,"E Midlands",1,0,0,0,"MOHC-HadGEM2-ES_ALADIN63","MOHC-HadGEM2-ES.01"
"3248","MOHC-HadGEM2-ES","ALADIN63",1995,"E Midlands",1,0,0,0,"MOHC-HadGEM2-ES_ALADIN63","MOHC-HadGEM2-ES.01"
"3249","MOHC-HadGEM2-ES","ALADIN63",1996,"E Midlands",1,0.831775700934579,5.43820224719101,34.1889236405548,"MOHC-HadGEM2-ES_ALADIN63","MOHC-HadGEM2-ES.01"
"3250","MOHC-HadGEM2-ES","ALADIN63",1997,"E Midlands",1,0.514018691588785,3.30909090909091,32.1971602801121,"MOHC-HadGEM2-ES_ALADIN63","MOHC-HadGEM2-ES.01"
"3251","MOHC-HadGEM2-ES","ALADIN63",1998,"E Midlands",1,0,0,0,"MOHC-HadGEM2-ES_ALADIN63","MOHC-HadGEM2-ES.01"
"3252","MOHC-HadGEM2-ES","ALADIN63",1999,"E Midlands",1,0,0,0,"MOHC-HadGEM2-ES_ALADIN63","MOHC-HadGEM2-ES.01"
"3253","MOHC-HadGEM2-ES","ALADIN63",2000,"E Midlands",1,0,0,0,"MOHC-HadGEM2-ES_ALADIN63","MOHC-HadGEM2-ES.01"
"3254","MOHC-HadGEM2-ES","ALADIN63",2001,"E Midlands",1,0,0,0,"MOHC-HadGEM2-ES_ALADIN63","MOHC-HadGEM2-ES.01"
"3255","MOHC-HadGEM2-ES","ALADIN63",2002,"E Midlands",1,0.289719626168224,3.09677419354839,32.6193474979811,"MOHC-HadGEM2-ES_ALADIN63","MOHC-HadGEM2-ES.01"
"3256","MOHC-HadGEM2-ES","ALADIN63",2003,"E Midlands",1,0,0,0,"MOHC-HadGEM2-ES_ALADIN63","MOHC-HadGEM2-ES.01"
"3257","MOHC-HadGEM2-ES","ALADIN63",2004,"E Midlands",1,0,0,0,"MOHC-HadGEM2-ES_ALADIN63","MOHC-HadGEM2-ES.01"
"3258","MOHC-HadGEM2-ES","ALADIN63",2005,"E Midlands",1,0.308411214953271,3,31.0650210332389,"MOHC-HadGEM2-ES_ALADIN63","MOHC-HadGEM2-ES.01"
"3259","MOHC-HadGEM2-ES","ALADIN63",2006,"E Midlands",1,0.373831775700935,3.05,31.607161295414,"MOHC-HadGEM2-ES_ALADIN63","MOHC-HadGEM2-ES.01"
"3260","MOHC-HadGEM2-ES","ALADIN63",2007,"E Midlands",1,0,0,0,"MOHC-HadGEM2-ES_ALADIN63","MOHC-HadGEM2-ES.01"
"3261","MOHC-HadGEM2-ES","ALADIN63",2008,"E Midlands",1,0.317757009345794,3.20588235294118,31.920529998985,"MOHC-HadGEM2-ES_ALADIN63","MOHC-HadGEM2-ES.01"
"3262","MOHC-HadGEM2-ES","ALADIN63",2009,"E Midlands",1,0.448598130841121,3.25,32.2656370765633,"MOHC-HadGEM2-ES_ALADIN63","MOHC-HadGEM2-ES.01"
"3263","MOHC-HadGEM2-ES","ALADIN63",2010,"E Midlands",1,0,0,0,"MOHC-HadGEM2-ES_ALADIN63","MOHC-HadGEM2-ES.01"
"3264","MOHC-HadGEM2-ES","ALADIN63",2011,"E Midlands",1,0.654205607476635,3.47142857142857,32.8201457182566,"MOHC-HadGEM2-ES_ALADIN63","MOHC-HadGEM2-ES.01"
"3265","MOHC-HadGEM2-ES","ALADIN63",2012,"E Midlands",1,0,0,0,"MOHC-HadGEM2-ES_ALADIN63","MOHC-HadGEM2-ES.01"
"3266","MOHC-HadGEM2-ES","ALADIN63",2013,"E Midlands",1,0,0,0,"MOHC-HadGEM2-ES_ALADIN63","MOHC-HadGEM2-ES.01"
"3267","MOHC-HadGEM2-ES","ALADIN63",2014,"E Midlands",1,0,0,0,"MOHC-HadGEM2-ES_ALADIN63","MOHC-HadGEM2-ES.01"
"3268","MOHC-HadGEM2-ES","ALADIN63",2015,"E Midlands",1,0,0,0,"MOHC-HadGEM2-ES_ALADIN63","MOHC-HadGEM2-ES.01"
"3269","MOHC-HadGEM2-ES","ALADIN63",2016,"E Midlands",1,0.317757009345794,3.44117647058824,31.6982274709963,"MOHC-HadGEM2-ES_ALADIN63","MOHC-HadGEM2-ES.01"
"3270","MOHC-HadGEM2-ES","ALADIN63",2017,"E Midlands",1,0,0,0,"MOHC-HadGEM2-ES_ALADIN63","MOHC-HadGEM2-ES.01"
"3271","MOHC-HadGEM2-ES","ALADIN63",2018,"E Midlands",1,0.588785046728972,3.55555555555556,32.5277562441649,"MOHC-HadGEM2-ES_ALADIN63","MOHC-HadGEM2-ES.01"
"3272","MOHC-HadGEM2-ES","ALADIN63",2019,"E Midlands",1,0.542056074766355,4.12068965517241,33.9861334392394,"MOHC-HadGEM2-ES_ALADIN63","MOHC-HadGEM2-ES.01"
"3273","MOHC-HadGEM2-ES","ALADIN63",2020,"E Midlands",1,0.345794392523364,3,33.0685099610337,"MOHC-HadGEM2-ES_ALADIN63","MOHC-HadGEM2-ES.01"
"3274","MOHC-HadGEM2-ES","ALADIN63",2021,"E Midlands",1,0,0,0,"MOHC-HadGEM2-ES_ALADIN63","MOHC-HadGEM2-ES.01"
"3275","MOHC-HadGEM2-ES","ALADIN63",2022,"E Midlands",1,0.420560747663551,3.46666666666667,31.879635948605,"MOHC-HadGEM2-ES_ALADIN63","MOHC-HadGEM2-ES.01"
"3276","MOHC-HadGEM2-ES","ALADIN63",2023,"E Midlands",1,1.46728971962617,4.08917197452229,33.2064907976017,"MOHC-HadGEM2-ES_ALADIN63","MOHC-HadGEM2-ES.01"
"3277","MOHC-HadGEM2-ES","ALADIN63",2024,"E Midlands",1,0.373831775700935,3.025,31.649711283048,"MOHC-HadGEM2-ES_ALADIN63","MOHC-HadGEM2-ES.01"
"3278","MOHC-HadGEM2-ES","ALADIN63",2025,"E Midlands",1,2.46728971962617,4.4469696969697,34.5548178894179,"MOHC-HadGEM2-ES_ALADIN63","MOHC-HadGEM2-ES.01"
"3279","MOHC-HadGEM2-ES","ALADIN63",2026,"E Midlands",1,0,0,0,"MOHC-HadGEM2-ES_ALADIN63","MOHC-HadGEM2-ES.01"
"3280","MOHC-HadGEM2-ES","ALADIN63",2027,"E Midlands",1,0,0,0,"MOHC-HadGEM2-ES_ALADIN63","MOHC-HadGEM2-ES.01"
"3281","MOHC-HadGEM2-ES","ALADIN63",2028,"E Midlands",1,0,0,0,"MOHC-HadGEM2-ES_ALADIN63","MOHC-HadGEM2-ES.01"
"3282","MOHC-HadGEM2-ES","ALADIN63",2029,"E Midlands",1,0.0186915887850467,3,30.7040327390035,"MOHC-HadGEM2-ES_ALADIN63","MOHC-HadGEM2-ES.01"
"3283","MOHC-HadGEM2-ES","ALADIN63",2030,"E Midlands",1,0,0,0,"MOHC-HadGEM2-ES_ALADIN63","MOHC-HadGEM2-ES.01"
"3284","MOHC-HadGEM2-ES","ALADIN63",2031,"E Midlands",1,0.990654205607477,4.06603773584906,33.7344488459563,"MOHC-HadGEM2-ES_ALADIN63","MOHC-HadGEM2-ES.01"
"3285","MOHC-HadGEM2-ES","ALADIN63",2032,"E Midlands",1,0.757009345794392,3.35802469135802,32.1972129178145,"MOHC-HadGEM2-ES_ALADIN63","MOHC-HadGEM2-ES.01"
"3286","MOHC-HadGEM2-ES","ALADIN63",2033,"E Midlands",1,0,0,0,"MOHC-HadGEM2-ES_ALADIN63","MOHC-HadGEM2-ES.01"
"3287","MOHC-HadGEM2-ES","ALADIN63",2034,"E Midlands",1,1,3.35514018691589,33.4514865030646,"MOHC-HadGEM2-ES_ALADIN63","MOHC-HadGEM2-ES.01"
"3288","MOHC-HadGEM2-ES","ALADIN63",2035,"E Midlands",1,1.06542056074766,3,34.2783796968516,"MOHC-HadGEM2-ES_ALADIN63","MOHC-HadGEM2-ES.01"
"3289","MOHC-HadGEM2-ES","ALADIN63",2036,"E Midlands",1,0,0,0,"MOHC-HadGEM2-ES_ALADIN63","MOHC-HadGEM2-ES.01"
"3290","MOHC-HadGEM2-ES","ALADIN63",2037,"E Midlands",1,0.280373831775701,3.36666666666667,31.3318816052543,"MOHC-HadGEM2-ES_ALADIN63","MOHC-HadGEM2-ES.01"
"3291","MOHC-HadGEM2-ES","ALADIN63",2038,"E Midlands",1,0.635514018691589,3.57352941176471,32.3240246842889,"MOHC-HadGEM2-ES_ALADIN63","MOHC-HadGEM2-ES.01"
"3292","MOHC-HadGEM2-ES","ALADIN63",2039,"E Midlands",1,0,0,0,"MOHC-HadGEM2-ES_ALADIN63","MOHC-HadGEM2-ES.01"
"3293","MOHC-HadGEM2-ES","ALADIN63",2040,"E Midlands",1,1.04672897196262,4.51785714285714,33.9181976207462,"MOHC-HadGEM2-ES_ALADIN63","MOHC-HadGEM2-ES.01"
"3294","MOHC-HadGEM2-ES","ALADIN63",2041,"E Midlands",1,2.22429906542056,3.60084033613445,34.5972581787747,"MOHC-HadGEM2-ES_ALADIN63","MOHC-HadGEM2-ES.01"
"3295","MOHC-HadGEM2-ES","ALADIN63",2042,"E Midlands",1,0.168224299065421,3,32.3274298773872,"MOHC-HadGEM2-ES_ALADIN63","MOHC-HadGEM2-ES.01"
"3296","MOHC-HadGEM2-ES","ALADIN63",2043,"E Midlands",1,0.794392523364486,3.14117647058824,34.2515852086684,"MOHC-HadGEM2-ES_ALADIN63","MOHC-HadGEM2-ES.01"
"3297","MOHC-HadGEM2-ES","ALADIN63",2044,"E Midlands",1,0.383177570093458,3,35.7451827816847,"MOHC-HadGEM2-ES_ALADIN63","MOHC-HadGEM2-ES.01"
"3298","MOHC-HadGEM2-ES","ALADIN63",2045,"E Midlands",1,0,0,0,"MOHC-HadGEM2-ES_ALADIN63","MOHC-HadGEM2-ES.01"
"3299","MOHC-HadGEM2-ES","ALADIN63",2046,"E Midlands",1,1.27102803738318,4.10294117647059,32.3681045404057,"MOHC-HadGEM2-ES_ALADIN63","MOHC-HadGEM2-ES.01"
"3300","MOHC-HadGEM2-ES","ALADIN63",2047,"E Midlands",1,1.31775700934579,4.60283687943262,35.4682497726828,"MOHC-HadGEM2-ES_ALADIN63","MOHC-HadGEM2-ES.01"
"3301","MOHC-HadGEM2-ES","ALADIN63",2048,"E Midlands",1,0.588785046728972,3,33.6507787754927,"MOHC-HadGEM2-ES_ALADIN63","MOHC-HadGEM2-ES.01"
"3302","MOHC-HadGEM2-ES","ALADIN63",2049,"E Midlands",1,1.28971962616822,3.58695652173913,32.6420149193294,"MOHC-HadGEM2-ES_ALADIN63","MOHC-HadGEM2-ES.01"
"3303","MOHC-HadGEM2-ES","ALADIN63",2050,"E Midlands",1,0.579439252336449,3.38709677419355,31.8276037923751,"MOHC-HadGEM2-ES_ALADIN63","MOHC-HadGEM2-ES.01"
"3304","MOHC-HadGEM2-ES","ALADIN63",2051,"E Midlands",1,0.97196261682243,3.97115384615385,33.8285138589122,"MOHC-HadGEM2-ES_ALADIN63","MOHC-HadGEM2-ES.01"
"3305","MOHC-HadGEM2-ES","ALADIN63",2052,"E Midlands",1,1.31775700934579,7.72340425531915,36.0027664337401,"MOHC-HadGEM2-ES_ALADIN63","MOHC-HadGEM2-ES.01"
"3306","MOHC-HadGEM2-ES","ALADIN63",2053,"E Midlands",1,0.11214953271028,3.66666666666667,33.5616249243418,"MOHC-HadGEM2-ES_ALADIN63","MOHC-HadGEM2-ES.01"
"3307","MOHC-HadGEM2-ES","ALADIN63",2054,"E Midlands",1,0,0,0,"MOHC-HadGEM2-ES_ALADIN63","MOHC-HadGEM2-ES.01"
"3308","MOHC-HadGEM2-ES","ALADIN63",2055,"E Midlands",1,0.0467289719626168,3,32.37438621521,"MOHC-HadGEM2-ES_ALADIN63","MOHC-HadGEM2-ES.01"
"3309","MOHC-HadGEM2-ES","ALADIN63",2056,"E Midlands",1,0,0,0,"MOHC-HadGEM2-ES_ALADIN63","MOHC-HadGEM2-ES.01"
"3310","MOHC-HadGEM2-ES","ALADIN63",2057,"E Midlands",1,0.205607476635514,3,31.6857090429826,"MOHC-HadGEM2-ES_ALADIN63","MOHC-HadGEM2-ES.01"
"3311","MOHC-HadGEM2-ES","ALADIN63",2058,"E Midlands",1,1.13084112149533,4.39669421487603,34.9387573673236,"MOHC-HadGEM2-ES_ALADIN63","MOHC-HadGEM2-ES.01"
"3312","MOHC-HadGEM2-ES","ALADIN63",2059,"E Midlands",1,0.794392523364486,5.34117647058823,32.7532524854997,"MOHC-HadGEM2-ES_ALADIN63","MOHC-HadGEM2-ES.01"
"3313","MOHC-HadGEM2-ES","ALADIN63",2060,"E Midlands",1,0.299065420560748,3,33.4189233183861,"MOHC-HadGEM2-ES_ALADIN63","MOHC-HadGEM2-ES.01"
"3314","MOHC-HadGEM2-ES","ALADIN63",2061,"E Midlands",1,0.925233644859813,4.35353535353535,37.4730056915219,"MOHC-HadGEM2-ES_ALADIN63","MOHC-HadGEM2-ES.01"
"3315","MOHC-HadGEM2-ES","ALADIN63",2062,"E Midlands",1,0.775700934579439,4.06024096385542,33.9678788008939,"MOHC-HadGEM2-ES_ALADIN63","MOHC-HadGEM2-ES.01"
"3316","MOHC-HadGEM2-ES","ALADIN63",2063,"E Midlands",1,0.88785046728972,3.63157894736842,32.7605783902553,"MOHC-HadGEM2-ES_ALADIN63","MOHC-HadGEM2-ES.01"
"3317","MOHC-HadGEM2-ES","ALADIN63",2064,"E Midlands",1,0,0,0,"MOHC-HadGEM2-ES_ALADIN63","MOHC-HadGEM2-ES.01"
"3318","MOHC-HadGEM2-ES","ALADIN63",2065,"E Midlands",1,3.23364485981308,4.66473988439306,35.383710589641,"MOHC-HadGEM2-ES_ALADIN63","MOHC-HadGEM2-ES.01"
"3319","MOHC-HadGEM2-ES","ALADIN63",2066,"E Midlands",1,0.588785046728972,3.50793650793651,31.7220385175533,"MOHC-HadGEM2-ES_ALADIN63","MOHC-HadGEM2-ES.01"
"3320","MOHC-HadGEM2-ES","ALADIN63",2067,"E Midlands",1,1.55140186915888,4.01204819277108,32.3604144752584,"MOHC-HadGEM2-ES_ALADIN63","MOHC-HadGEM2-ES.01"
"3321","MOHC-HadGEM2-ES","ALADIN63",2068,"E Midlands",1,1.79439252336449,4.578125,32.7484434919225,"MOHC-HadGEM2-ES_ALADIN63","MOHC-HadGEM2-ES.01"
"3322","MOHC-HadGEM2-ES","ALADIN63",2069,"E Midlands",1,0.766355140186916,3.68292682926829,34.1364316472332,"MOHC-HadGEM2-ES_ALADIN63","MOHC-HadGEM2-ES.01"
"3323","MOHC-HadGEM2-ES","ALADIN63",2070,"E Midlands",1,0.579439252336449,3.83870967741935,32.7012912547717,"MOHC-HadGEM2-ES_ALADIN63","MOHC-HadGEM2-ES.01"
"3324","MOHC-HadGEM2-ES","ALADIN63",2071,"E Midlands",1,4.47663551401869,7.02713987473904,34.697892031159,"MOHC-HadGEM2-ES_ALADIN63","MOHC-HadGEM2-ES.01"
"3325","MOHC-HadGEM2-ES","ALADIN63",2072,"E Midlands",1,0.224299065420561,3.08333333333333,31.8313520299064,"MOHC-HadGEM2-ES_ALADIN63","MOHC-HadGEM2-ES.01"
"3326","MOHC-HadGEM2-ES","ALADIN63",2073,"E Midlands",1,4.31775700934579,4.03896103896104,33.9719467291068,"MOHC-HadGEM2-ES_ALADIN63","MOHC-HadGEM2-ES.01"
"3327","MOHC-HadGEM2-ES","ALADIN63",2074,"E Midlands",1,0,0,0,"MOHC-HadGEM2-ES_ALADIN63","MOHC-HadGEM2-ES.01"
"3328","MOHC-HadGEM2-ES","ALADIN63",2075,"E Midlands",1,1.47663551401869,3.13291139240506,32.3422681402053,"MOHC-HadGEM2-ES_ALADIN63","MOHC-HadGEM2-ES.01"
"3329","MOHC-HadGEM2-ES","ALADIN63",2076,"E Midlands",1,2.17757009345794,4.63519313304721,32.653797851394,"MOHC-HadGEM2-ES_ALADIN63","MOHC-HadGEM2-ES.01"
"3330","MOHC-HadGEM2-ES","ALADIN63",2077,"E Midlands",1,1.93457943925234,5.15942028985507,33.0757539504,"MOHC-HadGEM2-ES_ALADIN63","MOHC-HadGEM2-ES.01"
"3331","MOHC-HadGEM2-ES","ALADIN63",2078,"E Midlands",1,0.214953271028037,3,31.9199276661527,"MOHC-HadGEM2-ES_ALADIN63","MOHC-HadGEM2-ES.01"
"3332","MOHC-HadGEM2-ES","ALADIN63",2079,"E Midlands",1,2.21495327102804,7.27004219409283,34.9505786541508,"MOHC-HadGEM2-ES_ALADIN63","MOHC-HadGEM2-ES.01"
"3333","MOHC-HadGEM2-ES","ALADIN63",2080,"E Midlands",1,0.467289719626168,3.2,31.9342028230031,"MOHC-HadGEM2-ES_ALADIN63","MOHC-HadGEM2-ES.01"
"3334","MOHC-HadGEM2-ES","CCLM4-8-17",1980,"E Midlands",1,0,0,0,"MOHC-HadGEM2-ES_CCLM4-8-17","MOHC-HadGEM2-ES.02"
"3335","MOHC-HadGEM2-ES","CCLM4-8-17",1981,"E Midlands",1,0,0,0,"MOHC-HadGEM2-ES_CCLM4-8-17","MOHC-HadGEM2-ES.02"
"3336","MOHC-HadGEM2-ES","CCLM4-8-17",1982,"E Midlands",1,0,0,0,"MOHC-HadGEM2-ES_CCLM4-8-17","MOHC-HadGEM2-ES.02"
"3337","MOHC-HadGEM2-ES","CCLM4-8-17",1983,"E Midlands",1,0,0,0,"MOHC-HadGEM2-ES_CCLM4-8-17","MOHC-HadGEM2-ES.02"
"3338","MOHC-HadGEM2-ES","CCLM4-8-17",1984,"E Midlands",1,0.0186915887850467,3,31.9522320429484,"MOHC-HadGEM2-ES_CCLM4-8-17","MOHC-HadGEM2-ES.02"
"3339","MOHC-HadGEM2-ES","CCLM4-8-17",1985,"E Midlands",1,0,0,0,"MOHC-HadGEM2-ES_CCLM4-8-17","MOHC-HadGEM2-ES.02"
"3340","MOHC-HadGEM2-ES","CCLM4-8-17",1986,"E Midlands",1,0,0,0,"MOHC-HadGEM2-ES_CCLM4-8-17","MOHC-HadGEM2-ES.02"
"3341","MOHC-HadGEM2-ES","CCLM4-8-17",1987,"E Midlands",1,0,0,0,"MOHC-HadGEM2-ES_CCLM4-8-17","MOHC-HadGEM2-ES.02"
"3342","MOHC-HadGEM2-ES","CCLM4-8-17",1988,"E Midlands",1,0,0,0,"MOHC-HadGEM2-ES_CCLM4-8-17","MOHC-HadGEM2-ES.02"
"3343","MOHC-HadGEM2-ES","CCLM4-8-17",1989,"E Midlands",1,0,0,0,"MOHC-HadGEM2-ES_CCLM4-8-17","MOHC-HadGEM2-ES.02"
"3344","MOHC-HadGEM2-ES","CCLM4-8-17",1990,"E Midlands",1,0,0,0,"MOHC-HadGEM2-ES_CCLM4-8-17","MOHC-HadGEM2-ES.02"
"3345","MOHC-HadGEM2-ES","CCLM4-8-17",1991,"E Midlands",1,0,0,0,"MOHC-HadGEM2-ES_CCLM4-8-17","MOHC-HadGEM2-ES.02"
"3346","MOHC-HadGEM2-ES","CCLM4-8-17",1992,"E Midlands",1,0,0,0,"MOHC-HadGEM2-ES_CCLM4-8-17","MOHC-HadGEM2-ES.02"
"3347","MOHC-HadGEM2-ES","CCLM4-8-17",1993,"E Midlands",1,0,0,0,"MOHC-HadGEM2-ES_CCLM4-8-17","MOHC-HadGEM2-ES.02"
"3348","MOHC-HadGEM2-ES","CCLM4-8-17",1994,"E Midlands",1,0,0,0,"MOHC-HadGEM2-ES_CCLM4-8-17","MOHC-HadGEM2-ES.02"
"3349","MOHC-HadGEM2-ES","CCLM4-8-17",1995,"E Midlands",1,0.327102803738318,3,31.6738726933797,"MOHC-HadGEM2-ES_CCLM4-8-17","MOHC-HadGEM2-ES.02"
"3350","MOHC-HadGEM2-ES","CCLM4-8-17",1996,"E Midlands",1,0,0,0,"MOHC-HadGEM2-ES_CCLM4-8-17","MOHC-HadGEM2-ES.02"
"3351","MOHC-HadGEM2-ES","CCLM4-8-17",1997,"E Midlands",1,0.102803738317757,3,31.3889365918709,"MOHC-HadGEM2-ES_CCLM4-8-17","MOHC-HadGEM2-ES.02"
"3352","MOHC-HadGEM2-ES","CCLM4-8-17",1998,"E Midlands",1,0.551401869158878,3,30.9243751245703,"MOHC-HadGEM2-ES_CCLM4-8-17","MOHC-HadGEM2-ES.02"
"3353","MOHC-HadGEM2-ES","CCLM4-8-17",1999,"E Midlands",1,0,0,0,"MOHC-HadGEM2-ES_CCLM4-8-17","MOHC-HadGEM2-ES.02"
"3354","MOHC-HadGEM2-ES","CCLM4-8-17",2000,"E Midlands",1,0.719626168224299,3.02597402597403,33.2994650679749,"MOHC-HadGEM2-ES_CCLM4-8-17","MOHC-HadGEM2-ES.02"
"3355","MOHC-HadGEM2-ES","CCLM4-8-17",2001,"E Midlands",1,0.448598130841121,3.0625,32.1788545234336,"MOHC-HadGEM2-ES_CCLM4-8-17","MOHC-HadGEM2-ES.02"
"3356","MOHC-HadGEM2-ES","CCLM4-8-17",2002,"E Midlands",1,0,0,0,"MOHC-HadGEM2-ES_CCLM4-8-17","MOHC-HadGEM2-ES.02"
"3357","MOHC-HadGEM2-ES","CCLM4-8-17",2003,"E Midlands",1,0,0,0,"MOHC-HadGEM2-ES_CCLM4-8-17","MOHC-HadGEM2-ES.02"
"3358","MOHC-HadGEM2-ES","CCLM4-8-17",2004,"E Midlands",1,0,0,0,"MOHC-HadGEM2-ES_CCLM4-8-17","MOHC-HadGEM2-ES.02"
"3359","MOHC-HadGEM2-ES","CCLM4-8-17",2005,"E Midlands",1,0.97196261682243,3.88461538461538,33.1680659193259,"MOHC-HadGEM2-ES_CCLM4-8-17","MOHC-HadGEM2-ES.02"
"3360","MOHC-HadGEM2-ES","CCLM4-8-17",2006,"E Midlands",1,0.962616822429907,3.89320388349515,32.9360556858643,"MOHC-HadGEM2-ES_CCLM4-8-17","MOHC-HadGEM2-ES.02"
"3361","MOHC-HadGEM2-ES","CCLM4-8-17",2007,"E Midlands",1,0,0,0,"MOHC-HadGEM2-ES_CCLM4-8-17","MOHC-HadGEM2-ES.02"
"3362","MOHC-HadGEM2-ES","CCLM4-8-17",2008,"E Midlands",1,0,0,0,"MOHC-HadGEM2-ES_CCLM4-8-17","MOHC-HadGEM2-ES.02"
"3363","MOHC-HadGEM2-ES","CCLM4-8-17",2009,"E Midlands",1,0,0,0,"MOHC-HadGEM2-ES_CCLM4-8-17","MOHC-HadGEM2-ES.02"
"3364","MOHC-HadGEM2-ES","CCLM4-8-17",2010,"E Midlands",1,0,0,0,"MOHC-HadGEM2-ES_CCLM4-8-17","MOHC-HadGEM2-ES.02"
"3365","MOHC-HadGEM2-ES","CCLM4-8-17",2011,"E Midlands",1,0,0,0,"MOHC-HadGEM2-ES_CCLM4-8-17","MOHC-HadGEM2-ES.02"
"3366","MOHC-HadGEM2-ES","CCLM4-8-17",2012,"E Midlands",1,0.121495327102804,3.23076923076923,31.35294679495,"MOHC-HadGEM2-ES_CCLM4-8-17","MOHC-HadGEM2-ES.02"
"3367","MOHC-HadGEM2-ES","CCLM4-8-17",2013,"E Midlands",1,0,0,0,"MOHC-HadGEM2-ES_CCLM4-8-17","MOHC-HadGEM2-ES.02"
"3368","MOHC-HadGEM2-ES","CCLM4-8-17",2014,"E Midlands",1,0.504672897196262,3.87037037037037,31.2652735791299,"MOHC-HadGEM2-ES_CCLM4-8-17","MOHC-HadGEM2-ES.02"
"3369","MOHC-HadGEM2-ES","CCLM4-8-17",2015,"E Midlands",1,0,0,0,"MOHC-HadGEM2-ES_CCLM4-8-17","MOHC-HadGEM2-ES.02"
"3370","MOHC-HadGEM2-ES","CCLM4-8-17",2016,"E Midlands",1,0,0,0,"MOHC-HadGEM2-ES_CCLM4-8-17","MOHC-HadGEM2-ES.02"
"3371","MOHC-HadGEM2-ES","CCLM4-8-17",2017,"E Midlands",1,0,0,0,"MOHC-HadGEM2-ES_CCLM4-8-17","MOHC-HadGEM2-ES.02"
"3372","MOHC-HadGEM2-ES","CCLM4-8-17",2018,"E Midlands",1,0,0,0,"MOHC-HadGEM2-ES_CCLM4-8-17","MOHC-HadGEM2-ES.02"
"3373","MOHC-HadGEM2-ES","CCLM4-8-17",2019,"E Midlands",1,0.831775700934579,3.14606741573034,32.4862025391296,"MOHC-HadGEM2-ES_CCLM4-8-17","MOHC-HadGEM2-ES.02"
"3374","MOHC-HadGEM2-ES","CCLM4-8-17",2020,"E Midlands",1,1.8411214953271,3.96954314720812,33.3449676829143,"MOHC-HadGEM2-ES_CCLM4-8-17","MOHC-HadGEM2-ES.02"
"3375","MOHC-HadGEM2-ES","CCLM4-8-17",2021,"E Midlands",1,0,0,0,"MOHC-HadGEM2-ES_CCLM4-8-17","MOHC-HadGEM2-ES.02"
"3376","MOHC-HadGEM2-ES","CCLM4-8-17",2022,"E Midlands",1,1.97196261682243,3.10900473933649,32.8708314027078,"MOHC-HadGEM2-ES_CCLM4-8-17","MOHC-HadGEM2-ES.02"
"3377","MOHC-HadGEM2-ES","CCLM4-8-17",2023,"E Midlands",1,0.841121495327103,4.21111111111111,34.1471131074239,"MOHC-HadGEM2-ES_CCLM4-8-17","MOHC-HadGEM2-ES.02"
"3378","MOHC-HadGEM2-ES","CCLM4-8-17",2024,"E Midlands",1,0.0467289719626168,3,30.4761892318726,"MOHC-HadGEM2-ES_CCLM4-8-17","MOHC-HadGEM2-ES.02"
"3379","MOHC-HadGEM2-ES","CCLM4-8-17",2025,"E Midlands",1,1.18691588785047,3.4251968503937,32.2369028345494,"MOHC-HadGEM2-ES_CCLM4-8-17","MOHC-HadGEM2-ES.02"
"3380","MOHC-HadGEM2-ES","CCLM4-8-17",2026,"E Midlands",1,0,0,0,"MOHC-HadGEM2-ES_CCLM4-8-17","MOHC-HadGEM2-ES.02"
"3381","MOHC-HadGEM2-ES","CCLM4-8-17",2027,"E Midlands",1,0,0,0,"MOHC-HadGEM2-ES_CCLM4-8-17","MOHC-HadGEM2-ES.02"
"3382","MOHC-HadGEM2-ES","CCLM4-8-17",2028,"E Midlands",1,0.242990654205607,3.11538461538462,31.7583956351647,"MOHC-HadGEM2-ES_CCLM4-8-17","MOHC-HadGEM2-ES.02"
"3383","MOHC-HadGEM2-ES","CCLM4-8-17",2029,"E Midlands",1,0,0,0,"MOHC-HadGEM2-ES_CCLM4-8-17","MOHC-HadGEM2-ES.02"
"3384","MOHC-HadGEM2-ES","CCLM4-8-17",2030,"E Midlands",1,0.0841121495327103,3.55555555555556,32.5821404898608,"MOHC-HadGEM2-ES_CCLM4-8-17","MOHC-HadGEM2-ES.02"
"3385","MOHC-HadGEM2-ES","CCLM4-8-17",2031,"E Midlands",1,0.97196261682243,3.93269230769231,33.7158397634824,"MOHC-HadGEM2-ES_CCLM4-8-17","MOHC-HadGEM2-ES.02"
"3386","MOHC-HadGEM2-ES","CCLM4-8-17",2032,"E Midlands",1,0,0,0,"MOHC-HadGEM2-ES_CCLM4-8-17","MOHC-HadGEM2-ES.02"
"3387","MOHC-HadGEM2-ES","CCLM4-8-17",2033,"E Midlands",1,0.691588785046729,4.24324324324324,31.6700414084099,"MOHC-HadGEM2-ES_CCLM4-8-17","MOHC-HadGEM2-ES.02"
"3388","MOHC-HadGEM2-ES","CCLM4-8-17",2034,"E Midlands",1,0,0,0,"MOHC-HadGEM2-ES_CCLM4-8-17","MOHC-HadGEM2-ES.02"
"3389","MOHC-HadGEM2-ES","CCLM4-8-17",2035,"E Midlands",1,0.121495327102804,3,31.2035464751415,"MOHC-HadGEM2-ES_CCLM4-8-17","MOHC-HadGEM2-ES.02"
"3390","MOHC-HadGEM2-ES","CCLM4-8-17",2036,"E Midlands",1,0,0,0,"MOHC-HadGEM2-ES_CCLM4-8-17","MOHC-HadGEM2-ES.02"
"3391","MOHC-HadGEM2-ES","CCLM4-8-17",2037,"E Midlands",1,0,0,0,"MOHC-HadGEM2-ES_CCLM4-8-17","MOHC-HadGEM2-ES.02"
"3392","MOHC-HadGEM2-ES","CCLM4-8-17",2038,"E Midlands",1,0.0654205607476635,3,34.16971828824,"MOHC-HadGEM2-ES_CCLM4-8-17","MOHC-HadGEM2-ES.02"
"3393","MOHC-HadGEM2-ES","CCLM4-8-17",2039,"E Midlands",1,0,0,0,"MOHC-HadGEM2-ES_CCLM4-8-17","MOHC-HadGEM2-ES.02"
"3394","MOHC-HadGEM2-ES","CCLM4-8-17",2040,"E Midlands",1,0.700934579439252,3.6,32.4312288125356,"MOHC-HadGEM2-ES_CCLM4-8-17","MOHC-HadGEM2-ES.02"
"3395","MOHC-HadGEM2-ES","CCLM4-8-17",2041,"E Midlands",1,2.00934579439252,3.82325581395349,33.1485119967498,"MOHC-HadGEM2-ES_CCLM4-8-17","MOHC-HadGEM2-ES.02"
"3396","MOHC-HadGEM2-ES","CCLM4-8-17",2042,"E Midlands",1,1.51401869158878,6.58641975308642,33.0518103227507,"MOHC-HadGEM2-ES_CCLM4-8-17","MOHC-HadGEM2-ES.02"
"3397","MOHC-HadGEM2-ES","CCLM4-8-17",2043,"E Midlands",1,1.25233644859813,5.01492537313433,33.1458714014262,"MOHC-HadGEM2-ES_CCLM4-8-17","MOHC-HadGEM2-ES.02"
"3398","MOHC-HadGEM2-ES","CCLM4-8-17",2044,"E Midlands",1,0.0560747663551402,3,30.8631925582886,"MOHC-HadGEM2-ES_CCLM4-8-17","MOHC-HadGEM2-ES.02"
"3399","MOHC-HadGEM2-ES","CCLM4-8-17",2045,"E Midlands",1,0,0,0,"MOHC-HadGEM2-ES_CCLM4-8-17","MOHC-HadGEM2-ES.02"
"3400","MOHC-HadGEM2-ES","CCLM4-8-17",2046,"E Midlands",1,0.925233644859813,3.31313131313131,32.4115666074785,"MOHC-HadGEM2-ES_CCLM4-8-17","MOHC-HadGEM2-ES.02"
"3401","MOHC-HadGEM2-ES","CCLM4-8-17",2047,"E Midlands",1,1.69158878504673,3.9171270718232,32.1617038281959,"MOHC-HadGEM2-ES_CCLM4-8-17","MOHC-HadGEM2-ES.02"
"3402","MOHC-HadGEM2-ES","CCLM4-8-17",2048,"E Midlands",1,0.981308411214953,6.12380952380952,34.9909916506873,"MOHC-HadGEM2-ES_CCLM4-8-17","MOHC-HadGEM2-ES.02"
"3403","MOHC-HadGEM2-ES","CCLM4-8-17",2049,"E Midlands",1,0.728971962616822,4,31.820823217661,"MOHC-HadGEM2-ES_CCLM4-8-17","MOHC-HadGEM2-ES.02"
"3404","MOHC-HadGEM2-ES","CCLM4-8-17",2050,"E Midlands",1,2.28971962616822,4.29387755102041,34.1234491211749,"MOHC-HadGEM2-ES_CCLM4-8-17","MOHC-HadGEM2-ES.02"
"3405","MOHC-HadGEM2-ES","CCLM4-8-17",2051,"E Midlands",1,0.280373831775701,5.3,33.9444606012768,"MOHC-HadGEM2-ES_CCLM4-8-17","MOHC-HadGEM2-ES.02"
"3406","MOHC-HadGEM2-ES","CCLM4-8-17",2052,"E Midlands",1,2.52336448598131,3.7037037037037,35.052479900784,"MOHC-HadGEM2-ES_CCLM4-8-17","MOHC-HadGEM2-ES.02"
"3407","MOHC-HadGEM2-ES","CCLM4-8-17",2053,"E Midlands",1,0,0,0,"MOHC-HadGEM2-ES_CCLM4-8-17","MOHC-HadGEM2-ES.02"
"3408","MOHC-HadGEM2-ES","CCLM4-8-17",2054,"E Midlands",1,0,0,0,"MOHC-HadGEM2-ES_CCLM4-8-17","MOHC-HadGEM2-ES.02"
"3409","MOHC-HadGEM2-ES","CCLM4-8-17",2055,"E Midlands",1,2.09345794392523,3.23660714285714,32.1917756983212,"MOHC-HadGEM2-ES_CCLM4-8-17","MOHC-HadGEM2-ES.02"
"3410","MOHC-HadGEM2-ES","CCLM4-8-17",2056,"E Midlands",1,0.177570093457944,3,30.8377277976588,"MOHC-HadGEM2-ES_CCLM4-8-17","MOHC-HadGEM2-ES.02"
"3411","MOHC-HadGEM2-ES","CCLM4-8-17",2057,"E Midlands",1,1.11214953271028,3.02521008403361,32.9705899436267,"MOHC-HadGEM2-ES_CCLM4-8-17","MOHC-HadGEM2-ES.02"
"3412","MOHC-HadGEM2-ES","CCLM4-8-17",2058,"E Midlands",1,3.32710280373832,4.53089887640449,32.9428405588677,"MOHC-HadGEM2-ES_CCLM4-8-17","MOHC-HadGEM2-ES.02"
"3413","MOHC-HadGEM2-ES","CCLM4-8-17",2059,"E Midlands",1,1.61682242990654,14.757225433526,34.2817462496897,"MOHC-HadGEM2-ES_CCLM4-8-17","MOHC-HadGEM2-ES.02"
"3414","MOHC-HadGEM2-ES","CCLM4-8-17",2060,"E Midlands",1,1.93457943925234,5.61352657004831,37.8738783365012,"MOHC-HadGEM2-ES_CCLM4-8-17","MOHC-HadGEM2-ES.02"
"3415","MOHC-HadGEM2-ES","CCLM4-8-17",2061,"E Midlands",1,1.86915887850467,4.33,34.4642294519856,"MOHC-HadGEM2-ES_CCLM4-8-17","MOHC-HadGEM2-ES.02"
"3416","MOHC-HadGEM2-ES","CCLM4-8-17",2062,"E Midlands",1,1.38317757009346,3.02027027027027,32.8913702846647,"MOHC-HadGEM2-ES_CCLM4-8-17","MOHC-HadGEM2-ES.02"
"3417","MOHC-HadGEM2-ES","CCLM4-8-17",2063,"E Midlands",1,4.28971962616822,4.03485838779956,33.0479906340582,"MOHC-HadGEM2-ES_CCLM4-8-17","MOHC-HadGEM2-ES.02"
"3418","MOHC-HadGEM2-ES","CCLM4-8-17",2064,"E Midlands",1,0.476635514018692,3.07843137254902,31.1203830273323,"MOHC-HadGEM2-ES_CCLM4-8-17","MOHC-HadGEM2-ES.02"
"3419","MOHC-HadGEM2-ES","CCLM4-8-17",2065,"E Midlands",1,2.63551401869159,3.68439716312057,32.9811770170414,"MOHC-HadGEM2-ES_CCLM4-8-17","MOHC-HadGEM2-ES.02"
"3420","MOHC-HadGEM2-ES","CCLM4-8-17",2066,"E Midlands",1,1.74766355140187,3,33.8760366864808,"MOHC-HadGEM2-ES_CCLM4-8-17","MOHC-HadGEM2-ES.02"
"3421","MOHC-HadGEM2-ES","CCLM4-8-17",2067,"E Midlands",1,0.504672897196262,3.94444444444444,32.1410151864906,"MOHC-HadGEM2-ES_CCLM4-8-17","MOHC-HadGEM2-ES.02"
"3422","MOHC-HadGEM2-ES","CCLM4-8-17",2068,"E Midlands",1,1.63551401869159,4.45714285714286,32.0543839430452,"MOHC-HadGEM2-ES_CCLM4-8-17","MOHC-HadGEM2-ES.02"
"3423","MOHC-HadGEM2-ES","CCLM4-8-17",2069,"E Midlands",1,0.0373831775700935,3,32.154240767161,"MOHC-HadGEM2-ES_CCLM4-8-17","MOHC-HadGEM2-ES.02"
"3424","MOHC-HadGEM2-ES","CCLM4-8-17",2070,"E Midlands",1,0.280373831775701,3,31.2312300152249,"MOHC-HadGEM2-ES_CCLM4-8-17","MOHC-HadGEM2-ES.02"
"3425","MOHC-HadGEM2-ES","CCLM4-8-17",2071,"E Midlands",1,5.28971962616822,5.35689045936396,34.3085619201582,"MOHC-HadGEM2-ES_CCLM4-8-17","MOHC-HadGEM2-ES.02"
"3426","MOHC-HadGEM2-ES","CCLM4-8-17",2072,"E Midlands",1,0.196261682242991,3.80952380952381,31.2793063072931,"MOHC-HadGEM2-ES_CCLM4-8-17","MOHC-HadGEM2-ES.02"
"3427","MOHC-HadGEM2-ES","CCLM4-8-17",2073,"E Midlands",1,1.08411214953271,3,33.3394656756829,"MOHC-HadGEM2-ES_CCLM4-8-17","MOHC-HadGEM2-ES.02"
"3428","MOHC-HadGEM2-ES","CCLM4-8-17",2074,"E Midlands",1,1.30841121495327,3.44285714285714,33.1145842826934,"MOHC-HadGEM2-ES_CCLM4-8-17","MOHC-HadGEM2-ES.02"
"3429","MOHC-HadGEM2-ES","CCLM4-8-17",2075,"E Midlands",1,0.504672897196262,3.09259259259259,31.7077250539521,"MOHC-HadGEM2-ES_CCLM4-8-17","MOHC-HadGEM2-ES.02"
"3430","MOHC-HadGEM2-ES","CCLM4-8-17",2076,"E Midlands",1,3.1588785046729,5.10059171597633,34.8232999768382,"MOHC-HadGEM2-ES_CCLM4-8-17","MOHC-HadGEM2-ES.02"
"3431","MOHC-HadGEM2-ES","CCLM4-8-17",2077,"E Midlands",1,4.72897196261682,5.99209486166008,34.6883730734671,"MOHC-HadGEM2-ES_CCLM4-8-17","MOHC-HadGEM2-ES.02"
"3432","MOHC-HadGEM2-ES","CCLM4-8-17",2078,"E Midlands",1,2.57943925233645,3.84420289855072,33.0283706990993,"MOHC-HadGEM2-ES_CCLM4-8-17","MOHC-HadGEM2-ES.02"
"3433","MOHC-HadGEM2-ES","CCLM4-8-17",2079,"E Midlands",1,2.06542056074766,3.09502262443439,32.8877880044652,"MOHC-HadGEM2-ES_CCLM4-8-17","MOHC-HadGEM2-ES.02"
"3434","MOHC-HadGEM2-ES","CCLM4-8-17",2080,"E Midlands",1,1.8785046728972,7.74626865671642,34.3076689011088,"MOHC-HadGEM2-ES_CCLM4-8-17","MOHC-HadGEM2-ES.02"
"3435","MOHC-HadGEM2-ES","COSMO-crCLIM-v1-1",1980,"E Midlands",1,0,0,0,"MOHC-HadGEM2-ES_COSMO-crCLIM-v1-1","MOHC-HadGEM2-ES.03"
"3436","MOHC-HadGEM2-ES","COSMO-crCLIM-v1-1",1981,"E Midlands",1,0,0,0,"MOHC-HadGEM2-ES_COSMO-crCLIM-v1-1","MOHC-HadGEM2-ES.03"
"3437","MOHC-HadGEM2-ES","COSMO-crCLIM-v1-1",1982,"E Midlands",1,0,0,0,"MOHC-HadGEM2-ES_COSMO-crCLIM-v1-1","MOHC-HadGEM2-ES.03"
"3438","MOHC-HadGEM2-ES","COSMO-crCLIM-v1-1",1983,"E Midlands",1,0.271028037383178,4.86206896551724,31.9534690654924,"MOHC-HadGEM2-ES_COSMO-crCLIM-v1-1","MOHC-HadGEM2-ES.03"
"3439","MOHC-HadGEM2-ES","COSMO-crCLIM-v1-1",1984,"E Midlands",1,0.644859813084112,3.76811594202899,32.1753860471329,"MOHC-HadGEM2-ES_COSMO-crCLIM-v1-1","MOHC-HadGEM2-ES.03"
"3440","MOHC-HadGEM2-ES","COSMO-crCLIM-v1-1",1985,"E Midlands",1,0,0,0,"MOHC-HadGEM2-ES_COSMO-crCLIM-v1-1","MOHC-HadGEM2-ES.03"
"3441","MOHC-HadGEM2-ES","COSMO-crCLIM-v1-1",1986,"E Midlands",1,0,0,0,"MOHC-HadGEM2-ES_COSMO-crCLIM-v1-1","MOHC-HadGEM2-ES.03"
"3442","MOHC-HadGEM2-ES","COSMO-crCLIM-v1-1",1987,"E Midlands",1,0,0,0,"MOHC-HadGEM2-ES_COSMO-crCLIM-v1-1","MOHC-HadGEM2-ES.03"
"3443","MOHC-HadGEM2-ES","COSMO-crCLIM-v1-1",1988,"E Midlands",1,0,0,0,"MOHC-HadGEM2-ES_COSMO-crCLIM-v1-1","MOHC-HadGEM2-ES.03"
"3444","MOHC-HadGEM2-ES","COSMO-crCLIM-v1-1",1989,"E Midlands",1,0,0,0,"MOHC-HadGEM2-ES_COSMO-crCLIM-v1-1","MOHC-HadGEM2-ES.03"
"3445","MOHC-HadGEM2-ES","COSMO-crCLIM-v1-1",1990,"E Midlands",1,0.00934579439252336,3,31.0517740249634,"MOHC-HadGEM2-ES_COSMO-crCLIM-v1-1","MOHC-HadGEM2-ES.03"
"3446","MOHC-HadGEM2-ES","COSMO-crCLIM-v1-1",1991,"E Midlands",1,1,9.04672897196262,35.908275305181,"MOHC-HadGEM2-ES_COSMO-crCLIM-v1-1","MOHC-HadGEM2-ES.03"
"3447","MOHC-HadGEM2-ES","COSMO-crCLIM-v1-1",1992,"E Midlands",1,0,0,0,"MOHC-HadGEM2-ES_COSMO-crCLIM-v1-1","MOHC-HadGEM2-ES.03"
"3448","MOHC-HadGEM2-ES","COSMO-crCLIM-v1-1",1993,"E Midlands",1,0,0,0,"MOHC-HadGEM2-ES_COSMO-crCLIM-v1-1","MOHC-HadGEM2-ES.03"
"3449","MOHC-HadGEM2-ES","COSMO-crCLIM-v1-1",1994,"E Midlands",1,0,0,0,"MOHC-HadGEM2-ES_COSMO-crCLIM-v1-1","MOHC-HadGEM2-ES.03"
"3450","MOHC-HadGEM2-ES","COSMO-crCLIM-v1-1",1995,"E Midlands",1,0.0280373831775701,4.33333333333333,30.8522349887424,"MOHC-HadGEM2-ES_COSMO-crCLIM-v1-1","MOHC-HadGEM2-ES.03"
"3451","MOHC-HadGEM2-ES","COSMO-crCLIM-v1-1",1996,"E Midlands",1,0.317757009345794,4.23529411764706,31.1679186727486,"MOHC-HadGEM2-ES_COSMO-crCLIM-v1-1","MOHC-HadGEM2-ES.03"
"3452","MOHC-HadGEM2-ES","COSMO-crCLIM-v1-1",1997,"E Midlands",1,0,0,0,"MOHC-HadGEM2-ES_COSMO-crCLIM-v1-1","MOHC-HadGEM2-ES.03"
"3453","MOHC-HadGEM2-ES","COSMO-crCLIM-v1-1",1998,"E Midlands",1,0.0186915887850467,3,30.7002698580424,"MOHC-HadGEM2-ES_COSMO-crCLIM-v1-1","MOHC-HadGEM2-ES.03"
"3454","MOHC-HadGEM2-ES","COSMO-crCLIM-v1-1",1999,"E Midlands",1,0,0,0,"MOHC-HadGEM2-ES_COSMO-crCLIM-v1-1","MOHC-HadGEM2-ES.03"
"3455","MOHC-HadGEM2-ES","COSMO-crCLIM-v1-1",2000,"E Midlands",1,0.0280373831775701,3,31.2455157174004,"MOHC-HadGEM2-ES_COSMO-crCLIM-v1-1","MOHC-HadGEM2-ES.03"
"3456","MOHC-HadGEM2-ES","COSMO-crCLIM-v1-1",2001,"E Midlands",1,0,0,0,"MOHC-HadGEM2-ES_COSMO-crCLIM-v1-1","MOHC-HadGEM2-ES.03"
"3457","MOHC-HadGEM2-ES","COSMO-crCLIM-v1-1",2002,"E Midlands",1,0,0,0,"MOHC-HadGEM2-ES_COSMO-crCLIM-v1-1","MOHC-HadGEM2-ES.03"
"3458","MOHC-HadGEM2-ES","COSMO-crCLIM-v1-1",2003,"E Midlands",1,0,0,0,"MOHC-HadGEM2-ES_COSMO-crCLIM-v1-1","MOHC-HadGEM2-ES.03"
"3459","MOHC-HadGEM2-ES","COSMO-crCLIM-v1-1",2004,"E Midlands",1,0,0,0,"MOHC-HadGEM2-ES_COSMO-crCLIM-v1-1","MOHC-HadGEM2-ES.03"
"3460","MOHC-HadGEM2-ES","COSMO-crCLIM-v1-1",2005,"E Midlands",1,0,0,0,"MOHC-HadGEM2-ES_COSMO-crCLIM-v1-1","MOHC-HadGEM2-ES.03"
"3461","MOHC-HadGEM2-ES","COSMO-crCLIM-v1-1",2006,"E Midlands",1,0,0,0,"MOHC-HadGEM2-ES_COSMO-crCLIM-v1-1","MOHC-HadGEM2-ES.03"
"3462","MOHC-HadGEM2-ES","COSMO-crCLIM-v1-1",2007,"E Midlands",1,0,0,0,"MOHC-HadGEM2-ES_COSMO-crCLIM-v1-1","MOHC-HadGEM2-ES.03"
"3463","MOHC-HadGEM2-ES","COSMO-crCLIM-v1-1",2008,"E Midlands",1,1.7196261682243,3.29891304347826,33.6147891723591,"MOHC-HadGEM2-ES_COSMO-crCLIM-v1-1","MOHC-HadGEM2-ES.03"
"3464","MOHC-HadGEM2-ES","COSMO-crCLIM-v1-1",2009,"E Midlands",1,0.00934579439252336,4,30.5755128860474,"MOHC-HadGEM2-ES_COSMO-crCLIM-v1-1","MOHC-HadGEM2-ES.03"
"3465","MOHC-HadGEM2-ES","COSMO-crCLIM-v1-1",2010,"E Midlands",1,0,0,0,"MOHC-HadGEM2-ES_COSMO-crCLIM-v1-1","MOHC-HadGEM2-ES.03"
"3466","MOHC-HadGEM2-ES","COSMO-crCLIM-v1-1",2011,"E Midlands",1,0.11214953271028,3,33.287133137385,"MOHC-HadGEM2-ES_COSMO-crCLIM-v1-1","MOHC-HadGEM2-ES.03"
"3467","MOHC-HadGEM2-ES","COSMO-crCLIM-v1-1",2012,"E Midlands",1,0,0,0,"MOHC-HadGEM2-ES_COSMO-crCLIM-v1-1","MOHC-HadGEM2-ES.03"
"3468","MOHC-HadGEM2-ES","COSMO-crCLIM-v1-1",2013,"E Midlands",1,0,0,0,"MOHC-HadGEM2-ES_COSMO-crCLIM-v1-1","MOHC-HadGEM2-ES.03"
"3469","MOHC-HadGEM2-ES","COSMO-crCLIM-v1-1",2014,"E Midlands",1,0,0,0,"MOHC-HadGEM2-ES_COSMO-crCLIM-v1-1","MOHC-HadGEM2-ES.03"
"3470","MOHC-HadGEM2-ES","COSMO-crCLIM-v1-1",2015,"E Midlands",1,0,0,0,"MOHC-HadGEM2-ES_COSMO-crCLIM-v1-1","MOHC-HadGEM2-ES.03"
"3471","MOHC-HadGEM2-ES","COSMO-crCLIM-v1-1",2016,"E Midlands",1,0,0,0,"MOHC-HadGEM2-ES_COSMO-crCLIM-v1-1","MOHC-HadGEM2-ES.03"
"3472","MOHC-HadGEM2-ES","COSMO-crCLIM-v1-1",2017,"E Midlands",1,0.149532710280374,3.125,30.6384114275376,"MOHC-HadGEM2-ES_COSMO-crCLIM-v1-1","MOHC-HadGEM2-ES.03"
"3473","MOHC-HadGEM2-ES","COSMO-crCLIM-v1-1",2018,"E Midlands",1,0.345794392523364,3,31.4492397566099,"MOHC-HadGEM2-ES_COSMO-crCLIM-v1-1","MOHC-HadGEM2-ES.03"
"3474","MOHC-HadGEM2-ES","COSMO-crCLIM-v1-1",2019,"E Midlands",1,0.102803738317757,3,32.2376959251635,"MOHC-HadGEM2-ES_COSMO-crCLIM-v1-1","MOHC-HadGEM2-ES.03"
"3475","MOHC-HadGEM2-ES","COSMO-crCLIM-v1-1",2020,"E Midlands",1,0.0186915887850467,3,30.6245272954305,"MOHC-HadGEM2-ES_COSMO-crCLIM-v1-1","MOHC-HadGEM2-ES.03"
"3476","MOHC-HadGEM2-ES","COSMO-crCLIM-v1-1",2021,"E Midlands",1,0,0,0,"MOHC-HadGEM2-ES_COSMO-crCLIM-v1-1","MOHC-HadGEM2-ES.03"
"3477","MOHC-HadGEM2-ES","COSMO-crCLIM-v1-1",2022,"E Midlands",1,0.224299065420561,3.5,32.6897748655743,"MOHC-HadGEM2-ES_COSMO-crCLIM-v1-1","MOHC-HadGEM2-ES.03"
"3478","MOHC-HadGEM2-ES","COSMO-crCLIM-v1-1",2023,"E Midlands",1,0.233644859813084,3.68,32.1721392097473,"MOHC-HadGEM2-ES_COSMO-crCLIM-v1-1","MOHC-HadGEM2-ES.03"
"3479","MOHC-HadGEM2-ES","COSMO-crCLIM-v1-1",2024,"E Midlands",1,0.91588785046729,3,35.1495872127767,"MOHC-HadGEM2-ES_COSMO-crCLIM-v1-1","MOHC-HadGEM2-ES.03"
"3480","MOHC-HadGEM2-ES","COSMO-crCLIM-v1-1",2025,"E Midlands",1,0.14018691588785,3,31.2745315763685,"MOHC-HadGEM2-ES_COSMO-crCLIM-v1-1","MOHC-HadGEM2-ES.03"
"3481","MOHC-HadGEM2-ES","COSMO-crCLIM-v1-1",2026,"E Midlands",1,0,0,0,"MOHC-HadGEM2-ES_COSMO-crCLIM-v1-1","MOHC-HadGEM2-ES.03"
"3482","MOHC-HadGEM2-ES","COSMO-crCLIM-v1-1",2027,"E Midlands",1,0,0,0,"MOHC-HadGEM2-ES_COSMO-crCLIM-v1-1","MOHC-HadGEM2-ES.03"
"3483","MOHC-HadGEM2-ES","COSMO-crCLIM-v1-1",2028,"E Midlands",1,0.700934579439252,3.45333333333333,34.9109842385186,"MOHC-HadGEM2-ES_COSMO-crCLIM-v1-1","MOHC-HadGEM2-ES.03"
"3484","MOHC-HadGEM2-ES","COSMO-crCLIM-v1-1",2029,"E Midlands",1,0.925233644859813,7.45454545454545,33.4590189801072,"MOHC-HadGEM2-ES_COSMO-crCLIM-v1-1","MOHC-HadGEM2-ES.03"
"3485","MOHC-HadGEM2-ES","COSMO-crCLIM-v1-1",2030,"E Midlands",1,1.99065420560748,4.13145539906103,34.5837272421029,"MOHC-HadGEM2-ES_COSMO-crCLIM-v1-1","MOHC-HadGEM2-ES.03"
"3486","MOHC-HadGEM2-ES","COSMO-crCLIM-v1-1",2031,"E Midlands",1,0,0,0,"MOHC-HadGEM2-ES_COSMO-crCLIM-v1-1","MOHC-HadGEM2-ES.03"
"3487","MOHC-HadGEM2-ES","COSMO-crCLIM-v1-1",2032,"E Midlands",1,0,0,0,"MOHC-HadGEM2-ES_COSMO-crCLIM-v1-1","MOHC-HadGEM2-ES.03"
"3488","MOHC-HadGEM2-ES","COSMO-crCLIM-v1-1",2033,"E Midlands",1,0.0280373831775701,3,30.4172412024604,"MOHC-HadGEM2-ES_COSMO-crCLIM-v1-1","MOHC-HadGEM2-ES.03"
"3489","MOHC-HadGEM2-ES","COSMO-crCLIM-v1-1",2034,"E Midlands",1,0,0,0,"MOHC-HadGEM2-ES_COSMO-crCLIM-v1-1","MOHC-HadGEM2-ES.03"
"3490","MOHC-HadGEM2-ES","COSMO-crCLIM-v1-1",2035,"E Midlands",1,0,0,0,"MOHC-HadGEM2-ES_COSMO-crCLIM-v1-1","MOHC-HadGEM2-ES.03"
"3491","MOHC-HadGEM2-ES","COSMO-crCLIM-v1-1",2036,"E Midlands",1,0,0,0,"MOHC-HadGEM2-ES_COSMO-crCLIM-v1-1","MOHC-HadGEM2-ES.03"
"3492","MOHC-HadGEM2-ES","COSMO-crCLIM-v1-1",2037,"E Midlands",1,0.588785046728972,3.44444444444444,33.8963644168995,"MOHC-HadGEM2-ES_COSMO-crCLIM-v1-1","MOHC-HadGEM2-ES.03"
"3493","MOHC-HadGEM2-ES","COSMO-crCLIM-v1-1",2038,"E Midlands",1,0,0,0,"MOHC-HadGEM2-ES_COSMO-crCLIM-v1-1","MOHC-HadGEM2-ES.03"
"3494","MOHC-HadGEM2-ES","COSMO-crCLIM-v1-1",2039,"E Midlands",1,0,0,0,"MOHC-HadGEM2-ES_COSMO-crCLIM-v1-1","MOHC-HadGEM2-ES.03"
"3495","MOHC-HadGEM2-ES","COSMO-crCLIM-v1-1",2040,"E Midlands",1,0,0,0,"MOHC-HadGEM2-ES_COSMO-crCLIM-v1-1","MOHC-HadGEM2-ES.03"
"3496","MOHC-HadGEM2-ES","COSMO-crCLIM-v1-1",2041,"E Midlands",1,0.598130841121495,3.921875,31.2244690178997,"MOHC-HadGEM2-ES_COSMO-crCLIM-v1-1","MOHC-HadGEM2-ES.03"
"3497","MOHC-HadGEM2-ES","COSMO-crCLIM-v1-1",2042,"E Midlands",1,2.32710280373832,11.4859437751004,34.8040579759108,"MOHC-HadGEM2-ES_COSMO-crCLIM-v1-1","MOHC-HadGEM2-ES.03"
"3498","MOHC-HadGEM2-ES","COSMO-crCLIM-v1-1",2043,"E Midlands",1,0.97196261682243,6.36538461538461,34.9528307831768,"MOHC-HadGEM2-ES_COSMO-crCLIM-v1-1","MOHC-HadGEM2-ES.03"
"3499","MOHC-HadGEM2-ES","COSMO-crCLIM-v1-1",2044,"E Midlands",1,0.766355140186916,3.28048780487805,32.9796198538648,"MOHC-HadGEM2-ES_COSMO-crCLIM-v1-1","MOHC-HadGEM2-ES.03"
"3500","MOHC-HadGEM2-ES","COSMO-crCLIM-v1-1",2045,"E Midlands",1,0,0,0,"MOHC-HadGEM2-ES_COSMO-crCLIM-v1-1","MOHC-HadGEM2-ES.03"
"3501","MOHC-HadGEM2-ES","COSMO-crCLIM-v1-1",2046,"E Midlands",1,0,0,0,"MOHC-HadGEM2-ES_COSMO-crCLIM-v1-1","MOHC-HadGEM2-ES.03"
"3502","MOHC-HadGEM2-ES","COSMO-crCLIM-v1-1",2047,"E Midlands",1,0,0,0,"MOHC-HadGEM2-ES_COSMO-crCLIM-v1-1","MOHC-HadGEM2-ES.03"
"3503","MOHC-HadGEM2-ES","COSMO-crCLIM-v1-1",2048,"E Midlands",1,0.542056074766355,3,33.318388785439,"MOHC-HadGEM2-ES_COSMO-crCLIM-v1-1","MOHC-HadGEM2-ES.03"
"3504","MOHC-HadGEM2-ES","COSMO-crCLIM-v1-1",2049,"E Midlands",1,1.74766355140187,6.3903743315508,36.9353307157401,"MOHC-HadGEM2-ES_COSMO-crCLIM-v1-1","MOHC-HadGEM2-ES.03"
"3505","MOHC-HadGEM2-ES","COSMO-crCLIM-v1-1",2050,"E Midlands",1,3.24299065420561,3.72910662824208,32.88252337737,"MOHC-HadGEM2-ES_COSMO-crCLIM-v1-1","MOHC-HadGEM2-ES.03"
"3506","MOHC-HadGEM2-ES","COSMO-crCLIM-v1-1",2051,"E Midlands",1,1.32710280373832,6.30985915492958,35.1371276735075,"MOHC-HadGEM2-ES_COSMO-crCLIM-v1-1","MOHC-HadGEM2-ES.03"
"3507","MOHC-HadGEM2-ES","COSMO-crCLIM-v1-1",2052,"E Midlands",1,1.2803738317757,3.87591240875912,33.4243372128331,"MOHC-HadGEM2-ES_COSMO-crCLIM-v1-1","MOHC-HadGEM2-ES.03"
"3508","MOHC-HadGEM2-ES","COSMO-crCLIM-v1-1",2053,"E Midlands",1,0,0,0,"MOHC-HadGEM2-ES_COSMO-crCLIM-v1-1","MOHC-HadGEM2-ES.03"
"3509","MOHC-HadGEM2-ES","COSMO-crCLIM-v1-1",2054,"E Midlands",1,0.88785046728972,3.83157894736842,37.6376462036267,"MOHC-HadGEM2-ES_COSMO-crCLIM-v1-1","MOHC-HadGEM2-ES.03"
"3510","MOHC-HadGEM2-ES","COSMO-crCLIM-v1-1",2055,"E Midlands",1,0,0,0,"MOHC-HadGEM2-ES_COSMO-crCLIM-v1-1","MOHC-HadGEM2-ES.03"
"3511","MOHC-HadGEM2-ES","COSMO-crCLIM-v1-1",2056,"E Midlands",1,0,0,0,"MOHC-HadGEM2-ES_COSMO-crCLIM-v1-1","MOHC-HadGEM2-ES.03"
"3512","MOHC-HadGEM2-ES","COSMO-crCLIM-v1-1",2057,"E Midlands",1,0,0,0,"MOHC-HadGEM2-ES_COSMO-crCLIM-v1-1","MOHC-HadGEM2-ES.03"
"3513","MOHC-HadGEM2-ES","COSMO-crCLIM-v1-1",2058,"E Midlands",1,1.93457943925234,4.95652173913043,33.4305665109085,"MOHC-HadGEM2-ES_COSMO-crCLIM-v1-1","MOHC-HadGEM2-ES.03"
"3514","MOHC-HadGEM2-ES","COSMO-crCLIM-v1-1",2059,"E Midlands",1,1.28971962616822,4.78260869565217,31.7205309996858,"MOHC-HadGEM2-ES_COSMO-crCLIM-v1-1","MOHC-HadGEM2-ES.03"
"3515","MOHC-HadGEM2-ES","COSMO-crCLIM-v1-1",2060,"E Midlands",1,1.02803738317757,3.65454545454545,33.1170101881027,"MOHC-HadGEM2-ES_COSMO-crCLIM-v1-1","MOHC-HadGEM2-ES.03"
"3516","MOHC-HadGEM2-ES","COSMO-crCLIM-v1-1",2061,"E Midlands",1,0.700934579439252,3.21333333333333,35.8966650443607,"MOHC-HadGEM2-ES_COSMO-crCLIM-v1-1","MOHC-HadGEM2-ES.03"
"3517","MOHC-HadGEM2-ES","COSMO-crCLIM-v1-1",2062,"E Midlands",1,0.700934579439252,3,32.6726358625624,"MOHC-HadGEM2-ES_COSMO-crCLIM-v1-1","MOHC-HadGEM2-ES.03"
"3518","MOHC-HadGEM2-ES","COSMO-crCLIM-v1-1",2063,"E Midlands",1,3.26168224299065,6.88252148997135,34.5172974953102,"MOHC-HadGEM2-ES_COSMO-crCLIM-v1-1","MOHC-HadGEM2-ES.03"
"3519","MOHC-HadGEM2-ES","COSMO-crCLIM-v1-1",2064,"E Midlands",1,0,0,0,"MOHC-HadGEM2-ES_COSMO-crCLIM-v1-1","MOHC-HadGEM2-ES.03"
"3520","MOHC-HadGEM2-ES","COSMO-crCLIM-v1-1",2065,"E Midlands",1,3.37383177570093,4.21052631578947,34.2844176424444,"MOHC-HadGEM2-ES_COSMO-crCLIM-v1-1","MOHC-HadGEM2-ES.03"
"3521","MOHC-HadGEM2-ES","COSMO-crCLIM-v1-1",2066,"E Midlands",1,0,0,0,"MOHC-HadGEM2-ES_COSMO-crCLIM-v1-1","MOHC-HadGEM2-ES.03"
"3522","MOHC-HadGEM2-ES","COSMO-crCLIM-v1-1",2067,"E Midlands",1,0,0,0,"MOHC-HadGEM2-ES_COSMO-crCLIM-v1-1","MOHC-HadGEM2-ES.03"
"3523","MOHC-HadGEM2-ES","COSMO-crCLIM-v1-1",2068,"E Midlands",1,2.21495327102804,5.59493670886076,34.6648330047376,"MOHC-HadGEM2-ES_COSMO-crCLIM-v1-1","MOHC-HadGEM2-ES.03"
"3524","MOHC-HadGEM2-ES","COSMO-crCLIM-v1-1",2069,"E Midlands",1,0,0,0,"MOHC-HadGEM2-ES_COSMO-crCLIM-v1-1","MOHC-HadGEM2-ES.03"
"3525","MOHC-HadGEM2-ES","COSMO-crCLIM-v1-1",2070,"E Midlands",1,0,0,0,"MOHC-HadGEM2-ES_COSMO-crCLIM-v1-1","MOHC-HadGEM2-ES.03"
"3526","MOHC-HadGEM2-ES","COSMO-crCLIM-v1-1",2071,"E Midlands",1,3.46728971962617,5.77358490566038,33.5491990439788,"MOHC-HadGEM2-ES_COSMO-crCLIM-v1-1","MOHC-HadGEM2-ES.03"
"3527","MOHC-HadGEM2-ES","COSMO-crCLIM-v1-1",2072,"E Midlands",1,0.523364485981308,3,32.0880405391966,"MOHC-HadGEM2-ES_COSMO-crCLIM-v1-1","MOHC-HadGEM2-ES.03"
"3528","MOHC-HadGEM2-ES","COSMO-crCLIM-v1-1",2073,"E Midlands",1,1.4392523364486,3.18831168831169,33.6298695745922,"MOHC-HadGEM2-ES_COSMO-crCLIM-v1-1","MOHC-HadGEM2-ES.03"
"3529","MOHC-HadGEM2-ES","COSMO-crCLIM-v1-1",2074,"E Midlands",1,0.897196261682243,3.55208333333333,32.64627052678,"MOHC-HadGEM2-ES_COSMO-crCLIM-v1-1","MOHC-HadGEM2-ES.03"
"3530","MOHC-HadGEM2-ES","COSMO-crCLIM-v1-1",2075,"E Midlands",1,0.355140186915888,3,32.6460642814636,"MOHC-HadGEM2-ES_COSMO-crCLIM-v1-1","MOHC-HadGEM2-ES.03"
"3531","MOHC-HadGEM2-ES","COSMO-crCLIM-v1-1",2076,"E Midlands",1,0.97196261682243,4.09615384615385,37.4530325174987,"MOHC-HadGEM2-ES_COSMO-crCLIM-v1-1","MOHC-HadGEM2-ES.03"
"3532","MOHC-HadGEM2-ES","COSMO-crCLIM-v1-1",2077,"E Midlands",1,1.36448598130841,3.6986301369863,32.0322204900115,"MOHC-HadGEM2-ES_COSMO-crCLIM-v1-1","MOHC-HadGEM2-ES.03"
"3533","MOHC-HadGEM2-ES","COSMO-crCLIM-v1-1",2078,"E Midlands",1,0.261682242990654,3.14285714285714,31.8927051197915,"MOHC-HadGEM2-ES_COSMO-crCLIM-v1-1","MOHC-HadGEM2-ES.03"
"3534","MOHC-HadGEM2-ES","COSMO-crCLIM-v1-1",2079,"E Midlands",1,2.8785046728972,5.11038961038961,32.7266772551265,"MOHC-HadGEM2-ES_COSMO-crCLIM-v1-1","MOHC-HadGEM2-ES.03"
"3535","MOHC-HadGEM2-ES","COSMO-crCLIM-v1-1",2080,"E Midlands",1,1.04672897196262,3.41964285714286,32.0390218043611,"MOHC-HadGEM2-ES_COSMO-crCLIM-v1-1","MOHC-HadGEM2-ES.03"
"3536","MOHC-HadGEM2-ES","HadREM3-GA7-05",1980,"E Midlands",1,0,0,0,"MOHC-HadGEM2-ES_HadREM3-GA7-05","MOHC-HadGEM2-ES.04"
"3537","MOHC-HadGEM2-ES","HadREM3-GA7-05",1981,"E Midlands",1,0,0,0,"MOHC-HadGEM2-ES_HadREM3-GA7-05","MOHC-HadGEM2-ES.04"
"3538","MOHC-HadGEM2-ES","HadREM3-GA7-05",1982,"E Midlands",1,0,0,0,"MOHC-HadGEM2-ES_HadREM3-GA7-05","MOHC-HadGEM2-ES.04"
"3539","MOHC-HadGEM2-ES","HadREM3-GA7-05",1983,"E Midlands",1,0.0560747663551402,3,32.0987851354811,"MOHC-HadGEM2-ES_HadREM3-GA7-05","MOHC-HadGEM2-ES.04"
"3540","MOHC-HadGEM2-ES","HadREM3-GA7-05",1984,"E Midlands",1,0.0747663551401869,3,32.3956029017766,"MOHC-HadGEM2-ES_HadREM3-GA7-05","MOHC-HadGEM2-ES.04"
"3541","MOHC-HadGEM2-ES","HadREM3-GA7-05",1985,"E Midlands",1,0,0,0,"MOHC-HadGEM2-ES_HadREM3-GA7-05","MOHC-HadGEM2-ES.04"
"3542","MOHC-HadGEM2-ES","HadREM3-GA7-05",1986,"E Midlands",1,0,0,0,"MOHC-HadGEM2-ES_HadREM3-GA7-05","MOHC-HadGEM2-ES.04"
"3543","MOHC-HadGEM2-ES","HadREM3-GA7-05",1987,"E Midlands",1,0,0,0,"MOHC-HadGEM2-ES_HadREM3-GA7-05","MOHC-HadGEM2-ES.04"
"3544","MOHC-HadGEM2-ES","HadREM3-GA7-05",1988,"E Midlands",1,0,0,0,"MOHC-HadGEM2-ES_HadREM3-GA7-05","MOHC-HadGEM2-ES.04"
"3545","MOHC-HadGEM2-ES","HadREM3-GA7-05",1989,"E Midlands",1,0,0,0,"MOHC-HadGEM2-ES_HadREM3-GA7-05","MOHC-HadGEM2-ES.04"
"3546","MOHC-HadGEM2-ES","HadREM3-GA7-05",1990,"E Midlands",1,0,0,0,"MOHC-HadGEM2-ES_HadREM3-GA7-05","MOHC-HadGEM2-ES.04"
"3547","MOHC-HadGEM2-ES","HadREM3-GA7-05",1991,"E Midlands",1,0,0,0,"MOHC-HadGEM2-ES_HadREM3-GA7-05","MOHC-HadGEM2-ES.04"
"3548","MOHC-HadGEM2-ES","HadREM3-GA7-05",1992,"E Midlands",1,0.411214953271028,3,31.2687570759744,"MOHC-HadGEM2-ES_HadREM3-GA7-05","MOHC-HadGEM2-ES.04"
"3549","MOHC-HadGEM2-ES","HadREM3-GA7-05",1993,"E Midlands",1,0,0,0,"MOHC-HadGEM2-ES_HadREM3-GA7-05","MOHC-HadGEM2-ES.04"
"3550","MOHC-HadGEM2-ES","HadREM3-GA7-05",1994,"E Midlands",1,0,0,0,"MOHC-HadGEM2-ES_HadREM3-GA7-05","MOHC-HadGEM2-ES.04"
"3551","MOHC-HadGEM2-ES","HadREM3-GA7-05",1995,"E Midlands",1,0.934579439252336,4.57,35.1243737282753,"MOHC-HadGEM2-ES_HadREM3-GA7-05","MOHC-HadGEM2-ES.04"
"3552","MOHC-HadGEM2-ES","HadREM3-GA7-05",1996,"E Midlands",1,0,0,0,"MOHC-HadGEM2-ES_HadREM3-GA7-05","MOHC-HadGEM2-ES.04"
"3553","MOHC-HadGEM2-ES","HadREM3-GA7-05",1997,"E Midlands",1,0,0,0,"MOHC-HadGEM2-ES_HadREM3-GA7-05","MOHC-HadGEM2-ES.04"
"3554","MOHC-HadGEM2-ES","HadREM3-GA7-05",1998,"E Midlands",1,0,0,0,"MOHC-HadGEM2-ES_HadREM3-GA7-05","MOHC-HadGEM2-ES.04"
"3555","MOHC-HadGEM2-ES","HadREM3-GA7-05",1999,"E Midlands",1,0,0,0,"MOHC-HadGEM2-ES_HadREM3-GA7-05","MOHC-HadGEM2-ES.04"
"3556","MOHC-HadGEM2-ES","HadREM3-GA7-05",2000,"E Midlands",1,0.88785046728972,3.02105263157895,33.8950590158764,"MOHC-HadGEM2-ES_HadREM3-GA7-05","MOHC-HadGEM2-ES.04"
"3557","MOHC-HadGEM2-ES","HadREM3-GA7-05",2001,"E Midlands",1,0.327102803738318,3.25714285714286,31.9665722052256,"MOHC-HadGEM2-ES_HadREM3-GA7-05","MOHC-HadGEM2-ES.04"
"3558","MOHC-HadGEM2-ES","HadREM3-GA7-05",2002,"E Midlands",1,0,0,0,"MOHC-HadGEM2-ES_HadREM3-GA7-05","MOHC-HadGEM2-ES.04"
"3559","MOHC-HadGEM2-ES","HadREM3-GA7-05",2003,"E Midlands",1,0,0,0,"MOHC-HadGEM2-ES_HadREM3-GA7-05","MOHC-HadGEM2-ES.04"
"3560","MOHC-HadGEM2-ES","HadREM3-GA7-05",2004,"E Midlands",1,0,0,0,"MOHC-HadGEM2-ES_HadREM3-GA7-05","MOHC-HadGEM2-ES.04"
"3561","MOHC-HadGEM2-ES","HadREM3-GA7-05",2005,"E Midlands",1,0.168224299065421,3,33.2470831694426,"MOHC-HadGEM2-ES_HadREM3-GA7-05","MOHC-HadGEM2-ES.04"
"3562","MOHC-HadGEM2-ES","HadREM3-GA7-05",2006,"E Midlands",1,0,0,0,"MOHC-HadGEM2-ES_HadREM3-GA7-05","MOHC-HadGEM2-ES.04"
"3563","MOHC-HadGEM2-ES","HadREM3-GA7-05",2007,"E Midlands",1,0,0,0,"MOHC-HadGEM2-ES_HadREM3-GA7-05","MOHC-HadGEM2-ES.04"
"3564","MOHC-HadGEM2-ES","HadREM3-GA7-05",2008,"E Midlands",1,0.94392523364486,6.33663366336634,33.567164928876,"MOHC-HadGEM2-ES_HadREM3-GA7-05","MOHC-HadGEM2-ES.04"
"3565","MOHC-HadGEM2-ES","HadREM3-GA7-05",2009,"E Midlands",1,0.14018691588785,3.13333333333333,32.8585019111633,"MOHC-HadGEM2-ES_HadREM3-GA7-05","MOHC-HadGEM2-ES.04"
"3566","MOHC-HadGEM2-ES","HadREM3-GA7-05",2010,"E Midlands",1,0,0,0,"MOHC-HadGEM2-ES_HadREM3-GA7-05","MOHC-HadGEM2-ES.04"
"3567","MOHC-HadGEM2-ES","HadREM3-GA7-05",2011,"E Midlands",1,0.0186915887850467,4,32.5882264375687,"MOHC-HadGEM2-ES_HadREM3-GA7-05","MOHC-HadGEM2-ES.04"
"3568","MOHC-HadGEM2-ES","HadREM3-GA7-05",2012,"E Midlands",1,0,0,0,"MOHC-HadGEM2-ES_HadREM3-GA7-05","MOHC-HadGEM2-ES.04"
"3569","MOHC-HadGEM2-ES","HadREM3-GA7-05",2013,"E Midlands",1,0,0,0,"MOHC-HadGEM2-ES_HadREM3-GA7-05","MOHC-HadGEM2-ES.04"
"3570","MOHC-HadGEM2-ES","HadREM3-GA7-05",2014,"E Midlands",1,1.22429906542056,6.23664122137405,32.5696349743142,"MOHC-HadGEM2-ES_HadREM3-GA7-05","MOHC-HadGEM2-ES.04"
"3571","MOHC-HadGEM2-ES","HadREM3-GA7-05",2015,"E Midlands",1,0.00934579439252336,3,32.118257522583,"MOHC-HadGEM2-ES_HadREM3-GA7-05","MOHC-HadGEM2-ES.04"
"3572","MOHC-HadGEM2-ES","HadREM3-GA7-05",2016,"E Midlands",1,0,0,0,"MOHC-HadGEM2-ES_HadREM3-GA7-05","MOHC-HadGEM2-ES.04"
"3573","MOHC-HadGEM2-ES","HadREM3-GA7-05",2017,"E Midlands",1,1,5.51401869158879,35.4073745535913,"MOHC-HadGEM2-ES_HadREM3-GA7-05","MOHC-HadGEM2-ES.04"
"3574","MOHC-HadGEM2-ES","HadREM3-GA7-05",2018,"E Midlands",1,0.97196261682243,4.78846153846154,33.4653064685208,"MOHC-HadGEM2-ES_HadREM3-GA7-05","MOHC-HadGEM2-ES.04"
"3575","MOHC-HadGEM2-ES","HadREM3-GA7-05",2019,"E Midlands",1,0.345794392523364,3,31.3813505602313,"MOHC-HadGEM2-ES_HadREM3-GA7-05","MOHC-HadGEM2-ES.04"
"3576","MOHC-HadGEM2-ES","HadREM3-GA7-05",2020,"E Midlands",1,0,0,0,"MOHC-HadGEM2-ES_HadREM3-GA7-05","MOHC-HadGEM2-ES.04"
"3577","MOHC-HadGEM2-ES","HadREM3-GA7-05",2021,"E Midlands",1,0,0,0,"MOHC-HadGEM2-ES_HadREM3-GA7-05","MOHC-HadGEM2-ES.04"
"3578","MOHC-HadGEM2-ES","HadREM3-GA7-05",2022,"E Midlands",1,0.196261682242991,3.76190476190476,31.8648874986739,"MOHC-HadGEM2-ES_HadREM3-GA7-05","MOHC-HadGEM2-ES.04"
"3579","MOHC-HadGEM2-ES","HadREM3-GA7-05",2023,"E Midlands",1,0.878504672897196,6.18085106382979,33.2933442361811,"MOHC-HadGEM2-ES_HadREM3-GA7-05","MOHC-HadGEM2-ES.04"
"3580","MOHC-HadGEM2-ES","HadREM3-GA7-05",2024,"E Midlands",1,0,0,0,"MOHC-HadGEM2-ES_HadREM3-GA7-05","MOHC-HadGEM2-ES.04"
"3581","MOHC-HadGEM2-ES","HadREM3-GA7-05",2025,"E Midlands",1,0.654205607476635,3.71428571428571,33.628513802044,"MOHC-HadGEM2-ES_HadREM3-GA7-05","MOHC-HadGEM2-ES.04"
"3582","MOHC-HadGEM2-ES","HadREM3-GA7-05",2026,"E Midlands",1,0,0,0,"MOHC-HadGEM2-ES_HadREM3-GA7-05","MOHC-HadGEM2-ES.04"
"3583","MOHC-HadGEM2-ES","HadREM3-GA7-05",2027,"E Midlands",1,0.523364485981308,3.30357142857143,32.3348427011853,"MOHC-HadGEM2-ES_HadREM3-GA7-05","MOHC-HadGEM2-ES.04"
"3584","MOHC-HadGEM2-ES","HadREM3-GA7-05",2028,"E Midlands",1,0.0747663551401869,3,32.226905186971,"MOHC-HadGEM2-ES_HadREM3-GA7-05","MOHC-HadGEM2-ES.04"
"3585","MOHC-HadGEM2-ES","HadREM3-GA7-05",2029,"E Midlands",1,0.700934579439252,3.12,31.9900934622023,"MOHC-HadGEM2-ES_HadREM3-GA7-05","MOHC-HadGEM2-ES.04"
"3586","MOHC-HadGEM2-ES","HadREM3-GA7-05",2030,"E Midlands",1,1.31775700934579,3.85106382978723,36.1747003981408,"MOHC-HadGEM2-ES_HadREM3-GA7-05","MOHC-HadGEM2-ES.04"
"3587","MOHC-HadGEM2-ES","HadREM3-GA7-05",2031,"E Midlands",1,0,0,0,"MOHC-HadGEM2-ES_HadREM3-GA7-05","MOHC-HadGEM2-ES.04"
"3588","MOHC-HadGEM2-ES","HadREM3-GA7-05",2032,"E Midlands",1,0,0,0,"MOHC-HadGEM2-ES_HadREM3-GA7-05","MOHC-HadGEM2-ES.04"
"3589","MOHC-HadGEM2-ES","HadREM3-GA7-05",2033,"E Midlands",1,0.504672897196262,3,32.0649166872472,"MOHC-HadGEM2-ES_HadREM3-GA7-05","MOHC-HadGEM2-ES.04"
"3590","MOHC-HadGEM2-ES","HadREM3-GA7-05",2034,"E Midlands",1,0.88785046728972,3.08421052631579,33.6186352160939,"MOHC-HadGEM2-ES_HadREM3-GA7-05","MOHC-HadGEM2-ES.04"
"3591","MOHC-HadGEM2-ES","HadREM3-GA7-05",2035,"E Midlands",1,0.0560747663551402,3,32.7644882731968,"MOHC-HadGEM2-ES_HadREM3-GA7-05","MOHC-HadGEM2-ES.04"
"3592","MOHC-HadGEM2-ES","HadREM3-GA7-05",2036,"E Midlands",1,0,0,0,"MOHC-HadGEM2-ES_HadREM3-GA7-05","MOHC-HadGEM2-ES.04"
"3593","MOHC-HadGEM2-ES","HadREM3-GA7-05",2037,"E Midlands",1,0,0,0,"MOHC-HadGEM2-ES_HadREM3-GA7-05","MOHC-HadGEM2-ES.04"
"3594","MOHC-HadGEM2-ES","HadREM3-GA7-05",2038,"E Midlands",1,0,0,0,"MOHC-HadGEM2-ES_HadREM3-GA7-05","MOHC-HadGEM2-ES.04"
"3595","MOHC-HadGEM2-ES","HadREM3-GA7-05",2039,"E Midlands",1,0.271028037383178,3,33.5391398353138,"MOHC-HadGEM2-ES_HadREM3-GA7-05","MOHC-HadGEM2-ES.04"
"3596","MOHC-HadGEM2-ES","HadREM3-GA7-05",2040,"E Midlands",1,0.0467289719626168,3.8,30.6663195546468,"MOHC-HadGEM2-ES_HadREM3-GA7-05","MOHC-HadGEM2-ES.04"
"3597","MOHC-HadGEM2-ES","HadREM3-GA7-05",2041,"E Midlands",1,0.700934579439252,4.04,32.4728791835573,"MOHC-HadGEM2-ES_HadREM3-GA7-05","MOHC-HadGEM2-ES.04"
"3598","MOHC-HadGEM2-ES","HadREM3-GA7-05",2042,"E Midlands",1,3.66355140186916,6.74744897959184,35.2829039785103,"MOHC-HadGEM2-ES_HadREM3-GA7-05","MOHC-HadGEM2-ES.04"
"3599","MOHC-HadGEM2-ES","HadREM3-GA7-05",2043,"E Midlands",1,1,7.02803738317757,35.9620407484031,"MOHC-HadGEM2-ES_HadREM3-GA7-05","MOHC-HadGEM2-ES.04"
"3600","MOHC-HadGEM2-ES","HadREM3-GA7-05",2044,"E Midlands",1,0.0280373831775701,3,31.3669055302938,"MOHC-HadGEM2-ES_HadREM3-GA7-05","MOHC-HadGEM2-ES.04"
"3601","MOHC-HadGEM2-ES","HadREM3-GA7-05",2045,"E Midlands",1,0,0,0,"MOHC-HadGEM2-ES_HadREM3-GA7-05","MOHC-HadGEM2-ES.04"
"3602","MOHC-HadGEM2-ES","HadREM3-GA7-05",2046,"E Midlands",1,0,0,0,"MOHC-HadGEM2-ES_HadREM3-GA7-05","MOHC-HadGEM2-ES.04"
"3603","MOHC-HadGEM2-ES","HadREM3-GA7-05",2047,"E Midlands",1,0.841121495327103,3.45555555555556,36.9321896349942,"MOHC-HadGEM2-ES_HadREM3-GA7-05","MOHC-HadGEM2-ES.04"
"3604","MOHC-HadGEM2-ES","HadREM3-GA7-05",2048,"E Midlands",1,0.700934579439252,3,31.8573749330309,"MOHC-HadGEM2-ES_HadREM3-GA7-05","MOHC-HadGEM2-ES.04"
"3605","MOHC-HadGEM2-ES","HadREM3-GA7-05",2049,"E Midlands",1,1.94392523364486,6.46153846153846,39.580337701854,"MOHC-HadGEM2-ES_HadREM3-GA7-05","MOHC-HadGEM2-ES.04"
"3606","MOHC-HadGEM2-ES","HadREM3-GA7-05",2050,"E Midlands",1,1.57943925233645,3.53846153846154,34.8667931786185,"MOHC-HadGEM2-ES_HadREM3-GA7-05","MOHC-HadGEM2-ES.04"
"3607","MOHC-HadGEM2-ES","HadREM3-GA7-05",2051,"E Midlands",1,0.97196261682243,5.75,36.2322819606646,"MOHC-HadGEM2-ES_HadREM3-GA7-05","MOHC-HadGEM2-ES.04"
"3608","MOHC-HadGEM2-ES","HadREM3-GA7-05",2052,"E Midlands",1,0.485981308411215,3.19230769230769,31.9901904983398,"MOHC-HadGEM2-ES_HadREM3-GA7-05","MOHC-HadGEM2-ES.04"
"3609","MOHC-HadGEM2-ES","HadREM3-GA7-05",2053,"E Midlands",1,0.663551401869159,3.63380281690141,31.9149200826743,"MOHC-HadGEM2-ES_HadREM3-GA7-05","MOHC-HadGEM2-ES.04"
"3610","MOHC-HadGEM2-ES","HadREM3-GA7-05",2054,"E Midlands",1,0,0,0,"MOHC-HadGEM2-ES_HadREM3-GA7-05","MOHC-HadGEM2-ES.04"
"3611","MOHC-HadGEM2-ES","HadREM3-GA7-05",2055,"E Midlands",1,0.560747663551402,3,34.099872218238,"MOHC-HadGEM2-ES_HadREM3-GA7-05","MOHC-HadGEM2-ES.04"
"3612","MOHC-HadGEM2-ES","HadREM3-GA7-05",2056,"E Midlands",1,0,0,0,"MOHC-HadGEM2-ES_HadREM3-GA7-05","MOHC-HadGEM2-ES.04"
"3613","MOHC-HadGEM2-ES","HadREM3-GA7-05",2057,"E Midlands",1,0,0,0,"MOHC-HadGEM2-ES_HadREM3-GA7-05","MOHC-HadGEM2-ES.04"
"3614","MOHC-HadGEM2-ES","HadREM3-GA7-05",2058,"E Midlands",1,1.46728971962617,5.43312101910828,35.2451857618321,"MOHC-HadGEM2-ES_HadREM3-GA7-05","MOHC-HadGEM2-ES.04"
"3615","MOHC-HadGEM2-ES","HadREM3-GA7-05",2059,"E Midlands",1,2.1214953271028,8.90748898678414,34.5521259187066,"MOHC-HadGEM2-ES_HadREM3-GA7-05","MOHC-HadGEM2-ES.04"
"3616","MOHC-HadGEM2-ES","HadREM3-GA7-05",2060,"E Midlands",1,0.85981308411215,3.54347826086957,33.5286603107462,"MOHC-HadGEM2-ES_HadREM3-GA7-05","MOHC-HadGEM2-ES.04"
"3617","MOHC-HadGEM2-ES","HadREM3-GA7-05",2061,"E Midlands",1,2.69158878504673,5.61111111111111,35.1519809115129,"MOHC-HadGEM2-ES_HadREM3-GA7-05","MOHC-HadGEM2-ES.04"
"3618","MOHC-HadGEM2-ES","HadREM3-GA7-05",2062,"E Midlands",1,1.47663551401869,4.16455696202532,33.2066063149569,"MOHC-HadGEM2-ES_HadREM3-GA7-05","MOHC-HadGEM2-ES.04"
"3619","MOHC-HadGEM2-ES","HadREM3-GA7-05",2063,"E Midlands",1,3.14018691588785,5.51488095238095,33.9333501099459,"MOHC-HadGEM2-ES_HadREM3-GA7-05","MOHC-HadGEM2-ES.04"
"3620","MOHC-HadGEM2-ES","HadREM3-GA7-05",2064,"E Midlands",1,0.242990654205607,3.53846153846154,31.3523854402395,"MOHC-HadGEM2-ES_HadREM3-GA7-05","MOHC-HadGEM2-ES.04"
"3621","MOHC-HadGEM2-ES","HadREM3-GA7-05",2065,"E Midlands",1,3.04672897196262,4.31288343558282,33.9174671087853,"MOHC-HadGEM2-ES_HadREM3-GA7-05","MOHC-HadGEM2-ES.04"
"3622","MOHC-HadGEM2-ES","HadREM3-GA7-05",2066,"E Midlands",1,0.196261682242991,3,36.1091885339646,"MOHC-HadGEM2-ES_HadREM3-GA7-05","MOHC-HadGEM2-ES.04"
"3623","MOHC-HadGEM2-ES","HadREM3-GA7-05",2067,"E Midlands",1,0.252336448598131,3,30.8539545742082,"MOHC-HadGEM2-ES_HadREM3-GA7-05","MOHC-HadGEM2-ES.04"
"3624","MOHC-HadGEM2-ES","HadREM3-GA7-05",2068,"E Midlands",1,3.63551401869159,6.34961439588689,36.0428982877332,"MOHC-HadGEM2-ES_HadREM3-GA7-05","MOHC-HadGEM2-ES.04"
"3625","MOHC-HadGEM2-ES","HadREM3-GA7-05",2069,"E Midlands",1,0.0654205607476635,3,31.399466242109,"MOHC-HadGEM2-ES_HadREM3-GA7-05","MOHC-HadGEM2-ES.04"
"3626","MOHC-HadGEM2-ES","HadREM3-GA7-05",2070,"E Midlands",1,0.0186915887850467,3,35.7732756932576,"MOHC-HadGEM2-ES_HadREM3-GA7-05","MOHC-HadGEM2-ES.04"
"3627","MOHC-HadGEM2-ES","HadREM3-GA7-05",2071,"E Midlands",1,6.10280373831776,5.11485451761103,34.3803695841922,"MOHC-HadGEM2-ES_HadREM3-GA7-05","MOHC-HadGEM2-ES.04"
"3628","MOHC-HadGEM2-ES","HadREM3-GA7-05",2072,"E Midlands",1,0.0467289719626168,3,30.5705165227254,"MOHC-HadGEM2-ES_HadREM3-GA7-05","MOHC-HadGEM2-ES.04"
"3629","MOHC-HadGEM2-ES","HadREM3-GA7-05",2073,"E Midlands",1,2.48598130841122,3.2218045112782,34.2094124074568,"MOHC-HadGEM2-ES_HadREM3-GA7-05","MOHC-HadGEM2-ES.04"
"3630","MOHC-HadGEM2-ES","HadREM3-GA7-05",2074,"E Midlands",1,3.20560747663551,4.32944606413994,34.0281417118063,"MOHC-HadGEM2-ES_HadREM3-GA7-05","MOHC-HadGEM2-ES.04"
"3631","MOHC-HadGEM2-ES","HadREM3-GA7-05",2075,"E Midlands",1,1.4392523364486,3.76623376623377,34.0567871639739,"MOHC-HadGEM2-ES_HadREM3-GA7-05","MOHC-HadGEM2-ES.04"
"3632","MOHC-HadGEM2-ES","HadREM3-GA7-05",2076,"E Midlands",1,1.42056074766355,3.90789473684211,33.7395276998916,"MOHC-HadGEM2-ES_HadREM3-GA7-05","MOHC-HadGEM2-ES.04"
"3633","MOHC-HadGEM2-ES","HadREM3-GA7-05",2077,"E Midlands",1,3.70093457943925,4.98484848484848,33.8881807326836,"MOHC-HadGEM2-ES_HadREM3-GA7-05","MOHC-HadGEM2-ES.04"
"3634","MOHC-HadGEM2-ES","HadREM3-GA7-05",2078,"E Midlands",1,1.94392523364486,5.32211538461539,34.004949150308,"MOHC-HadGEM2-ES_HadREM3-GA7-05","MOHC-HadGEM2-ES.04"
"3635","MOHC-HadGEM2-ES","HadREM3-GA7-05",2079,"E Midlands",1,3.67289719626168,6.78880407124682,35.5224952797462,"MOHC-HadGEM2-ES_HadREM3-GA7-05","MOHC-HadGEM2-ES.04"
"3636","MOHC-HadGEM2-ES","HadREM3-GA7-05",2080,"E Midlands",1,2.4018691588785,6.47081712062257,34.2580998461143,"MOHC-HadGEM2-ES_HadREM3-GA7-05","MOHC-HadGEM2-ES.04"
"3637","MOHC-HadGEM2-ES","HIRHAM5",1980,"E Midlands",1,0,0,0,"MOHC-HadGEM2-ES_HIRHAM5","MOHC-HadGEM2-ES.05"
"3638","MOHC-HadGEM2-ES","HIRHAM5",1981,"E Midlands",1,0,0,0,"MOHC-HadGEM2-ES_HIRHAM5","MOHC-HadGEM2-ES.05"
"3639","MOHC-HadGEM2-ES","HIRHAM5",1982,"E Midlands",1,0,0,0,"MOHC-HadGEM2-ES_HIRHAM5","MOHC-HadGEM2-ES.05"
"3640","MOHC-HadGEM2-ES","HIRHAM5",1983,"E Midlands",1,0,0,0,"MOHC-HadGEM2-ES_HIRHAM5","MOHC-HadGEM2-ES.05"
"3641","MOHC-HadGEM2-ES","HIRHAM5",1984,"E Midlands",1,0,0,0,"MOHC-HadGEM2-ES_HIRHAM5","MOHC-HadGEM2-ES.05"
"3642","MOHC-HadGEM2-ES","HIRHAM5",1985,"E Midlands",1,0,0,0,"MOHC-HadGEM2-ES_HIRHAM5","MOHC-HadGEM2-ES.05"
"3643","MOHC-HadGEM2-ES","HIRHAM5",1986,"E Midlands",1,0,0,0,"MOHC-HadGEM2-ES_HIRHAM5","MOHC-HadGEM2-ES.05"
"3644","MOHC-HadGEM2-ES","HIRHAM5",1987,"E Midlands",1,0,0,0,"MOHC-HadGEM2-ES_HIRHAM5","MOHC-HadGEM2-ES.05"
"3645","MOHC-HadGEM2-ES","HIRHAM5",1988,"E Midlands",1,0,0,0,"MOHC-HadGEM2-ES_HIRHAM5","MOHC-HadGEM2-ES.05"
"3646","MOHC-HadGEM2-ES","HIRHAM5",1989,"E Midlands",1,0,0,0,"MOHC-HadGEM2-ES_HIRHAM5","MOHC-HadGEM2-ES.05"
"3647","MOHC-HadGEM2-ES","HIRHAM5",1990,"E Midlands",1,0,0,0,"MOHC-HadGEM2-ES_HIRHAM5","MOHC-HadGEM2-ES.05"
"3648","MOHC-HadGEM2-ES","HIRHAM5",1991,"E Midlands",1,0,0,0,"MOHC-HadGEM2-ES_HIRHAM5","MOHC-HadGEM2-ES.05"
"3649","MOHC-HadGEM2-ES","HIRHAM5",1992,"E Midlands",1,0,0,0,"MOHC-HadGEM2-ES_HIRHAM5","MOHC-HadGEM2-ES.05"
"3650","MOHC-HadGEM2-ES","HIRHAM5",1993,"E Midlands",1,0,0,0,"MOHC-HadGEM2-ES_HIRHAM5","MOHC-HadGEM2-ES.05"
"3651","MOHC-HadGEM2-ES","HIRHAM5",1994,"E Midlands",1,0,0,0,"MOHC-HadGEM2-ES_HIRHAM5","MOHC-HadGEM2-ES.05"
"3652","MOHC-HadGEM2-ES","HIRHAM5",1995,"E Midlands",1,0,0,0,"MOHC-HadGEM2-ES_HIRHAM5","MOHC-HadGEM2-ES.05"
"3653","MOHC-HadGEM2-ES","HIRHAM5",1996,"E Midlands",1,0,0,0,"MOHC-HadGEM2-ES_HIRHAM5","MOHC-HadGEM2-ES.05"
"3654","MOHC-HadGEM2-ES","HIRHAM5",1997,"E Midlands",1,0,0,0,"MOHC-HadGEM2-ES_HIRHAM5","MOHC-HadGEM2-ES.05"
"3655","MOHC-HadGEM2-ES","HIRHAM5",1998,"E Midlands",1,0.757009345794392,4.48148148148148,31.5129065976992,"MOHC-HadGEM2-ES_HIRHAM5","MOHC-HadGEM2-ES.05"
"3656","MOHC-HadGEM2-ES","HIRHAM5",1999,"E Midlands",1,0,0,0,"MOHC-HadGEM2-ES_HIRHAM5","MOHC-HadGEM2-ES.05"
"3657","MOHC-HadGEM2-ES","HIRHAM5",2000,"E Midlands",1,0,0,0,"MOHC-HadGEM2-ES_HIRHAM5","MOHC-HadGEM2-ES.05"
"3658","MOHC-HadGEM2-ES","HIRHAM5",2001,"E Midlands",1,0,0,0,"MOHC-HadGEM2-ES_HIRHAM5","MOHC-HadGEM2-ES.05"
"3659","MOHC-HadGEM2-ES","HIRHAM5",2002,"E Midlands",1,0,0,0,"MOHC-HadGEM2-ES_HIRHAM5","MOHC-HadGEM2-ES.05"
"3660","MOHC-HadGEM2-ES","HIRHAM5",2003,"E Midlands",1,0,0,0,"MOHC-HadGEM2-ES_HIRHAM5","MOHC-HadGEM2-ES.05"
"3661","MOHC-HadGEM2-ES","HIRHAM5",2004,"E Midlands",1,0,0,0,"MOHC-HadGEM2-ES_HIRHAM5","MOHC-HadGEM2-ES.05"
"3662","MOHC-HadGEM2-ES","HIRHAM5",2005,"E Midlands",1,0,0,0,"MOHC-HadGEM2-ES_HIRHAM5","MOHC-HadGEM2-ES.05"
"3663","MOHC-HadGEM2-ES","HIRHAM5",2006,"E Midlands",1,0,0,0,"MOHC-HadGEM2-ES_HIRHAM5","MOHC-HadGEM2-ES.05"
"3664","MOHC-HadGEM2-ES","HIRHAM5",2007,"E Midlands",1,0,0,0,"MOHC-HadGEM2-ES_HIRHAM5","MOHC-HadGEM2-ES.05"
"3665","MOHC-HadGEM2-ES","HIRHAM5",2008,"E Midlands",1,0,0,0,"MOHC-HadGEM2-ES_HIRHAM5","MOHC-HadGEM2-ES.05"
"3666","MOHC-HadGEM2-ES","HIRHAM5",2009,"E Midlands",1,0,0,0,"MOHC-HadGEM2-ES_HIRHAM5","MOHC-HadGEM2-ES.05"
"3667","MOHC-HadGEM2-ES","HIRHAM5",2010,"E Midlands",1,0,0,0,"MOHC-HadGEM2-ES_HIRHAM5","MOHC-HadGEM2-ES.05"
"3668","MOHC-HadGEM2-ES","HIRHAM5",2011,"E Midlands",1,0.607476635514019,3.90769230769231,32.3970246476393,"MOHC-HadGEM2-ES_HIRHAM5","MOHC-HadGEM2-ES.05"
"3669","MOHC-HadGEM2-ES","HIRHAM5",2012,"E Midlands",1,0,0,0,"MOHC-HadGEM2-ES_HIRHAM5","MOHC-HadGEM2-ES.05"
"3670","MOHC-HadGEM2-ES","HIRHAM5",2013,"E Midlands",1,0,0,0,"MOHC-HadGEM2-ES_HIRHAM5","MOHC-HadGEM2-ES.05"
"3671","MOHC-HadGEM2-ES","HIRHAM5",2014,"E Midlands",1,0,0,0,"MOHC-HadGEM2-ES_HIRHAM5","MOHC-HadGEM2-ES.05"
"3672","MOHC-HadGEM2-ES","HIRHAM5",2015,"E Midlands",1,0,0,0,"MOHC-HadGEM2-ES_HIRHAM5","MOHC-HadGEM2-ES.05"
"3673","MOHC-HadGEM2-ES","HIRHAM5",2016,"E Midlands",1,0,0,0,"MOHC-HadGEM2-ES_HIRHAM5","MOHC-HadGEM2-ES.05"
"3674","MOHC-HadGEM2-ES","HIRHAM5",2017,"E Midlands",1,0,0,0,"MOHC-HadGEM2-ES_HIRHAM5","MOHC-HadGEM2-ES.05"
"3675","MOHC-HadGEM2-ES","HIRHAM5",2018,"E Midlands",1,0.0560747663551402,3,31.6445531315274,"MOHC-HadGEM2-ES_HIRHAM5","MOHC-HadGEM2-ES.05"
"3676","MOHC-HadGEM2-ES","HIRHAM5",2019,"E Midlands",1,0.476635514018692,3.03921568627451,31.8889275126987,"MOHC-HadGEM2-ES_HIRHAM5","MOHC-HadGEM2-ES.05"
"3677","MOHC-HadGEM2-ES","HIRHAM5",2020,"E Midlands",1,0,0,0,"MOHC-HadGEM2-ES_HIRHAM5","MOHC-HadGEM2-ES.05"
"3678","MOHC-HadGEM2-ES","HIRHAM5",2021,"E Midlands",1,0,0,0,"MOHC-HadGEM2-ES_HIRHAM5","MOHC-HadGEM2-ES.05"
"3679","MOHC-HadGEM2-ES","HIRHAM5",2022,"E Midlands",1,0.0560747663551402,3.16666666666667,31.1695436636607,"MOHC-HadGEM2-ES_HIRHAM5","MOHC-HadGEM2-ES.05"
"3680","MOHC-HadGEM2-ES","HIRHAM5",2023,"E Midlands",1,0,0,0,"MOHC-HadGEM2-ES_HIRHAM5","MOHC-HadGEM2-ES.05"
"3681","MOHC-HadGEM2-ES","HIRHAM5",2024,"E Midlands",1,0,0,0,"MOHC-HadGEM2-ES_HIRHAM5","MOHC-HadGEM2-ES.05"
"3682","MOHC-HadGEM2-ES","HIRHAM5",2025,"E Midlands",1,0,0,0,"MOHC-HadGEM2-ES_HIRHAM5","MOHC-HadGEM2-ES.05"
"3683","MOHC-HadGEM2-ES","HIRHAM5",2026,"E Midlands",1,0,0,0,"MOHC-HadGEM2-ES_HIRHAM5","MOHC-HadGEM2-ES.05"
"3684","MOHC-HadGEM2-ES","HIRHAM5",2027,"E Midlands",1,0,0,0,"MOHC-HadGEM2-ES_HIRHAM5","MOHC-HadGEM2-ES.05"
"3685","MOHC-HadGEM2-ES","HIRHAM5",2028,"E Midlands",1,0,0,0,"MOHC-HadGEM2-ES_HIRHAM5","MOHC-HadGEM2-ES.05"
"3686","MOHC-HadGEM2-ES","HIRHAM5",2029,"E Midlands",1,0.962616822429907,7.5631067961165,33.5747599896967,"MOHC-HadGEM2-ES_HIRHAM5","MOHC-HadGEM2-ES.05"
"3687","MOHC-HadGEM2-ES","HIRHAM5",2030,"E Midlands",1,0,0,0,"MOHC-HadGEM2-ES_HIRHAM5","MOHC-HadGEM2-ES.05"
"3688","MOHC-HadGEM2-ES","HIRHAM5",2031,"E Midlands",1,0,0,0,"MOHC-HadGEM2-ES_HIRHAM5","MOHC-HadGEM2-ES.05"
"3689","MOHC-HadGEM2-ES","HIRHAM5",2032,"E Midlands",1,0,0,0,"MOHC-HadGEM2-ES_HIRHAM5","MOHC-HadGEM2-ES.05"
"3690","MOHC-HadGEM2-ES","HIRHAM5",2033,"E Midlands",1,0,0,0,"MOHC-HadGEM2-ES_HIRHAM5","MOHC-HadGEM2-ES.05"
"3691","MOHC-HadGEM2-ES","HIRHAM5",2034,"E Midlands",1,0.0186915887850467,3,30.4176561037699,"MOHC-HadGEM2-ES_HIRHAM5","MOHC-HadGEM2-ES.05"
"3692","MOHC-HadGEM2-ES","HIRHAM5",2035,"E Midlands",1,0,0,0,"MOHC-HadGEM2-ES_HIRHAM5","MOHC-HadGEM2-ES.05"
"3693","MOHC-HadGEM2-ES","HIRHAM5",2036,"E Midlands",1,0,0,0,"MOHC-HadGEM2-ES_HIRHAM5","MOHC-HadGEM2-ES.05"
"3694","MOHC-HadGEM2-ES","HIRHAM5",2037,"E Midlands",1,0,0,0,"MOHC-HadGEM2-ES_HIRHAM5","MOHC-HadGEM2-ES.05"
"3695","MOHC-HadGEM2-ES","HIRHAM5",2038,"E Midlands",1,0,0,0,"MOHC-HadGEM2-ES_HIRHAM5","MOHC-HadGEM2-ES.05"
"3696","MOHC-HadGEM2-ES","HIRHAM5",2039,"E Midlands",1,0,0,0,"MOHC-HadGEM2-ES_HIRHAM5","MOHC-HadGEM2-ES.05"
"3697","MOHC-HadGEM2-ES","HIRHAM5",2040,"E Midlands",1,0,0,0,"MOHC-HadGEM2-ES_HIRHAM5","MOHC-HadGEM2-ES.05"
"3698","MOHC-HadGEM2-ES","HIRHAM5",2041,"E Midlands",1,0,0,0,"MOHC-HadGEM2-ES_HIRHAM5","MOHC-HadGEM2-ES.05"
"3699","MOHC-HadGEM2-ES","HIRHAM5",2042,"E Midlands",1,0,0,0,"MOHC-HadGEM2-ES_HIRHAM5","MOHC-HadGEM2-ES.05"
"3700","MOHC-HadGEM2-ES","HIRHAM5",2043,"E Midlands",1,0.990654205607477,6.65094339622642,33.0184016757256,"MOHC-HadGEM2-ES_HIRHAM5","MOHC-HadGEM2-ES.05"
"3701","MOHC-HadGEM2-ES","HIRHAM5",2044,"E Midlands",1,0,0,0,"MOHC-HadGEM2-ES_HIRHAM5","MOHC-HadGEM2-ES.05"
"3702","MOHC-HadGEM2-ES","HIRHAM5",2045,"E Midlands",1,0,0,0,"MOHC-HadGEM2-ES_HIRHAM5","MOHC-HadGEM2-ES.05"
"3703","MOHC-HadGEM2-ES","HIRHAM5",2046,"E Midlands",1,0,0,0,"MOHC-HadGEM2-ES_HIRHAM5","MOHC-HadGEM2-ES.05"
"3704","MOHC-HadGEM2-ES","HIRHAM5",2047,"E Midlands",1,0,0,0,"MOHC-HadGEM2-ES_HIRHAM5","MOHC-HadGEM2-ES.05"
"3705","MOHC-HadGEM2-ES","HIRHAM5",2048,"E Midlands",1,0,0,0,"MOHC-HadGEM2-ES_HIRHAM5","MOHC-HadGEM2-ES.05"
"3706","MOHC-HadGEM2-ES","HIRHAM5",2049,"E Midlands",1,0.635514018691589,3.58823529411765,31.3353970728669,"MOHC-HadGEM2-ES_HIRHAM5","MOHC-HadGEM2-ES.05"
"3707","MOHC-HadGEM2-ES","HIRHAM5",2050,"E Midlands",1,0,0,0,"MOHC-HadGEM2-ES_HIRHAM5","MOHC-HadGEM2-ES.05"
"3708","MOHC-HadGEM2-ES","HIRHAM5",2051,"E Midlands",1,0,0,0,"MOHC-HadGEM2-ES_HIRHAM5","MOHC-HadGEM2-ES.05"
"3709","MOHC-HadGEM2-ES","HIRHAM5",2052,"E Midlands",1,0,0,0,"MOHC-HadGEM2-ES_HIRHAM5","MOHC-HadGEM2-ES.05"
"3710","MOHC-HadGEM2-ES","HIRHAM5",2053,"E Midlands",1,0,0,0,"MOHC-HadGEM2-ES_HIRHAM5","MOHC-HadGEM2-ES.05"
"3711","MOHC-HadGEM2-ES","HIRHAM5",2054,"E Midlands",1,0,0,0,"MOHC-HadGEM2-ES_HIRHAM5","MOHC-HadGEM2-ES.05"
"3712","MOHC-HadGEM2-ES","HIRHAM5",2055,"E Midlands",1,0,0,0,"MOHC-HadGEM2-ES_HIRHAM5","MOHC-HadGEM2-ES.05"
"3713","MOHC-HadGEM2-ES","HIRHAM5",2056,"E Midlands",1,0,0,0,"MOHC-HadGEM2-ES_HIRHAM5","MOHC-HadGEM2-ES.05"
"3714","MOHC-HadGEM2-ES","HIRHAM5",2057,"E Midlands",1,0,0,0,"MOHC-HadGEM2-ES_HIRHAM5","MOHC-HadGEM2-ES.05"
"3715","MOHC-HadGEM2-ES","HIRHAM5",2058,"E Midlands",1,1.07476635514019,7.85217391304348,32.9664330513384,"MOHC-HadGEM2-ES_HIRHAM5","MOHC-HadGEM2-ES.05"
"3716","MOHC-HadGEM2-ES","HIRHAM5",2059,"E Midlands",1,0.990654205607477,5.62264150943396,31.7322842680933,"MOHC-HadGEM2-ES_HIRHAM5","MOHC-HadGEM2-ES.05"
"3717","MOHC-HadGEM2-ES","HIRHAM5",2060,"E Midlands",1,0,0,0,"MOHC-HadGEM2-ES_HIRHAM5","MOHC-HadGEM2-ES.05"
"3718","MOHC-HadGEM2-ES","HIRHAM5",2061,"E Midlands",1,0,0,0,"MOHC-HadGEM2-ES_HIRHAM5","MOHC-HadGEM2-ES.05"
"3719","MOHC-HadGEM2-ES","HIRHAM5",2062,"E Midlands",1,0,0,0,"MOHC-HadGEM2-ES_HIRHAM5","MOHC-HadGEM2-ES.05"
"3720","MOHC-HadGEM2-ES","HIRHAM5",2063,"E Midlands",1,0.0280373831775701,3,30.8585380978054,"MOHC-HadGEM2-ES_HIRHAM5","MOHC-HadGEM2-ES.05"
"3721","MOHC-HadGEM2-ES","HIRHAM5",2064,"E Midlands",1,0,0,0,"MOHC-HadGEM2-ES_HIRHAM5","MOHC-HadGEM2-ES.05"
"3722","MOHC-HadGEM2-ES","HIRHAM5",2065,"E Midlands",1,1.57943925233645,4.38461538461539,32.6935684278267,"MOHC-HadGEM2-ES_HIRHAM5","MOHC-HadGEM2-ES.05"
"3723","MOHC-HadGEM2-ES","HIRHAM5",2066,"E Midlands",1,0,0,0,"MOHC-HadGEM2-ES_HIRHAM5","MOHC-HadGEM2-ES.05"
"3724","MOHC-HadGEM2-ES","HIRHAM5",2067,"E Midlands",1,0.233644859813084,3,31.1919781112671,"MOHC-HadGEM2-ES_HIRHAM5","MOHC-HadGEM2-ES.05"
"3725","MOHC-HadGEM2-ES","HIRHAM5",2068,"E Midlands",1,0.0560747663551402,3,30.3856208059523,"MOHC-HadGEM2-ES_HIRHAM5","MOHC-HadGEM2-ES.05"
"3726","MOHC-HadGEM2-ES","HIRHAM5",2069,"E Midlands",1,0,0,0,"MOHC-HadGEM2-ES_HIRHAM5","MOHC-HadGEM2-ES.05"
"3727","MOHC-HadGEM2-ES","HIRHAM5",2070,"E Midlands",1,0,0,0,"MOHC-HadGEM2-ES_HIRHAM5","MOHC-HadGEM2-ES.05"
"3728","MOHC-HadGEM2-ES","HIRHAM5",2071,"E Midlands",1,0.981308411214953,5.85714285714286,33.5589244785006,"MOHC-HadGEM2-ES_HIRHAM5","MOHC-HadGEM2-ES.05"
"3729","MOHC-HadGEM2-ES","HIRHAM5",2072,"E Midlands",1,1,5.96261682242991,34.1897862581555,"MOHC-HadGEM2-ES_HIRHAM5","MOHC-HadGEM2-ES.05"
"3730","MOHC-HadGEM2-ES","HIRHAM5",2073,"E Midlands",1,0.11214953271028,3.08333333333333,30.9605337844955,"MOHC-HadGEM2-ES_HIRHAM5","MOHC-HadGEM2-ES.05"
"3731","MOHC-HadGEM2-ES","HIRHAM5",2074,"E Midlands",1,0,0,0,"MOHC-HadGEM2-ES_HIRHAM5","MOHC-HadGEM2-ES.05"
"3732","MOHC-HadGEM2-ES","HIRHAM5",2075,"E Midlands",1,0,0,0,"MOHC-HadGEM2-ES_HIRHAM5","MOHC-HadGEM2-ES.05"
"3733","MOHC-HadGEM2-ES","HIRHAM5",2076,"E Midlands",1,0,0,0,"MOHC-HadGEM2-ES_HIRHAM5","MOHC-HadGEM2-ES.05"
"3734","MOHC-HadGEM2-ES","HIRHAM5",2077,"E Midlands",1,0.327102803738318,3.82857142857143,31.0093118849255,"MOHC-HadGEM2-ES_HIRHAM5","MOHC-HadGEM2-ES.05"
"3735","MOHC-HadGEM2-ES","HIRHAM5",2078,"E Midlands",1,1.72897196261682,3.32432432432432,32.2129257739127,"MOHC-HadGEM2-ES_HIRHAM5","MOHC-HadGEM2-ES.05"
"3736","MOHC-HadGEM2-ES","HIRHAM5",2079,"E Midlands",1,0.130841121495327,3.07142857142857,31.6009797311964,"MOHC-HadGEM2-ES_HIRHAM5","MOHC-HadGEM2-ES.05"
"3737","MOHC-HadGEM2-ES","HIRHAM5",2080,"E Midlands",1,1.03738317757009,6.22522522522523,33.641439726096,"MOHC-HadGEM2-ES_HIRHAM5","MOHC-HadGEM2-ES.05"
"3738","MOHC-HadGEM2-ES","RACMO22E",1980,"E Midlands",1,0,0,0,"MOHC-HadGEM2-ES_RACMO22E","MOHC-HadGEM2-ES.06"
"3739","MOHC-HadGEM2-ES","RACMO22E",1981,"E Midlands",1,0,0,0,"MOHC-HadGEM2-ES_RACMO22E","MOHC-HadGEM2-ES.06"
"3740","MOHC-HadGEM2-ES","RACMO22E",1982,"E Midlands",1,0,0,0,"MOHC-HadGEM2-ES_RACMO22E","MOHC-HadGEM2-ES.06"
"3741","MOHC-HadGEM2-ES","RACMO22E",1983,"E Midlands",1,0,0,0,"MOHC-HadGEM2-ES_RACMO22E","MOHC-HadGEM2-ES.06"
"3742","MOHC-HadGEM2-ES","RACMO22E",1984,"E Midlands",1,0,0,0,"MOHC-HadGEM2-ES_RACMO22E","MOHC-HadGEM2-ES.06"
"3743","MOHC-HadGEM2-ES","RACMO22E",1985,"E Midlands",1,0,0,0,"MOHC-HadGEM2-ES_RACMO22E","MOHC-HadGEM2-ES.06"
"3744","MOHC-HadGEM2-ES","RACMO22E",1986,"E Midlands",1,0,0,0,"MOHC-HadGEM2-ES_RACMO22E","MOHC-HadGEM2-ES.06"
"3745","MOHC-HadGEM2-ES","RACMO22E",1987,"E Midlands",1,0,0,0,"MOHC-HadGEM2-ES_RACMO22E","MOHC-HadGEM2-ES.06"
"3746","MOHC-HadGEM2-ES","RACMO22E",1988,"E Midlands",1,0.299065420560748,3.3125,32.2657383556167,"MOHC-HadGEM2-ES_RACMO22E","MOHC-HadGEM2-ES.06"
"3747","MOHC-HadGEM2-ES","RACMO22E",1989,"E Midlands",1,0,0,0,"MOHC-HadGEM2-ES_RACMO22E","MOHC-HadGEM2-ES.06"
"3748","MOHC-HadGEM2-ES","RACMO22E",1990,"E Midlands",1,0,0,0,"MOHC-HadGEM2-ES_RACMO22E","MOHC-HadGEM2-ES.06"
"3749","MOHC-HadGEM2-ES","RACMO22E",1991,"E Midlands",1,0,0,0,"MOHC-HadGEM2-ES_RACMO22E","MOHC-HadGEM2-ES.06"
"3750","MOHC-HadGEM2-ES","RACMO22E",1992,"E Midlands",1,0,0,0,"MOHC-HadGEM2-ES_RACMO22E","MOHC-HadGEM2-ES.06"
"3751","MOHC-HadGEM2-ES","RACMO22E",1993,"E Midlands",1,0,0,0,"MOHC-HadGEM2-ES_RACMO22E","MOHC-HadGEM2-ES.06"
"3752","MOHC-HadGEM2-ES","RACMO22E",1994,"E Midlands",1,0,0,0,"MOHC-HadGEM2-ES_RACMO22E","MOHC-HadGEM2-ES.06"
"3753","MOHC-HadGEM2-ES","RACMO22E",1995,"E Midlands",1,0,0,0,"MOHC-HadGEM2-ES_RACMO22E","MOHC-HadGEM2-ES.06"
"3754","MOHC-HadGEM2-ES","RACMO22E",1996,"E Midlands",1,0,0,0,"MOHC-HadGEM2-ES_RACMO22E","MOHC-HadGEM2-ES.06"
"3755","MOHC-HadGEM2-ES","RACMO22E",1997,"E Midlands",1,0.149532710280374,3,31.8963986039162,"MOHC-HadGEM2-ES_RACMO22E","MOHC-HadGEM2-ES.06"
"3756","MOHC-HadGEM2-ES","RACMO22E",1998,"E Midlands",1,0,0,0,"MOHC-HadGEM2-ES_RACMO22E","MOHC-HadGEM2-ES.06"
"3757","MOHC-HadGEM2-ES","RACMO22E",1999,"E Midlands",1,0,0,0,"MOHC-HadGEM2-ES_RACMO22E","MOHC-HadGEM2-ES.06"
"3758","MOHC-HadGEM2-ES","RACMO22E",2000,"E Midlands",1,0.00934579439252336,3,31.9121017456055,"MOHC-HadGEM2-ES_RACMO22E","MOHC-HadGEM2-ES.06"
"3759","MOHC-HadGEM2-ES","RACMO22E",2001,"E Midlands",1,0,0,0,"MOHC-HadGEM2-ES_RACMO22E","MOHC-HadGEM2-ES.06"
"3760","MOHC-HadGEM2-ES","RACMO22E",2002,"E Midlands",1,0,0,0,"MOHC-HadGEM2-ES_RACMO22E","MOHC-HadGEM2-ES.06"
"3761","MOHC-HadGEM2-ES","RACMO22E",2003,"E Midlands",1,0,0,0,"MOHC-HadGEM2-ES_RACMO22E","MOHC-HadGEM2-ES.06"
"3762","MOHC-HadGEM2-ES","RACMO22E",2004,"E Midlands",1,0,0,0,"MOHC-HadGEM2-ES_RACMO22E","MOHC-HadGEM2-ES.06"
"3763","MOHC-HadGEM2-ES","RACMO22E",2005,"E Midlands",1,0.551401869158878,4.10169491525424,31.9177087180359,"MOHC-HadGEM2-ES_RACMO22E","MOHC-HadGEM2-ES.06"
"3764","MOHC-HadGEM2-ES","RACMO22E",2006,"E Midlands",1,0,0,0,"MOHC-HadGEM2-ES_RACMO22E","MOHC-HadGEM2-ES.06"
"3765","MOHC-HadGEM2-ES","RACMO22E",2007,"E Midlands",1,0,0,0,"MOHC-HadGEM2-ES_RACMO22E","MOHC-HadGEM2-ES.06"
"3766","MOHC-HadGEM2-ES","RACMO22E",2008,"E Midlands",1,0,0,0,"MOHC-HadGEM2-ES_RACMO22E","MOHC-HadGEM2-ES.06"
"3767","MOHC-HadGEM2-ES","RACMO22E",2009,"E Midlands",1,0.990654205607477,3.16981132075472,33.3087573228392,"MOHC-HadGEM2-ES_RACMO22E","MOHC-HadGEM2-ES.06"
"3768","MOHC-HadGEM2-ES","RACMO22E",2010,"E Midlands",1,0,0,0,"MOHC-HadGEM2-ES_RACMO22E","MOHC-HadGEM2-ES.06"
"3769","MOHC-HadGEM2-ES","RACMO22E",2011,"E Midlands",1,0,0,0,"MOHC-HadGEM2-ES_RACMO22E","MOHC-HadGEM2-ES.06"
"3770","MOHC-HadGEM2-ES","RACMO22E",2012,"E Midlands",1,0,0,0,"MOHC-HadGEM2-ES_RACMO22E","MOHC-HadGEM2-ES.06"
"3771","MOHC-HadGEM2-ES","RACMO22E",2013,"E Midlands",1,0,0,0,"MOHC-HadGEM2-ES_RACMO22E","MOHC-HadGEM2-ES.06"
"3772","MOHC-HadGEM2-ES","RACMO22E",2014,"E Midlands",1,0,0,0,"MOHC-HadGEM2-ES_RACMO22E","MOHC-HadGEM2-ES.06"
"3773","MOHC-HadGEM2-ES","RACMO22E",2015,"E Midlands",1,0.252336448598131,3,32.0317274611673,"MOHC-HadGEM2-ES_RACMO22E","MOHC-HadGEM2-ES.06"
"3774","MOHC-HadGEM2-ES","RACMO22E",2016,"E Midlands",1,0,0,0,"MOHC-HadGEM2-ES_RACMO22E","MOHC-HadGEM2-ES.06"
"3775","MOHC-HadGEM2-ES","RACMO22E",2017,"E Midlands",1,0,0,0,"MOHC-HadGEM2-ES_RACMO22E","MOHC-HadGEM2-ES.06"
"3776","MOHC-HadGEM2-ES","RACMO22E",2018,"E Midlands",1,0.373831775700935,3.425,33.6479616518815,"MOHC-HadGEM2-ES_RACMO22E","MOHC-HadGEM2-ES.06"
"3777","MOHC-HadGEM2-ES","RACMO22E",2019,"E Midlands",1,0.327102803738318,3,33.8870409465971,"MOHC-HadGEM2-ES_RACMO22E","MOHC-HadGEM2-ES.06"
"3778","MOHC-HadGEM2-ES","RACMO22E",2020,"E Midlands",1,0,0,0,"MOHC-HadGEM2-ES_RACMO22E","MOHC-HadGEM2-ES.06"
"3779","MOHC-HadGEM2-ES","RACMO22E",2021,"E Midlands",1,0,0,0,"MOHC-HadGEM2-ES_RACMO22E","MOHC-HadGEM2-ES.06"
"3780","MOHC-HadGEM2-ES","RACMO22E",2022,"E Midlands",1,0.897196261682243,3.79166666666667,34.2040143070949,"MOHC-HadGEM2-ES_RACMO22E","MOHC-HadGEM2-ES.06"
"3781","MOHC-HadGEM2-ES","RACMO22E",2023,"E Midlands",1,0.00934579439252336,4,30.9691636562347,"MOHC-HadGEM2-ES_RACMO22E","MOHC-HadGEM2-ES.06"
"3782","MOHC-HadGEM2-ES","RACMO22E",2024,"E Midlands",1,0,0,0,"MOHC-HadGEM2-ES_RACMO22E","MOHC-HadGEM2-ES.06"
"3783","MOHC-HadGEM2-ES","RACMO22E",2025,"E Midlands",1,0,0,0,"MOHC-HadGEM2-ES_RACMO22E","MOHC-HadGEM2-ES.06"
"3784","MOHC-HadGEM2-ES","RACMO22E",2026,"E Midlands",1,0,0,0,"MOHC-HadGEM2-ES_RACMO22E","MOHC-HadGEM2-ES.06"
"3785","MOHC-HadGEM2-ES","RACMO22E",2027,"E Midlands",1,0,0,0,"MOHC-HadGEM2-ES_RACMO22E","MOHC-HadGEM2-ES.06"
"3786","MOHC-HadGEM2-ES","RACMO22E",2028,"E Midlands",1,0,0,0,"MOHC-HadGEM2-ES_RACMO22E","MOHC-HadGEM2-ES.06"
"3787","MOHC-HadGEM2-ES","RACMO22E",2029,"E Midlands",1,1.30841121495327,4.85,34.8613364624977,"MOHC-HadGEM2-ES_RACMO22E","MOHC-HadGEM2-ES.06"
"3788","MOHC-HadGEM2-ES","RACMO22E",2030,"E Midlands",1,0,0,0,"MOHC-HadGEM2-ES_RACMO22E","MOHC-HadGEM2-ES.06"
"3789","MOHC-HadGEM2-ES","RACMO22E",2031,"E Midlands",1,0,0,0,"MOHC-HadGEM2-ES_RACMO22E","MOHC-HadGEM2-ES.06"
"3790","MOHC-HadGEM2-ES","RACMO22E",2032,"E Midlands",1,0,0,0,"MOHC-HadGEM2-ES_RACMO22E","MOHC-HadGEM2-ES.06"
"3791","MOHC-HadGEM2-ES","RACMO22E",2033,"E Midlands",1,0,0,0,"MOHC-HadGEM2-ES_RACMO22E","MOHC-HadGEM2-ES.06"
"3792","MOHC-HadGEM2-ES","RACMO22E",2034,"E Midlands",1,0,0,0,"MOHC-HadGEM2-ES_RACMO22E","MOHC-HadGEM2-ES.06"
"3793","MOHC-HadGEM2-ES","RACMO22E",2035,"E Midlands",1,0,0,0,"MOHC-HadGEM2-ES_RACMO22E","MOHC-HadGEM2-ES.06"
"3794","MOHC-HadGEM2-ES","RACMO22E",2036,"E Midlands",1,0,0,0,"MOHC-HadGEM2-ES_RACMO22E","MOHC-HadGEM2-ES.06"
"3795","MOHC-HadGEM2-ES","RACMO22E",2037,"E Midlands",1,0,0,0,"MOHC-HadGEM2-ES_RACMO22E","MOHC-HadGEM2-ES.06"
"3796","MOHC-HadGEM2-ES","RACMO22E",2038,"E Midlands",1,0,0,0,"MOHC-HadGEM2-ES_RACMO22E","MOHC-HadGEM2-ES.06"
"3797","MOHC-HadGEM2-ES","RACMO22E",2039,"E Midlands",1,0,0,0,"MOHC-HadGEM2-ES_RACMO22E","MOHC-HadGEM2-ES.06"
"3798","MOHC-HadGEM2-ES","RACMO22E",2040,"E Midlands",1,0,0,0,"MOHC-HadGEM2-ES_RACMO22E","MOHC-HadGEM2-ES.06"
"3799","MOHC-HadGEM2-ES","RACMO22E",2041,"E Midlands",1,0.663551401869159,4.80281690140845,31.3950295766514,"MOHC-HadGEM2-ES_RACMO22E","MOHC-HadGEM2-ES.06"
"3800","MOHC-HadGEM2-ES","RACMO22E",2042,"E Midlands",1,0.0841121495327103,3,31.4033150143094,"MOHC-HadGEM2-ES_RACMO22E","MOHC-HadGEM2-ES.06"
"3801","MOHC-HadGEM2-ES","RACMO22E",2043,"E Midlands",1,0.411214953271028,4.65909090909091,33.7975612221342,"MOHC-HadGEM2-ES_RACMO22E","MOHC-HadGEM2-ES.06"
"3802","MOHC-HadGEM2-ES","RACMO22E",2044,"E Midlands",1,0,0,0,"MOHC-HadGEM2-ES_RACMO22E","MOHC-HadGEM2-ES.06"
"3803","MOHC-HadGEM2-ES","RACMO22E",2045,"E Midlands",1,0,0,0,"MOHC-HadGEM2-ES_RACMO22E","MOHC-HadGEM2-ES.06"
"3804","MOHC-HadGEM2-ES","RACMO22E",2046,"E Midlands",1,0,0,0,"MOHC-HadGEM2-ES_RACMO22E","MOHC-HadGEM2-ES.06"
"3805","MOHC-HadGEM2-ES","RACMO22E",2047,"E Midlands",1,0,0,0,"MOHC-HadGEM2-ES_RACMO22E","MOHC-HadGEM2-ES.06"
"3806","MOHC-HadGEM2-ES","RACMO22E",2048,"E Midlands",1,0,0,0,"MOHC-HadGEM2-ES_RACMO22E","MOHC-HadGEM2-ES.06"
"3807","MOHC-HadGEM2-ES","RACMO22E",2049,"E Midlands",1,1.52336448598131,4.38036809815951,33.8298030815659,"MOHC-HadGEM2-ES_RACMO22E","MOHC-HadGEM2-ES.06"
"3808","MOHC-HadGEM2-ES","RACMO22E",2050,"E Midlands",1,0.616822429906542,3,32.4920395070856,"MOHC-HadGEM2-ES_RACMO22E","MOHC-HadGEM2-ES.06"
"3809","MOHC-HadGEM2-ES","RACMO22E",2051,"E Midlands",1,0.878504672897196,3.65957446808511,33.8715700523228,"MOHC-HadGEM2-ES_RACMO22E","MOHC-HadGEM2-ES.06"
"3810","MOHC-HadGEM2-ES","RACMO22E",2052,"E Midlands",1,0,0,0,"MOHC-HadGEM2-ES_RACMO22E","MOHC-HadGEM2-ES.06"
"3811","MOHC-HadGEM2-ES","RACMO22E",2053,"E Midlands",1,0,0,0,"MOHC-HadGEM2-ES_RACMO22E","MOHC-HadGEM2-ES.06"
"3812","MOHC-HadGEM2-ES","RACMO22E",2054,"E Midlands",1,0,0,0,"MOHC-HadGEM2-ES_RACMO22E","MOHC-HadGEM2-ES.06"
"3813","MOHC-HadGEM2-ES","RACMO22E",2055,"E Midlands",1,0,0,0,"MOHC-HadGEM2-ES_RACMO22E","MOHC-HadGEM2-ES.06"
"3814","MOHC-HadGEM2-ES","RACMO22E",2056,"E Midlands",1,0,0,0,"MOHC-HadGEM2-ES_RACMO22E","MOHC-HadGEM2-ES.06"
"3815","MOHC-HadGEM2-ES","RACMO22E",2057,"E Midlands",1,0,0,0,"MOHC-HadGEM2-ES_RACMO22E","MOHC-HadGEM2-ES.06"
"3816","MOHC-HadGEM2-ES","RACMO22E",2058,"E Midlands",1,0.841121495327103,4.15555555555556,31.8740001263442,"MOHC-HadGEM2-ES_RACMO22E","MOHC-HadGEM2-ES.06"
"3817","MOHC-HadGEM2-ES","RACMO22E",2059,"E Midlands",1,1.61682242990654,4.71098265895954,32.8304728422551,"MOHC-HadGEM2-ES_RACMO22E","MOHC-HadGEM2-ES.06"
"3818","MOHC-HadGEM2-ES","RACMO22E",2060,"E Midlands",1,0.196261682242991,3.47619047619048,33.6666126402598,"MOHC-HadGEM2-ES_RACMO22E","MOHC-HadGEM2-ES.06"
"3819","MOHC-HadGEM2-ES","RACMO22E",2061,"E Midlands",1,1.2803738317757,3.52554744525547,33.4511572931805,"MOHC-HadGEM2-ES_RACMO22E","MOHC-HadGEM2-ES.06"
"3820","MOHC-HadGEM2-ES","RACMO22E",2062,"E Midlands",1,0.00934579439252336,3,30.473437945048,"MOHC-HadGEM2-ES_RACMO22E","MOHC-HadGEM2-ES.06"
"3821","MOHC-HadGEM2-ES","RACMO22E",2063,"E Midlands",1,0.0467289719626168,3,31.4065052032471,"MOHC-HadGEM2-ES_RACMO22E","MOHC-HadGEM2-ES.06"
"3822","MOHC-HadGEM2-ES","RACMO22E",2064,"E Midlands",1,0,0,0,"MOHC-HadGEM2-ES_RACMO22E","MOHC-HadGEM2-ES.06"
"3823","MOHC-HadGEM2-ES","RACMO22E",2065,"E Midlands",1,1.5981308411215,3.89473684210526,31.866345606724,"MOHC-HadGEM2-ES_RACMO22E","MOHC-HadGEM2-ES.06"
"3824","MOHC-HadGEM2-ES","RACMO22E",2066,"E Midlands",1,0,0,0,"MOHC-HadGEM2-ES_RACMO22E","MOHC-HadGEM2-ES.06"
"3825","MOHC-HadGEM2-ES","RACMO22E",2067,"E Midlands",1,0.925233644859813,3.48484848484848,33.2639749483629,"MOHC-HadGEM2-ES_RACMO22E","MOHC-HadGEM2-ES.06"
"3826","MOHC-HadGEM2-ES","RACMO22E",2068,"E Midlands",1,0.149532710280374,3.3125,31.031315083305,"MOHC-HadGEM2-ES_RACMO22E","MOHC-HadGEM2-ES.06"
"3827","MOHC-HadGEM2-ES","RACMO22E",2069,"E Midlands",1,0,0,0,"MOHC-HadGEM2-ES_RACMO22E","MOHC-HadGEM2-ES.06"
"3828","MOHC-HadGEM2-ES","RACMO22E",2070,"E Midlands",1,0.0934579439252336,3,32.6450668652852,"MOHC-HadGEM2-ES_RACMO22E","MOHC-HadGEM2-ES.06"
"3829","MOHC-HadGEM2-ES","RACMO22E",2071,"E Midlands",1,1,4.45794392523364,34.3515378371206,"MOHC-HadGEM2-ES_RACMO22E","MOHC-HadGEM2-ES.06"
"3830","MOHC-HadGEM2-ES","RACMO22E",2072,"E Midlands",1,0.551401869158878,3.10169491525424,31.0066689636748,"MOHC-HadGEM2-ES_RACMO22E","MOHC-HadGEM2-ES.06"
"3831","MOHC-HadGEM2-ES","RACMO22E",2073,"E Midlands",1,0.878504672897196,3,33.4958705225735,"MOHC-HadGEM2-ES_RACMO22E","MOHC-HadGEM2-ES.06"
"3832","MOHC-HadGEM2-ES","RACMO22E",2074,"E Midlands",1,0,0,0,"MOHC-HadGEM2-ES_RACMO22E","MOHC-HadGEM2-ES.06"
"3833","MOHC-HadGEM2-ES","RACMO22E",2075,"E Midlands",1,0,0,0,"MOHC-HadGEM2-ES_RACMO22E","MOHC-HadGEM2-ES.06"
"3834","MOHC-HadGEM2-ES","RACMO22E",2076,"E Midlands",1,0.635514018691589,3,31.6979296721664,"MOHC-HadGEM2-ES_RACMO22E","MOHC-HadGEM2-ES.06"
"3835","MOHC-HadGEM2-ES","RACMO22E",2077,"E Midlands",1,0.429906542056075,3.04347826086957,31.4757221539815,"MOHC-HadGEM2-ES_RACMO22E","MOHC-HadGEM2-ES.06"
"3836","MOHC-HadGEM2-ES","RACMO22E",2078,"E Midlands",1,0.728971962616822,5.94871794871795,32.2034931806418,"MOHC-HadGEM2-ES_RACMO22E","MOHC-HadGEM2-ES.06"
"3837","MOHC-HadGEM2-ES","RACMO22E",2079,"E Midlands",1,0,0,0,"MOHC-HadGEM2-ES_RACMO22E","MOHC-HadGEM2-ES.06"
"3838","MOHC-HadGEM2-ES","RACMO22E",2080,"E Midlands",1,1,5.50467289719626,32.7191733596481,"MOHC-HadGEM2-ES_RACMO22E","MOHC-HadGEM2-ES.06"
"3839","MOHC-HadGEM2-ES","RCA4",1980,"E Midlands",1,0,0,0,"MOHC-HadGEM2-ES_RCA4","MOHC-HadGEM2-ES.07"
"3840","MOHC-HadGEM2-ES","RCA4",1981,"E Midlands",1,0,0,0,"MOHC-HadGEM2-ES_RCA4","MOHC-HadGEM2-ES.07"
"3841","MOHC-HadGEM2-ES","RCA4",1982,"E Midlands",1,0,0,0,"MOHC-HadGEM2-ES_RCA4","MOHC-HadGEM2-ES.07"
"3842","MOHC-HadGEM2-ES","RCA4",1983,"E Midlands",1,0.121495327102804,3.07692307692308,31.809249101541,"MOHC-HadGEM2-ES_RCA4","MOHC-HadGEM2-ES.07"
"3843","MOHC-HadGEM2-ES","RCA4",1984,"E Midlands",1,0.0934579439252336,3.3,32.1993089755376,"MOHC-HadGEM2-ES_RCA4","MOHC-HadGEM2-ES.07"
"3844","MOHC-HadGEM2-ES","RCA4",1985,"E Midlands",1,0,0,0,"MOHC-HadGEM2-ES_RCA4","MOHC-HadGEM2-ES.07"
"3845","MOHC-HadGEM2-ES","RCA4",1986,"E Midlands",1,0,0,0,"MOHC-HadGEM2-ES_RCA4","MOHC-HadGEM2-ES.07"
"3846","MOHC-HadGEM2-ES","RCA4",1987,"E Midlands",1,0,0,0,"MOHC-HadGEM2-ES_RCA4","MOHC-HadGEM2-ES.07"
"3847","MOHC-HadGEM2-ES","RCA4",1988,"E Midlands",1,0,0,0,"MOHC-HadGEM2-ES_RCA4","MOHC-HadGEM2-ES.07"
"3848","MOHC-HadGEM2-ES","RCA4",1989,"E Midlands",1,0,0,0,"MOHC-HadGEM2-ES_RCA4","MOHC-HadGEM2-ES.07"
"3849","MOHC-HadGEM2-ES","RCA4",1990,"E Midlands",1,0.0934579439252336,3,34.2650281906128,"MOHC-HadGEM2-ES_RCA4","MOHC-HadGEM2-ES.07"
"3850","MOHC-HadGEM2-ES","RCA4",1991,"E Midlands",1,0,0,0,"MOHC-HadGEM2-ES_RCA4","MOHC-HadGEM2-ES.07"
"3851","MOHC-HadGEM2-ES","RCA4",1992,"E Midlands",1,0,0,0,"MOHC-HadGEM2-ES_RCA4","MOHC-HadGEM2-ES.07"
"3852","MOHC-HadGEM2-ES","RCA4",1993,"E Midlands",1,0,0,0,"MOHC-HadGEM2-ES_RCA4","MOHC-HadGEM2-ES.07"
"3853","MOHC-HadGEM2-ES","RCA4",1994,"E Midlands",1,0,0,0,"MOHC-HadGEM2-ES_RCA4","MOHC-HadGEM2-ES.07"
"3854","MOHC-HadGEM2-ES","RCA4",1995,"E Midlands",1,0,0,0,"MOHC-HadGEM2-ES_RCA4","MOHC-HadGEM2-ES.07"
"3855","MOHC-HadGEM2-ES","RCA4",1996,"E Midlands",1,0,0,0,"MOHC-HadGEM2-ES_RCA4","MOHC-HadGEM2-ES.07"
"3856","MOHC-HadGEM2-ES","RCA4",1997,"E Midlands",1,0,0,0,"MOHC-HadGEM2-ES_RCA4","MOHC-HadGEM2-ES.07"
"3857","MOHC-HadGEM2-ES","RCA4",1998,"E Midlands",1,0,0,0,"MOHC-HadGEM2-ES_RCA4","MOHC-HadGEM2-ES.07"
"3858","MOHC-HadGEM2-ES","RCA4",1999,"E Midlands",1,0.205607476635514,3.81818181818182,33.1698202891783,"MOHC-HadGEM2-ES_RCA4","MOHC-HadGEM2-ES.07"
"3859","MOHC-HadGEM2-ES","RCA4",2000,"E Midlands",1,0,0,0,"MOHC-HadGEM2-ES_RCA4","MOHC-HadGEM2-ES.07"
"3860","MOHC-HadGEM2-ES","RCA4",2001,"E Midlands",1,0,0,0,"MOHC-HadGEM2-ES_RCA4","MOHC-HadGEM2-ES.07"
"3861","MOHC-HadGEM2-ES","RCA4",2002,"E Midlands",1,0.691588785046729,3.93243243243243,32.4862739851116,"MOHC-HadGEM2-ES_RCA4","MOHC-HadGEM2-ES.07"
"3862","MOHC-HadGEM2-ES","RCA4",2003,"E Midlands",1,0,0,0,"MOHC-HadGEM2-ES_RCA4","MOHC-HadGEM2-ES.07"
"3863","MOHC-HadGEM2-ES","RCA4",2004,"E Midlands",1,0,0,0,"MOHC-HadGEM2-ES_RCA4","MOHC-HadGEM2-ES.07"
"3864","MOHC-HadGEM2-ES","RCA4",2005,"E Midlands",1,0,0,0,"MOHC-HadGEM2-ES_RCA4","MOHC-HadGEM2-ES.07"
"3865","MOHC-HadGEM2-ES","RCA4",2006,"E Midlands",1,0,0,0,"MOHC-HadGEM2-ES_RCA4","MOHC-HadGEM2-ES.07"
"3866","MOHC-HadGEM2-ES","RCA4",2007,"E Midlands",1,0,0,0,"MOHC-HadGEM2-ES_RCA4","MOHC-HadGEM2-ES.07"
"3867","MOHC-HadGEM2-ES","RCA4",2008,"E Midlands",1,0,0,0,"MOHC-HadGEM2-ES_RCA4","MOHC-HadGEM2-ES.07"
"3868","MOHC-HadGEM2-ES","RCA4",2009,"E Midlands",1,2.22429906542056,3.95798319327731,33.2360661052045,"MOHC-HadGEM2-ES_RCA4","MOHC-HadGEM2-ES.07"
"3869","MOHC-HadGEM2-ES","RCA4",2010,"E Midlands",1,0,0,0,"MOHC-HadGEM2-ES_RCA4","MOHC-HadGEM2-ES.07"
"3870","MOHC-HadGEM2-ES","RCA4",2011,"E Midlands",1,0,0,0,"MOHC-HadGEM2-ES_RCA4","MOHC-HadGEM2-ES.07"
"3871","MOHC-HadGEM2-ES","RCA4",2012,"E Midlands",1,0,0,0,"MOHC-HadGEM2-ES_RCA4","MOHC-HadGEM2-ES.07"
"3872","MOHC-HadGEM2-ES","RCA4",2013,"E Midlands",1,0,0,0,"MOHC-HadGEM2-ES_RCA4","MOHC-HadGEM2-ES.07"
"3873","MOHC-HadGEM2-ES","RCA4",2014,"E Midlands",1,0,0,0,"MOHC-HadGEM2-ES_RCA4","MOHC-HadGEM2-ES.07"
"3874","MOHC-HadGEM2-ES","RCA4",2015,"E Midlands",1,0,0,0,"MOHC-HadGEM2-ES_RCA4","MOHC-HadGEM2-ES.07"
"3875","MOHC-HadGEM2-ES","RCA4",2016,"E Midlands",1,0,0,0,"MOHC-HadGEM2-ES_RCA4","MOHC-HadGEM2-ES.07"
"3876","MOHC-HadGEM2-ES","RCA4",2017,"E Midlands",1,0,0,0,"MOHC-HadGEM2-ES_RCA4","MOHC-HadGEM2-ES.07"
"3877","MOHC-HadGEM2-ES","RCA4",2018,"E Midlands",1,1.1214953271028,4.76666666666667,33.6006528503451,"MOHC-HadGEM2-ES_RCA4","MOHC-HadGEM2-ES.07"
"3878","MOHC-HadGEM2-ES","RCA4",2019,"E Midlands",1,0,0,0,"MOHC-HadGEM2-ES_RCA4","MOHC-HadGEM2-ES.07"
"3879","MOHC-HadGEM2-ES","RCA4",2020,"E Midlands",1,0,0,0,"MOHC-HadGEM2-ES_RCA4","MOHC-HadGEM2-ES.07"
"3880","MOHC-HadGEM2-ES","RCA4",2021,"E Midlands",1,0.205607476635514,5,33.6095330671831,"MOHC-HadGEM2-ES_RCA4","MOHC-HadGEM2-ES.07"
"3881","MOHC-HadGEM2-ES","RCA4",2022,"E Midlands",1,0,0,0,"MOHC-HadGEM2-ES_RCA4","MOHC-HadGEM2-ES.07"
"3882","MOHC-HadGEM2-ES","RCA4",2023,"E Midlands",1,0,0,0,"MOHC-HadGEM2-ES_RCA4","MOHC-HadGEM2-ES.07"
"3883","MOHC-HadGEM2-ES","RCA4",2024,"E Midlands",1,0.271028037383178,3,32.5998911802796,"MOHC-HadGEM2-ES_RCA4","MOHC-HadGEM2-ES.07"
"3884","MOHC-HadGEM2-ES","RCA4",2025,"E Midlands",1,0.0747663551401869,3,31.9687766631444,"MOHC-HadGEM2-ES_RCA4","MOHC-HadGEM2-ES.07"
"3885","MOHC-HadGEM2-ES","RCA4",2026,"E Midlands",1,0,0,0,"MOHC-HadGEM2-ES_RCA4","MOHC-HadGEM2-ES.07"
"3886","MOHC-HadGEM2-ES","RCA4",2027,"E Midlands",1,0,0,0,"MOHC-HadGEM2-ES_RCA4","MOHC-HadGEM2-ES.07"
"3887","MOHC-HadGEM2-ES","RCA4",2028,"E Midlands",1,0,0,0,"MOHC-HadGEM2-ES_RCA4","MOHC-HadGEM2-ES.07"
"3888","MOHC-HadGEM2-ES","RCA4",2029,"E Midlands",1,0.0186915887850467,3,30.6308409372965,"MOHC-HadGEM2-ES_RCA4","MOHC-HadGEM2-ES.07"
"3889","MOHC-HadGEM2-ES","RCA4",2030,"E Midlands",1,1.14018691588785,3.72131147540984,34.4716072173718,"MOHC-HadGEM2-ES_RCA4","MOHC-HadGEM2-ES.07"
"3890","MOHC-HadGEM2-ES","RCA4",2031,"E Midlands",1,0,0,0,"MOHC-HadGEM2-ES_RCA4","MOHC-HadGEM2-ES.07"
"3891","MOHC-HadGEM2-ES","RCA4",2032,"E Midlands",1,0.373831775700935,6.4,32.6264591168884,"MOHC-HadGEM2-ES_RCA4","MOHC-HadGEM2-ES.07"
"3892","MOHC-HadGEM2-ES","RCA4",2033,"E Midlands",1,0,0,0,"MOHC-HadGEM2-ES_RCA4","MOHC-HadGEM2-ES.07"
"3893","MOHC-HadGEM2-ES","RCA4",2034,"E Midlands",1,0.420560747663551,3.44444444444444,34.533951381754,"MOHC-HadGEM2-ES_RCA4","MOHC-HadGEM2-ES.07"
"3894","MOHC-HadGEM2-ES","RCA4",2035,"E Midlands",1,0,0,0,"MOHC-HadGEM2-ES_RCA4","MOHC-HadGEM2-ES.07"
"3895","MOHC-HadGEM2-ES","RCA4",2036,"E Midlands",1,0,0,0,"MOHC-HadGEM2-ES_RCA4","MOHC-HadGEM2-ES.07"
"3896","MOHC-HadGEM2-ES","RCA4",2037,"E Midlands",1,0,0,0,"MOHC-HadGEM2-ES_RCA4","MOHC-HadGEM2-ES.07"
"3897","MOHC-HadGEM2-ES","RCA4",2038,"E Midlands",1,0,0,0,"MOHC-HadGEM2-ES_RCA4","MOHC-HadGEM2-ES.07"
"3898","MOHC-HadGEM2-ES","RCA4",2039,"E Midlands",1,0,0,0,"MOHC-HadGEM2-ES_RCA4","MOHC-HadGEM2-ES.07"
"3899","MOHC-HadGEM2-ES","RCA4",2040,"E Midlands",1,0,0,0,"MOHC-HadGEM2-ES_RCA4","MOHC-HadGEM2-ES.07"
"3900","MOHC-HadGEM2-ES","RCA4",2041,"E Midlands",1,1.16822429906542,6.04,33.4220858275731,"MOHC-HadGEM2-ES_RCA4","MOHC-HadGEM2-ES.07"
"3901","MOHC-HadGEM2-ES","RCA4",2042,"E Midlands",1,0.579439252336449,4.24193548387097,33.4362830121213,"MOHC-HadGEM2-ES_RCA4","MOHC-HadGEM2-ES.07"
"3902","MOHC-HadGEM2-ES","RCA4",2043,"E Midlands",1,0.934579439252336,6.83,34.1999183748677,"MOHC-HadGEM2-ES_RCA4","MOHC-HadGEM2-ES.07"
"3903","MOHC-HadGEM2-ES","RCA4",2044,"E Midlands",1,0.186915887850467,3.5,32.3847976112366,"MOHC-HadGEM2-ES_RCA4","MOHC-HadGEM2-ES.07"
"3904","MOHC-HadGEM2-ES","RCA4",2045,"E Midlands",1,0,0,0,"MOHC-HadGEM2-ES_RCA4","MOHC-HadGEM2-ES.07"
"3905","MOHC-HadGEM2-ES","RCA4",2046,"E Midlands",1,0,0,0,"MOHC-HadGEM2-ES_RCA4","MOHC-HadGEM2-ES.07"
"3906","MOHC-HadGEM2-ES","RCA4",2047,"E Midlands",1,0,0,0,"MOHC-HadGEM2-ES_RCA4","MOHC-HadGEM2-ES.07"
"3907","MOHC-HadGEM2-ES","RCA4",2048,"E Midlands",1,0.514018691588785,3.96363636363636,34.2999936187629,"MOHC-HadGEM2-ES_RCA4","MOHC-HadGEM2-ES.07"
"3908","MOHC-HadGEM2-ES","RCA4",2049,"E Midlands",1,1.16822429906542,10.952,35.5759662298918,"MOHC-HadGEM2-ES_RCA4","MOHC-HadGEM2-ES.07"
"3909","MOHC-HadGEM2-ES","RCA4",2050,"E Midlands",1,1.05607476635514,5.3716814159292,34.1453963413954,"MOHC-HadGEM2-ES_RCA4","MOHC-HadGEM2-ES.07"
"3910","MOHC-HadGEM2-ES","RCA4",2051,"E Midlands",1,0.682242990654206,3.38356164383562,35.4582405192667,"MOHC-HadGEM2-ES_RCA4","MOHC-HadGEM2-ES.07"
"3911","MOHC-HadGEM2-ES","RCA4",2052,"E Midlands",1,0,0,0,"MOHC-HadGEM2-ES_RCA4","MOHC-HadGEM2-ES.07"
"3912","MOHC-HadGEM2-ES","RCA4",2053,"E Midlands",1,0.158878504672897,3,31.0865782943426,"MOHC-HadGEM2-ES_RCA4","MOHC-HadGEM2-ES.07"
"3913","MOHC-HadGEM2-ES","RCA4",2054,"E Midlands",1,0.196261682242991,3,33.4082441027202,"MOHC-HadGEM2-ES_RCA4","MOHC-HadGEM2-ES.07"
"3914","MOHC-HadGEM2-ES","RCA4",2055,"E Midlands",1,0,0,0,"MOHC-HadGEM2-ES_RCA4","MOHC-HadGEM2-ES.07"
"3915","MOHC-HadGEM2-ES","RCA4",2056,"E Midlands",1,0,0,0,"MOHC-HadGEM2-ES_RCA4","MOHC-HadGEM2-ES.07"
"3916","MOHC-HadGEM2-ES","RCA4",2057,"E Midlands",1,0,0,0,"MOHC-HadGEM2-ES_RCA4","MOHC-HadGEM2-ES.07"
"3917","MOHC-HadGEM2-ES","RCA4",2058,"E Midlands",1,0,0,0,"MOHC-HadGEM2-ES_RCA4","MOHC-HadGEM2-ES.07"
"3918","MOHC-HadGEM2-ES","RCA4",2059,"E Midlands",1,0.990654205607477,4.37735849056604,32.4383352567351,"MOHC-HadGEM2-ES_RCA4","MOHC-HadGEM2-ES.07"
"3919","MOHC-HadGEM2-ES","RCA4",2060,"E Midlands",1,0,0,0,"MOHC-HadGEM2-ES_RCA4","MOHC-HadGEM2-ES.07"
"3920","MOHC-HadGEM2-ES","RCA4",2061,"E Midlands",1,0.91588785046729,5.55102040816327,37.6280980756146,"MOHC-HadGEM2-ES_RCA4","MOHC-HadGEM2-ES.07"
"3921","MOHC-HadGEM2-ES","RCA4",2062,"E Midlands",1,0,0,0,"MOHC-HadGEM2-ES_RCA4","MOHC-HadGEM2-ES.07"
"3922","MOHC-HadGEM2-ES","RCA4",2063,"E Midlands",1,0.121495327102804,7.38461538461539,31.5846248231382,"MOHC-HadGEM2-ES_RCA4","MOHC-HadGEM2-ES.07"
"3923","MOHC-HadGEM2-ES","RCA4",2064,"E Midlands",1,0,0,0,"MOHC-HadGEM2-ES_RCA4","MOHC-HadGEM2-ES.07"
"3924","MOHC-HadGEM2-ES","RCA4",2065,"E Midlands",1,1.42056074766355,4.02631578947368,34.1206132775261,"MOHC-HadGEM2-ES_RCA4","MOHC-HadGEM2-ES.07"
"3925","MOHC-HadGEM2-ES","RCA4",2066,"E Midlands",1,0.457943925233645,3.10204081632653,31.9943468343644,"MOHC-HadGEM2-ES_RCA4","MOHC-HadGEM2-ES.07"
"3926","MOHC-HadGEM2-ES","RCA4",2067,"E Midlands",1,0,0,0,"MOHC-HadGEM2-ES_RCA4","MOHC-HadGEM2-ES.07"
"3927","MOHC-HadGEM2-ES","RCA4",2068,"E Midlands",1,1.77570093457944,3.61578947368421,32.5848319912674,"MOHC-HadGEM2-ES_RCA4","MOHC-HadGEM2-ES.07"
"3928","MOHC-HadGEM2-ES","RCA4",2069,"E Midlands",1,0.196261682242991,3.71428571428571,33.7398759978158,"MOHC-HadGEM2-ES_RCA4","MOHC-HadGEM2-ES.07"
"3929","MOHC-HadGEM2-ES","RCA4",2070,"E Midlands",1,0.317757009345794,4.11764705882353,34.8571073008519,"MOHC-HadGEM2-ES_RCA4","MOHC-HadGEM2-ES.07"
"3930","MOHC-HadGEM2-ES","RCA4",2071,"E Midlands",1,3.94392523364486,4.58293838862559,34.2251003832049,"MOHC-HadGEM2-ES_RCA4","MOHC-HadGEM2-ES.07"
"3931","MOHC-HadGEM2-ES","RCA4",2072,"E Midlands",1,0,0,0,"MOHC-HadGEM2-ES_RCA4","MOHC-HadGEM2-ES.07"
"3932","MOHC-HadGEM2-ES","RCA4",2073,"E Midlands",1,2.02803738317757,3.41013824884793,33.7855729176335,"MOHC-HadGEM2-ES_RCA4","MOHC-HadGEM2-ES.07"
"3933","MOHC-HadGEM2-ES","RCA4",2074,"E Midlands",1,2.00934579439252,3.43720930232558,33.493889713657,"MOHC-HadGEM2-ES_RCA4","MOHC-HadGEM2-ES.07"
"3934","MOHC-HadGEM2-ES","RCA4",2075,"E Midlands",1,0.336448598130841,3.11111111111111,33.4066556228532,"MOHC-HadGEM2-ES_RCA4","MOHC-HadGEM2-ES.07"
"3935","MOHC-HadGEM2-ES","RCA4",2076,"E Midlands",1,0.0841121495327103,3,33.8474609233715,"MOHC-HadGEM2-ES_RCA4","MOHC-HadGEM2-ES.07"
"3936","MOHC-HadGEM2-ES","RCA4",2077,"E Midlands",1,0,0,0,"MOHC-HadGEM2-ES_RCA4","MOHC-HadGEM2-ES.07"
"3937","MOHC-HadGEM2-ES","RCA4",2078,"E Midlands",1,0.0186915887850467,3,31.9301904042562,"MOHC-HadGEM2-ES_RCA4","MOHC-HadGEM2-ES.07"
"3938","MOHC-HadGEM2-ES","RCA4",2079,"E Midlands",1,2.60747663551402,6.62365591397849,34.5541206998739,"MOHC-HadGEM2-ES_RCA4","MOHC-HadGEM2-ES.07"
"3939","MOHC-HadGEM2-ES","RCA4",2080,"E Midlands",1,0.598130841121495,5.453125,32.9144712393483,"MOHC-HadGEM2-ES_RCA4","MOHC-HadGEM2-ES.07"
"3940","MOHC-HadGEM2-ES","RegCM4-6",1980,"E Midlands",1,0,0,0,"MOHC-HadGEM2-ES_RegCM4-6","MOHC-HadGEM2-ES.08"
"3941","MOHC-HadGEM2-ES","RegCM4-6",1981,"E Midlands",1,0,0,0,"MOHC-HadGEM2-ES_RegCM4-6","MOHC-HadGEM2-ES.08"
"3942","MOHC-HadGEM2-ES","RegCM4-6",1982,"E Midlands",1,0,0,0,"MOHC-HadGEM2-ES_RegCM4-6","MOHC-HadGEM2-ES.08"
"3943","MOHC-HadGEM2-ES","RegCM4-6",1983,"E Midlands",1,0.0654205607476635,3,30.7943047568912,"MOHC-HadGEM2-ES_RegCM4-6","MOHC-HadGEM2-ES.08"
"3944","MOHC-HadGEM2-ES","RegCM4-6",1984,"E Midlands",1,0.0934579439252336,3.2,31.7973840634028,"MOHC-HadGEM2-ES_RegCM4-6","MOHC-HadGEM2-ES.08"
"3945","MOHC-HadGEM2-ES","RegCM4-6",1985,"E Midlands",1,0,0,0,"MOHC-HadGEM2-ES_RegCM4-6","MOHC-HadGEM2-ES.08"
"3946","MOHC-HadGEM2-ES","RegCM4-6",1986,"E Midlands",1,0,0,0,"MOHC-HadGEM2-ES_RegCM4-6","MOHC-HadGEM2-ES.08"
"3947","MOHC-HadGEM2-ES","RegCM4-6",1987,"E Midlands",1,0.822429906542056,3.01136363636364,33.9159157203906,"MOHC-HadGEM2-ES_RegCM4-6","MOHC-HadGEM2-ES.08"
"3948","MOHC-HadGEM2-ES","RegCM4-6",1988,"E Midlands",1,0,0,0,"MOHC-HadGEM2-ES_RegCM4-6","MOHC-HadGEM2-ES.08"
"3949","MOHC-HadGEM2-ES","RegCM4-6",1989,"E Midlands",1,0,0,0,"MOHC-HadGEM2-ES_RegCM4-6","MOHC-HadGEM2-ES.08"
"3950","MOHC-HadGEM2-ES","RegCM4-6",1990,"E Midlands",1,0,0,0,"MOHC-HadGEM2-ES_RegCM4-6","MOHC-HadGEM2-ES.08"
"3951","MOHC-HadGEM2-ES","RegCM4-6",1991,"E Midlands",1,0,0,0,"MOHC-HadGEM2-ES_RegCM4-6","MOHC-HadGEM2-ES.08"
"3952","MOHC-HadGEM2-ES","RegCM4-6",1992,"E Midlands",1,0,0,0,"MOHC-HadGEM2-ES_RegCM4-6","MOHC-HadGEM2-ES.08"
"3953","MOHC-HadGEM2-ES","RegCM4-6",1993,"E Midlands",1,0.91588785046729,3.71428571428571,35.5217900597319,"MOHC-HadGEM2-ES_RegCM4-6","MOHC-HadGEM2-ES.08"
"3954","MOHC-HadGEM2-ES","RegCM4-6",1994,"E Midlands",1,0,0,0,"MOHC-HadGEM2-ES_RegCM4-6","MOHC-HadGEM2-ES.08"
"3955","MOHC-HadGEM2-ES","RegCM4-6",1995,"E Midlands",1,0,0,0,"MOHC-HadGEM2-ES_RegCM4-6","MOHC-HadGEM2-ES.08"
"3956","MOHC-HadGEM2-ES","RegCM4-6",1996,"E Midlands",1,0.00934579439252336,3,30.5880727767944,"MOHC-HadGEM2-ES_RegCM4-6","MOHC-HadGEM2-ES.08"
"3957","MOHC-HadGEM2-ES","RegCM4-6",1997,"E Midlands",1,0.598130841121495,3.71875,33.5571469217539,"MOHC-HadGEM2-ES_RegCM4-6","MOHC-HadGEM2-ES.08"
"3958","MOHC-HadGEM2-ES","RegCM4-6",1998,"E Midlands",1,0.504672897196262,3.77777777777778,33.6491432442236,"MOHC-HadGEM2-ES_RegCM4-6","MOHC-HadGEM2-ES.08"
"3959","MOHC-HadGEM2-ES","RegCM4-6",1999,"E Midlands",1,0,0,0,"MOHC-HadGEM2-ES_RegCM4-6","MOHC-HadGEM2-ES.08"
"3960","MOHC-HadGEM2-ES","RegCM4-6",2000,"E Midlands",1,0.224299065420561,3.04166666666667,31.2067117591699,"MOHC-HadGEM2-ES_RegCM4-6","MOHC-HadGEM2-ES.08"
"3961","MOHC-HadGEM2-ES","RegCM4-6",2001,"E Midlands",1,0,0,0,"MOHC-HadGEM2-ES_RegCM4-6","MOHC-HadGEM2-ES.08"
"3962","MOHC-HadGEM2-ES","RegCM4-6",2002,"E Midlands",1,0,0,0,"MOHC-HadGEM2-ES_RegCM4-6","MOHC-HadGEM2-ES.08"
"3963","MOHC-HadGEM2-ES","RegCM4-6",2003,"E Midlands",1,0,0,0,"MOHC-HadGEM2-ES_RegCM4-6","MOHC-HadGEM2-ES.08"
"3964","MOHC-HadGEM2-ES","RegCM4-6",2004,"E Midlands",1,0,0,0,"MOHC-HadGEM2-ES_RegCM4-6","MOHC-HadGEM2-ES.08"
"3965","MOHC-HadGEM2-ES","RegCM4-6",2005,"E Midlands",1,0,0,0,"MOHC-HadGEM2-ES_RegCM4-6","MOHC-HadGEM2-ES.08"
"3966","MOHC-HadGEM2-ES","RegCM4-6",2006,"E Midlands",1,0,0,0,"MOHC-HadGEM2-ES_RegCM4-6","MOHC-HadGEM2-ES.08"
"3967","MOHC-HadGEM2-ES","RegCM4-6",2007,"E Midlands",1,0,0,0,"MOHC-HadGEM2-ES_RegCM4-6","MOHC-HadGEM2-ES.08"
"3968","MOHC-HadGEM2-ES","RegCM4-6",2008,"E Midlands",1,0.00934579439252336,3,32.2597347895304,"MOHC-HadGEM2-ES_RegCM4-6","MOHC-HadGEM2-ES.08"
"3969","MOHC-HadGEM2-ES","RegCM4-6",2009,"E Midlands",1,0.261682242990654,3.71428571428571,32.1048969598043,"MOHC-HadGEM2-ES_RegCM4-6","MOHC-HadGEM2-ES.08"
"3970","MOHC-HadGEM2-ES","RegCM4-6",2010,"E Midlands",1,0,0,0,"MOHC-HadGEM2-ES_RegCM4-6","MOHC-HadGEM2-ES.08"
"3971","MOHC-HadGEM2-ES","RegCM4-6",2011,"E Midlands",1,0,0,0,"MOHC-HadGEM2-ES_RegCM4-6","MOHC-HadGEM2-ES.08"
"3972","MOHC-HadGEM2-ES","RegCM4-6",2012,"E Midlands",1,0,0,0,"MOHC-HadGEM2-ES_RegCM4-6","MOHC-HadGEM2-ES.08"
"3973","MOHC-HadGEM2-ES","RegCM4-6",2013,"E Midlands",1,0,0,0,"MOHC-HadGEM2-ES_RegCM4-6","MOHC-HadGEM2-ES.08"
"3974","MOHC-HadGEM2-ES","RegCM4-6",2014,"E Midlands",1,0.364485981308411,3.53846153846154,31.9011063510536,"MOHC-HadGEM2-ES_RegCM4-6","MOHC-HadGEM2-ES.08"
"3975","MOHC-HadGEM2-ES","RegCM4-6",2015,"E Midlands",1,0,0,0,"MOHC-HadGEM2-ES_RegCM4-6","MOHC-HadGEM2-ES.08"
"3976","MOHC-HadGEM2-ES","RegCM4-6",2016,"E Midlands",1,0,0,0,"MOHC-HadGEM2-ES_RegCM4-6","MOHC-HadGEM2-ES.08"
"3977","MOHC-HadGEM2-ES","RegCM4-6",2017,"E Midlands",1,0.766355140186916,4.24390243902439,33.1634590749818,"MOHC-HadGEM2-ES_RegCM4-6","MOHC-HadGEM2-ES.08"
"3978","MOHC-HadGEM2-ES","RegCM4-6",2018,"E Midlands",1,0,0,0,"MOHC-HadGEM2-ES_RegCM4-6","MOHC-HadGEM2-ES.08"
"3979","MOHC-HadGEM2-ES","RegCM4-6",2019,"E Midlands",1,1.81308411214953,4.2680412371134,34.1021853351921,"MOHC-HadGEM2-ES_RegCM4-6","MOHC-HadGEM2-ES.08"
"3980","MOHC-HadGEM2-ES","RegCM4-6",2020,"E Midlands",1,0,0,0,"MOHC-HadGEM2-ES_RegCM4-6","MOHC-HadGEM2-ES.08"
"3981","MOHC-HadGEM2-ES","RegCM4-6",2021,"E Midlands",1,0,0,0,"MOHC-HadGEM2-ES_RegCM4-6","MOHC-HadGEM2-ES.08"
"3982","MOHC-HadGEM2-ES","RegCM4-6",2022,"E Midlands",1,0.616822429906542,5.18181818181818,32.1490026885469,"MOHC-HadGEM2-ES_RegCM4-6","MOHC-HadGEM2-ES.08"
"3983","MOHC-HadGEM2-ES","RegCM4-6",2023,"E Midlands",1,0,0,0,"MOHC-HadGEM2-ES_RegCM4-6","MOHC-HadGEM2-ES.08"
"3984","MOHC-HadGEM2-ES","RegCM4-6",2024,"E Midlands",1,0.383177570093458,3,32.7225262556619,"MOHC-HadGEM2-ES_RegCM4-6","MOHC-HadGEM2-ES.08"
"3985","MOHC-HadGEM2-ES","RegCM4-6",2025,"E Midlands",1,1.41121495327103,3.05960264900662,33.5059288016481,"MOHC-HadGEM2-ES_RegCM4-6","MOHC-HadGEM2-ES.08"
"3986","MOHC-HadGEM2-ES","RegCM4-6",2026,"E Midlands",1,0,0,0,"MOHC-HadGEM2-ES_RegCM4-6","MOHC-HadGEM2-ES.08"
"3987","MOHC-HadGEM2-ES","RegCM4-6",2027,"E Midlands",1,0,0,0,"MOHC-HadGEM2-ES_RegCM4-6","MOHC-HadGEM2-ES.08"
"3988","MOHC-HadGEM2-ES","RegCM4-6",2028,"E Midlands",1,0,0,0,"MOHC-HadGEM2-ES_RegCM4-6","MOHC-HadGEM2-ES.08"
"3989","MOHC-HadGEM2-ES","RegCM4-6",2029,"E Midlands",1,0.327102803738318,3.37142857142857,31.8810544967651,"MOHC-HadGEM2-ES_RegCM4-6","MOHC-HadGEM2-ES.08"
"3990","MOHC-HadGEM2-ES","RegCM4-6",2030,"E Midlands",1,2.66355140186916,4.81052631578947,33.8174325774021,"MOHC-HadGEM2-ES_RegCM4-6","MOHC-HadGEM2-ES.08"
"3991","MOHC-HadGEM2-ES","RegCM4-6",2031,"E Midlands",1,0,0,0,"MOHC-HadGEM2-ES_RegCM4-6","MOHC-HadGEM2-ES.08"
"3992","MOHC-HadGEM2-ES","RegCM4-6",2032,"E Midlands",1,0.757009345794392,5.14814814814815,32.3511380956567,"MOHC-HadGEM2-ES_RegCM4-6","MOHC-HadGEM2-ES.08"
"3993","MOHC-HadGEM2-ES","RegCM4-6",2033,"E Midlands",1,0.00934579439252336,3,30.9464712142944,"MOHC-HadGEM2-ES_RegCM4-6","MOHC-HadGEM2-ES.08"
"3994","MOHC-HadGEM2-ES","RegCM4-6",2034,"E Midlands",1,0,0,0,"MOHC-HadGEM2-ES_RegCM4-6","MOHC-HadGEM2-ES.08"
"3995","MOHC-HadGEM2-ES","RegCM4-6",2035,"E Midlands",1,0,0,0,"MOHC-HadGEM2-ES_RegCM4-6","MOHC-HadGEM2-ES.08"
"3996","MOHC-HadGEM2-ES","RegCM4-6",2036,"E Midlands",1,0,0,0,"MOHC-HadGEM2-ES_RegCM4-6","MOHC-HadGEM2-ES.08"
"3997","MOHC-HadGEM2-ES","RegCM4-6",2037,"E Midlands",1,0,0,0,"MOHC-HadGEM2-ES_RegCM4-6","MOHC-HadGEM2-ES.08"
"3998","MOHC-HadGEM2-ES","RegCM4-6",2038,"E Midlands",1,0,0,0,"MOHC-HadGEM2-ES_RegCM4-6","MOHC-HadGEM2-ES.08"
"3999","MOHC-HadGEM2-ES","RegCM4-6",2039,"E Midlands",1,0,0,0,"MOHC-HadGEM2-ES_RegCM4-6","MOHC-HadGEM2-ES.08"
"4000","MOHC-HadGEM2-ES","RegCM4-6",2040,"E Midlands",1,0.700934579439252,3.88,33.0997487528059,"MOHC-HadGEM2-ES_RegCM4-6","MOHC-HadGEM2-ES.08"
"4001","MOHC-HadGEM2-ES","RegCM4-6",2041,"E Midlands",1,1.93457943925234,3.92270531400966,33.415453909632,"MOHC-HadGEM2-ES_RegCM4-6","MOHC-HadGEM2-ES.08"
"4002","MOHC-HadGEM2-ES","RegCM4-6",2042,"E Midlands",1,0.91588785046729,4.51020408163265,33.0535132077275,"MOHC-HadGEM2-ES_RegCM4-6","MOHC-HadGEM2-ES.08"
"4003","MOHC-HadGEM2-ES","RegCM4-6",2043,"E Midlands",1,1.21495327102804,4.68461538461538,36.6292947977716,"MOHC-HadGEM2-ES_RegCM4-6","MOHC-HadGEM2-ES.08"
"4004","MOHC-HadGEM2-ES","RegCM4-6",2044,"E Midlands",1,1.31775700934579,4.46099290780142,34.001955545484,"MOHC-HadGEM2-ES_RegCM4-6","MOHC-HadGEM2-ES.08"
"4005","MOHC-HadGEM2-ES","RegCM4-6",2045,"E Midlands",1,0,0,0,"MOHC-HadGEM2-ES_RegCM4-6","MOHC-HadGEM2-ES.08"
"4006","MOHC-HadGEM2-ES","RegCM4-6",2046,"E Midlands",1,0.794392523364486,3.45882352941176,34.1907378570706,"MOHC-HadGEM2-ES_RegCM4-6","MOHC-HadGEM2-ES.08"
"4007","MOHC-HadGEM2-ES","RegCM4-6",2047,"E Midlands",1,0.11214953271028,3,34.4834144910177,"MOHC-HadGEM2-ES_RegCM4-6","MOHC-HadGEM2-ES.08"
"4008","MOHC-HadGEM2-ES","RegCM4-6",2048,"E Midlands",1,0.102803738317757,3,31.1943994579893,"MOHC-HadGEM2-ES_RegCM4-6","MOHC-HadGEM2-ES.08"
"4009","MOHC-HadGEM2-ES","RegCM4-6",2049,"E Midlands",1,1.83177570093458,5.45408163265306,35.0640883071661,"MOHC-HadGEM2-ES_RegCM4-6","MOHC-HadGEM2-ES.08"
"4010","MOHC-HadGEM2-ES","RegCM4-6",2050,"E Midlands",1,1.02803738317757,3.85454545454545,33.765902391058,"MOHC-HadGEM2-ES_RegCM4-6","MOHC-HadGEM2-ES.08"
"4011","MOHC-HadGEM2-ES","RegCM4-6",2051,"E Midlands",1,0.962616822429907,4.4368932038835,34.2142850474632,"MOHC-HadGEM2-ES_RegCM4-6","MOHC-HadGEM2-ES.08"
"4012","MOHC-HadGEM2-ES","RegCM4-6",2052,"E Midlands",1,0.0747663551401869,3,31.4280670483907,"MOHC-HadGEM2-ES_RegCM4-6","MOHC-HadGEM2-ES.08"
"4013","MOHC-HadGEM2-ES","RegCM4-6",2053,"E Midlands",1,0,0,0,"MOHC-HadGEM2-ES_RegCM4-6","MOHC-HadGEM2-ES.08"
"4014","MOHC-HadGEM2-ES","RegCM4-6",2054,"E Midlands",1,0,0,0,"MOHC-HadGEM2-ES_RegCM4-6","MOHC-HadGEM2-ES.08"
"4015","MOHC-HadGEM2-ES","RegCM4-6",2055,"E Midlands",1,0.663551401869159,3.35211267605634,33.5201268117752,"MOHC-HadGEM2-ES_RegCM4-6","MOHC-HadGEM2-ES.08"
"4016","MOHC-HadGEM2-ES","RegCM4-6",2056,"E Midlands",1,0,0,0,"MOHC-HadGEM2-ES_RegCM4-6","MOHC-HadGEM2-ES.08"
"4017","MOHC-HadGEM2-ES","RegCM4-6",2057,"E Midlands",1,0,0,0,"MOHC-HadGEM2-ES_RegCM4-6","MOHC-HadGEM2-ES.08"
"4018","MOHC-HadGEM2-ES","RegCM4-6",2058,"E Midlands",1,1.00934579439252,5.65740740740741,34.9058392694177,"MOHC-HadGEM2-ES_RegCM4-6","MOHC-HadGEM2-ES.08"
"4019","MOHC-HadGEM2-ES","RegCM4-6",2059,"E Midlands",1,1.58878504672897,3.41764705882353,32.4766059832413,"MOHC-HadGEM2-ES_RegCM4-6","MOHC-HadGEM2-ES.08"
"4020","MOHC-HadGEM2-ES","RegCM4-6",2060,"E Midlands",1,0,0,0,"MOHC-HadGEM2-ES_RegCM4-6","MOHC-HadGEM2-ES.08"
"4021","MOHC-HadGEM2-ES","RegCM4-6",2061,"E Midlands",1,1.35514018691589,5.37241379310345,33.7764599611385,"MOHC-HadGEM2-ES_RegCM4-6","MOHC-HadGEM2-ES.08"
"4022","MOHC-HadGEM2-ES","RegCM4-6",2062,"E Midlands",1,0,0,0,"MOHC-HadGEM2-ES_RegCM4-6","MOHC-HadGEM2-ES.08"
"4023","MOHC-HadGEM2-ES","RegCM4-6",2063,"E Midlands",1,0.598130841121495,3.015625,34.6462613555292,"MOHC-HadGEM2-ES_RegCM4-6","MOHC-HadGEM2-ES.08"
"4024","MOHC-HadGEM2-ES","RegCM4-6",2064,"E Midlands",1,0,0,0,"MOHC-HadGEM2-ES_RegCM4-6","MOHC-HadGEM2-ES.08"
"4025","MOHC-HadGEM2-ES","RegCM4-6",2065,"E Midlands",1,2.08411214953271,3.41255605381166,34.1195980982217,"MOHC-HadGEM2-ES_RegCM4-6","MOHC-HadGEM2-ES.08"
"4026","MOHC-HadGEM2-ES","RegCM4-6",2066,"E Midlands",1,0.439252336448598,3,35.6241969047709,"MOHC-HadGEM2-ES_RegCM4-6","MOHC-HadGEM2-ES.08"
"4027","MOHC-HadGEM2-ES","RegCM4-6",2067,"E Midlands",1,0.570093457943925,4.16393442622951,32.4607158475886,"MOHC-HadGEM2-ES_RegCM4-6","MOHC-HadGEM2-ES.08"
"4028","MOHC-HadGEM2-ES","RegCM4-6",2068,"E Midlands",1,1.50467289719626,4.11180124223602,32.9373170863521,"MOHC-HadGEM2-ES_RegCM4-6","MOHC-HadGEM2-ES.08"
"4029","MOHC-HadGEM2-ES","RegCM4-6",2069,"E Midlands",1,0,0,0,"MOHC-HadGEM2-ES_RegCM4-6","MOHC-HadGEM2-ES.08"
"4030","MOHC-HadGEM2-ES","RegCM4-6",2070,"E Midlands",1,0.233644859813084,3.16,32.5406140867869,"MOHC-HadGEM2-ES_RegCM4-6","MOHC-HadGEM2-ES.08"
"4031","MOHC-HadGEM2-ES","RegCM4-6",2071,"E Midlands",1,2.18691588785047,4.94444444444444,34.1123199248392,"MOHC-HadGEM2-ES_RegCM4-6","MOHC-HadGEM2-ES.08"
"4032","MOHC-HadGEM2-ES","RegCM4-6",2072,"E Midlands",1,0,0,0,"MOHC-HadGEM2-ES_RegCM4-6","MOHC-HadGEM2-ES.08"
"4033","MOHC-HadGEM2-ES","RegCM4-6",2073,"E Midlands",1,3.27102803738318,3.49428571428571,32.9184002649671,"MOHC-HadGEM2-ES_RegCM4-6","MOHC-HadGEM2-ES.08"
"4034","MOHC-HadGEM2-ES","RegCM4-6",2074,"E Midlands",1,1.29906542056075,4.99280575539568,34.9295050704508,"MOHC-HadGEM2-ES_RegCM4-6","MOHC-HadGEM2-ES.08"
"4035","MOHC-HadGEM2-ES","RegCM4-6",2075,"E Midlands",1,0,0,0,"MOHC-HadGEM2-ES_RegCM4-6","MOHC-HadGEM2-ES.08"
"4036","MOHC-HadGEM2-ES","RegCM4-6",2076,"E Midlands",1,1.19626168224299,5.3671875,34.6104180552243,"MOHC-HadGEM2-ES_RegCM4-6","MOHC-HadGEM2-ES.08"
"4037","MOHC-HadGEM2-ES","RegCM4-6",2077,"E Midlands",1,3.48598130841122,4.75335120643432,33.3848959037205,"MOHC-HadGEM2-ES_RegCM4-6","MOHC-HadGEM2-ES.08"
"4038","MOHC-HadGEM2-ES","RegCM4-6",2078,"E Midlands",1,0.869158878504673,3.23655913978495,35.3669632916809,"MOHC-HadGEM2-ES_RegCM4-6","MOHC-HadGEM2-ES.08"
"4039","MOHC-HadGEM2-ES","RegCM4-6",2079,"E Midlands",1,0.224299065420561,4.08333333333333,34.4737773875395,"MOHC-HadGEM2-ES_RegCM4-6","MOHC-HadGEM2-ES.08"
"4040","MOHC-HadGEM2-ES","RegCM4-6",2080,"E Midlands",1,0.97196261682243,4.34615384615385,34.2595119036161,"MOHC-HadGEM2-ES_RegCM4-6","MOHC-HadGEM2-ES.08"
"4041","MOHC-HadGEM2-ES","REMO2015",1980,"E Midlands",1,0,0,0,"MOHC-HadGEM2-ES_REMO2015","MOHC-HadGEM2-ES.09"
"4042","MOHC-HadGEM2-ES","REMO2015",1981,"E Midlands",1,0,0,0,"MOHC-HadGEM2-ES_REMO2015","MOHC-HadGEM2-ES.09"
"4043","MOHC-HadGEM2-ES","REMO2015",1982,"E Midlands",1,0,0,0,"MOHC-HadGEM2-ES_REMO2015","MOHC-HadGEM2-ES.09"
"4044","MOHC-HadGEM2-ES","REMO2015",1983,"E Midlands",1,0.626168224299065,3.71641791044776,32.0525091856866,"MOHC-HadGEM2-ES_REMO2015","MOHC-HadGEM2-ES.09"
"4045","MOHC-HadGEM2-ES","REMO2015",1984,"E Midlands",1,0,0,0,"MOHC-HadGEM2-ES_REMO2015","MOHC-HadGEM2-ES.09"
"4046","MOHC-HadGEM2-ES","REMO2015",1985,"E Midlands",1,0,0,0,"MOHC-HadGEM2-ES_REMO2015","MOHC-HadGEM2-ES.09"
"4047","MOHC-HadGEM2-ES","REMO2015",1986,"E Midlands",1,0,0,0,"MOHC-HadGEM2-ES_REMO2015","MOHC-HadGEM2-ES.09"
"4048","MOHC-HadGEM2-ES","REMO2015",1987,"E Midlands",1,0,0,0,"MOHC-HadGEM2-ES_REMO2015","MOHC-HadGEM2-ES.09"
"4049","MOHC-HadGEM2-ES","REMO2015",1988,"E Midlands",1,0,0,0,"MOHC-HadGEM2-ES_REMO2015","MOHC-HadGEM2-ES.09"
"4050","MOHC-HadGEM2-ES","REMO2015",1989,"E Midlands",1,0,0,0,"MOHC-HadGEM2-ES_REMO2015","MOHC-HadGEM2-ES.09"
"4051","MOHC-HadGEM2-ES","REMO2015",1990,"E Midlands",1,1.16822429906542,4.256,31.0085902486892,"MOHC-HadGEM2-ES_REMO2015","MOHC-HadGEM2-ES.09"
"4052","MOHC-HadGEM2-ES","REMO2015",1991,"E Midlands",1,0,0,0,"MOHC-HadGEM2-ES_REMO2015","MOHC-HadGEM2-ES.09"
"4053","MOHC-HadGEM2-ES","REMO2015",1992,"E Midlands",1,0,0,0,"MOHC-HadGEM2-ES_REMO2015","MOHC-HadGEM2-ES.09"
"4054","MOHC-HadGEM2-ES","REMO2015",1993,"E Midlands",1,0,0,0,"MOHC-HadGEM2-ES_REMO2015","MOHC-HadGEM2-ES.09"
"4055","MOHC-HadGEM2-ES","REMO2015",1994,"E Midlands",1,0,0,0,"MOHC-HadGEM2-ES_REMO2015","MOHC-HadGEM2-ES.09"
"4056","MOHC-HadGEM2-ES","REMO2015",1995,"E Midlands",1,0.88785046728972,3.92631578947368,31.921662401902,"MOHC-HadGEM2-ES_REMO2015","MOHC-HadGEM2-ES.09"
"4057","MOHC-HadGEM2-ES","REMO2015",1996,"E Midlands",1,0.0467289719626168,3,30.4297378540039,"MOHC-HadGEM2-ES_REMO2015","MOHC-HadGEM2-ES.09"
"4058","MOHC-HadGEM2-ES","REMO2015",1997,"E Midlands",1,0,0,0,"MOHC-HadGEM2-ES_REMO2015","MOHC-HadGEM2-ES.09"
"4059","MOHC-HadGEM2-ES","REMO2015",1998,"E Midlands",1,0,0,0,"MOHC-HadGEM2-ES_REMO2015","MOHC-HadGEM2-ES.09"
"4060","MOHC-HadGEM2-ES","REMO2015",1999,"E Midlands",1,0,0,0,"MOHC-HadGEM2-ES_REMO2015","MOHC-HadGEM2-ES.09"
"4061","MOHC-HadGEM2-ES","REMO2015",2000,"E Midlands",1,0,0,0,"MOHC-HadGEM2-ES_REMO2015","MOHC-HadGEM2-ES.09"
"4062","MOHC-HadGEM2-ES","REMO2015",2001,"E Midlands",1,0,0,0,"MOHC-HadGEM2-ES_REMO2015","MOHC-HadGEM2-ES.09"
"4063","MOHC-HadGEM2-ES","REMO2015",2002,"E Midlands",1,0,0,0,"MOHC-HadGEM2-ES_REMO2015","MOHC-HadGEM2-ES.09"
"4064","MOHC-HadGEM2-ES","REMO2015",2003,"E Midlands",1,0,0,0,"MOHC-HadGEM2-ES_REMO2015","MOHC-HadGEM2-ES.09"
"4065","MOHC-HadGEM2-ES","REMO2015",2004,"E Midlands",1,0,0,0,"MOHC-HadGEM2-ES_REMO2015","MOHC-HadGEM2-ES.09"
"4066","MOHC-HadGEM2-ES","REMO2015",2005,"E Midlands",1,0.0747663551401869,3,32.3559871912003,"MOHC-HadGEM2-ES_REMO2015","MOHC-HadGEM2-ES.09"
"4067","MOHC-HadGEM2-ES","REMO2015",2006,"E Midlands",1,0,0,0,"MOHC-HadGEM2-ES_REMO2015","MOHC-HadGEM2-ES.09"
"4068","MOHC-HadGEM2-ES","REMO2015",2007,"E Midlands",1,0,0,0,"MOHC-HadGEM2-ES_REMO2015","MOHC-HadGEM2-ES.09"
"4069","MOHC-HadGEM2-ES","REMO2015",2008,"E Midlands",1,0.579439252336449,4.11290322580645,32.2411815976218,"MOHC-HadGEM2-ES_REMO2015","MOHC-HadGEM2-ES.09"
"4070","MOHC-HadGEM2-ES","REMO2015",2009,"E Midlands",1,0,0,0,"MOHC-HadGEM2-ES_REMO2015","MOHC-HadGEM2-ES.09"
"4071","MOHC-HadGEM2-ES","REMO2015",2010,"E Midlands",1,0,0,0,"MOHC-HadGEM2-ES_REMO2015","MOHC-HadGEM2-ES.09"
"4072","MOHC-HadGEM2-ES","REMO2015",2011,"E Midlands",1,1.17757009345794,6.16666666666667,34.151751999202,"MOHC-HadGEM2-ES_REMO2015","MOHC-HadGEM2-ES.09"
"4073","MOHC-HadGEM2-ES","REMO2015",2012,"E Midlands",1,0,0,0,"MOHC-HadGEM2-ES_REMO2015","MOHC-HadGEM2-ES.09"
"4074","MOHC-HadGEM2-ES","REMO2015",2013,"E Midlands",1,0,0,0,"MOHC-HadGEM2-ES_REMO2015","MOHC-HadGEM2-ES.09"
"4075","MOHC-HadGEM2-ES","REMO2015",2014,"E Midlands",1,0.448598130841121,5.35416666666667,31.4042898972829,"MOHC-HadGEM2-ES_REMO2015","MOHC-HadGEM2-ES.09"
"4076","MOHC-HadGEM2-ES","REMO2015",2015,"E Midlands",1,0.121495327102804,3.30769230769231,30.9384758655842,"MOHC-HadGEM2-ES_REMO2015","MOHC-HadGEM2-ES.09"
"4077","MOHC-HadGEM2-ES","REMO2015",2016,"E Midlands",1,0.803738317757009,4.37209302325581,31.2889215153317,"MOHC-HadGEM2-ES_REMO2015","MOHC-HadGEM2-ES.09"
"4078","MOHC-HadGEM2-ES","REMO2015",2017,"E Midlands",1,0.149532710280374,3,30.7307705481847,"MOHC-HadGEM2-ES_REMO2015","MOHC-HadGEM2-ES.09"
"4079","MOHC-HadGEM2-ES","REMO2015",2018,"E Midlands",1,0.233644859813084,3.36,31.1572531159719,"MOHC-HadGEM2-ES_REMO2015","MOHC-HadGEM2-ES.09"
"4080","MOHC-HadGEM2-ES","REMO2015",2019,"E Midlands",1,0.813084112149533,4.04597701149425,31.0230237522344,"MOHC-HadGEM2-ES_REMO2015","MOHC-HadGEM2-ES.09"
"4081","MOHC-HadGEM2-ES","REMO2015",2020,"E Midlands",1,0,0,0,"MOHC-HadGEM2-ES_REMO2015","MOHC-HadGEM2-ES.09"
"4082","MOHC-HadGEM2-ES","REMO2015",2021,"E Midlands",1,0.00934579439252336,4,30.7776522636414,"MOHC-HadGEM2-ES_REMO2015","MOHC-HadGEM2-ES.09"
"4083","MOHC-HadGEM2-ES","REMO2015",2022,"E Midlands",1,0,0,0,"MOHC-HadGEM2-ES_REMO2015","MOHC-HadGEM2-ES.09"
"4084","MOHC-HadGEM2-ES","REMO2015",2023,"E Midlands",1,0,0,0,"MOHC-HadGEM2-ES_REMO2015","MOHC-HadGEM2-ES.09"
"4085","MOHC-HadGEM2-ES","REMO2015",2024,"E Midlands",1,0.177570093457944,3.78947368421053,30.6118829099756,"MOHC-HadGEM2-ES_REMO2015","MOHC-HadGEM2-ES.09"
"4086","MOHC-HadGEM2-ES","REMO2015",2025,"E Midlands",1,0.317757009345794,3.23529411764706,31.2595066809187,"MOHC-HadGEM2-ES_REMO2015","MOHC-HadGEM2-ES.09"
"4087","MOHC-HadGEM2-ES","REMO2015",2026,"E Midlands",1,0,0,0,"MOHC-HadGEM2-ES_REMO2015","MOHC-HadGEM2-ES.09"
"4088","MOHC-HadGEM2-ES","REMO2015",2027,"E Midlands",1,0,0,0,"MOHC-HadGEM2-ES_REMO2015","MOHC-HadGEM2-ES.09"
"4089","MOHC-HadGEM2-ES","REMO2015",2028,"E Midlands",1,0.0934579439252336,3.1,32.2614690701167,"MOHC-HadGEM2-ES_REMO2015","MOHC-HadGEM2-ES.09"
"4090","MOHC-HadGEM2-ES","REMO2015",2029,"E Midlands",1,1.30841121495327,4.77857142857143,32.5567858933429,"MOHC-HadGEM2-ES_REMO2015","MOHC-HadGEM2-ES.09"
"4091","MOHC-HadGEM2-ES","REMO2015",2030,"E Midlands",1,0.289719626168224,4,31.4717690744708,"MOHC-HadGEM2-ES_REMO2015","MOHC-HadGEM2-ES.09"
"4092","MOHC-HadGEM2-ES","REMO2015",2031,"E Midlands",1,0,0,0,"MOHC-HadGEM2-ES_REMO2015","MOHC-HadGEM2-ES.09"
"4093","MOHC-HadGEM2-ES","REMO2015",2032,"E Midlands",1,0,0,0,"MOHC-HadGEM2-ES_REMO2015","MOHC-HadGEM2-ES.09"
"4094","MOHC-HadGEM2-ES","REMO2015",2033,"E Midlands",1,0.242990654205607,3.34615384615385,31.3275303458556,"MOHC-HadGEM2-ES_REMO2015","MOHC-HadGEM2-ES.09"
"4095","MOHC-HadGEM2-ES","REMO2015",2034,"E Midlands",1,0,0,0,"MOHC-HadGEM2-ES_REMO2015","MOHC-HadGEM2-ES.09"
"4096","MOHC-HadGEM2-ES","REMO2015",2035,"E Midlands",1,0,0,0,"MOHC-HadGEM2-ES_REMO2015","MOHC-HadGEM2-ES.09"
"4097","MOHC-HadGEM2-ES","REMO2015",2036,"E Midlands",1,0,0,0,"MOHC-HadGEM2-ES_REMO2015","MOHC-HadGEM2-ES.09"
"4098","MOHC-HadGEM2-ES","REMO2015",2037,"E Midlands",1,0.214953271028037,4,30.9603168757065,"MOHC-HadGEM2-ES_REMO2015","MOHC-HadGEM2-ES.09"
"4099","MOHC-HadGEM2-ES","REMO2015",2038,"E Midlands",1,0,0,0,"MOHC-HadGEM2-ES_REMO2015","MOHC-HadGEM2-ES.09"
"4100","MOHC-HadGEM2-ES","REMO2015",2039,"E Midlands",1,0,0,0,"MOHC-HadGEM2-ES_REMO2015","MOHC-HadGEM2-ES.09"
"4101","MOHC-HadGEM2-ES","REMO2015",2040,"E Midlands",1,0,0,0,"MOHC-HadGEM2-ES_REMO2015","MOHC-HadGEM2-ES.09"
"4102","MOHC-HadGEM2-ES","REMO2015",2041,"E Midlands",1,0.85981308411215,3.28260869565217,31.8742684091347,"MOHC-HadGEM2-ES_REMO2015","MOHC-HadGEM2-ES.09"
"4103","MOHC-HadGEM2-ES","REMO2015",2042,"E Midlands",1,0.495327102803738,3.30188679245283,30.9266850348539,"MOHC-HadGEM2-ES_REMO2015","MOHC-HadGEM2-ES.09"
"4104","MOHC-HadGEM2-ES","REMO2015",2043,"E Midlands",1,0.953271028037383,9.05882352941176,33.7922848042839,"MOHC-HadGEM2-ES_REMO2015","MOHC-HadGEM2-ES.09"
"4105","MOHC-HadGEM2-ES","REMO2015",2044,"E Midlands",1,0,0,0,"MOHC-HadGEM2-ES_REMO2015","MOHC-HadGEM2-ES.09"
"4106","MOHC-HadGEM2-ES","REMO2015",2045,"E Midlands",1,0,0,0,"MOHC-HadGEM2-ES_REMO2015","MOHC-HadGEM2-ES.09"
"4107","MOHC-HadGEM2-ES","REMO2015",2046,"E Midlands",1,0.00934579439252336,3,31.3433698018392,"MOHC-HadGEM2-ES_REMO2015","MOHC-HadGEM2-ES.09"
"4108","MOHC-HadGEM2-ES","REMO2015",2047,"E Midlands",1,0,0,0,"MOHC-HadGEM2-ES_REMO2015","MOHC-HadGEM2-ES.09"
"4109","MOHC-HadGEM2-ES","REMO2015",2048,"E Midlands",1,1.13084112149533,3.77685950413223,31.8994799064492,"MOHC-HadGEM2-ES_REMO2015","MOHC-HadGEM2-ES.09"
"4110","MOHC-HadGEM2-ES","REMO2015",2049,"E Midlands",1,1.49532710280374,4.3375,33.2931568061809,"MOHC-HadGEM2-ES_REMO2015","MOHC-HadGEM2-ES.09"
"4111","MOHC-HadGEM2-ES","REMO2015",2050,"E Midlands",1,0.0934579439252336,3.2,30.9649881362915,"MOHC-HadGEM2-ES_REMO2015","MOHC-HadGEM2-ES.09"
"4112","MOHC-HadGEM2-ES","REMO2015",2051,"E Midlands",1,0.233644859813084,3.64,30.7722554537455,"MOHC-HadGEM2-ES_REMO2015","MOHC-HadGEM2-ES.09"
"4113","MOHC-HadGEM2-ES","REMO2015",2052,"E Midlands",1,0.485981308411215,3.03846153846154,32.3898088488823,"MOHC-HadGEM2-ES_REMO2015","MOHC-HadGEM2-ES.09"
"4114","MOHC-HadGEM2-ES","REMO2015",2053,"E Midlands",1,0,0,0,"MOHC-HadGEM2-ES_REMO2015","MOHC-HadGEM2-ES.09"
"4115","MOHC-HadGEM2-ES","REMO2015",2054,"E Midlands",1,0,0,0,"MOHC-HadGEM2-ES_REMO2015","MOHC-HadGEM2-ES.09"
"4116","MOHC-HadGEM2-ES","REMO2015",2055,"E Midlands",1,0,0,0,"MOHC-HadGEM2-ES_REMO2015","MOHC-HadGEM2-ES.09"
"4117","MOHC-HadGEM2-ES","REMO2015",2056,"E Midlands",1,0,0,0,"MOHC-HadGEM2-ES_REMO2015","MOHC-HadGEM2-ES.09"
"4118","MOHC-HadGEM2-ES","REMO2015",2057,"E Midlands",1,0,0,0,"MOHC-HadGEM2-ES_REMO2015","MOHC-HadGEM2-ES.09"
"4119","MOHC-HadGEM2-ES","REMO2015",2058,"E Midlands",1,0.728971962616822,4.48717948717949,32.8063448930398,"MOHC-HadGEM2-ES_REMO2015","MOHC-HadGEM2-ES.09"
"4120","MOHC-HadGEM2-ES","REMO2015",2059,"E Midlands",1,1.91588785046729,5.52682926829268,32.6518039359378,"MOHC-HadGEM2-ES_REMO2015","MOHC-HadGEM2-ES.09"
"4121","MOHC-HadGEM2-ES","REMO2015",2060,"E Midlands",1,0,0,0,"MOHC-HadGEM2-ES_REMO2015","MOHC-HadGEM2-ES.09"
"4122","MOHC-HadGEM2-ES","REMO2015",2061,"E Midlands",1,0.121495327102804,3.84615384615385,30.9452661184164,"MOHC-HadGEM2-ES_REMO2015","MOHC-HadGEM2-ES.09"
"4123","MOHC-HadGEM2-ES","REMO2015",2062,"E Midlands",1,0.467289719626168,3.64,31.5872595135371,"MOHC-HadGEM2-ES_REMO2015","MOHC-HadGEM2-ES.09"
"4124","MOHC-HadGEM2-ES","REMO2015",2063,"E Midlands",1,0.523364485981308,3.19642857142857,30.6916555776483,"MOHC-HadGEM2-ES_REMO2015","MOHC-HadGEM2-ES.09"
"4125","MOHC-HadGEM2-ES","REMO2015",2064,"E Midlands",1,0.0186915887850467,3.5,30.9131312767665,"MOHC-HadGEM2-ES_REMO2015","MOHC-HadGEM2-ES.09"
"4126","MOHC-HadGEM2-ES","REMO2015",2065,"E Midlands",1,1.85981308411215,4.2713567839196,32.5727989518891,"MOHC-HadGEM2-ES_REMO2015","MOHC-HadGEM2-ES.09"
"4127","MOHC-HadGEM2-ES","REMO2015",2066,"E Midlands",1,0,0,0,"MOHC-HadGEM2-ES_REMO2015","MOHC-HadGEM2-ES.09"
"4128","MOHC-HadGEM2-ES","REMO2015",2067,"E Midlands",1,0.551401869158878,3,30.8634136760302,"MOHC-HadGEM2-ES_REMO2015","MOHC-HadGEM2-ES.09"
"4129","MOHC-HadGEM2-ES","REMO2015",2068,"E Midlands",1,2.29906542056075,4.27642276422764,32.3633530264624,"MOHC-HadGEM2-ES_REMO2015","MOHC-HadGEM2-ES.09"
"4130","MOHC-HadGEM2-ES","REMO2015",2069,"E Midlands",1,0.00934579439252336,3,30.7843360900879,"MOHC-HadGEM2-ES_REMO2015","MOHC-HadGEM2-ES.09"
"4131","MOHC-HadGEM2-ES","REMO2015",2070,"E Midlands",1,0.373831775700935,3.275,33.7111169489225,"MOHC-HadGEM2-ES_REMO2015","MOHC-HadGEM2-ES.09"
"4132","MOHC-HadGEM2-ES","REMO2015",2071,"E Midlands",1,5.01869158878505,6.0391061452514,33.9360032166072,"MOHC-HadGEM2-ES_REMO2015","MOHC-HadGEM2-ES.09"
"4133","MOHC-HadGEM2-ES","REMO2015",2072,"E Midlands",1,1.49532710280374,5.23125,33.30168570852,"MOHC-HadGEM2-ES_REMO2015","MOHC-HadGEM2-ES.09"
"4134","MOHC-HadGEM2-ES","REMO2015",2073,"E Midlands",1,2.26168224299065,3.27685950413223,32.7698611428258,"MOHC-HadGEM2-ES_REMO2015","MOHC-HadGEM2-ES.09"
"4135","MOHC-HadGEM2-ES","REMO2015",2074,"E Midlands",1,0,0,0,"MOHC-HadGEM2-ES_REMO2015","MOHC-HadGEM2-ES.09"
"4136","MOHC-HadGEM2-ES","REMO2015",2075,"E Midlands",1,0.728971962616822,3.07692307692308,31.6584184055654,"MOHC-HadGEM2-ES_REMO2015","MOHC-HadGEM2-ES.09"
"4137","MOHC-HadGEM2-ES","REMO2015",2076,"E Midlands",1,1.11214953271028,3.84873949579832,35.6783471796693,"MOHC-HadGEM2-ES_REMO2015","MOHC-HadGEM2-ES.09"
"4138","MOHC-HadGEM2-ES","REMO2015",2077,"E Midlands",1,2.35514018691589,5.07936507936508,32.2998844754109,"MOHC-HadGEM2-ES_REMO2015","MOHC-HadGEM2-ES.09"
"4139","MOHC-HadGEM2-ES","REMO2015",2078,"E Midlands",1,0.682242990654206,3.02739726027397,31.8458640205261,"MOHC-HadGEM2-ES_REMO2015","MOHC-HadGEM2-ES.09"
"4140","MOHC-HadGEM2-ES","REMO2015",2079,"E Midlands",1,1.17757009345794,5.86507936507936,32.2155203862525,"MOHC-HadGEM2-ES_REMO2015","MOHC-HadGEM2-ES.09"
"4141","MOHC-HadGEM2-ES","REMO2015",2080,"E Midlands",1,2.73831775700935,5.38566552901024,32.7905123920992,"MOHC-HadGEM2-ES_REMO2015","MOHC-HadGEM2-ES.09"
"4142","MOHC-HadGEM2-ES","WRF381P",1980,"E Midlands",1,0,0,0,"MOHC-HadGEM2-ES_WRF381P","MOHC-HadGEM2-ES.10"
"4143","MOHC-HadGEM2-ES","WRF381P",1981,"E Midlands",1,0,0,0,"MOHC-HadGEM2-ES_WRF381P","MOHC-HadGEM2-ES.10"
"4144","MOHC-HadGEM2-ES","WRF381P",1982,"E Midlands",1,0,0,0,"MOHC-HadGEM2-ES_WRF381P","MOHC-HadGEM2-ES.10"
"4145","MOHC-HadGEM2-ES","WRF381P",1983,"E Midlands",1,0,0,0,"MOHC-HadGEM2-ES_WRF381P","MOHC-HadGEM2-ES.10"
"4146","MOHC-HadGEM2-ES","WRF381P",1984,"E Midlands",1,0,0,0,"MOHC-HadGEM2-ES_WRF381P","MOHC-HadGEM2-ES.10"
"4147","MOHC-HadGEM2-ES","WRF381P",1985,"E Midlands",1,0,0,0,"MOHC-HadGEM2-ES_WRF381P","MOHC-HadGEM2-ES.10"
"4148","MOHC-HadGEM2-ES","WRF381P",1986,"E Midlands",1,0,0,0,"MOHC-HadGEM2-ES_WRF381P","MOHC-HadGEM2-ES.10"
"4149","MOHC-HadGEM2-ES","WRF381P",1987,"E Midlands",1,0.0186915887850467,4,31.7358856201172,"MOHC-HadGEM2-ES_WRF381P","MOHC-HadGEM2-ES.10"
"4150","MOHC-HadGEM2-ES","WRF381P",1988,"E Midlands",1,0,0,0,"MOHC-HadGEM2-ES_WRF381P","MOHC-HadGEM2-ES.10"
"4151","MOHC-HadGEM2-ES","WRF381P",1989,"E Midlands",1,0,0,0,"MOHC-HadGEM2-ES_WRF381P","MOHC-HadGEM2-ES.10"
"4152","MOHC-HadGEM2-ES","WRF381P",1990,"E Midlands",1,0.186915887850467,3,31.6746966044108,"MOHC-HadGEM2-ES_WRF381P","MOHC-HadGEM2-ES.10"
"4153","MOHC-HadGEM2-ES","WRF381P",1991,"E Midlands",1,0,0,0,"MOHC-HadGEM2-ES_WRF381P","MOHC-HadGEM2-ES.10"
"4154","MOHC-HadGEM2-ES","WRF381P",1992,"E Midlands",1,0,0,0,"MOHC-HadGEM2-ES_WRF381P","MOHC-HadGEM2-ES.10"
"4155","MOHC-HadGEM2-ES","WRF381P",1993,"E Midlands",1,0.00934579439252336,3,31.7721293767293,"MOHC-HadGEM2-ES_WRF381P","MOHC-HadGEM2-ES.10"
"4156","MOHC-HadGEM2-ES","WRF381P",1994,"E Midlands",1,0,0,0,"MOHC-HadGEM2-ES_WRF381P","MOHC-HadGEM2-ES.10"
"4157","MOHC-HadGEM2-ES","WRF381P",1995,"E Midlands",1,0,0,0,"MOHC-HadGEM2-ES_WRF381P","MOHC-HadGEM2-ES.10"
"4158","MOHC-HadGEM2-ES","WRF381P",1996,"E Midlands",1,0,0,0,"MOHC-HadGEM2-ES_WRF381P","MOHC-HadGEM2-ES.10"
"4159","MOHC-HadGEM2-ES","WRF381P",1997,"E Midlands",1,0,0,0,"MOHC-HadGEM2-ES_WRF381P","MOHC-HadGEM2-ES.10"
"4160","MOHC-HadGEM2-ES","WRF381P",1998,"E Midlands",1,0.383177570093458,3.07317073170732,31.7020917268303,"MOHC-HadGEM2-ES_WRF381P","MOHC-HadGEM2-ES.10"
"4161","MOHC-HadGEM2-ES","WRF381P",1999,"E Midlands",1,0,0,0,"MOHC-HadGEM2-ES_WRF381P","MOHC-HadGEM2-ES.10"
"4162","MOHC-HadGEM2-ES","WRF381P",2000,"E Midlands",1,0,0,0,"MOHC-HadGEM2-ES_WRF381P","MOHC-HadGEM2-ES.10"
"4163","MOHC-HadGEM2-ES","WRF381P",2001,"E Midlands",1,0.523364485981308,3.03571428571429,31.1035743128686,"MOHC-HadGEM2-ES_WRF381P","MOHC-HadGEM2-ES.10"
"4164","MOHC-HadGEM2-ES","WRF381P",2002,"E Midlands",1,0,0,0,"MOHC-HadGEM2-ES_WRF381P","MOHC-HadGEM2-ES.10"
"4165","MOHC-HadGEM2-ES","WRF381P",2003,"E Midlands",1,0,0,0,"MOHC-HadGEM2-ES_WRF381P","MOHC-HadGEM2-ES.10"
"4166","MOHC-HadGEM2-ES","WRF381P",2004,"E Midlands",1,0,0,0,"MOHC-HadGEM2-ES_WRF381P","MOHC-HadGEM2-ES.10"
"4167","MOHC-HadGEM2-ES","WRF381P",2005,"E Midlands",1,0,0,0,"MOHC-HadGEM2-ES_WRF381P","MOHC-HadGEM2-ES.10"
"4168","MOHC-HadGEM2-ES","WRF381P",2006,"E Midlands",1,0,0,0,"MOHC-HadGEM2-ES_WRF381P","MOHC-HadGEM2-ES.10"
"4169","MOHC-HadGEM2-ES","WRF381P",2007,"E Midlands",1,0,0,0,"MOHC-HadGEM2-ES_WRF381P","MOHC-HadGEM2-ES.10"
"4170","MOHC-HadGEM2-ES","WRF381P",2008,"E Midlands",1,0,0,0,"MOHC-HadGEM2-ES_WRF381P","MOHC-HadGEM2-ES.10"
"4171","MOHC-HadGEM2-ES","WRF381P",2009,"E Midlands",1,0,0,0,"MOHC-HadGEM2-ES_WRF381P","MOHC-HadGEM2-ES.10"
"4172","MOHC-HadGEM2-ES","WRF381P",2010,"E Midlands",1,0.0654205607476635,3,33.5940668469384,"MOHC-HadGEM2-ES_WRF381P","MOHC-HadGEM2-ES.10"
"4173","MOHC-HadGEM2-ES","WRF381P",2011,"E Midlands",1,0,0,0,"MOHC-HadGEM2-ES_WRF381P","MOHC-HadGEM2-ES.10"
"4174","MOHC-HadGEM2-ES","WRF381P",2012,"E Midlands",1,0,0,0,"MOHC-HadGEM2-ES_WRF381P","MOHC-HadGEM2-ES.10"
"4175","MOHC-HadGEM2-ES","WRF381P",2013,"E Midlands",1,0,0,0,"MOHC-HadGEM2-ES_WRF381P","MOHC-HadGEM2-ES.10"
"4176","MOHC-HadGEM2-ES","WRF381P",2014,"E Midlands",1,0.299065420560748,4.03125,34.0344621360302,"MOHC-HadGEM2-ES_WRF381P","MOHC-HadGEM2-ES.10"
"4177","MOHC-HadGEM2-ES","WRF381P",2015,"E Midlands",1,0.121495327102804,3,31.9122148905045,"MOHC-HadGEM2-ES_WRF381P","MOHC-HadGEM2-ES.10"
"4178","MOHC-HadGEM2-ES","WRF381P",2016,"E Midlands",1,0,0,0,"MOHC-HadGEM2-ES_WRF381P","MOHC-HadGEM2-ES.10"
"4179","MOHC-HadGEM2-ES","WRF381P",2017,"E Midlands",1,0,0,0,"MOHC-HadGEM2-ES_WRF381P","MOHC-HadGEM2-ES.10"
"4180","MOHC-HadGEM2-ES","WRF381P",2018,"E Midlands",1,0,0,0,"MOHC-HadGEM2-ES_WRF381P","MOHC-HadGEM2-ES.10"
"4181","MOHC-HadGEM2-ES","WRF381P",2019,"E Midlands",1,0.0467289719626168,3,31.4531233469645,"MOHC-HadGEM2-ES_WRF381P","MOHC-HadGEM2-ES.10"
"4182","MOHC-HadGEM2-ES","WRF381P",2020,"E Midlands",1,0.168224299065421,3.83333333333333,31.5196674497039,"MOHC-HadGEM2-ES_WRF381P","MOHC-HadGEM2-ES.10"
"4183","MOHC-HadGEM2-ES","WRF381P",2021,"E Midlands",1,0,0,0,"MOHC-HadGEM2-ES_WRF381P","MOHC-HadGEM2-ES.10"
"4184","MOHC-HadGEM2-ES","WRF381P",2022,"E Midlands",1,0,0,0,"MOHC-HadGEM2-ES_WRF381P","MOHC-HadGEM2-ES.10"
"4185","MOHC-HadGEM2-ES","WRF381P",2023,"E Midlands",1,0.364485981308411,4.05128205128205,35.1933946923313,"MOHC-HadGEM2-ES_WRF381P","MOHC-HadGEM2-ES.10"
"4186","MOHC-HadGEM2-ES","WRF381P",2024,"E Midlands",1,0,0,0,"MOHC-HadGEM2-ES_WRF381P","MOHC-HadGEM2-ES.10"
"4187","MOHC-HadGEM2-ES","WRF381P",2025,"E Midlands",1,1.76635514018692,6.68783068783069,32.9823635117936,"MOHC-HadGEM2-ES_WRF381P","MOHC-HadGEM2-ES.10"
"4188","MOHC-HadGEM2-ES","WRF381P",2026,"E Midlands",1,0,0,0,"MOHC-HadGEM2-ES_WRF381P","MOHC-HadGEM2-ES.10"
"4189","MOHC-HadGEM2-ES","WRF381P",2027,"E Midlands",1,0,0,0,"MOHC-HadGEM2-ES_WRF381P","MOHC-HadGEM2-ES.10"
"4190","MOHC-HadGEM2-ES","WRF381P",2028,"E Midlands",1,0,0,0,"MOHC-HadGEM2-ES_WRF381P","MOHC-HadGEM2-ES.10"
"4191","MOHC-HadGEM2-ES","WRF381P",2029,"E Midlands",1,0,0,0,"MOHC-HadGEM2-ES_WRF381P","MOHC-HadGEM2-ES.10"
"4192","MOHC-HadGEM2-ES","WRF381P",2030,"E Midlands",1,0,0,0,"MOHC-HadGEM2-ES_WRF381P","MOHC-HadGEM2-ES.10"
"4193","MOHC-HadGEM2-ES","WRF381P",2031,"E Midlands",1,0,0,0,"MOHC-HadGEM2-ES_WRF381P","MOHC-HadGEM2-ES.10"
"4194","MOHC-HadGEM2-ES","WRF381P",2032,"E Midlands",1,0.0841121495327103,3.11111111111111,30.8395717144012,"MOHC-HadGEM2-ES_WRF381P","MOHC-HadGEM2-ES.10"
"4195","MOHC-HadGEM2-ES","WRF381P",2033,"E Midlands",1,0,0,0,"MOHC-HadGEM2-ES_WRF381P","MOHC-HadGEM2-ES.10"
"4196","MOHC-HadGEM2-ES","WRF381P",2034,"E Midlands",1,0.738317757009346,4,34.3855941627599,"MOHC-HadGEM2-ES_WRF381P","MOHC-HadGEM2-ES.10"
"4197","MOHC-HadGEM2-ES","WRF381P",2035,"E Midlands",1,0,0,0,"MOHC-HadGEM2-ES_WRF381P","MOHC-HadGEM2-ES.10"
"4198","MOHC-HadGEM2-ES","WRF381P",2036,"E Midlands",1,0,0,0,"MOHC-HadGEM2-ES_WRF381P","MOHC-HadGEM2-ES.10"
"4199","MOHC-HadGEM2-ES","WRF381P",2037,"E Midlands",1,0,0,0,"MOHC-HadGEM2-ES_WRF381P","MOHC-HadGEM2-ES.10"
"4200","MOHC-HadGEM2-ES","WRF381P",2038,"E Midlands",1,0,0,0,"MOHC-HadGEM2-ES_WRF381P","MOHC-HadGEM2-ES.10"
"4201","MOHC-HadGEM2-ES","WRF381P",2039,"E Midlands",1,0,0,0,"MOHC-HadGEM2-ES_WRF381P","MOHC-HadGEM2-ES.10"
"4202","MOHC-HadGEM2-ES","WRF381P",2040,"E Midlands",1,0,0,0,"MOHC-HadGEM2-ES_WRF381P","MOHC-HadGEM2-ES.10"
"4203","MOHC-HadGEM2-ES","WRF381P",2041,"E Midlands",1,1.05607476635514,5.53982300884956,36.9266667256313,"MOHC-HadGEM2-ES_WRF381P","MOHC-HadGEM2-ES.10"
"4204","MOHC-HadGEM2-ES","WRF381P",2042,"E Midlands",1,0,0,0,"MOHC-HadGEM2-ES_WRF381P","MOHC-HadGEM2-ES.10"
"4205","MOHC-HadGEM2-ES","WRF381P",2043,"E Midlands",1,1,3.78504672897196,35.1565170323737,"MOHC-HadGEM2-ES_WRF381P","MOHC-HadGEM2-ES.10"
"4206","MOHC-HadGEM2-ES","WRF381P",2044,"E Midlands",1,0,0,0,"MOHC-HadGEM2-ES_WRF381P","MOHC-HadGEM2-ES.10"
"4207","MOHC-HadGEM2-ES","WRF381P",2045,"E Midlands",1,0,0,0,"MOHC-HadGEM2-ES_WRF381P","MOHC-HadGEM2-ES.10"
"4208","MOHC-HadGEM2-ES","WRF381P",2046,"E Midlands",1,0,0,0,"MOHC-HadGEM2-ES_WRF381P","MOHC-HadGEM2-ES.10"
"4209","MOHC-HadGEM2-ES","WRF381P",2047,"E Midlands",1,0,0,0,"MOHC-HadGEM2-ES_WRF381P","MOHC-HadGEM2-ES.10"
"4210","MOHC-HadGEM2-ES","WRF381P",2048,"E Midlands",1,0.261682242990654,3,30.7285829158056,"MOHC-HadGEM2-ES_WRF381P","MOHC-HadGEM2-ES.10"
"4211","MOHC-HadGEM2-ES","WRF381P",2049,"E Midlands",1,0,0,0,"MOHC-HadGEM2-ES_WRF381P","MOHC-HadGEM2-ES.10"
"4212","MOHC-HadGEM2-ES","WRF381P",2050,"E Midlands",1,0,0,0,"MOHC-HadGEM2-ES_WRF381P","MOHC-HadGEM2-ES.10"
"4213","MOHC-HadGEM2-ES","WRF381P",2051,"E Midlands",1,0,0,0,"MOHC-HadGEM2-ES_WRF381P","MOHC-HadGEM2-ES.10"
"4214","MOHC-HadGEM2-ES","WRF381P",2052,"E Midlands",1,0,0,0,"MOHC-HadGEM2-ES_WRF381P","MOHC-HadGEM2-ES.10"
"4215","MOHC-HadGEM2-ES","WRF381P",2053,"E Midlands",1,0,0,0,"MOHC-HadGEM2-ES_WRF381P","MOHC-HadGEM2-ES.10"
"4216","MOHC-HadGEM2-ES","WRF381P",2054,"E Midlands",1,0,0,0,"MOHC-HadGEM2-ES_WRF381P","MOHC-HadGEM2-ES.10"
"4217","MOHC-HadGEM2-ES","WRF381P",2055,"E Midlands",1,0.869158878504673,3.46236559139785,33.9070516979395,"MOHC-HadGEM2-ES_WRF381P","MOHC-HadGEM2-ES.10"
"4218","MOHC-HadGEM2-ES","WRF381P",2056,"E Midlands",1,0,0,0,"MOHC-HadGEM2-ES_WRF381P","MOHC-HadGEM2-ES.10"
"4219","MOHC-HadGEM2-ES","WRF381P",2057,"E Midlands",1,0,0,0,"MOHC-HadGEM2-ES_WRF381P","MOHC-HadGEM2-ES.10"
"4220","MOHC-HadGEM2-ES","WRF381P",2058,"E Midlands",1,0,0,0,"MOHC-HadGEM2-ES_WRF381P","MOHC-HadGEM2-ES.10"
"4221","MOHC-HadGEM2-ES","WRF381P",2059,"E Midlands",1,0.0467289719626168,3.2,31.8809623718262,"MOHC-HadGEM2-ES_WRF381P","MOHC-HadGEM2-ES.10"
"4222","MOHC-HadGEM2-ES","WRF381P",2060,"E Midlands",1,0.0560747663551402,3,32.8153842290243,"MOHC-HadGEM2-ES_WRF381P","MOHC-HadGEM2-ES.10"
"4223","MOHC-HadGEM2-ES","WRF381P",2061,"E Midlands",1,0,0,0,"MOHC-HadGEM2-ES_WRF381P","MOHC-HadGEM2-ES.10"
"4224","MOHC-HadGEM2-ES","WRF381P",2062,"E Midlands",1,0,0,0,"MOHC-HadGEM2-ES_WRF381P","MOHC-HadGEM2-ES.10"
"4225","MOHC-HadGEM2-ES","WRF381P",2063,"E Midlands",1,0.813084112149533,3.66666666666667,32.4848074916679,"MOHC-HadGEM2-ES_WRF381P","MOHC-HadGEM2-ES.10"
"4226","MOHC-HadGEM2-ES","WRF381P",2064,"E Midlands",1,0,0,0,"MOHC-HadGEM2-ES_WRF381P","MOHC-HadGEM2-ES.10"
"4227","MOHC-HadGEM2-ES","WRF381P",2065,"E Midlands",1,0,0,0,"MOHC-HadGEM2-ES_WRF381P","MOHC-HadGEM2-ES.10"
"4228","MOHC-HadGEM2-ES","WRF381P",2066,"E Midlands",1,0.682242990654206,4.9041095890411,32.0288031689108,"MOHC-HadGEM2-ES_WRF381P","MOHC-HadGEM2-ES.10"
"4229","MOHC-HadGEM2-ES","WRF381P",2067,"E Midlands",1,0.644859813084112,3.17391304347826,31.1628948778346,"MOHC-HadGEM2-ES_WRF381P","MOHC-HadGEM2-ES.10"
"4230","MOHC-HadGEM2-ES","WRF381P",2068,"E Midlands",1,0.85981308411215,3.02173913043478,32.565283384876,"MOHC-HadGEM2-ES_WRF381P","MOHC-HadGEM2-ES.10"
"4231","MOHC-HadGEM2-ES","WRF381P",2069,"E Midlands",1,0,0,0,"MOHC-HadGEM2-ES_WRF381P","MOHC-HadGEM2-ES.10"
"4232","MOHC-HadGEM2-ES","WRF381P",2070,"E Midlands",1,0,0,0,"MOHC-HadGEM2-ES_WRF381P","MOHC-HadGEM2-ES.10"
"4233","MOHC-HadGEM2-ES","WRF381P",2071,"E Midlands",1,0.457943925233645,3.83673469387755,31.8993469614561,"MOHC-HadGEM2-ES_WRF381P","MOHC-HadGEM2-ES.10"
"4234","MOHC-HadGEM2-ES","WRF381P",2072,"E Midlands",1,0,0,0,"MOHC-HadGEM2-ES_WRF381P","MOHC-HadGEM2-ES.10"
"4235","MOHC-HadGEM2-ES","WRF381P",2073,"E Midlands",1,0.355140186915888,3.31578947368421,32.0929568085754,"MOHC-HadGEM2-ES_WRF381P","MOHC-HadGEM2-ES.10"
"4236","MOHC-HadGEM2-ES","WRF381P",2074,"E Midlands",1,0,0,0,"MOHC-HadGEM2-ES_WRF381P","MOHC-HadGEM2-ES.10"
"4237","MOHC-HadGEM2-ES","WRF381P",2075,"E Midlands",1,1.01869158878505,3.88073394495413,35.4602853792523,"MOHC-HadGEM2-ES_WRF381P","MOHC-HadGEM2-ES.10"
"4238","MOHC-HadGEM2-ES","WRF381P",2076,"E Midlands",1,0.457943925233645,5.08163265306122,31.4952929847094,"MOHC-HadGEM2-ES_WRF381P","MOHC-HadGEM2-ES.10"
"4239","MOHC-HadGEM2-ES","WRF381P",2077,"E Midlands",1,0.224299065420561,3,31.5351767539978,"MOHC-HadGEM2-ES_WRF381P","MOHC-HadGEM2-ES.10"
"4240","MOHC-HadGEM2-ES","WRF381P",2078,"E Midlands",1,0.0841121495327103,3,31.3130841078582,"MOHC-HadGEM2-ES_WRF381P","MOHC-HadGEM2-ES.10"
"4241","MOHC-HadGEM2-ES","WRF381P",2079,"E Midlands",1,0,0,0,"MOHC-HadGEM2-ES_WRF381P","MOHC-HadGEM2-ES.10"
"4242","MOHC-HadGEM2-ES","WRF381P",2080,"E Midlands",1,0.280373831775701,3,32.4053506321377,"MOHC-HadGEM2-ES_WRF381P","MOHC-HadGEM2-ES.10"
"4243","MPI-M-MPI-ESM-LR","ALADIN63",1980,"E Midlands",1,0,0,0,"MPI-M-MPI-ESM-LR_ALADIN63","MPI-M-MPI-ESM-LR.01"
"4244","MPI-M-MPI-ESM-LR","ALADIN63",1981,"E Midlands",1,0,0,0,"MPI-M-MPI-ESM-LR_ALADIN63","MPI-M-MPI-ESM-LR.01"
"4245","MPI-M-MPI-ESM-LR","ALADIN63",1982,"E Midlands",1,0,0,0,"MPI-M-MPI-ESM-LR_ALADIN63","MPI-M-MPI-ESM-LR.01"
"4246","MPI-M-MPI-ESM-LR","ALADIN63",1983,"E Midlands",1,0,0,0,"MPI-M-MPI-ESM-LR_ALADIN63","MPI-M-MPI-ESM-LR.01"
"4247","MPI-M-MPI-ESM-LR","ALADIN63",1984,"E Midlands",1,0,0,0,"MPI-M-MPI-ESM-LR_ALADIN63","MPI-M-MPI-ESM-LR.01"
"4248","MPI-M-MPI-ESM-LR","ALADIN63",1985,"E Midlands",1,0.495327102803738,3,34.7202734197461,"MPI-M-MPI-ESM-LR_ALADIN63","MPI-M-MPI-ESM-LR.01"
"4249","MPI-M-MPI-ESM-LR","ALADIN63",1986,"E Midlands",1,0,0,0,"MPI-M-MPI-ESM-LR_ALADIN63","MPI-M-MPI-ESM-LR.01"
"4250","MPI-M-MPI-ESM-LR","ALADIN63",1987,"E Midlands",1,0,0,0,"MPI-M-MPI-ESM-LR_ALADIN63","MPI-M-MPI-ESM-LR.01"
"4251","MPI-M-MPI-ESM-LR","ALADIN63",1988,"E Midlands",1,0,0,0,"MPI-M-MPI-ESM-LR_ALADIN63","MPI-M-MPI-ESM-LR.01"
"4252","MPI-M-MPI-ESM-LR","ALADIN63",1989,"E Midlands",1,0.00934579439252336,3,30.927596728007,"MPI-M-MPI-ESM-LR_ALADIN63","MPI-M-MPI-ESM-LR.01"
"4253","MPI-M-MPI-ESM-LR","ALADIN63",1990,"E Midlands",1,0.906542056074766,4.22680412371134,34.2583905054532,"MPI-M-MPI-ESM-LR_ALADIN63","MPI-M-MPI-ESM-LR.01"
"4254","MPI-M-MPI-ESM-LR","ALADIN63",1991,"E Midlands",1,0.878504672897196,3.72340425531915,35.9048948032636,"MPI-M-MPI-ESM-LR_ALADIN63","MPI-M-MPI-ESM-LR.01"
"4255","MPI-M-MPI-ESM-LR","ALADIN63",1992,"E Midlands",1,0,0,0,"MPI-M-MPI-ESM-LR_ALADIN63","MPI-M-MPI-ESM-LR.01"
"4256","MPI-M-MPI-ESM-LR","ALADIN63",1993,"E Midlands",1,0.168224299065421,3.11111111111111,31.2227475952219,"MPI-M-MPI-ESM-LR_ALADIN63","MPI-M-MPI-ESM-LR.01"
"4257","MPI-M-MPI-ESM-LR","ALADIN63",1994,"E Midlands",1,0,0,0,"MPI-M-MPI-ESM-LR_ALADIN63","MPI-M-MPI-ESM-LR.01"
"4258","MPI-M-MPI-ESM-LR","ALADIN63",1995,"E Midlands",1,0.00934579439252336,4,31.4350299835205,"MPI-M-MPI-ESM-LR_ALADIN63","MPI-M-MPI-ESM-LR.01"
"4259","MPI-M-MPI-ESM-LR","ALADIN63",1996,"E Midlands",1,0,0,0,"MPI-M-MPI-ESM-LR_ALADIN63","MPI-M-MPI-ESM-LR.01"
"4260","MPI-M-MPI-ESM-LR","ALADIN63",1997,"E Midlands",1,0.0654205607476635,3.42857142857143,33.8842315673828,"MPI-M-MPI-ESM-LR_ALADIN63","MPI-M-MPI-ESM-LR.01"
"4261","MPI-M-MPI-ESM-LR","ALADIN63",1998,"E Midlands",1,0,0,0,"MPI-M-MPI-ESM-LR_ALADIN63","MPI-M-MPI-ESM-LR.01"
"4262","MPI-M-MPI-ESM-LR","ALADIN63",1999,"E Midlands",1,0.205607476635514,3.54545454545455,33.0915618231802,"MPI-M-MPI-ESM-LR_ALADIN63","MPI-M-MPI-ESM-LR.01"
"4263","MPI-M-MPI-ESM-LR","ALADIN63",2000,"E Midlands",1,0.168224299065421,3.88888888888889,32.7778091183415,"MPI-M-MPI-ESM-LR_ALADIN63","MPI-M-MPI-ESM-LR.01"
"4264","MPI-M-MPI-ESM-LR","ALADIN63",2001,"E Midlands",1,0,0,0,"MPI-M-MPI-ESM-LR_ALADIN63","MPI-M-MPI-ESM-LR.01"
"4265","MPI-M-MPI-ESM-LR","ALADIN63",2002,"E Midlands",1,0,0,0,"MPI-M-MPI-ESM-LR_ALADIN63","MPI-M-MPI-ESM-LR.01"
"4266","MPI-M-MPI-ESM-LR","ALADIN63",2003,"E Midlands",1,0.457943925233645,3.3469387755102,33.1722919029443,"MPI-M-MPI-ESM-LR_ALADIN63","MPI-M-MPI-ESM-LR.01"
"4267","MPI-M-MPI-ESM-LR","ALADIN63",2004,"E Midlands",1,0.158878504672897,3,35.0475413939532,"MPI-M-MPI-ESM-LR_ALADIN63","MPI-M-MPI-ESM-LR.01"
"4268","MPI-M-MPI-ESM-LR","ALADIN63",2005,"E Midlands",1,0.158878504672897,3.17647058823529,33.0868684918273,"MPI-M-MPI-ESM-LR_ALADIN63","MPI-M-MPI-ESM-LR.01"
"4269","MPI-M-MPI-ESM-LR","ALADIN63",2006,"E Midlands",1,0.0186915887850467,3,34.1946077346802,"MPI-M-MPI-ESM-LR_ALADIN63","MPI-M-MPI-ESM-LR.01"
"4270","MPI-M-MPI-ESM-LR","ALADIN63",2007,"E Midlands",1,0.607476635514019,3,33.7361398794712,"MPI-M-MPI-ESM-LR_ALADIN63","MPI-M-MPI-ESM-LR.01"
"4271","MPI-M-MPI-ESM-LR","ALADIN63",2008,"E Midlands",1,0.00934579439252336,3,31.9180173873901,"MPI-M-MPI-ESM-LR_ALADIN63","MPI-M-MPI-ESM-LR.01"
"4272","MPI-M-MPI-ESM-LR","ALADIN63",2009,"E Midlands",1,0.813084112149533,4.98850574712644,39.5807260744025,"MPI-M-MPI-ESM-LR_ALADIN63","MPI-M-MPI-ESM-LR.01"
"4273","MPI-M-MPI-ESM-LR","ALADIN63",2010,"E Midlands",1,0,0,0,"MPI-M-MPI-ESM-LR_ALADIN63","MPI-M-MPI-ESM-LR.01"
"4274","MPI-M-MPI-ESM-LR","ALADIN63",2011,"E Midlands",1,0,0,0,"MPI-M-MPI-ESM-LR_ALADIN63","MPI-M-MPI-ESM-LR.01"
"4275","MPI-M-MPI-ESM-LR","ALADIN63",2012,"E Midlands",1,0,0,0,"MPI-M-MPI-ESM-LR_ALADIN63","MPI-M-MPI-ESM-LR.01"
"4276","MPI-M-MPI-ESM-LR","ALADIN63",2013,"E Midlands",1,0.747663551401869,3.65,33.3411115493377,"MPI-M-MPI-ESM-LR_ALADIN63","MPI-M-MPI-ESM-LR.01"
"4277","MPI-M-MPI-ESM-LR","ALADIN63",2014,"E Midlands",1,0,0,0,"MPI-M-MPI-ESM-LR_ALADIN63","MPI-M-MPI-ESM-LR.01"
"4278","MPI-M-MPI-ESM-LR","ALADIN63",2015,"E Midlands",1,0.158878504672897,3.76470588235294,34.261707091799,"MPI-M-MPI-ESM-LR_ALADIN63","MPI-M-MPI-ESM-LR.01"
"4279","MPI-M-MPI-ESM-LR","ALADIN63",2016,"E Midlands",1,0,0,0,"MPI-M-MPI-ESM-LR_ALADIN63","MPI-M-MPI-ESM-LR.01"
"4280","MPI-M-MPI-ESM-LR","ALADIN63",2017,"E Midlands",1,0.570093457943925,4.32786885245902,32.4963131644035,"MPI-M-MPI-ESM-LR_ALADIN63","MPI-M-MPI-ESM-LR.01"
"4281","MPI-M-MPI-ESM-LR","ALADIN63",2018,"E Midlands",1,0,0,0,"MPI-M-MPI-ESM-LR_ALADIN63","MPI-M-MPI-ESM-LR.01"
"4282","MPI-M-MPI-ESM-LR","ALADIN63",2019,"E Midlands",1,0,0,0,"MPI-M-MPI-ESM-LR_ALADIN63","MPI-M-MPI-ESM-LR.01"
"4283","MPI-M-MPI-ESM-LR","ALADIN63",2020,"E Midlands",1,0,0,0,"MPI-M-MPI-ESM-LR_ALADIN63","MPI-M-MPI-ESM-LR.01"
"4284","MPI-M-MPI-ESM-LR","ALADIN63",2021,"E Midlands",1,0.831775700934579,4.17977528089888,34.825623727827,"MPI-M-MPI-ESM-LR_ALADIN63","MPI-M-MPI-ESM-LR.01"
"4285","MPI-M-MPI-ESM-LR","ALADIN63",2022,"E Midlands",1,0.168224299065421,3,32.6140442071138,"MPI-M-MPI-ESM-LR_ALADIN63","MPI-M-MPI-ESM-LR.01"
"4286","MPI-M-MPI-ESM-LR","ALADIN63",2023,"E Midlands",1,0.663551401869159,3.25352112676056,33.7434200546551,"MPI-M-MPI-ESM-LR_ALADIN63","MPI-M-MPI-ESM-LR.01"
"4287","MPI-M-MPI-ESM-LR","ALADIN63",2024,"E Midlands",1,0.906542056074766,4.49484536082474,33.0570939386833,"MPI-M-MPI-ESM-LR_ALADIN63","MPI-M-MPI-ESM-LR.01"
"4288","MPI-M-MPI-ESM-LR","ALADIN63",2025,"E Midlands",1,0,0,0,"MPI-M-MPI-ESM-LR_ALADIN63","MPI-M-MPI-ESM-LR.01"
"4289","MPI-M-MPI-ESM-LR","ALADIN63",2026,"E Midlands",1,0.476635514018692,3,34.659476716534,"MPI-M-MPI-ESM-LR_ALADIN63","MPI-M-MPI-ESM-LR.01"
"4290","MPI-M-MPI-ESM-LR","ALADIN63",2027,"E Midlands",1,0.766355140186916,5.48780487804878,37.68559467319,"MPI-M-MPI-ESM-LR_ALADIN63","MPI-M-MPI-ESM-LR.01"
"4291","MPI-M-MPI-ESM-LR","ALADIN63",2028,"E Midlands",1,0.0654205607476635,3,32.2146120979672,"MPI-M-MPI-ESM-LR_ALADIN63","MPI-M-MPI-ESM-LR.01"
"4292","MPI-M-MPI-ESM-LR","ALADIN63",2029,"E Midlands",1,0,0,0,"MPI-M-MPI-ESM-LR_ALADIN63","MPI-M-MPI-ESM-LR.01"
"4293","MPI-M-MPI-ESM-LR","ALADIN63",2030,"E Midlands",1,1.32710280373832,3.3943661971831,33.3028755545056,"MPI-M-MPI-ESM-LR_ALADIN63","MPI-M-MPI-ESM-LR.01"
"4294","MPI-M-MPI-ESM-LR","ALADIN63",2031,"E Midlands",1,0,0,0,"MPI-M-MPI-ESM-LR_ALADIN63","MPI-M-MPI-ESM-LR.01"
"4295","MPI-M-MPI-ESM-LR","ALADIN63",2032,"E Midlands",1,0,0,0,"MPI-M-MPI-ESM-LR_ALADIN63","MPI-M-MPI-ESM-LR.01"
"4296","MPI-M-MPI-ESM-LR","ALADIN63",2033,"E Midlands",1,0.0747663551401869,3.25,33.4717179139455,"MPI-M-MPI-ESM-LR_ALADIN63","MPI-M-MPI-ESM-LR.01"
"4297","MPI-M-MPI-ESM-LR","ALADIN63",2034,"E Midlands",1,0.878504672897196,4.63829787234043,35.6331153143261,"MPI-M-MPI-ESM-LR_ALADIN63","MPI-M-MPI-ESM-LR.01"
"4298","MPI-M-MPI-ESM-LR","ALADIN63",2035,"E Midlands",1,0,0,0,"MPI-M-MPI-ESM-LR_ALADIN63","MPI-M-MPI-ESM-LR.01"
"4299","MPI-M-MPI-ESM-LR","ALADIN63",2036,"E Midlands",1,0.355140186915888,3,35.9582961567661,"MPI-M-MPI-ESM-LR_ALADIN63","MPI-M-MPI-ESM-LR.01"
"4300","MPI-M-MPI-ESM-LR","ALADIN63",2037,"E Midlands",1,0,0,0,"MPI-M-MPI-ESM-LR_ALADIN63","MPI-M-MPI-ESM-LR.01"
"4301","MPI-M-MPI-ESM-LR","ALADIN63",2038,"E Midlands",1,0,0,0,"MPI-M-MPI-ESM-LR_ALADIN63","MPI-M-MPI-ESM-LR.01"
"4302","MPI-M-MPI-ESM-LR","ALADIN63",2039,"E Midlands",1,0,0,0,"MPI-M-MPI-ESM-LR_ALADIN63","MPI-M-MPI-ESM-LR.01"
"4303","MPI-M-MPI-ESM-LR","ALADIN63",2040,"E Midlands",1,0,0,0,"MPI-M-MPI-ESM-LR_ALADIN63","MPI-M-MPI-ESM-LR.01"
"4304","MPI-M-MPI-ESM-LR","ALADIN63",2041,"E Midlands",1,0.841121495327103,4.4,32.8549011841527,"MPI-M-MPI-ESM-LR_ALADIN63","MPI-M-MPI-ESM-LR.01"
"4305","MPI-M-MPI-ESM-LR","ALADIN63",2042,"E Midlands",1,0.850467289719626,3.81318681318681,34.8116865762424,"MPI-M-MPI-ESM-LR_ALADIN63","MPI-M-MPI-ESM-LR.01"
"4306","MPI-M-MPI-ESM-LR","ALADIN63",2043,"E Midlands",1,1.37383177570093,3.46258503401361,33.082571700587,"MPI-M-MPI-ESM-LR_ALADIN63","MPI-M-MPI-ESM-LR.01"
"4307","MPI-M-MPI-ESM-LR","ALADIN63",2044,"E Midlands",1,0,0,0,"MPI-M-MPI-ESM-LR_ALADIN63","MPI-M-MPI-ESM-LR.01"
"4308","MPI-M-MPI-ESM-LR","ALADIN63",2045,"E Midlands",1,0,0,0,"MPI-M-MPI-ESM-LR_ALADIN63","MPI-M-MPI-ESM-LR.01"
"4309","MPI-M-MPI-ESM-LR","ALADIN63",2046,"E Midlands",1,0,0,0,"MPI-M-MPI-ESM-LR_ALADIN63","MPI-M-MPI-ESM-LR.01"
"4310","MPI-M-MPI-ESM-LR","ALADIN63",2047,"E Midlands",1,0,0,0,"MPI-M-MPI-ESM-LR_ALADIN63","MPI-M-MPI-ESM-LR.01"
"4311","MPI-M-MPI-ESM-LR","ALADIN63",2048,"E Midlands",1,0,0,0,"MPI-M-MPI-ESM-LR_ALADIN63","MPI-M-MPI-ESM-LR.01"
"4312","MPI-M-MPI-ESM-LR","ALADIN63",2049,"E Midlands",1,0.906542056074766,4.21649484536082,36.6813953204663,"MPI-M-MPI-ESM-LR_ALADIN63","MPI-M-MPI-ESM-LR.01"
"4313","MPI-M-MPI-ESM-LR","ALADIN63",2050,"E Midlands",1,1,6.49532710280374,36.8986171001851,"MPI-M-MPI-ESM-LR_ALADIN63","MPI-M-MPI-ESM-LR.01"
"4314","MPI-M-MPI-ESM-LR","ALADIN63",2051,"E Midlands",1,0,0,0,"MPI-M-MPI-ESM-LR_ALADIN63","MPI-M-MPI-ESM-LR.01"
"4315","MPI-M-MPI-ESM-LR","ALADIN63",2052,"E Midlands",1,0,0,0,"MPI-M-MPI-ESM-LR_ALADIN63","MPI-M-MPI-ESM-LR.01"
"4316","MPI-M-MPI-ESM-LR","ALADIN63",2053,"E Midlands",1,0,0,0,"MPI-M-MPI-ESM-LR_ALADIN63","MPI-M-MPI-ESM-LR.01"
"4317","MPI-M-MPI-ESM-LR","ALADIN63",2054,"E Midlands",1,1.81308411214953,4.56185567010309,33.8266710724735,"MPI-M-MPI-ESM-LR_ALADIN63","MPI-M-MPI-ESM-LR.01"
"4318","MPI-M-MPI-ESM-LR","ALADIN63",2055,"E Midlands",1,0.420560747663551,3.71111111111111,32.7748949802237,"MPI-M-MPI-ESM-LR_ALADIN63","MPI-M-MPI-ESM-LR.01"
"4319","MPI-M-MPI-ESM-LR","ALADIN63",2056,"E Midlands",1,0,0,0,"MPI-M-MPI-ESM-LR_ALADIN63","MPI-M-MPI-ESM-LR.01"
"4320","MPI-M-MPI-ESM-LR","ALADIN63",2057,"E Midlands",1,0,0,0,"MPI-M-MPI-ESM-LR_ALADIN63","MPI-M-MPI-ESM-LR.01"
"4321","MPI-M-MPI-ESM-LR","ALADIN63",2058,"E Midlands",1,0.953271028037383,3,32.8293364780401,"MPI-M-MPI-ESM-LR_ALADIN63","MPI-M-MPI-ESM-LR.01"
"4322","MPI-M-MPI-ESM-LR","ALADIN63",2059,"E Midlands",1,2.45794392523365,3.32319391634981,35.09691638457,"MPI-M-MPI-ESM-LR_ALADIN63","MPI-M-MPI-ESM-LR.01"
"4323","MPI-M-MPI-ESM-LR","ALADIN63",2060,"E Midlands",1,2.8785046728972,4.71103896103896,34.5077916186392,"MPI-M-MPI-ESM-LR_ALADIN63","MPI-M-MPI-ESM-LR.01"
"4324","MPI-M-MPI-ESM-LR","ALADIN63",2061,"E Midlands",1,4.51401869158879,4.54658385093168,36.1595524193187,"MPI-M-MPI-ESM-LR_ALADIN63","MPI-M-MPI-ESM-LR.01"
"4325","MPI-M-MPI-ESM-LR","ALADIN63",2062,"E Midlands",1,0,0,0,"MPI-M-MPI-ESM-LR_ALADIN63","MPI-M-MPI-ESM-LR.01"
"4326","MPI-M-MPI-ESM-LR","ALADIN63",2063,"E Midlands",1,2.41121495327103,3.64341085271318,35.3177416977208,"MPI-M-MPI-ESM-LR_ALADIN63","MPI-M-MPI-ESM-LR.01"
"4327","MPI-M-MPI-ESM-LR","ALADIN63",2064,"E Midlands",1,4.27102803738318,4.7855579868709,36.0727665141782,"MPI-M-MPI-ESM-LR_ALADIN63","MPI-M-MPI-ESM-LR.01"
"4328","MPI-M-MPI-ESM-LR","ALADIN63",2065,"E Midlands",1,0.766355140186916,3.23170731707317,31.9562350056036,"MPI-M-MPI-ESM-LR_ALADIN63","MPI-M-MPI-ESM-LR.01"
"4329","MPI-M-MPI-ESM-LR","ALADIN63",2066,"E Midlands",1,0.0373831775700935,4.5,33.5199824968974,"MPI-M-MPI-ESM-LR_ALADIN63","MPI-M-MPI-ESM-LR.01"
"4330","MPI-M-MPI-ESM-LR","ALADIN63",2067,"E Midlands",1,0.0467289719626168,3,31.6748165766398,"MPI-M-MPI-ESM-LR_ALADIN63","MPI-M-MPI-ESM-LR.01"
"4331","MPI-M-MPI-ESM-LR","ALADIN63",2068,"E Midlands",1,0,0,0,"MPI-M-MPI-ESM-LR_ALADIN63","MPI-M-MPI-ESM-LR.01"
"4332","MPI-M-MPI-ESM-LR","ALADIN63",2069,"E Midlands",1,1.23364485981308,3.25,36.9758848885093,"MPI-M-MPI-ESM-LR_ALADIN63","MPI-M-MPI-ESM-LR.01"
"4333","MPI-M-MPI-ESM-LR","ALADIN63",2070,"E Midlands",1,1.75700934579439,3.90957446808511,33.0989682351783,"MPI-M-MPI-ESM-LR_ALADIN63","MPI-M-MPI-ESM-LR.01"
"4334","MPI-M-MPI-ESM-LR","ALADIN63",2071,"E Midlands",1,0.485981308411215,3.53846153846154,32.8388008208939,"MPI-M-MPI-ESM-LR_ALADIN63","MPI-M-MPI-ESM-LR.01"
"4335","MPI-M-MPI-ESM-LR","ALADIN63",2072,"E Midlands",1,2.31775700934579,4.20161290322581,36.485305449655,"MPI-M-MPI-ESM-LR_ALADIN63","MPI-M-MPI-ESM-LR.01"
"4336","MPI-M-MPI-ESM-LR","ALADIN63",2073,"E Midlands",1,2.05607476635514,7.28636363636364,34.5007929163049,"MPI-M-MPI-ESM-LR_ALADIN63","MPI-M-MPI-ESM-LR.01"
"4337","MPI-M-MPI-ESM-LR","ALADIN63",2074,"E Midlands",1,0,0,0,"MPI-M-MPI-ESM-LR_ALADIN63","MPI-M-MPI-ESM-LR.01"
"4338","MPI-M-MPI-ESM-LR","ALADIN63",2075,"E Midlands",1,1.68224299065421,5.28333333333333,36.5440090965468,"MPI-M-MPI-ESM-LR_ALADIN63","MPI-M-MPI-ESM-LR.01"
"4339","MPI-M-MPI-ESM-LR","ALADIN63",2076,"E Midlands",1,1.11214953271028,4.54621848739496,32.4848772916569,"MPI-M-MPI-ESM-LR_ALADIN63","MPI-M-MPI-ESM-LR.01"
"4340","MPI-M-MPI-ESM-LR","ALADIN63",2077,"E Midlands",1,3.19626168224299,4.78654970760234,35.7029817809338,"MPI-M-MPI-ESM-LR_ALADIN63","MPI-M-MPI-ESM-LR.01"
"4341","MPI-M-MPI-ESM-LR","ALADIN63",2078,"E Midlands",1,0,0,0,"MPI-M-MPI-ESM-LR_ALADIN63","MPI-M-MPI-ESM-LR.01"
"4342","MPI-M-MPI-ESM-LR","ALADIN63",2079,"E Midlands",1,1.42990654205607,3.68627450980392,36.5228974580245,"MPI-M-MPI-ESM-LR_ALADIN63","MPI-M-MPI-ESM-LR.01"
"4343","MPI-M-MPI-ESM-LR","ALADIN63",2080,"E Midlands",1,2.81308411214953,4.32225913621262,36.6838473039872,"MPI-M-MPI-ESM-LR_ALADIN63","MPI-M-MPI-ESM-LR.01"
"4344","MPI-M-MPI-ESM-LR","CCLM4-8-17",1980,"E Midlands",1,0,0,0,"MPI-M-MPI-ESM-LR_CCLM4-8-17","MPI-M-MPI-ESM-LR.02"
"4345","MPI-M-MPI-ESM-LR","CCLM4-8-17",1981,"E Midlands",1,0,0,0,"MPI-M-MPI-ESM-LR_CCLM4-8-17","MPI-M-MPI-ESM-LR.02"
"4346","MPI-M-MPI-ESM-LR","CCLM4-8-17",1982,"E Midlands",1,0,0,0,"MPI-M-MPI-ESM-LR_CCLM4-8-17","MPI-M-MPI-ESM-LR.02"
"4347","MPI-M-MPI-ESM-LR","CCLM4-8-17",1983,"E Midlands",1,0,0,0,"MPI-M-MPI-ESM-LR_CCLM4-8-17","MPI-M-MPI-ESM-LR.02"
"4348","MPI-M-MPI-ESM-LR","CCLM4-8-17",1984,"E Midlands",1,0,0,0,"MPI-M-MPI-ESM-LR_CCLM4-8-17","MPI-M-MPI-ESM-LR.02"
"4349","MPI-M-MPI-ESM-LR","CCLM4-8-17",1985,"E Midlands",1,0,0,0,"MPI-M-MPI-ESM-LR_CCLM4-8-17","MPI-M-MPI-ESM-LR.02"
"4350","MPI-M-MPI-ESM-LR","CCLM4-8-17",1986,"E Midlands",1,0,0,0,"MPI-M-MPI-ESM-LR_CCLM4-8-17","MPI-M-MPI-ESM-LR.02"
"4351","MPI-M-MPI-ESM-LR","CCLM4-8-17",1987,"E Midlands",1,0,0,0,"MPI-M-MPI-ESM-LR_CCLM4-8-17","MPI-M-MPI-ESM-LR.02"
"4352","MPI-M-MPI-ESM-LR","CCLM4-8-17",1988,"E Midlands",1,0,0,0,"MPI-M-MPI-ESM-LR_CCLM4-8-17","MPI-M-MPI-ESM-LR.02"
"4353","MPI-M-MPI-ESM-LR","CCLM4-8-17",1989,"E Midlands",1,0,0,0,"MPI-M-MPI-ESM-LR_CCLM4-8-17","MPI-M-MPI-ESM-LR.02"
"4354","MPI-M-MPI-ESM-LR","CCLM4-8-17",1990,"E Midlands",1,0,0,0,"MPI-M-MPI-ESM-LR_CCLM4-8-17","MPI-M-MPI-ESM-LR.02"
"4355","MPI-M-MPI-ESM-LR","CCLM4-8-17",1991,"E Midlands",1,0,0,0,"MPI-M-MPI-ESM-LR_CCLM4-8-17","MPI-M-MPI-ESM-LR.02"
"4356","MPI-M-MPI-ESM-LR","CCLM4-8-17",1992,"E Midlands",1,0,0,0,"MPI-M-MPI-ESM-LR_CCLM4-8-17","MPI-M-MPI-ESM-LR.02"
"4357","MPI-M-MPI-ESM-LR","CCLM4-8-17",1993,"E Midlands",1,0,0,0,"MPI-M-MPI-ESM-LR_CCLM4-8-17","MPI-M-MPI-ESM-LR.02"
"4358","MPI-M-MPI-ESM-LR","CCLM4-8-17",1994,"E Midlands",1,0,0,0,"MPI-M-MPI-ESM-LR_CCLM4-8-17","MPI-M-MPI-ESM-LR.02"
"4359","MPI-M-MPI-ESM-LR","CCLM4-8-17",1995,"E Midlands",1,0,0,0,"MPI-M-MPI-ESM-LR_CCLM4-8-17","MPI-M-MPI-ESM-LR.02"
"4360","MPI-M-MPI-ESM-LR","CCLM4-8-17",1996,"E Midlands",1,0,0,0,"MPI-M-MPI-ESM-LR_CCLM4-8-17","MPI-M-MPI-ESM-LR.02"
"4361","MPI-M-MPI-ESM-LR","CCLM4-8-17",1997,"E Midlands",1,0,0,0,"MPI-M-MPI-ESM-LR_CCLM4-8-17","MPI-M-MPI-ESM-LR.02"
"4362","MPI-M-MPI-ESM-LR","CCLM4-8-17",1998,"E Midlands",1,0,0,0,"MPI-M-MPI-ESM-LR_CCLM4-8-17","MPI-M-MPI-ESM-LR.02"
"4363","MPI-M-MPI-ESM-LR","CCLM4-8-17",1999,"E Midlands",1,0,0,0,"MPI-M-MPI-ESM-LR_CCLM4-8-17","MPI-M-MPI-ESM-LR.02"
"4364","MPI-M-MPI-ESM-LR","CCLM4-8-17",2000,"E Midlands",1,0,0,0,"MPI-M-MPI-ESM-LR_CCLM4-8-17","MPI-M-MPI-ESM-LR.02"
"4365","MPI-M-MPI-ESM-LR","CCLM4-8-17",2001,"E Midlands",1,0,0,0,"MPI-M-MPI-ESM-LR_CCLM4-8-17","MPI-M-MPI-ESM-LR.02"
"4366","MPI-M-MPI-ESM-LR","CCLM4-8-17",2002,"E Midlands",1,0,0,0,"MPI-M-MPI-ESM-LR_CCLM4-8-17","MPI-M-MPI-ESM-LR.02"
"4367","MPI-M-MPI-ESM-LR","CCLM4-8-17",2003,"E Midlands",1,0,0,0,"MPI-M-MPI-ESM-LR_CCLM4-8-17","MPI-M-MPI-ESM-LR.02"
"4368","MPI-M-MPI-ESM-LR","CCLM4-8-17",2004,"E Midlands",1,0,0,0,"MPI-M-MPI-ESM-LR_CCLM4-8-17","MPI-M-MPI-ESM-LR.02"
"4369","MPI-M-MPI-ESM-LR","CCLM4-8-17",2005,"E Midlands",1,0,0,0,"MPI-M-MPI-ESM-LR_CCLM4-8-17","MPI-M-MPI-ESM-LR.02"
"4370","MPI-M-MPI-ESM-LR","CCLM4-8-17",2006,"E Midlands",1,0,0,0,"MPI-M-MPI-ESM-LR_CCLM4-8-17","MPI-M-MPI-ESM-LR.02"
"4371","MPI-M-MPI-ESM-LR","CCLM4-8-17",2007,"E Midlands",1,0,0,0,"MPI-M-MPI-ESM-LR_CCLM4-8-17","MPI-M-MPI-ESM-LR.02"
"4372","MPI-M-MPI-ESM-LR","CCLM4-8-17",2008,"E Midlands",1,0,0,0,"MPI-M-MPI-ESM-LR_CCLM4-8-17","MPI-M-MPI-ESM-LR.02"
"4373","MPI-M-MPI-ESM-LR","CCLM4-8-17",2009,"E Midlands",1,0.0186915887850467,3,32.8334094683329,"MPI-M-MPI-ESM-LR_CCLM4-8-17","MPI-M-MPI-ESM-LR.02"
"4374","MPI-M-MPI-ESM-LR","CCLM4-8-17",2010,"E Midlands",1,0,0,0,"MPI-M-MPI-ESM-LR_CCLM4-8-17","MPI-M-MPI-ESM-LR.02"
"4375","MPI-M-MPI-ESM-LR","CCLM4-8-17",2011,"E Midlands",1,0,0,0,"MPI-M-MPI-ESM-LR_CCLM4-8-17","MPI-M-MPI-ESM-LR.02"
"4376","MPI-M-MPI-ESM-LR","CCLM4-8-17",2012,"E Midlands",1,0,0,0,"MPI-M-MPI-ESM-LR_CCLM4-8-17","MPI-M-MPI-ESM-LR.02"
"4377","MPI-M-MPI-ESM-LR","CCLM4-8-17",2013,"E Midlands",1,0,0,0,"MPI-M-MPI-ESM-LR_CCLM4-8-17","MPI-M-MPI-ESM-LR.02"
"4378","MPI-M-MPI-ESM-LR","CCLM4-8-17",2014,"E Midlands",1,0,0,0,"MPI-M-MPI-ESM-LR_CCLM4-8-17","MPI-M-MPI-ESM-LR.02"
"4379","MPI-M-MPI-ESM-LR","CCLM4-8-17",2015,"E Midlands",1,0,0,0,"MPI-M-MPI-ESM-LR_CCLM4-8-17","MPI-M-MPI-ESM-LR.02"
"4380","MPI-M-MPI-ESM-LR","CCLM4-8-17",2016,"E Midlands",1,0,0,0,"MPI-M-MPI-ESM-LR_CCLM4-8-17","MPI-M-MPI-ESM-LR.02"
"4381","MPI-M-MPI-ESM-LR","CCLM4-8-17",2017,"E Midlands",1,0,0,0,"MPI-M-MPI-ESM-LR_CCLM4-8-17","MPI-M-MPI-ESM-LR.02"
"4382","MPI-M-MPI-ESM-LR","CCLM4-8-17",2018,"E Midlands",1,0,0,0,"MPI-M-MPI-ESM-LR_CCLM4-8-17","MPI-M-MPI-ESM-LR.02"
"4383","MPI-M-MPI-ESM-LR","CCLM4-8-17",2019,"E Midlands",1,0,0,0,"MPI-M-MPI-ESM-LR_CCLM4-8-17","MPI-M-MPI-ESM-LR.02"
"4384","MPI-M-MPI-ESM-LR","CCLM4-8-17",2020,"E Midlands",1,0,0,0,"MPI-M-MPI-ESM-LR_CCLM4-8-17","MPI-M-MPI-ESM-LR.02"
"4385","MPI-M-MPI-ESM-LR","CCLM4-8-17",2021,"E Midlands",1,0,0,0,"MPI-M-MPI-ESM-LR_CCLM4-8-17","MPI-M-MPI-ESM-LR.02"
"4386","MPI-M-MPI-ESM-LR","CCLM4-8-17",2022,"E Midlands",1,0,0,0,"MPI-M-MPI-ESM-LR_CCLM4-8-17","MPI-M-MPI-ESM-LR.02"
"4387","MPI-M-MPI-ESM-LR","CCLM4-8-17",2023,"E Midlands",1,0,0,0,"MPI-M-MPI-ESM-LR_CCLM4-8-17","MPI-M-MPI-ESM-LR.02"
"4388","MPI-M-MPI-ESM-LR","CCLM4-8-17",2024,"E Midlands",1,0,0,0,"MPI-M-MPI-ESM-LR_CCLM4-8-17","MPI-M-MPI-ESM-LR.02"
"4389","MPI-M-MPI-ESM-LR","CCLM4-8-17",2025,"E Midlands",1,0,0,0,"MPI-M-MPI-ESM-LR_CCLM4-8-17","MPI-M-MPI-ESM-LR.02"
"4390","MPI-M-MPI-ESM-LR","CCLM4-8-17",2026,"E Midlands",1,0,0,0,"MPI-M-MPI-ESM-LR_CCLM4-8-17","MPI-M-MPI-ESM-LR.02"
"4391","MPI-M-MPI-ESM-LR","CCLM4-8-17",2027,"E Midlands",1,0,0,0,"MPI-M-MPI-ESM-LR_CCLM4-8-17","MPI-M-MPI-ESM-LR.02"
"4392","MPI-M-MPI-ESM-LR","CCLM4-8-17",2028,"E Midlands",1,0,0,0,"MPI-M-MPI-ESM-LR_CCLM4-8-17","MPI-M-MPI-ESM-LR.02"
"4393","MPI-M-MPI-ESM-LR","CCLM4-8-17",2029,"E Midlands",1,0,0,0,"MPI-M-MPI-ESM-LR_CCLM4-8-17","MPI-M-MPI-ESM-LR.02"
"4394","MPI-M-MPI-ESM-LR","CCLM4-8-17",2030,"E Midlands",1,0,0,0,"MPI-M-MPI-ESM-LR_CCLM4-8-17","MPI-M-MPI-ESM-LR.02"
"4395","MPI-M-MPI-ESM-LR","CCLM4-8-17",2031,"E Midlands",1,0,0,0,"MPI-M-MPI-ESM-LR_CCLM4-8-17","MPI-M-MPI-ESM-LR.02"
"4396","MPI-M-MPI-ESM-LR","CCLM4-8-17",2032,"E Midlands",1,0,0,0,"MPI-M-MPI-ESM-LR_CCLM4-8-17","MPI-M-MPI-ESM-LR.02"
"4397","MPI-M-MPI-ESM-LR","CCLM4-8-17",2033,"E Midlands",1,0,0,0,"MPI-M-MPI-ESM-LR_CCLM4-8-17","MPI-M-MPI-ESM-LR.02"
"4398","MPI-M-MPI-ESM-LR","CCLM4-8-17",2034,"E Midlands",1,0,0,0,"MPI-M-MPI-ESM-LR_CCLM4-8-17","MPI-M-MPI-ESM-LR.02"
"4399","MPI-M-MPI-ESM-LR","CCLM4-8-17",2035,"E Midlands",1,0,0,0,"MPI-M-MPI-ESM-LR_CCLM4-8-17","MPI-M-MPI-ESM-LR.02"
"4400","MPI-M-MPI-ESM-LR","CCLM4-8-17",2036,"E Midlands",1,0,0,0,"MPI-M-MPI-ESM-LR_CCLM4-8-17","MPI-M-MPI-ESM-LR.02"
"4401","MPI-M-MPI-ESM-LR","CCLM4-8-17",2037,"E Midlands",1,0,0,0,"MPI-M-MPI-ESM-LR_CCLM4-8-17","MPI-M-MPI-ESM-LR.02"
"4402","MPI-M-MPI-ESM-LR","CCLM4-8-17",2038,"E Midlands",1,0,0,0,"MPI-M-MPI-ESM-LR_CCLM4-8-17","MPI-M-MPI-ESM-LR.02"
"4403","MPI-M-MPI-ESM-LR","CCLM4-8-17",2039,"E Midlands",1,0,0,0,"MPI-M-MPI-ESM-LR_CCLM4-8-17","MPI-M-MPI-ESM-LR.02"
"4404","MPI-M-MPI-ESM-LR","CCLM4-8-17",2040,"E Midlands",1,0,0,0,"MPI-M-MPI-ESM-LR_CCLM4-8-17","MPI-M-MPI-ESM-LR.02"
"4405","MPI-M-MPI-ESM-LR","CCLM4-8-17",2041,"E Midlands",1,0,0,0,"MPI-M-MPI-ESM-LR_CCLM4-8-17","MPI-M-MPI-ESM-LR.02"
"4406","MPI-M-MPI-ESM-LR","CCLM4-8-17",2042,"E Midlands",1,0,0,0,"MPI-M-MPI-ESM-LR_CCLM4-8-17","MPI-M-MPI-ESM-LR.02"
"4407","MPI-M-MPI-ESM-LR","CCLM4-8-17",2043,"E Midlands",1,0,0,0,"MPI-M-MPI-ESM-LR_CCLM4-8-17","MPI-M-MPI-ESM-LR.02"
"4408","MPI-M-MPI-ESM-LR","CCLM4-8-17",2044,"E Midlands",1,0,0,0,"MPI-M-MPI-ESM-LR_CCLM4-8-17","MPI-M-MPI-ESM-LR.02"
"4409","MPI-M-MPI-ESM-LR","CCLM4-8-17",2045,"E Midlands",1,0,0,0,"MPI-M-MPI-ESM-LR_CCLM4-8-17","MPI-M-MPI-ESM-LR.02"
"4410","MPI-M-MPI-ESM-LR","CCLM4-8-17",2046,"E Midlands",1,0,0,0,"MPI-M-MPI-ESM-LR_CCLM4-8-17","MPI-M-MPI-ESM-LR.02"
"4411","MPI-M-MPI-ESM-LR","CCLM4-8-17",2047,"E Midlands",1,0,0,0,"MPI-M-MPI-ESM-LR_CCLM4-8-17","MPI-M-MPI-ESM-LR.02"
"4412","MPI-M-MPI-ESM-LR","CCLM4-8-17",2048,"E Midlands",1,0,0,0,"MPI-M-MPI-ESM-LR_CCLM4-8-17","MPI-M-MPI-ESM-LR.02"
"4413","MPI-M-MPI-ESM-LR","CCLM4-8-17",2049,"E Midlands",1,0,0,0,"MPI-M-MPI-ESM-LR_CCLM4-8-17","MPI-M-MPI-ESM-LR.02"
"4414","MPI-M-MPI-ESM-LR","CCLM4-8-17",2050,"E Midlands",1,0.906542056074766,4.78350515463918,32.3806010531396,"MPI-M-MPI-ESM-LR_CCLM4-8-17","MPI-M-MPI-ESM-LR.02"
"4415","MPI-M-MPI-ESM-LR","CCLM4-8-17",2051,"E Midlands",1,0,0,0,"MPI-M-MPI-ESM-LR_CCLM4-8-17","MPI-M-MPI-ESM-LR.02"
"4416","MPI-M-MPI-ESM-LR","CCLM4-8-17",2052,"E Midlands",1,0,0,0,"MPI-M-MPI-ESM-LR_CCLM4-8-17","MPI-M-MPI-ESM-LR.02"
"4417","MPI-M-MPI-ESM-LR","CCLM4-8-17",2053,"E Midlands",1,0,0,0,"MPI-M-MPI-ESM-LR_CCLM4-8-17","MPI-M-MPI-ESM-LR.02"
"4418","MPI-M-MPI-ESM-LR","CCLM4-8-17",2054,"E Midlands",1,0.261682242990654,3.03571428571429,31.0655898281506,"MPI-M-MPI-ESM-LR_CCLM4-8-17","MPI-M-MPI-ESM-LR.02"
"4419","MPI-M-MPI-ESM-LR","CCLM4-8-17",2055,"E Midlands",1,0,0,0,"MPI-M-MPI-ESM-LR_CCLM4-8-17","MPI-M-MPI-ESM-LR.02"
"4420","MPI-M-MPI-ESM-LR","CCLM4-8-17",2056,"E Midlands",1,0,0,0,"MPI-M-MPI-ESM-LR_CCLM4-8-17","MPI-M-MPI-ESM-LR.02"
"4421","MPI-M-MPI-ESM-LR","CCLM4-8-17",2057,"E Midlands",1,0,0,0,"MPI-M-MPI-ESM-LR_CCLM4-8-17","MPI-M-MPI-ESM-LR.02"
"4422","MPI-M-MPI-ESM-LR","CCLM4-8-17",2058,"E Midlands",1,0,0,0,"MPI-M-MPI-ESM-LR_CCLM4-8-17","MPI-M-MPI-ESM-LR.02"
"4423","MPI-M-MPI-ESM-LR","CCLM4-8-17",2059,"E Midlands",1,0,0,0,"MPI-M-MPI-ESM-LR_CCLM4-8-17","MPI-M-MPI-ESM-LR.02"
"4424","MPI-M-MPI-ESM-LR","CCLM4-8-17",2060,"E Midlands",1,0,0,0,"MPI-M-MPI-ESM-LR_CCLM4-8-17","MPI-M-MPI-ESM-LR.02"
"4425","MPI-M-MPI-ESM-LR","CCLM4-8-17",2061,"E Midlands",1,0,0,0,"MPI-M-MPI-ESM-LR_CCLM4-8-17","MPI-M-MPI-ESM-LR.02"
"4426","MPI-M-MPI-ESM-LR","CCLM4-8-17",2062,"E Midlands",1,0,0,0,"MPI-M-MPI-ESM-LR_CCLM4-8-17","MPI-M-MPI-ESM-LR.02"
"4427","MPI-M-MPI-ESM-LR","CCLM4-8-17",2063,"E Midlands",1,0.710280373831776,3.11842105263158,32.3580812602712,"MPI-M-MPI-ESM-LR_CCLM4-8-17","MPI-M-MPI-ESM-LR.02"
"4428","MPI-M-MPI-ESM-LR","CCLM4-8-17",2064,"E Midlands",1,0.392523364485981,3.47619047619048,32.9102304606211,"MPI-M-MPI-ESM-LR_CCLM4-8-17","MPI-M-MPI-ESM-LR.02"
"4429","MPI-M-MPI-ESM-LR","CCLM4-8-17",2065,"E Midlands",1,0,0,0,"MPI-M-MPI-ESM-LR_CCLM4-8-17","MPI-M-MPI-ESM-LR.02"
"4430","MPI-M-MPI-ESM-LR","CCLM4-8-17",2066,"E Midlands",1,0.0186915887850467,3,34.3467440605164,"MPI-M-MPI-ESM-LR_CCLM4-8-17","MPI-M-MPI-ESM-LR.02"
"4431","MPI-M-MPI-ESM-LR","CCLM4-8-17",2067,"E Midlands",1,0,0,0,"MPI-M-MPI-ESM-LR_CCLM4-8-17","MPI-M-MPI-ESM-LR.02"
"4432","MPI-M-MPI-ESM-LR","CCLM4-8-17",2068,"E Midlands",1,0,0,0,"MPI-M-MPI-ESM-LR_CCLM4-8-17","MPI-M-MPI-ESM-LR.02"
"4433","MPI-M-MPI-ESM-LR","CCLM4-8-17",2069,"E Midlands",1,0,0,0,"MPI-M-MPI-ESM-LR_CCLM4-8-17","MPI-M-MPI-ESM-LR.02"
"4434","MPI-M-MPI-ESM-LR","CCLM4-8-17",2070,"E Midlands",1,0,0,0,"MPI-M-MPI-ESM-LR_CCLM4-8-17","MPI-M-MPI-ESM-LR.02"
"4435","MPI-M-MPI-ESM-LR","CCLM4-8-17",2071,"E Midlands",1,0,0,0,"MPI-M-MPI-ESM-LR_CCLM4-8-17","MPI-M-MPI-ESM-LR.02"
"4436","MPI-M-MPI-ESM-LR","CCLM4-8-17",2072,"E Midlands",1,0.934579439252336,5.64,34.7315904661814,"MPI-M-MPI-ESM-LR_CCLM4-8-17","MPI-M-MPI-ESM-LR.02"
"4437","MPI-M-MPI-ESM-LR","CCLM4-8-17",2073,"E Midlands",1,0.0747663551401869,3,31.2757607698441,"MPI-M-MPI-ESM-LR_CCLM4-8-17","MPI-M-MPI-ESM-LR.02"
"4438","MPI-M-MPI-ESM-LR","CCLM4-8-17",2074,"E Midlands",1,0,0,0,"MPI-M-MPI-ESM-LR_CCLM4-8-17","MPI-M-MPI-ESM-LR.02"
"4439","MPI-M-MPI-ESM-LR","CCLM4-8-17",2075,"E Midlands",1,0,0,0,"MPI-M-MPI-ESM-LR_CCLM4-8-17","MPI-M-MPI-ESM-LR.02"
"4440","MPI-M-MPI-ESM-LR","CCLM4-8-17",2076,"E Midlands",1,0,0,0,"MPI-M-MPI-ESM-LR_CCLM4-8-17","MPI-M-MPI-ESM-LR.02"
"4441","MPI-M-MPI-ESM-LR","CCLM4-8-17",2077,"E Midlands",1,0,0,0,"MPI-M-MPI-ESM-LR_CCLM4-8-17","MPI-M-MPI-ESM-LR.02"
"4442","MPI-M-MPI-ESM-LR","CCLM4-8-17",2078,"E Midlands",1,0,0,0,"MPI-M-MPI-ESM-LR_CCLM4-8-17","MPI-M-MPI-ESM-LR.02"
"4443","MPI-M-MPI-ESM-LR","CCLM4-8-17",2079,"E Midlands",1,0,0,0,"MPI-M-MPI-ESM-LR_CCLM4-8-17","MPI-M-MPI-ESM-LR.02"
"4444","MPI-M-MPI-ESM-LR","CCLM4-8-17",2080,"E Midlands",1,0.401869158878505,3,33.6689695092135,"MPI-M-MPI-ESM-LR_CCLM4-8-17","MPI-M-MPI-ESM-LR.02"
"4445","MPI-M-MPI-ESM-LR","COSMO-crCLIM-v1-1",1980,"E Midlands",1,0,0,0,"MPI-M-MPI-ESM-LR_COSMO-crCLIM-v1-1","MPI-M-MPI-ESM-LR.03"
"4446","MPI-M-MPI-ESM-LR","COSMO-crCLIM-v1-1",1981,"E Midlands",1,0,0,0,"MPI-M-MPI-ESM-LR_COSMO-crCLIM-v1-1","MPI-M-MPI-ESM-LR.03"
"4447","MPI-M-MPI-ESM-LR","COSMO-crCLIM-v1-1",1982,"E Midlands",1,0,0,0,"MPI-M-MPI-ESM-LR_COSMO-crCLIM-v1-1","MPI-M-MPI-ESM-LR.03"
"4448","MPI-M-MPI-ESM-LR","COSMO-crCLIM-v1-1",1983,"E Midlands",1,0,0,0,"MPI-M-MPI-ESM-LR_COSMO-crCLIM-v1-1","MPI-M-MPI-ESM-LR.03"
"4449","MPI-M-MPI-ESM-LR","COSMO-crCLIM-v1-1",1984,"E Midlands",1,0,0,0,"MPI-M-MPI-ESM-LR_COSMO-crCLIM-v1-1","MPI-M-MPI-ESM-LR.03"
"4450","MPI-M-MPI-ESM-LR","COSMO-crCLIM-v1-1",1985,"E Midlands",1,0,0,0,"MPI-M-MPI-ESM-LR_COSMO-crCLIM-v1-1","MPI-M-MPI-ESM-LR.03"
"4451","MPI-M-MPI-ESM-LR","COSMO-crCLIM-v1-1",1986,"E Midlands",1,0,0,0,"MPI-M-MPI-ESM-LR_COSMO-crCLIM-v1-1","MPI-M-MPI-ESM-LR.03"
"4452","MPI-M-MPI-ESM-LR","COSMO-crCLIM-v1-1",1987,"E Midlands",1,0,0,0,"MPI-M-MPI-ESM-LR_COSMO-crCLIM-v1-1","MPI-M-MPI-ESM-LR.03"
"4453","MPI-M-MPI-ESM-LR","COSMO-crCLIM-v1-1",1988,"E Midlands",1,0,0,0,"MPI-M-MPI-ESM-LR_COSMO-crCLIM-v1-1","MPI-M-MPI-ESM-LR.03"
"4454","MPI-M-MPI-ESM-LR","COSMO-crCLIM-v1-1",1989,"E Midlands",1,0,0,0,"MPI-M-MPI-ESM-LR_COSMO-crCLIM-v1-1","MPI-M-MPI-ESM-LR.03"
"4455","MPI-M-MPI-ESM-LR","COSMO-crCLIM-v1-1",1990,"E Midlands",1,0,0,0,"MPI-M-MPI-ESM-LR_COSMO-crCLIM-v1-1","MPI-M-MPI-ESM-LR.03"
"4456","MPI-M-MPI-ESM-LR","COSMO-crCLIM-v1-1",1991,"E Midlands",1,0,0,0,"MPI-M-MPI-ESM-LR_COSMO-crCLIM-v1-1","MPI-M-MPI-ESM-LR.03"
"4457","MPI-M-MPI-ESM-LR","COSMO-crCLIM-v1-1",1992,"E Midlands",1,0,0,0,"MPI-M-MPI-ESM-LR_COSMO-crCLIM-v1-1","MPI-M-MPI-ESM-LR.03"
"4458","MPI-M-MPI-ESM-LR","COSMO-crCLIM-v1-1",1993,"E Midlands",1,0,0,0,"MPI-M-MPI-ESM-LR_COSMO-crCLIM-v1-1","MPI-M-MPI-ESM-LR.03"
"4459","MPI-M-MPI-ESM-LR","COSMO-crCLIM-v1-1",1994,"E Midlands",1,0,0,0,"MPI-M-MPI-ESM-LR_COSMO-crCLIM-v1-1","MPI-M-MPI-ESM-LR.03"
"4460","MPI-M-MPI-ESM-LR","COSMO-crCLIM-v1-1",1995,"E Midlands",1,0,0,0,"MPI-M-MPI-ESM-LR_COSMO-crCLIM-v1-1","MPI-M-MPI-ESM-LR.03"
"4461","MPI-M-MPI-ESM-LR","COSMO-crCLIM-v1-1",1996,"E Midlands",1,0,0,0,"MPI-M-MPI-ESM-LR_COSMO-crCLIM-v1-1","MPI-M-MPI-ESM-LR.03"
"4462","MPI-M-MPI-ESM-LR","COSMO-crCLIM-v1-1",1997,"E Midlands",1,0,0,0,"MPI-M-MPI-ESM-LR_COSMO-crCLIM-v1-1","MPI-M-MPI-ESM-LR.03"
"4463","MPI-M-MPI-ESM-LR","COSMO-crCLIM-v1-1",1998,"E Midlands",1,0,0,0,"MPI-M-MPI-ESM-LR_COSMO-crCLIM-v1-1","MPI-M-MPI-ESM-LR.03"
"4464","MPI-M-MPI-ESM-LR","COSMO-crCLIM-v1-1",1999,"E Midlands",1,0,0,0,"MPI-M-MPI-ESM-LR_COSMO-crCLIM-v1-1","MPI-M-MPI-ESM-LR.03"
"4465","MPI-M-MPI-ESM-LR","COSMO-crCLIM-v1-1",2000,"E Midlands",1,0,0,0,"MPI-M-MPI-ESM-LR_COSMO-crCLIM-v1-1","MPI-M-MPI-ESM-LR.03"
"4466","MPI-M-MPI-ESM-LR","COSMO-crCLIM-v1-1",2001,"E Midlands",1,0,0,0,"MPI-M-MPI-ESM-LR_COSMO-crCLIM-v1-1","MPI-M-MPI-ESM-LR.03"
"4467","MPI-M-MPI-ESM-LR","COSMO-crCLIM-v1-1",2002,"E Midlands",1,0,0,0,"MPI-M-MPI-ESM-LR_COSMO-crCLIM-v1-1","MPI-M-MPI-ESM-LR.03"
"4468","MPI-M-MPI-ESM-LR","COSMO-crCLIM-v1-1",2003,"E Midlands",1,0,0,0,"MPI-M-MPI-ESM-LR_COSMO-crCLIM-v1-1","MPI-M-MPI-ESM-LR.03"
"4469","MPI-M-MPI-ESM-LR","COSMO-crCLIM-v1-1",2004,"E Midlands",1,0,0,0,"MPI-M-MPI-ESM-LR_COSMO-crCLIM-v1-1","MPI-M-MPI-ESM-LR.03"
"4470","MPI-M-MPI-ESM-LR","COSMO-crCLIM-v1-1",2005,"E Midlands",1,0,0,0,"MPI-M-MPI-ESM-LR_COSMO-crCLIM-v1-1","MPI-M-MPI-ESM-LR.03"
"4471","MPI-M-MPI-ESM-LR","COSMO-crCLIM-v1-1",2006,"E Midlands",1,0,0,0,"MPI-M-MPI-ESM-LR_COSMO-crCLIM-v1-1","MPI-M-MPI-ESM-LR.03"
"4472","MPI-M-MPI-ESM-LR","COSMO-crCLIM-v1-1",2007,"E Midlands",1,0,0,0,"MPI-M-MPI-ESM-LR_COSMO-crCLIM-v1-1","MPI-M-MPI-ESM-LR.03"
"4473","MPI-M-MPI-ESM-LR","COSMO-crCLIM-v1-1",2008,"E Midlands",1,0,0,0,"MPI-M-MPI-ESM-LR_COSMO-crCLIM-v1-1","MPI-M-MPI-ESM-LR.03"
"4474","MPI-M-MPI-ESM-LR","COSMO-crCLIM-v1-1",2009,"E Midlands",1,0,0,0,"MPI-M-MPI-ESM-LR_COSMO-crCLIM-v1-1","MPI-M-MPI-ESM-LR.03"
"4475","MPI-M-MPI-ESM-LR","COSMO-crCLIM-v1-1",2010,"E Midlands",1,0,0,0,"MPI-M-MPI-ESM-LR_COSMO-crCLIM-v1-1","MPI-M-MPI-ESM-LR.03"
"4476","MPI-M-MPI-ESM-LR","COSMO-crCLIM-v1-1",2011,"E Midlands",1,0,0,0,"MPI-M-MPI-ESM-LR_COSMO-crCLIM-v1-1","MPI-M-MPI-ESM-LR.03"
"4477","MPI-M-MPI-ESM-LR","COSMO-crCLIM-v1-1",2012,"E Midlands",1,0,0,0,"MPI-M-MPI-ESM-LR_COSMO-crCLIM-v1-1","MPI-M-MPI-ESM-LR.03"
"4478","MPI-M-MPI-ESM-LR","COSMO-crCLIM-v1-1",2013,"E Midlands",1,0,0,0,"MPI-M-MPI-ESM-LR_COSMO-crCLIM-v1-1","MPI-M-MPI-ESM-LR.03"
"4479","MPI-M-MPI-ESM-LR","COSMO-crCLIM-v1-1",2014,"E Midlands",1,0,0,0,"MPI-M-MPI-ESM-LR_COSMO-crCLIM-v1-1","MPI-M-MPI-ESM-LR.03"
"4480","MPI-M-MPI-ESM-LR","COSMO-crCLIM-v1-1",2015,"E Midlands",1,0,0,0,"MPI-M-MPI-ESM-LR_COSMO-crCLIM-v1-1","MPI-M-MPI-ESM-LR.03"
"4481","MPI-M-MPI-ESM-LR","COSMO-crCLIM-v1-1",2016,"E Midlands",1,0,0,0,"MPI-M-MPI-ESM-LR_COSMO-crCLIM-v1-1","MPI-M-MPI-ESM-LR.03"
"4482","MPI-M-MPI-ESM-LR","COSMO-crCLIM-v1-1",2017,"E Midlands",1,0,0,0,"MPI-M-MPI-ESM-LR_COSMO-crCLIM-v1-1","MPI-M-MPI-ESM-LR.03"
"4483","MPI-M-MPI-ESM-LR","COSMO-crCLIM-v1-1",2018,"E Midlands",1,0,0,0,"MPI-M-MPI-ESM-LR_COSMO-crCLIM-v1-1","MPI-M-MPI-ESM-LR.03"
"4484","MPI-M-MPI-ESM-LR","COSMO-crCLIM-v1-1",2019,"E Midlands",1,0,0,0,"MPI-M-MPI-ESM-LR_COSMO-crCLIM-v1-1","MPI-M-MPI-ESM-LR.03"
"4485","MPI-M-MPI-ESM-LR","COSMO-crCLIM-v1-1",2020,"E Midlands",1,0,0,0,"MPI-M-MPI-ESM-LR_COSMO-crCLIM-v1-1","MPI-M-MPI-ESM-LR.03"
"4486","MPI-M-MPI-ESM-LR","COSMO-crCLIM-v1-1",2021,"E Midlands",1,0,0,0,"MPI-M-MPI-ESM-LR_COSMO-crCLIM-v1-1","MPI-M-MPI-ESM-LR.03"
"4487","MPI-M-MPI-ESM-LR","COSMO-crCLIM-v1-1",2022,"E Midlands",1,0,0,0,"MPI-M-MPI-ESM-LR_COSMO-crCLIM-v1-1","MPI-M-MPI-ESM-LR.03"
"4488","MPI-M-MPI-ESM-LR","COSMO-crCLIM-v1-1",2023,"E Midlands",1,0,0,0,"MPI-M-MPI-ESM-LR_COSMO-crCLIM-v1-1","MPI-M-MPI-ESM-LR.03"
"4489","MPI-M-MPI-ESM-LR","COSMO-crCLIM-v1-1",2024,"E Midlands",1,0,0,0,"MPI-M-MPI-ESM-LR_COSMO-crCLIM-v1-1","MPI-M-MPI-ESM-LR.03"
"4490","MPI-M-MPI-ESM-LR","COSMO-crCLIM-v1-1",2025,"E Midlands",1,0,0,0,"MPI-M-MPI-ESM-LR_COSMO-crCLIM-v1-1","MPI-M-MPI-ESM-LR.03"
"4491","MPI-M-MPI-ESM-LR","COSMO-crCLIM-v1-1",2026,"E Midlands",1,0,0,0,"MPI-M-MPI-ESM-LR_COSMO-crCLIM-v1-1","MPI-M-MPI-ESM-LR.03"
"4492","MPI-M-MPI-ESM-LR","COSMO-crCLIM-v1-1",2027,"E Midlands",1,0,0,0,"MPI-M-MPI-ESM-LR_COSMO-crCLIM-v1-1","MPI-M-MPI-ESM-LR.03"
"4493","MPI-M-MPI-ESM-LR","COSMO-crCLIM-v1-1",2028,"E Midlands",1,0,0,0,"MPI-M-MPI-ESM-LR_COSMO-crCLIM-v1-1","MPI-M-MPI-ESM-LR.03"
"4494","MPI-M-MPI-ESM-LR","COSMO-crCLIM-v1-1",2029,"E Midlands",1,0,0,0,"MPI-M-MPI-ESM-LR_COSMO-crCLIM-v1-1","MPI-M-MPI-ESM-LR.03"
"4495","MPI-M-MPI-ESM-LR","COSMO-crCLIM-v1-1",2030,"E Midlands",1,0,0,0,"MPI-M-MPI-ESM-LR_COSMO-crCLIM-v1-1","MPI-M-MPI-ESM-LR.03"
"4496","MPI-M-MPI-ESM-LR","COSMO-crCLIM-v1-1",2031,"E Midlands",1,0,0,0,"MPI-M-MPI-ESM-LR_COSMO-crCLIM-v1-1","MPI-M-MPI-ESM-LR.03"
"4497","MPI-M-MPI-ESM-LR","COSMO-crCLIM-v1-1",2032,"E Midlands",1,0,0,0,"MPI-M-MPI-ESM-LR_COSMO-crCLIM-v1-1","MPI-M-MPI-ESM-LR.03"
"4498","MPI-M-MPI-ESM-LR","COSMO-crCLIM-v1-1",2033,"E Midlands",1,0,0,0,"MPI-M-MPI-ESM-LR_COSMO-crCLIM-v1-1","MPI-M-MPI-ESM-LR.03"
"4499","MPI-M-MPI-ESM-LR","COSMO-crCLIM-v1-1",2034,"E Midlands",1,0,0,0,"MPI-M-MPI-ESM-LR_COSMO-crCLIM-v1-1","MPI-M-MPI-ESM-LR.03"
"4500","MPI-M-MPI-ESM-LR","COSMO-crCLIM-v1-1",2035,"E Midlands",1,0,0,0,"MPI-M-MPI-ESM-LR_COSMO-crCLIM-v1-1","MPI-M-MPI-ESM-LR.03"
"4501","MPI-M-MPI-ESM-LR","COSMO-crCLIM-v1-1",2036,"E Midlands",1,0,0,0,"MPI-M-MPI-ESM-LR_COSMO-crCLIM-v1-1","MPI-M-MPI-ESM-LR.03"
"4502","MPI-M-MPI-ESM-LR","COSMO-crCLIM-v1-1",2037,"E Midlands",1,0,0,0,"MPI-M-MPI-ESM-LR_COSMO-crCLIM-v1-1","MPI-M-MPI-ESM-LR.03"
"4503","MPI-M-MPI-ESM-LR","COSMO-crCLIM-v1-1",2038,"E Midlands",1,0,0,0,"MPI-M-MPI-ESM-LR_COSMO-crCLIM-v1-1","MPI-M-MPI-ESM-LR.03"
"4504","MPI-M-MPI-ESM-LR","COSMO-crCLIM-v1-1",2039,"E Midlands",1,0,0,0,"MPI-M-MPI-ESM-LR_COSMO-crCLIM-v1-1","MPI-M-MPI-ESM-LR.03"
"4505","MPI-M-MPI-ESM-LR","COSMO-crCLIM-v1-1",2040,"E Midlands",1,0,0,0,"MPI-M-MPI-ESM-LR_COSMO-crCLIM-v1-1","MPI-M-MPI-ESM-LR.03"
"4506","MPI-M-MPI-ESM-LR","COSMO-crCLIM-v1-1",2041,"E Midlands",1,0,0,0,"MPI-M-MPI-ESM-LR_COSMO-crCLIM-v1-1","MPI-M-MPI-ESM-LR.03"
"4507","MPI-M-MPI-ESM-LR","COSMO-crCLIM-v1-1",2042,"E Midlands",1,0,0,0,"MPI-M-MPI-ESM-LR_COSMO-crCLIM-v1-1","MPI-M-MPI-ESM-LR.03"
"4508","MPI-M-MPI-ESM-LR","COSMO-crCLIM-v1-1",2043,"E Midlands",1,0,0,0,"MPI-M-MPI-ESM-LR_COSMO-crCLIM-v1-1","MPI-M-MPI-ESM-LR.03"
"4509","MPI-M-MPI-ESM-LR","COSMO-crCLIM-v1-1",2044,"E Midlands",1,0,0,0,"MPI-M-MPI-ESM-LR_COSMO-crCLIM-v1-1","MPI-M-MPI-ESM-LR.03"
"4510","MPI-M-MPI-ESM-LR","COSMO-crCLIM-v1-1",2045,"E Midlands",1,0,0,0,"MPI-M-MPI-ESM-LR_COSMO-crCLIM-v1-1","MPI-M-MPI-ESM-LR.03"
"4511","MPI-M-MPI-ESM-LR","COSMO-crCLIM-v1-1",2046,"E Midlands",1,0,0,0,"MPI-M-MPI-ESM-LR_COSMO-crCLIM-v1-1","MPI-M-MPI-ESM-LR.03"
"4512","MPI-M-MPI-ESM-LR","COSMO-crCLIM-v1-1",2047,"E Midlands",1,0,0,0,"MPI-M-MPI-ESM-LR_COSMO-crCLIM-v1-1","MPI-M-MPI-ESM-LR.03"
"4513","MPI-M-MPI-ESM-LR","COSMO-crCLIM-v1-1",2048,"E Midlands",1,0,0,0,"MPI-M-MPI-ESM-LR_COSMO-crCLIM-v1-1","MPI-M-MPI-ESM-LR.03"
"4514","MPI-M-MPI-ESM-LR","COSMO-crCLIM-v1-1",2049,"E Midlands",1,0,0,0,"MPI-M-MPI-ESM-LR_COSMO-crCLIM-v1-1","MPI-M-MPI-ESM-LR.03"
"4515","MPI-M-MPI-ESM-LR","COSMO-crCLIM-v1-1",2050,"E Midlands",1,0,0,0,"MPI-M-MPI-ESM-LR_COSMO-crCLIM-v1-1","MPI-M-MPI-ESM-LR.03"
"4516","MPI-M-MPI-ESM-LR","COSMO-crCLIM-v1-1",2051,"E Midlands",1,0,0,0,"MPI-M-MPI-ESM-LR_COSMO-crCLIM-v1-1","MPI-M-MPI-ESM-LR.03"
"4517","MPI-M-MPI-ESM-LR","COSMO-crCLIM-v1-1",2052,"E Midlands",1,0,0,0,"MPI-M-MPI-ESM-LR_COSMO-crCLIM-v1-1","MPI-M-MPI-ESM-LR.03"
"4518","MPI-M-MPI-ESM-LR","COSMO-crCLIM-v1-1",2053,"E Midlands",1,0,0,0,"MPI-M-MPI-ESM-LR_COSMO-crCLIM-v1-1","MPI-M-MPI-ESM-LR.03"
"4519","MPI-M-MPI-ESM-LR","COSMO-crCLIM-v1-1",2054,"E Midlands",1,0.00934579439252336,3,30.8292462031047,"MPI-M-MPI-ESM-LR_COSMO-crCLIM-v1-1","MPI-M-MPI-ESM-LR.03"
"4520","MPI-M-MPI-ESM-LR","COSMO-crCLIM-v1-1",2055,"E Midlands",1,0,0,0,"MPI-M-MPI-ESM-LR_COSMO-crCLIM-v1-1","MPI-M-MPI-ESM-LR.03"
"4521","MPI-M-MPI-ESM-LR","COSMO-crCLIM-v1-1",2056,"E Midlands",1,0,0,0,"MPI-M-MPI-ESM-LR_COSMO-crCLIM-v1-1","MPI-M-MPI-ESM-LR.03"
"4522","MPI-M-MPI-ESM-LR","COSMO-crCLIM-v1-1",2057,"E Midlands",1,0,0,0,"MPI-M-MPI-ESM-LR_COSMO-crCLIM-v1-1","MPI-M-MPI-ESM-LR.03"
"4523","MPI-M-MPI-ESM-LR","COSMO-crCLIM-v1-1",2058,"E Midlands",1,0,0,0,"MPI-M-MPI-ESM-LR_COSMO-crCLIM-v1-1","MPI-M-MPI-ESM-LR.03"
"4524","MPI-M-MPI-ESM-LR","COSMO-crCLIM-v1-1",2059,"E Midlands",1,0,0,0,"MPI-M-MPI-ESM-LR_COSMO-crCLIM-v1-1","MPI-M-MPI-ESM-LR.03"
"4525","MPI-M-MPI-ESM-LR","COSMO-crCLIM-v1-1",2060,"E Midlands",1,0,0,0,"MPI-M-MPI-ESM-LR_COSMO-crCLIM-v1-1","MPI-M-MPI-ESM-LR.03"
"4526","MPI-M-MPI-ESM-LR","COSMO-crCLIM-v1-1",2061,"E Midlands",1,0,0,0,"MPI-M-MPI-ESM-LR_COSMO-crCLIM-v1-1","MPI-M-MPI-ESM-LR.03"
"4527","MPI-M-MPI-ESM-LR","COSMO-crCLIM-v1-1",2062,"E Midlands",1,0,0,0,"MPI-M-MPI-ESM-LR_COSMO-crCLIM-v1-1","MPI-M-MPI-ESM-LR.03"
"4528","MPI-M-MPI-ESM-LR","COSMO-crCLIM-v1-1",2063,"E Midlands",1,0.205607476635514,3.04545454545455,30.7913954474709,"MPI-M-MPI-ESM-LR_COSMO-crCLIM-v1-1","MPI-M-MPI-ESM-LR.03"
"4529","MPI-M-MPI-ESM-LR","COSMO-crCLIM-v1-1",2064,"E Midlands",1,0.925233644859813,3.90909090909091,33.5971322053209,"MPI-M-MPI-ESM-LR_COSMO-crCLIM-v1-1","MPI-M-MPI-ESM-LR.03"
"4530","MPI-M-MPI-ESM-LR","COSMO-crCLIM-v1-1",2065,"E Midlands",1,0,0,0,"MPI-M-MPI-ESM-LR_COSMO-crCLIM-v1-1","MPI-M-MPI-ESM-LR.03"
"4531","MPI-M-MPI-ESM-LR","COSMO-crCLIM-v1-1",2066,"E Midlands",1,0,0,0,"MPI-M-MPI-ESM-LR_COSMO-crCLIM-v1-1","MPI-M-MPI-ESM-LR.03"
"4532","MPI-M-MPI-ESM-LR","COSMO-crCLIM-v1-1",2067,"E Midlands",1,0,0,0,"MPI-M-MPI-ESM-LR_COSMO-crCLIM-v1-1","MPI-M-MPI-ESM-LR.03"
"4533","MPI-M-MPI-ESM-LR","COSMO-crCLIM-v1-1",2068,"E Midlands",1,0,0,0,"MPI-M-MPI-ESM-LR_COSMO-crCLIM-v1-1","MPI-M-MPI-ESM-LR.03"
"4534","MPI-M-MPI-ESM-LR","COSMO-crCLIM-v1-1",2069,"E Midlands",1,0,0,0,"MPI-M-MPI-ESM-LR_COSMO-crCLIM-v1-1","MPI-M-MPI-ESM-LR.03"
"4535","MPI-M-MPI-ESM-LR","COSMO-crCLIM-v1-1",2070,"E Midlands",1,0,0,0,"MPI-M-MPI-ESM-LR_COSMO-crCLIM-v1-1","MPI-M-MPI-ESM-LR.03"
"4536","MPI-M-MPI-ESM-LR","COSMO-crCLIM-v1-1",2071,"E Midlands",1,0,0,0,"MPI-M-MPI-ESM-LR_COSMO-crCLIM-v1-1","MPI-M-MPI-ESM-LR.03"
"4537","MPI-M-MPI-ESM-LR","COSMO-crCLIM-v1-1",2072,"E Midlands",1,0.523364485981308,3.98214285714286,33.0797810838336,"MPI-M-MPI-ESM-LR_COSMO-crCLIM-v1-1","MPI-M-MPI-ESM-LR.03"
"4538","MPI-M-MPI-ESM-LR","COSMO-crCLIM-v1-1",2073,"E Midlands",1,0,0,0,"MPI-M-MPI-ESM-LR_COSMO-crCLIM-v1-1","MPI-M-MPI-ESM-LR.03"
"4539","MPI-M-MPI-ESM-LR","COSMO-crCLIM-v1-1",2074,"E Midlands",1,0,0,0,"MPI-M-MPI-ESM-LR_COSMO-crCLIM-v1-1","MPI-M-MPI-ESM-LR.03"
"4540","MPI-M-MPI-ESM-LR","COSMO-crCLIM-v1-1",2075,"E Midlands",1,0.0186915887850467,3,31.5037512779236,"MPI-M-MPI-ESM-LR_COSMO-crCLIM-v1-1","MPI-M-MPI-ESM-LR.03"
"4541","MPI-M-MPI-ESM-LR","COSMO-crCLIM-v1-1",2076,"E Midlands",1,0,0,0,"MPI-M-MPI-ESM-LR_COSMO-crCLIM-v1-1","MPI-M-MPI-ESM-LR.03"
"4542","MPI-M-MPI-ESM-LR","COSMO-crCLIM-v1-1",2077,"E Midlands",1,0,0,0,"MPI-M-MPI-ESM-LR_COSMO-crCLIM-v1-1","MPI-M-MPI-ESM-LR.03"
"4543","MPI-M-MPI-ESM-LR","COSMO-crCLIM-v1-1",2078,"E Midlands",1,0,0,0,"MPI-M-MPI-ESM-LR_COSMO-crCLIM-v1-1","MPI-M-MPI-ESM-LR.03"
"4544","MPI-M-MPI-ESM-LR","COSMO-crCLIM-v1-1",2079,"E Midlands",1,0,0,0,"MPI-M-MPI-ESM-LR_COSMO-crCLIM-v1-1","MPI-M-MPI-ESM-LR.03"
"4545","MPI-M-MPI-ESM-LR","COSMO-crCLIM-v1-1",2080,"E Midlands",1,0,0,0,"MPI-M-MPI-ESM-LR_COSMO-crCLIM-v1-1","MPI-M-MPI-ESM-LR.03"
"4546","MPI-M-MPI-ESM-LR","COSMO-crCLIM-v1-1",1980,"E Midlands",1,0,0,0,"MPI-M-MPI-ESM-LR_COSMO-crCLIM-v1-1","MPI-M-MPI-ESM-LR.03"
"4547","MPI-M-MPI-ESM-LR","COSMO-crCLIM-v1-1",1981,"E Midlands",1,0,0,0,"MPI-M-MPI-ESM-LR_COSMO-crCLIM-v1-1","MPI-M-MPI-ESM-LR.03"
"4548","MPI-M-MPI-ESM-LR","COSMO-crCLIM-v1-1",1982,"E Midlands",1,0,0,0,"MPI-M-MPI-ESM-LR_COSMO-crCLIM-v1-1","MPI-M-MPI-ESM-LR.03"
"4549","MPI-M-MPI-ESM-LR","COSMO-crCLIM-v1-1",1983,"E Midlands",1,0,0,0,"MPI-M-MPI-ESM-LR_COSMO-crCLIM-v1-1","MPI-M-MPI-ESM-LR.03"
"4550","MPI-M-MPI-ESM-LR","COSMO-crCLIM-v1-1",1984,"E Midlands",1,0,0,0,"MPI-M-MPI-ESM-LR_COSMO-crCLIM-v1-1","MPI-M-MPI-ESM-LR.03"
"4551","MPI-M-MPI-ESM-LR","COSMO-crCLIM-v1-1",1985,"E Midlands",1,0,0,0,"MPI-M-MPI-ESM-LR_COSMO-crCLIM-v1-1","MPI-M-MPI-ESM-LR.03"
"4552","MPI-M-MPI-ESM-LR","COSMO-crCLIM-v1-1",1986,"E Midlands",1,0,0,0,"MPI-M-MPI-ESM-LR_COSMO-crCLIM-v1-1","MPI-M-MPI-ESM-LR.03"
"4553","MPI-M-MPI-ESM-LR","COSMO-crCLIM-v1-1",1987,"E Midlands",1,0,0,0,"MPI-M-MPI-ESM-LR_COSMO-crCLIM-v1-1","MPI-M-MPI-ESM-LR.03"
"4554","MPI-M-MPI-ESM-LR","COSMO-crCLIM-v1-1",1988,"E Midlands",1,0,0,0,"MPI-M-MPI-ESM-LR_COSMO-crCLIM-v1-1","MPI-M-MPI-ESM-LR.03"
"4555","MPI-M-MPI-ESM-LR","COSMO-crCLIM-v1-1",1989,"E Midlands",1,0,0,0,"MPI-M-MPI-ESM-LR_COSMO-crCLIM-v1-1","MPI-M-MPI-ESM-LR.03"
"4556","MPI-M-MPI-ESM-LR","COSMO-crCLIM-v1-1",1990,"E Midlands",1,0,0,0,"MPI-M-MPI-ESM-LR_COSMO-crCLIM-v1-1","MPI-M-MPI-ESM-LR.03"
"4557","MPI-M-MPI-ESM-LR","COSMO-crCLIM-v1-1",1991,"E Midlands",1,0,0,0,"MPI-M-MPI-ESM-LR_COSMO-crCLIM-v1-1","MPI-M-MPI-ESM-LR.03"
"4558","MPI-M-MPI-ESM-LR","COSMO-crCLIM-v1-1",1992,"E Midlands",1,0,0,0,"MPI-M-MPI-ESM-LR_COSMO-crCLIM-v1-1","MPI-M-MPI-ESM-LR.03"
"4559","MPI-M-MPI-ESM-LR","COSMO-crCLIM-v1-1",1993,"E Midlands",1,0,0,0,"MPI-M-MPI-ESM-LR_COSMO-crCLIM-v1-1","MPI-M-MPI-ESM-LR.03"
"4560","MPI-M-MPI-ESM-LR","COSMO-crCLIM-v1-1",1994,"E Midlands",1,0,0,0,"MPI-M-MPI-ESM-LR_COSMO-crCLIM-v1-1","MPI-M-MPI-ESM-LR.03"
"4561","MPI-M-MPI-ESM-LR","COSMO-crCLIM-v1-1",1995,"E Midlands",1,0,0,0,"MPI-M-MPI-ESM-LR_COSMO-crCLIM-v1-1","MPI-M-MPI-ESM-LR.03"
"4562","MPI-M-MPI-ESM-LR","COSMO-crCLIM-v1-1",1996,"E Midlands",1,0,0,0,"MPI-M-MPI-ESM-LR_COSMO-crCLIM-v1-1","MPI-M-MPI-ESM-LR.03"
"4563","MPI-M-MPI-ESM-LR","COSMO-crCLIM-v1-1",1997,"E Midlands",1,0,0,0,"MPI-M-MPI-ESM-LR_COSMO-crCLIM-v1-1","MPI-M-MPI-ESM-LR.03"
"4564","MPI-M-MPI-ESM-LR","COSMO-crCLIM-v1-1",1998,"E Midlands",1,0,0,0,"MPI-M-MPI-ESM-LR_COSMO-crCLIM-v1-1","MPI-M-MPI-ESM-LR.03"
"4565","MPI-M-MPI-ESM-LR","COSMO-crCLIM-v1-1",1999,"E Midlands",1,0,0,0,"MPI-M-MPI-ESM-LR_COSMO-crCLIM-v1-1","MPI-M-MPI-ESM-LR.03"
"4566","MPI-M-MPI-ESM-LR","COSMO-crCLIM-v1-1",2000,"E Midlands",1,0,0,0,"MPI-M-MPI-ESM-LR_COSMO-crCLIM-v1-1","MPI-M-MPI-ESM-LR.03"
"4567","MPI-M-MPI-ESM-LR","COSMO-crCLIM-v1-1",2001,"E Midlands",1,0,0,0,"MPI-M-MPI-ESM-LR_COSMO-crCLIM-v1-1","MPI-M-MPI-ESM-LR.03"
"4568","MPI-M-MPI-ESM-LR","COSMO-crCLIM-v1-1",2002,"E Midlands",1,0,0,0,"MPI-M-MPI-ESM-LR_COSMO-crCLIM-v1-1","MPI-M-MPI-ESM-LR.03"
"4569","MPI-M-MPI-ESM-LR","COSMO-crCLIM-v1-1",2003,"E Midlands",1,0,0,0,"MPI-M-MPI-ESM-LR_COSMO-crCLIM-v1-1","MPI-M-MPI-ESM-LR.03"
"4570","MPI-M-MPI-ESM-LR","COSMO-crCLIM-v1-1",2004,"E Midlands",1,0,0,0,"MPI-M-MPI-ESM-LR_COSMO-crCLIM-v1-1","MPI-M-MPI-ESM-LR.03"
"4571","MPI-M-MPI-ESM-LR","COSMO-crCLIM-v1-1",2005,"E Midlands",1,0,0,0,"MPI-M-MPI-ESM-LR_COSMO-crCLIM-v1-1","MPI-M-MPI-ESM-LR.03"
"4572","MPI-M-MPI-ESM-LR","COSMO-crCLIM-v1-1",2006,"E Midlands",1,0,0,0,"MPI-M-MPI-ESM-LR_COSMO-crCLIM-v1-1","MPI-M-MPI-ESM-LR.03"
"4573","MPI-M-MPI-ESM-LR","COSMO-crCLIM-v1-1",2007,"E Midlands",1,0,0,0,"MPI-M-MPI-ESM-LR_COSMO-crCLIM-v1-1","MPI-M-MPI-ESM-LR.03"
"4574","MPI-M-MPI-ESM-LR","COSMO-crCLIM-v1-1",2008,"E Midlands",1,0,0,0,"MPI-M-MPI-ESM-LR_COSMO-crCLIM-v1-1","MPI-M-MPI-ESM-LR.03"
"4575","MPI-M-MPI-ESM-LR","COSMO-crCLIM-v1-1",2009,"E Midlands",1,0,0,0,"MPI-M-MPI-ESM-LR_COSMO-crCLIM-v1-1","MPI-M-MPI-ESM-LR.03"
"4576","MPI-M-MPI-ESM-LR","COSMO-crCLIM-v1-1",2010,"E Midlands",1,0,0,0,"MPI-M-MPI-ESM-LR_COSMO-crCLIM-v1-1","MPI-M-MPI-ESM-LR.03"
"4577","MPI-M-MPI-ESM-LR","COSMO-crCLIM-v1-1",2011,"E Midlands",1,0,0,0,"MPI-M-MPI-ESM-LR_COSMO-crCLIM-v1-1","MPI-M-MPI-ESM-LR.03"
"4578","MPI-M-MPI-ESM-LR","COSMO-crCLIM-v1-1",2012,"E Midlands",1,0,0,0,"MPI-M-MPI-ESM-LR_COSMO-crCLIM-v1-1","MPI-M-MPI-ESM-LR.03"
"4579","MPI-M-MPI-ESM-LR","COSMO-crCLIM-v1-1",2013,"E Midlands",1,0,0,0,"MPI-M-MPI-ESM-LR_COSMO-crCLIM-v1-1","MPI-M-MPI-ESM-LR.03"
"4580","MPI-M-MPI-ESM-LR","COSMO-crCLIM-v1-1",2014,"E Midlands",1,0,0,0,"MPI-M-MPI-ESM-LR_COSMO-crCLIM-v1-1","MPI-M-MPI-ESM-LR.03"
"4581","MPI-M-MPI-ESM-LR","COSMO-crCLIM-v1-1",2015,"E Midlands",1,0,0,0,"MPI-M-MPI-ESM-LR_COSMO-crCLIM-v1-1","MPI-M-MPI-ESM-LR.03"
"4582","MPI-M-MPI-ESM-LR","COSMO-crCLIM-v1-1",2016,"E Midlands",1,0,0,0,"MPI-M-MPI-ESM-LR_COSMO-crCLIM-v1-1","MPI-M-MPI-ESM-LR.03"
"4583","MPI-M-MPI-ESM-LR","COSMO-crCLIM-v1-1",2017,"E Midlands",1,0,0,0,"MPI-M-MPI-ESM-LR_COSMO-crCLIM-v1-1","MPI-M-MPI-ESM-LR.03"
"4584","MPI-M-MPI-ESM-LR","COSMO-crCLIM-v1-1",2018,"E Midlands",1,0,0,0,"MPI-M-MPI-ESM-LR_COSMO-crCLIM-v1-1","MPI-M-MPI-ESM-LR.03"
"4585","MPI-M-MPI-ESM-LR","COSMO-crCLIM-v1-1",2019,"E Midlands",1,0,0,0,"MPI-M-MPI-ESM-LR_COSMO-crCLIM-v1-1","MPI-M-MPI-ESM-LR.03"
"4586","MPI-M-MPI-ESM-LR","COSMO-crCLIM-v1-1",2020,"E Midlands",1,0,0,0,"MPI-M-MPI-ESM-LR_COSMO-crCLIM-v1-1","MPI-M-MPI-ESM-LR.03"
"4587","MPI-M-MPI-ESM-LR","COSMO-crCLIM-v1-1",2021,"E Midlands",1,0,0,0,"MPI-M-MPI-ESM-LR_COSMO-crCLIM-v1-1","MPI-M-MPI-ESM-LR.03"
"4588","MPI-M-MPI-ESM-LR","COSMO-crCLIM-v1-1",2022,"E Midlands",1,0,0,0,"MPI-M-MPI-ESM-LR_COSMO-crCLIM-v1-1","MPI-M-MPI-ESM-LR.03"
"4589","MPI-M-MPI-ESM-LR","COSMO-crCLIM-v1-1",2023,"E Midlands",1,0,0,0,"MPI-M-MPI-ESM-LR_COSMO-crCLIM-v1-1","MPI-M-MPI-ESM-LR.03"
"4590","MPI-M-MPI-ESM-LR","COSMO-crCLIM-v1-1",2024,"E Midlands",1,0,0,0,"MPI-M-MPI-ESM-LR_COSMO-crCLIM-v1-1","MPI-M-MPI-ESM-LR.03"
"4591","MPI-M-MPI-ESM-LR","COSMO-crCLIM-v1-1",2025,"E Midlands",1,0,0,0,"MPI-M-MPI-ESM-LR_COSMO-crCLIM-v1-1","MPI-M-MPI-ESM-LR.03"
"4592","MPI-M-MPI-ESM-LR","COSMO-crCLIM-v1-1",2026,"E Midlands",1,0,0,0,"MPI-M-MPI-ESM-LR_COSMO-crCLIM-v1-1","MPI-M-MPI-ESM-LR.03"
"4593","MPI-M-MPI-ESM-LR","COSMO-crCLIM-v1-1",2027,"E Midlands",1,0,0,0,"MPI-M-MPI-ESM-LR_COSMO-crCLIM-v1-1","MPI-M-MPI-ESM-LR.03"
"4594","MPI-M-MPI-ESM-LR","COSMO-crCLIM-v1-1",2028,"E Midlands",1,0,0,0,"MPI-M-MPI-ESM-LR_COSMO-crCLIM-v1-1","MPI-M-MPI-ESM-LR.03"
"4595","MPI-M-MPI-ESM-LR","COSMO-crCLIM-v1-1",2029,"E Midlands",1,0,0,0,"MPI-M-MPI-ESM-LR_COSMO-crCLIM-v1-1","MPI-M-MPI-ESM-LR.03"
"4596","MPI-M-MPI-ESM-LR","COSMO-crCLIM-v1-1",2030,"E Midlands",1,0,0,0,"MPI-M-MPI-ESM-LR_COSMO-crCLIM-v1-1","MPI-M-MPI-ESM-LR.03"
"4597","MPI-M-MPI-ESM-LR","COSMO-crCLIM-v1-1",2031,"E Midlands",1,0,0,0,"MPI-M-MPI-ESM-LR_COSMO-crCLIM-v1-1","MPI-M-MPI-ESM-LR.03"
"4598","MPI-M-MPI-ESM-LR","COSMO-crCLIM-v1-1",2032,"E Midlands",1,0,0,0,"MPI-M-MPI-ESM-LR_COSMO-crCLIM-v1-1","MPI-M-MPI-ESM-LR.03"
"4599","MPI-M-MPI-ESM-LR","COSMO-crCLIM-v1-1",2033,"E Midlands",1,0,0,0,"MPI-M-MPI-ESM-LR_COSMO-crCLIM-v1-1","MPI-M-MPI-ESM-LR.03"
"4600","MPI-M-MPI-ESM-LR","COSMO-crCLIM-v1-1",2034,"E Midlands",1,0,0,0,"MPI-M-MPI-ESM-LR_COSMO-crCLIM-v1-1","MPI-M-MPI-ESM-LR.03"
"4601","MPI-M-MPI-ESM-LR","COSMO-crCLIM-v1-1",2035,"E Midlands",1,0,0,0,"MPI-M-MPI-ESM-LR_COSMO-crCLIM-v1-1","MPI-M-MPI-ESM-LR.03"
"4602","MPI-M-MPI-ESM-LR","COSMO-crCLIM-v1-1",2036,"E Midlands",1,0,0,0,"MPI-M-MPI-ESM-LR_COSMO-crCLIM-v1-1","MPI-M-MPI-ESM-LR.03"
"4603","MPI-M-MPI-ESM-LR","COSMO-crCLIM-v1-1",2037,"E Midlands",1,0,0,0,"MPI-M-MPI-ESM-LR_COSMO-crCLIM-v1-1","MPI-M-MPI-ESM-LR.03"
"4604","MPI-M-MPI-ESM-LR","COSMO-crCLIM-v1-1",2038,"E Midlands",1,0,0,0,"MPI-M-MPI-ESM-LR_COSMO-crCLIM-v1-1","MPI-M-MPI-ESM-LR.03"
"4605","MPI-M-MPI-ESM-LR","COSMO-crCLIM-v1-1",2039,"E Midlands",1,0,0,0,"MPI-M-MPI-ESM-LR_COSMO-crCLIM-v1-1","MPI-M-MPI-ESM-LR.03"
"4606","MPI-M-MPI-ESM-LR","COSMO-crCLIM-v1-1",2040,"E Midlands",1,0,0,0,"MPI-M-MPI-ESM-LR_COSMO-crCLIM-v1-1","MPI-M-MPI-ESM-LR.03"
"4607","MPI-M-MPI-ESM-LR","COSMO-crCLIM-v1-1",2041,"E Midlands",1,0,0,0,"MPI-M-MPI-ESM-LR_COSMO-crCLIM-v1-1","MPI-M-MPI-ESM-LR.03"
"4608","MPI-M-MPI-ESM-LR","COSMO-crCLIM-v1-1",2042,"E Midlands",1,0,0,0,"MPI-M-MPI-ESM-LR_COSMO-crCLIM-v1-1","MPI-M-MPI-ESM-LR.03"
"4609","MPI-M-MPI-ESM-LR","COSMO-crCLIM-v1-1",2043,"E Midlands",1,0,0,0,"MPI-M-MPI-ESM-LR_COSMO-crCLIM-v1-1","MPI-M-MPI-ESM-LR.03"
"4610","MPI-M-MPI-ESM-LR","COSMO-crCLIM-v1-1",2044,"E Midlands",1,0,0,0,"MPI-M-MPI-ESM-LR_COSMO-crCLIM-v1-1","MPI-M-MPI-ESM-LR.03"
"4611","MPI-M-MPI-ESM-LR","COSMO-crCLIM-v1-1",2045,"E Midlands",1,0.775700934579439,3.65060240963855,32.7676652981096,"MPI-M-MPI-ESM-LR_COSMO-crCLIM-v1-1","MPI-M-MPI-ESM-LR.03"
"4612","MPI-M-MPI-ESM-LR","COSMO-crCLIM-v1-1",2046,"E Midlands",1,0,0,0,"MPI-M-MPI-ESM-LR_COSMO-crCLIM-v1-1","MPI-M-MPI-ESM-LR.03"
"4613","MPI-M-MPI-ESM-LR","COSMO-crCLIM-v1-1",2047,"E Midlands",1,0,0,0,"MPI-M-MPI-ESM-LR_COSMO-crCLIM-v1-1","MPI-M-MPI-ESM-LR.03"
"4614","MPI-M-MPI-ESM-LR","COSMO-crCLIM-v1-1",2048,"E Midlands",1,0,0,0,"MPI-M-MPI-ESM-LR_COSMO-crCLIM-v1-1","MPI-M-MPI-ESM-LR.03"
"4615","MPI-M-MPI-ESM-LR","COSMO-crCLIM-v1-1",2049,"E Midlands",1,0,0,0,"MPI-M-MPI-ESM-LR_COSMO-crCLIM-v1-1","MPI-M-MPI-ESM-LR.03"
"4616","MPI-M-MPI-ESM-LR","COSMO-crCLIM-v1-1",2050,"E Midlands",1,0,0,0,"MPI-M-MPI-ESM-LR_COSMO-crCLIM-v1-1","MPI-M-MPI-ESM-LR.03"
"4617","MPI-M-MPI-ESM-LR","COSMO-crCLIM-v1-1",2051,"E Midlands",1,0,0,0,"MPI-M-MPI-ESM-LR_COSMO-crCLIM-v1-1","MPI-M-MPI-ESM-LR.03"
"4618","MPI-M-MPI-ESM-LR","COSMO-crCLIM-v1-1",2052,"E Midlands",1,0,0,0,"MPI-M-MPI-ESM-LR_COSMO-crCLIM-v1-1","MPI-M-MPI-ESM-LR.03"
"4619","MPI-M-MPI-ESM-LR","COSMO-crCLIM-v1-1",2053,"E Midlands",1,0,0,0,"MPI-M-MPI-ESM-LR_COSMO-crCLIM-v1-1","MPI-M-MPI-ESM-LR.03"
"4620","MPI-M-MPI-ESM-LR","COSMO-crCLIM-v1-1",2054,"E Midlands",1,0,0,0,"MPI-M-MPI-ESM-LR_COSMO-crCLIM-v1-1","MPI-M-MPI-ESM-LR.03"
"4621","MPI-M-MPI-ESM-LR","COSMO-crCLIM-v1-1",2055,"E Midlands",1,0,0,0,"MPI-M-MPI-ESM-LR_COSMO-crCLIM-v1-1","MPI-M-MPI-ESM-LR.03"
"4622","MPI-M-MPI-ESM-LR","COSMO-crCLIM-v1-1",2056,"E Midlands",1,0,0,0,"MPI-M-MPI-ESM-LR_COSMO-crCLIM-v1-1","MPI-M-MPI-ESM-LR.03"
"4623","MPI-M-MPI-ESM-LR","COSMO-crCLIM-v1-1",2057,"E Midlands",1,0,0,0,"MPI-M-MPI-ESM-LR_COSMO-crCLIM-v1-1","MPI-M-MPI-ESM-LR.03"
"4624","MPI-M-MPI-ESM-LR","COSMO-crCLIM-v1-1",2058,"E Midlands",1,0,0,0,"MPI-M-MPI-ESM-LR_COSMO-crCLIM-v1-1","MPI-M-MPI-ESM-LR.03"
"4625","MPI-M-MPI-ESM-LR","COSMO-crCLIM-v1-1",2059,"E Midlands",1,0,0,0,"MPI-M-MPI-ESM-LR_COSMO-crCLIM-v1-1","MPI-M-MPI-ESM-LR.03"
"4626","MPI-M-MPI-ESM-LR","COSMO-crCLIM-v1-1",2060,"E Midlands",1,0,0,0,"MPI-M-MPI-ESM-LR_COSMO-crCLIM-v1-1","MPI-M-MPI-ESM-LR.03"
"4627","MPI-M-MPI-ESM-LR","COSMO-crCLIM-v1-1",2061,"E Midlands",1,0,0,0,"MPI-M-MPI-ESM-LR_COSMO-crCLIM-v1-1","MPI-M-MPI-ESM-LR.03"
"4628","MPI-M-MPI-ESM-LR","COSMO-crCLIM-v1-1",2062,"E Midlands",1,0,0,0,"MPI-M-MPI-ESM-LR_COSMO-crCLIM-v1-1","MPI-M-MPI-ESM-LR.03"
"4629","MPI-M-MPI-ESM-LR","COSMO-crCLIM-v1-1",2063,"E Midlands",1,0.233644859813084,3.24,31.8287535413106,"MPI-M-MPI-ESM-LR_COSMO-crCLIM-v1-1","MPI-M-MPI-ESM-LR.03"
"4630","MPI-M-MPI-ESM-LR","COSMO-crCLIM-v1-1",2064,"E Midlands",1,0,0,0,"MPI-M-MPI-ESM-LR_COSMO-crCLIM-v1-1","MPI-M-MPI-ESM-LR.03"
"4631","MPI-M-MPI-ESM-LR","COSMO-crCLIM-v1-1",2065,"E Midlands",1,0,0,0,"MPI-M-MPI-ESM-LR_COSMO-crCLIM-v1-1","MPI-M-MPI-ESM-LR.03"
"4632","MPI-M-MPI-ESM-LR","COSMO-crCLIM-v1-1",2066,"E Midlands",1,0,0,0,"MPI-M-MPI-ESM-LR_COSMO-crCLIM-v1-1","MPI-M-MPI-ESM-LR.03"
"4633","MPI-M-MPI-ESM-LR","COSMO-crCLIM-v1-1",2067,"E Midlands",1,0,0,0,"MPI-M-MPI-ESM-LR_COSMO-crCLIM-v1-1","MPI-M-MPI-ESM-LR.03"
"4634","MPI-M-MPI-ESM-LR","COSMO-crCLIM-v1-1",2068,"E Midlands",1,0,0,0,"MPI-M-MPI-ESM-LR_COSMO-crCLIM-v1-1","MPI-M-MPI-ESM-LR.03"
"4635","MPI-M-MPI-ESM-LR","COSMO-crCLIM-v1-1",2069,"E Midlands",1,0,0,0,"MPI-M-MPI-ESM-LR_COSMO-crCLIM-v1-1","MPI-M-MPI-ESM-LR.03"
"4636","MPI-M-MPI-ESM-LR","COSMO-crCLIM-v1-1",2070,"E Midlands",1,0,0,0,"MPI-M-MPI-ESM-LR_COSMO-crCLIM-v1-1","MPI-M-MPI-ESM-LR.03"
"4637","MPI-M-MPI-ESM-LR","COSMO-crCLIM-v1-1",2071,"E Midlands",1,0,0,0,"MPI-M-MPI-ESM-LR_COSMO-crCLIM-v1-1","MPI-M-MPI-ESM-LR.03"
"4638","MPI-M-MPI-ESM-LR","COSMO-crCLIM-v1-1",2072,"E Midlands",1,1.32710280373832,4.12676056338028,34.6524474503662,"MPI-M-MPI-ESM-LR_COSMO-crCLIM-v1-1","MPI-M-MPI-ESM-LR.03"
"4639","MPI-M-MPI-ESM-LR","COSMO-crCLIM-v1-1",2073,"E Midlands",1,0,0,0,"MPI-M-MPI-ESM-LR_COSMO-crCLIM-v1-1","MPI-M-MPI-ESM-LR.03"
"4640","MPI-M-MPI-ESM-LR","COSMO-crCLIM-v1-1",2074,"E Midlands",1,0,0,0,"MPI-M-MPI-ESM-LR_COSMO-crCLIM-v1-1","MPI-M-MPI-ESM-LR.03"
"4641","MPI-M-MPI-ESM-LR","COSMO-crCLIM-v1-1",2075,"E Midlands",1,0,0,0,"MPI-M-MPI-ESM-LR_COSMO-crCLIM-v1-1","MPI-M-MPI-ESM-LR.03"
"4642","MPI-M-MPI-ESM-LR","COSMO-crCLIM-v1-1",2076,"E Midlands",1,0,0,0,"MPI-M-MPI-ESM-LR_COSMO-crCLIM-v1-1","MPI-M-MPI-ESM-LR.03"
"4643","MPI-M-MPI-ESM-LR","COSMO-crCLIM-v1-1",2077,"E Midlands",1,0,0,0,"MPI-M-MPI-ESM-LR_COSMO-crCLIM-v1-1","MPI-M-MPI-ESM-LR.03"
"4644","MPI-M-MPI-ESM-LR","COSMO-crCLIM-v1-1",2078,"E Midlands",1,0,0,0,"MPI-M-MPI-ESM-LR_COSMO-crCLIM-v1-1","MPI-M-MPI-ESM-LR.03"
"4645","MPI-M-MPI-ESM-LR","COSMO-crCLIM-v1-1",2079,"E Midlands",1,0.289719626168224,3,31.1601778461087,"MPI-M-MPI-ESM-LR_COSMO-crCLIM-v1-1","MPI-M-MPI-ESM-LR.03"
"4646","MPI-M-MPI-ESM-LR","COSMO-crCLIM-v1-1",2080,"E Midlands",1,0,0,0,"MPI-M-MPI-ESM-LR_COSMO-crCLIM-v1-1","MPI-M-MPI-ESM-LR.03"
"4647","MPI-M-MPI-ESM-LR","COSMO-crCLIM-v1-1",1980,"E Midlands",1,0,0,0,"MPI-M-MPI-ESM-LR_COSMO-crCLIM-v1-1","MPI-M-MPI-ESM-LR.03"
"4648","MPI-M-MPI-ESM-LR","COSMO-crCLIM-v1-1",1981,"E Midlands",1,0,0,0,"MPI-M-MPI-ESM-LR_COSMO-crCLIM-v1-1","MPI-M-MPI-ESM-LR.03"
"4649","MPI-M-MPI-ESM-LR","COSMO-crCLIM-v1-1",1982,"E Midlands",1,0,0,0,"MPI-M-MPI-ESM-LR_COSMO-crCLIM-v1-1","MPI-M-MPI-ESM-LR.03"
"4650","MPI-M-MPI-ESM-LR","COSMO-crCLIM-v1-1",1983,"E Midlands",1,0,0,0,"MPI-M-MPI-ESM-LR_COSMO-crCLIM-v1-1","MPI-M-MPI-ESM-LR.03"
"4651","MPI-M-MPI-ESM-LR","COSMO-crCLIM-v1-1",1984,"E Midlands",1,0,0,0,"MPI-M-MPI-ESM-LR_COSMO-crCLIM-v1-1","MPI-M-MPI-ESM-LR.03"
"4652","MPI-M-MPI-ESM-LR","COSMO-crCLIM-v1-1",1985,"E Midlands",1,0,0,0,"MPI-M-MPI-ESM-LR_COSMO-crCLIM-v1-1","MPI-M-MPI-ESM-LR.03"
"4653","MPI-M-MPI-ESM-LR","COSMO-crCLIM-v1-1",1986,"E Midlands",1,0,0,0,"MPI-M-MPI-ESM-LR_COSMO-crCLIM-v1-1","MPI-M-MPI-ESM-LR.03"
"4654","MPI-M-MPI-ESM-LR","COSMO-crCLIM-v1-1",1987,"E Midlands",1,0,0,0,"MPI-M-MPI-ESM-LR_COSMO-crCLIM-v1-1","MPI-M-MPI-ESM-LR.03"
"4655","MPI-M-MPI-ESM-LR","COSMO-crCLIM-v1-1",1988,"E Midlands",1,0,0,0,"MPI-M-MPI-ESM-LR_COSMO-crCLIM-v1-1","MPI-M-MPI-ESM-LR.03"
"4656","MPI-M-MPI-ESM-LR","COSMO-crCLIM-v1-1",1989,"E Midlands",1,0,0,0,"MPI-M-MPI-ESM-LR_COSMO-crCLIM-v1-1","MPI-M-MPI-ESM-LR.03"
"4657","MPI-M-MPI-ESM-LR","COSMO-crCLIM-v1-1",1990,"E Midlands",1,0,0,0,"MPI-M-MPI-ESM-LR_COSMO-crCLIM-v1-1","MPI-M-MPI-ESM-LR.03"
"4658","MPI-M-MPI-ESM-LR","COSMO-crCLIM-v1-1",1991,"E Midlands",1,0,0,0,"MPI-M-MPI-ESM-LR_COSMO-crCLIM-v1-1","MPI-M-MPI-ESM-LR.03"
"4659","MPI-M-MPI-ESM-LR","COSMO-crCLIM-v1-1",1992,"E Midlands",1,0,0,0,"MPI-M-MPI-ESM-LR_COSMO-crCLIM-v1-1","MPI-M-MPI-ESM-LR.03"
"4660","MPI-M-MPI-ESM-LR","COSMO-crCLIM-v1-1",1993,"E Midlands",1,0,0,0,"MPI-M-MPI-ESM-LR_COSMO-crCLIM-v1-1","MPI-M-MPI-ESM-LR.03"
"4661","MPI-M-MPI-ESM-LR","COSMO-crCLIM-v1-1",1994,"E Midlands",1,0,0,0,"MPI-M-MPI-ESM-LR_COSMO-crCLIM-v1-1","MPI-M-MPI-ESM-LR.03"
"4662","MPI-M-MPI-ESM-LR","COSMO-crCLIM-v1-1",1995,"E Midlands",1,0,0,0,"MPI-M-MPI-ESM-LR_COSMO-crCLIM-v1-1","MPI-M-MPI-ESM-LR.03"
"4663","MPI-M-MPI-ESM-LR","COSMO-crCLIM-v1-1",1996,"E Midlands",1,0,0,0,"MPI-M-MPI-ESM-LR_COSMO-crCLIM-v1-1","MPI-M-MPI-ESM-LR.03"
"4664","MPI-M-MPI-ESM-LR","COSMO-crCLIM-v1-1",1997,"E Midlands",1,0,0,0,"MPI-M-MPI-ESM-LR_COSMO-crCLIM-v1-1","MPI-M-MPI-ESM-LR.03"
"4665","MPI-M-MPI-ESM-LR","COSMO-crCLIM-v1-1",1998,"E Midlands",1,0,0,0,"MPI-M-MPI-ESM-LR_COSMO-crCLIM-v1-1","MPI-M-MPI-ESM-LR.03"
"4666","MPI-M-MPI-ESM-LR","COSMO-crCLIM-v1-1",1999,"E Midlands",1,0,0,0,"MPI-M-MPI-ESM-LR_COSMO-crCLIM-v1-1","MPI-M-MPI-ESM-LR.03"
"4667","MPI-M-MPI-ESM-LR","COSMO-crCLIM-v1-1",2000,"E Midlands",1,0,0,0,"MPI-M-MPI-ESM-LR_COSMO-crCLIM-v1-1","MPI-M-MPI-ESM-LR.03"
"4668","MPI-M-MPI-ESM-LR","COSMO-crCLIM-v1-1",2001,"E Midlands",1,0,0,0,"MPI-M-MPI-ESM-LR_COSMO-crCLIM-v1-1","MPI-M-MPI-ESM-LR.03"
"4669","MPI-M-MPI-ESM-LR","COSMO-crCLIM-v1-1",2002,"E Midlands",1,0,0,0,"MPI-M-MPI-ESM-LR_COSMO-crCLIM-v1-1","MPI-M-MPI-ESM-LR.03"
"4670","MPI-M-MPI-ESM-LR","COSMO-crCLIM-v1-1",2003,"E Midlands",1,0,0,0,"MPI-M-MPI-ESM-LR_COSMO-crCLIM-v1-1","MPI-M-MPI-ESM-LR.03"
"4671","MPI-M-MPI-ESM-LR","COSMO-crCLIM-v1-1",2004,"E Midlands",1,0,0,0,"MPI-M-MPI-ESM-LR_COSMO-crCLIM-v1-1","MPI-M-MPI-ESM-LR.03"
"4672","MPI-M-MPI-ESM-LR","COSMO-crCLIM-v1-1",2005,"E Midlands",1,0,0,0,"MPI-M-MPI-ESM-LR_COSMO-crCLIM-v1-1","MPI-M-MPI-ESM-LR.03"
"4673","MPI-M-MPI-ESM-LR","COSMO-crCLIM-v1-1",2006,"E Midlands",1,0,0,0,"MPI-M-MPI-ESM-LR_COSMO-crCLIM-v1-1","MPI-M-MPI-ESM-LR.03"
"4674","MPI-M-MPI-ESM-LR","COSMO-crCLIM-v1-1",2007,"E Midlands",1,0,0,0,"MPI-M-MPI-ESM-LR_COSMO-crCLIM-v1-1","MPI-M-MPI-ESM-LR.03"
"4675","MPI-M-MPI-ESM-LR","COSMO-crCLIM-v1-1",2008,"E Midlands",1,0,0,0,"MPI-M-MPI-ESM-LR_COSMO-crCLIM-v1-1","MPI-M-MPI-ESM-LR.03"
"4676","MPI-M-MPI-ESM-LR","COSMO-crCLIM-v1-1",2009,"E Midlands",1,0,0,0,"MPI-M-MPI-ESM-LR_COSMO-crCLIM-v1-1","MPI-M-MPI-ESM-LR.03"
"4677","MPI-M-MPI-ESM-LR","COSMO-crCLIM-v1-1",2010,"E Midlands",1,0,0,0,"MPI-M-MPI-ESM-LR_COSMO-crCLIM-v1-1","MPI-M-MPI-ESM-LR.03"
"4678","MPI-M-MPI-ESM-LR","COSMO-crCLIM-v1-1",2011,"E Midlands",1,0,0,0,"MPI-M-MPI-ESM-LR_COSMO-crCLIM-v1-1","MPI-M-MPI-ESM-LR.03"
"4679","MPI-M-MPI-ESM-LR","COSMO-crCLIM-v1-1",2012,"E Midlands",1,0,0,0,"MPI-M-MPI-ESM-LR_COSMO-crCLIM-v1-1","MPI-M-MPI-ESM-LR.03"
"4680","MPI-M-MPI-ESM-LR","COSMO-crCLIM-v1-1",2013,"E Midlands",1,0,0,0,"MPI-M-MPI-ESM-LR_COSMO-crCLIM-v1-1","MPI-M-MPI-ESM-LR.03"
"4681","MPI-M-MPI-ESM-LR","COSMO-crCLIM-v1-1",2014,"E Midlands",1,0,0,0,"MPI-M-MPI-ESM-LR_COSMO-crCLIM-v1-1","MPI-M-MPI-ESM-LR.03"
"4682","MPI-M-MPI-ESM-LR","COSMO-crCLIM-v1-1",2015,"E Midlands",1,0,0,0,"MPI-M-MPI-ESM-LR_COSMO-crCLIM-v1-1","MPI-M-MPI-ESM-LR.03"
"4683","MPI-M-MPI-ESM-LR","COSMO-crCLIM-v1-1",2016,"E Midlands",1,0,0,0,"MPI-M-MPI-ESM-LR_COSMO-crCLIM-v1-1","MPI-M-MPI-ESM-LR.03"
"4684","MPI-M-MPI-ESM-LR","COSMO-crCLIM-v1-1",2017,"E Midlands",1,0,0,0,"MPI-M-MPI-ESM-LR_COSMO-crCLIM-v1-1","MPI-M-MPI-ESM-LR.03"
"4685","MPI-M-MPI-ESM-LR","COSMO-crCLIM-v1-1",2018,"E Midlands",1,0,0,0,"MPI-M-MPI-ESM-LR_COSMO-crCLIM-v1-1","MPI-M-MPI-ESM-LR.03"
"4686","MPI-M-MPI-ESM-LR","COSMO-crCLIM-v1-1",2019,"E Midlands",1,0,0,0,"MPI-M-MPI-ESM-LR_COSMO-crCLIM-v1-1","MPI-M-MPI-ESM-LR.03"
"4687","MPI-M-MPI-ESM-LR","COSMO-crCLIM-v1-1",2020,"E Midlands",1,0.616822429906542,4.8030303030303,31.8984280564568,"MPI-M-MPI-ESM-LR_COSMO-crCLIM-v1-1","MPI-M-MPI-ESM-LR.03"
"4688","MPI-M-MPI-ESM-LR","COSMO-crCLIM-v1-1",2021,"E Midlands",1,0,0,0,"MPI-M-MPI-ESM-LR_COSMO-crCLIM-v1-1","MPI-M-MPI-ESM-LR.03"
"4689","MPI-M-MPI-ESM-LR","COSMO-crCLIM-v1-1",2022,"E Midlands",1,0,0,0,"MPI-M-MPI-ESM-LR_COSMO-crCLIM-v1-1","MPI-M-MPI-ESM-LR.03"
"4690","MPI-M-MPI-ESM-LR","COSMO-crCLIM-v1-1",2023,"E Midlands",1,0.775700934579439,3,33.0578134031181,"MPI-M-MPI-ESM-LR_COSMO-crCLIM-v1-1","MPI-M-MPI-ESM-LR.03"
"4691","MPI-M-MPI-ESM-LR","COSMO-crCLIM-v1-1",2024,"E Midlands",1,0,0,0,"MPI-M-MPI-ESM-LR_COSMO-crCLIM-v1-1","MPI-M-MPI-ESM-LR.03"
"4692","MPI-M-MPI-ESM-LR","COSMO-crCLIM-v1-1",2025,"E Midlands",1,0,0,0,"MPI-M-MPI-ESM-LR_COSMO-crCLIM-v1-1","MPI-M-MPI-ESM-LR.03"
"4693","MPI-M-MPI-ESM-LR","COSMO-crCLIM-v1-1",2026,"E Midlands",1,0,0,0,"MPI-M-MPI-ESM-LR_COSMO-crCLIM-v1-1","MPI-M-MPI-ESM-LR.03"
"4694","MPI-M-MPI-ESM-LR","COSMO-crCLIM-v1-1",2027,"E Midlands",1,0,0,0,"MPI-M-MPI-ESM-LR_COSMO-crCLIM-v1-1","MPI-M-MPI-ESM-LR.03"
"4695","MPI-M-MPI-ESM-LR","COSMO-crCLIM-v1-1",2028,"E Midlands",1,0,0,0,"MPI-M-MPI-ESM-LR_COSMO-crCLIM-v1-1","MPI-M-MPI-ESM-LR.03"
"4696","MPI-M-MPI-ESM-LR","COSMO-crCLIM-v1-1",2029,"E Midlands",1,0,0,0,"MPI-M-MPI-ESM-LR_COSMO-crCLIM-v1-1","MPI-M-MPI-ESM-LR.03"
"4697","MPI-M-MPI-ESM-LR","COSMO-crCLIM-v1-1",2030,"E Midlands",1,0,0,0,"MPI-M-MPI-ESM-LR_COSMO-crCLIM-v1-1","MPI-M-MPI-ESM-LR.03"
"4698","MPI-M-MPI-ESM-LR","COSMO-crCLIM-v1-1",2031,"E Midlands",1,0,0,0,"MPI-M-MPI-ESM-LR_COSMO-crCLIM-v1-1","MPI-M-MPI-ESM-LR.03"
"4699","MPI-M-MPI-ESM-LR","COSMO-crCLIM-v1-1",2032,"E Midlands",1,0,0,0,"MPI-M-MPI-ESM-LR_COSMO-crCLIM-v1-1","MPI-M-MPI-ESM-LR.03"
"4700","MPI-M-MPI-ESM-LR","COSMO-crCLIM-v1-1",2033,"E Midlands",1,0,0,0,"MPI-M-MPI-ESM-LR_COSMO-crCLIM-v1-1","MPI-M-MPI-ESM-LR.03"
"4701","MPI-M-MPI-ESM-LR","COSMO-crCLIM-v1-1",2034,"E Midlands",1,0,0,0,"MPI-M-MPI-ESM-LR_COSMO-crCLIM-v1-1","MPI-M-MPI-ESM-LR.03"
"4702","MPI-M-MPI-ESM-LR","COSMO-crCLIM-v1-1",2035,"E Midlands",1,0.149532710280374,3,33.3923414150874,"MPI-M-MPI-ESM-LR_COSMO-crCLIM-v1-1","MPI-M-MPI-ESM-LR.03"
"4703","MPI-M-MPI-ESM-LR","COSMO-crCLIM-v1-1",2036,"E Midlands",1,0,0,0,"MPI-M-MPI-ESM-LR_COSMO-crCLIM-v1-1","MPI-M-MPI-ESM-LR.03"
"4704","MPI-M-MPI-ESM-LR","COSMO-crCLIM-v1-1",2037,"E Midlands",1,0,0,0,"MPI-M-MPI-ESM-LR_COSMO-crCLIM-v1-1","MPI-M-MPI-ESM-LR.03"
"4705","MPI-M-MPI-ESM-LR","COSMO-crCLIM-v1-1",2038,"E Midlands",1,0,0,0,"MPI-M-MPI-ESM-LR_COSMO-crCLIM-v1-1","MPI-M-MPI-ESM-LR.03"
"4706","MPI-M-MPI-ESM-LR","COSMO-crCLIM-v1-1",2039,"E Midlands",1,0,0,0,"MPI-M-MPI-ESM-LR_COSMO-crCLIM-v1-1","MPI-M-MPI-ESM-LR.03"
"4707","MPI-M-MPI-ESM-LR","COSMO-crCLIM-v1-1",2040,"E Midlands",1,0,0,0,"MPI-M-MPI-ESM-LR_COSMO-crCLIM-v1-1","MPI-M-MPI-ESM-LR.03"
"4708","MPI-M-MPI-ESM-LR","COSMO-crCLIM-v1-1",2041,"E Midlands",1,0,0,0,"MPI-M-MPI-ESM-LR_COSMO-crCLIM-v1-1","MPI-M-MPI-ESM-LR.03"
"4709","MPI-M-MPI-ESM-LR","COSMO-crCLIM-v1-1",2042,"E Midlands",1,0,0,0,"MPI-M-MPI-ESM-LR_COSMO-crCLIM-v1-1","MPI-M-MPI-ESM-LR.03"
"4710","MPI-M-MPI-ESM-LR","COSMO-crCLIM-v1-1",2043,"E Midlands",1,0.0280373831775701,3,31.9907442728678,"MPI-M-MPI-ESM-LR_COSMO-crCLIM-v1-1","MPI-M-MPI-ESM-LR.03"
"4711","MPI-M-MPI-ESM-LR","COSMO-crCLIM-v1-1",2044,"E Midlands",1,0,0,0,"MPI-M-MPI-ESM-LR_COSMO-crCLIM-v1-1","MPI-M-MPI-ESM-LR.03"
"4712","MPI-M-MPI-ESM-LR","COSMO-crCLIM-v1-1",2045,"E Midlands",1,0,0,0,"MPI-M-MPI-ESM-LR_COSMO-crCLIM-v1-1","MPI-M-MPI-ESM-LR.03"
"4713","MPI-M-MPI-ESM-LR","COSMO-crCLIM-v1-1",2046,"E Midlands",1,0,0,0,"MPI-M-MPI-ESM-LR_COSMO-crCLIM-v1-1","MPI-M-MPI-ESM-LR.03"
"4714","MPI-M-MPI-ESM-LR","COSMO-crCLIM-v1-1",2047,"E Midlands",1,0,0,0,"MPI-M-MPI-ESM-LR_COSMO-crCLIM-v1-1","MPI-M-MPI-ESM-LR.03"
"4715","MPI-M-MPI-ESM-LR","COSMO-crCLIM-v1-1",2048,"E Midlands",1,0,0,0,"MPI-M-MPI-ESM-LR_COSMO-crCLIM-v1-1","MPI-M-MPI-ESM-LR.03"
"4716","MPI-M-MPI-ESM-LR","COSMO-crCLIM-v1-1",2049,"E Midlands",1,0,0,0,"MPI-M-MPI-ESM-LR_COSMO-crCLIM-v1-1","MPI-M-MPI-ESM-LR.03"
"4717","MPI-M-MPI-ESM-LR","COSMO-crCLIM-v1-1",2050,"E Midlands",1,0,0,0,"MPI-M-MPI-ESM-LR_COSMO-crCLIM-v1-1","MPI-M-MPI-ESM-LR.03"
"4718","MPI-M-MPI-ESM-LR","COSMO-crCLIM-v1-1",2051,"E Midlands",1,0,0,0,"MPI-M-MPI-ESM-LR_COSMO-crCLIM-v1-1","MPI-M-MPI-ESM-LR.03"
"4719","MPI-M-MPI-ESM-LR","COSMO-crCLIM-v1-1",2052,"E Midlands",1,0,0,0,"MPI-M-MPI-ESM-LR_COSMO-crCLIM-v1-1","MPI-M-MPI-ESM-LR.03"
"4720","MPI-M-MPI-ESM-LR","COSMO-crCLIM-v1-1",2053,"E Midlands",1,0,0,0,"MPI-M-MPI-ESM-LR_COSMO-crCLIM-v1-1","MPI-M-MPI-ESM-LR.03"
"4721","MPI-M-MPI-ESM-LR","COSMO-crCLIM-v1-1",2054,"E Midlands",1,0.439252336448598,3,33.158522125677,"MPI-M-MPI-ESM-LR_COSMO-crCLIM-v1-1","MPI-M-MPI-ESM-LR.03"
"4722","MPI-M-MPI-ESM-LR","COSMO-crCLIM-v1-1",2055,"E Midlands",1,0,0,0,"MPI-M-MPI-ESM-LR_COSMO-crCLIM-v1-1","MPI-M-MPI-ESM-LR.03"
"4723","MPI-M-MPI-ESM-LR","COSMO-crCLIM-v1-1",2056,"E Midlands",1,0,0,0,"MPI-M-MPI-ESM-LR_COSMO-crCLIM-v1-1","MPI-M-MPI-ESM-LR.03"
"4724","MPI-M-MPI-ESM-LR","COSMO-crCLIM-v1-1",2057,"E Midlands",1,0.168224299065421,3,31.4873941209581,"MPI-M-MPI-ESM-LR_COSMO-crCLIM-v1-1","MPI-M-MPI-ESM-LR.03"
"4725","MPI-M-MPI-ESM-LR","COSMO-crCLIM-v1-1",2058,"E Midlands",1,0,0,0,"MPI-M-MPI-ESM-LR_COSMO-crCLIM-v1-1","MPI-M-MPI-ESM-LR.03"
"4726","MPI-M-MPI-ESM-LR","COSMO-crCLIM-v1-1",2059,"E Midlands",1,0,0,0,"MPI-M-MPI-ESM-LR_COSMO-crCLIM-v1-1","MPI-M-MPI-ESM-LR.03"
"4727","MPI-M-MPI-ESM-LR","COSMO-crCLIM-v1-1",2060,"E Midlands",1,0,0,0,"MPI-M-MPI-ESM-LR_COSMO-crCLIM-v1-1","MPI-M-MPI-ESM-LR.03"
"4728","MPI-M-MPI-ESM-LR","COSMO-crCLIM-v1-1",2061,"E Midlands",1,0,0,0,"MPI-M-MPI-ESM-LR_COSMO-crCLIM-v1-1","MPI-M-MPI-ESM-LR.03"
"4729","MPI-M-MPI-ESM-LR","COSMO-crCLIM-v1-1",2062,"E Midlands",1,0.532710280373832,3.07017543859649,32.0364604576289,"MPI-M-MPI-ESM-LR_COSMO-crCLIM-v1-1","MPI-M-MPI-ESM-LR.03"
"4730","MPI-M-MPI-ESM-LR","COSMO-crCLIM-v1-1",2063,"E Midlands",1,0,0,0,"MPI-M-MPI-ESM-LR_COSMO-crCLIM-v1-1","MPI-M-MPI-ESM-LR.03"
"4731","MPI-M-MPI-ESM-LR","COSMO-crCLIM-v1-1",2064,"E Midlands",1,0,0,0,"MPI-M-MPI-ESM-LR_COSMO-crCLIM-v1-1","MPI-M-MPI-ESM-LR.03"
"4732","MPI-M-MPI-ESM-LR","COSMO-crCLIM-v1-1",2065,"E Midlands",1,0,0,0,"MPI-M-MPI-ESM-LR_COSMO-crCLIM-v1-1","MPI-M-MPI-ESM-LR.03"
"4733","MPI-M-MPI-ESM-LR","COSMO-crCLIM-v1-1",2066,"E Midlands",1,0.831775700934579,3,32.3419294464454,"MPI-M-MPI-ESM-LR_COSMO-crCLIM-v1-1","MPI-M-MPI-ESM-LR.03"
"4734","MPI-M-MPI-ESM-LR","COSMO-crCLIM-v1-1",2067,"E Midlands",1,0,0,0,"MPI-M-MPI-ESM-LR_COSMO-crCLIM-v1-1","MPI-M-MPI-ESM-LR.03"
"4735","MPI-M-MPI-ESM-LR","COSMO-crCLIM-v1-1",2068,"E Midlands",1,0,0,0,"MPI-M-MPI-ESM-LR_COSMO-crCLIM-v1-1","MPI-M-MPI-ESM-LR.03"
"4736","MPI-M-MPI-ESM-LR","COSMO-crCLIM-v1-1",2069,"E Midlands",1,0,0,0,"MPI-M-MPI-ESM-LR_COSMO-crCLIM-v1-1","MPI-M-MPI-ESM-LR.03"
"4737","MPI-M-MPI-ESM-LR","COSMO-crCLIM-v1-1",2070,"E Midlands",1,0,0,0,"MPI-M-MPI-ESM-LR_COSMO-crCLIM-v1-1","MPI-M-MPI-ESM-LR.03"
"4738","MPI-M-MPI-ESM-LR","COSMO-crCLIM-v1-1",2071,"E Midlands",1,0,0,0,"MPI-M-MPI-ESM-LR_COSMO-crCLIM-v1-1","MPI-M-MPI-ESM-LR.03"
"4739","MPI-M-MPI-ESM-LR","COSMO-crCLIM-v1-1",2072,"E Midlands",1,0,0,0,"MPI-M-MPI-ESM-LR_COSMO-crCLIM-v1-1","MPI-M-MPI-ESM-LR.03"
"4740","MPI-M-MPI-ESM-LR","COSMO-crCLIM-v1-1",2073,"E Midlands",1,0,0,0,"MPI-M-MPI-ESM-LR_COSMO-crCLIM-v1-1","MPI-M-MPI-ESM-LR.03"
"4741","MPI-M-MPI-ESM-LR","COSMO-crCLIM-v1-1",2074,"E Midlands",1,0,0,0,"MPI-M-MPI-ESM-LR_COSMO-crCLIM-v1-1","MPI-M-MPI-ESM-LR.03"
"4742","MPI-M-MPI-ESM-LR","COSMO-crCLIM-v1-1",2075,"E Midlands",1,0,0,0,"MPI-M-MPI-ESM-LR_COSMO-crCLIM-v1-1","MPI-M-MPI-ESM-LR.03"
"4743","MPI-M-MPI-ESM-LR","COSMO-crCLIM-v1-1",2076,"E Midlands",1,0.0373831775700935,3.5,32.8303690274556,"MPI-M-MPI-ESM-LR_COSMO-crCLIM-v1-1","MPI-M-MPI-ESM-LR.03"
"4744","MPI-M-MPI-ESM-LR","COSMO-crCLIM-v1-1",2077,"E Midlands",1,0,0,0,"MPI-M-MPI-ESM-LR_COSMO-crCLIM-v1-1","MPI-M-MPI-ESM-LR.03"
"4745","MPI-M-MPI-ESM-LR","COSMO-crCLIM-v1-1",2078,"E Midlands",1,0,0,0,"MPI-M-MPI-ESM-LR_COSMO-crCLIM-v1-1","MPI-M-MPI-ESM-LR.03"
"4746","MPI-M-MPI-ESM-LR","COSMO-crCLIM-v1-1",2079,"E Midlands",1,0,0,0,"MPI-M-MPI-ESM-LR_COSMO-crCLIM-v1-1","MPI-M-MPI-ESM-LR.03"
"4747","MPI-M-MPI-ESM-LR","COSMO-crCLIM-v1-1",2080,"E Midlands",1,0.11214953271028,4.5,31.2558238704999,"MPI-M-MPI-ESM-LR_COSMO-crCLIM-v1-1","MPI-M-MPI-ESM-LR.03"
"4748","MPI-M-MPI-ESM-LR","HadREM3-GA7-05",1980,"E Midlands",1,0,0,0,"MPI-M-MPI-ESM-LR_HadREM3-GA7-05","MPI-M-MPI-ESM-LR.04"
"4749","MPI-M-MPI-ESM-LR","HadREM3-GA7-05",1981,"E Midlands",1,0,0,0,"MPI-M-MPI-ESM-LR_HadREM3-GA7-05","MPI-M-MPI-ESM-LR.04"
"4750","MPI-M-MPI-ESM-LR","HadREM3-GA7-05",1982,"E Midlands",1,0,0,0,"MPI-M-MPI-ESM-LR_HadREM3-GA7-05","MPI-M-MPI-ESM-LR.04"
"4751","MPI-M-MPI-ESM-LR","HadREM3-GA7-05",1983,"E Midlands",1,0,0,0,"MPI-M-MPI-ESM-LR_HadREM3-GA7-05","MPI-M-MPI-ESM-LR.04"
"4752","MPI-M-MPI-ESM-LR","HadREM3-GA7-05",1984,"E Midlands",1,0,0,0,"MPI-M-MPI-ESM-LR_HadREM3-GA7-05","MPI-M-MPI-ESM-LR.04"
"4753","MPI-M-MPI-ESM-LR","HadREM3-GA7-05",1985,"E Midlands",1,0,0,0,"MPI-M-MPI-ESM-LR_HadREM3-GA7-05","MPI-M-MPI-ESM-LR.04"
"4754","MPI-M-MPI-ESM-LR","HadREM3-GA7-05",1986,"E Midlands",1,0,0,0,"MPI-M-MPI-ESM-LR_HadREM3-GA7-05","MPI-M-MPI-ESM-LR.04"
"4755","MPI-M-MPI-ESM-LR","HadREM3-GA7-05",1987,"E Midlands",1,0,0,0,"MPI-M-MPI-ESM-LR_HadREM3-GA7-05","MPI-M-MPI-ESM-LR.04"
"4756","MPI-M-MPI-ESM-LR","HadREM3-GA7-05",1988,"E Midlands",1,0,0,0,"MPI-M-MPI-ESM-LR_HadREM3-GA7-05","MPI-M-MPI-ESM-LR.04"
"4757","MPI-M-MPI-ESM-LR","HadREM3-GA7-05",1989,"E Midlands",1,0,0,0,"MPI-M-MPI-ESM-LR_HadREM3-GA7-05","MPI-M-MPI-ESM-LR.04"
"4758","MPI-M-MPI-ESM-LR","HadREM3-GA7-05",1990,"E Midlands",1,0.130841121495327,3,31.4037333897182,"MPI-M-MPI-ESM-LR_HadREM3-GA7-05","MPI-M-MPI-ESM-LR.04"
"4759","MPI-M-MPI-ESM-LR","HadREM3-GA7-05",1991,"E Midlands",1,0.0186915887850467,3,31.1917506853739,"MPI-M-MPI-ESM-LR_HadREM3-GA7-05","MPI-M-MPI-ESM-LR.04"
"4760","MPI-M-MPI-ESM-LR","HadREM3-GA7-05",1992,"E Midlands",1,0,0,0,"MPI-M-MPI-ESM-LR_HadREM3-GA7-05","MPI-M-MPI-ESM-LR.04"
"4761","MPI-M-MPI-ESM-LR","HadREM3-GA7-05",1993,"E Midlands",1,0,0,0,"MPI-M-MPI-ESM-LR_HadREM3-GA7-05","MPI-M-MPI-ESM-LR.04"
"4762","MPI-M-MPI-ESM-LR","HadREM3-GA7-05",1994,"E Midlands",1,0,0,0,"MPI-M-MPI-ESM-LR_HadREM3-GA7-05","MPI-M-MPI-ESM-LR.04"
"4763","MPI-M-MPI-ESM-LR","HadREM3-GA7-05",1995,"E Midlands",1,0,0,0,"MPI-M-MPI-ESM-LR_HadREM3-GA7-05","MPI-M-MPI-ESM-LR.04"
"4764","MPI-M-MPI-ESM-LR","HadREM3-GA7-05",1996,"E Midlands",1,0,0,0,"MPI-M-MPI-ESM-LR_HadREM3-GA7-05","MPI-M-MPI-ESM-LR.04"
"4765","MPI-M-MPI-ESM-LR","HadREM3-GA7-05",1997,"E Midlands",1,0,0,0,"MPI-M-MPI-ESM-LR_HadREM3-GA7-05","MPI-M-MPI-ESM-LR.04"
"4766","MPI-M-MPI-ESM-LR","HadREM3-GA7-05",1998,"E Midlands",1,0,0,0,"MPI-M-MPI-ESM-LR_HadREM3-GA7-05","MPI-M-MPI-ESM-LR.04"
"4767","MPI-M-MPI-ESM-LR","HadREM3-GA7-05",1999,"E Midlands",1,0.149532710280374,3.125,31.1915991703669,"MPI-M-MPI-ESM-LR_HadREM3-GA7-05","MPI-M-MPI-ESM-LR.04"
"4768","MPI-M-MPI-ESM-LR","HadREM3-GA7-05",2000,"E Midlands",1,0,0,0,"MPI-M-MPI-ESM-LR_HadREM3-GA7-05","MPI-M-MPI-ESM-LR.04"
"4769","MPI-M-MPI-ESM-LR","HadREM3-GA7-05",2001,"E Midlands",1,0,0,0,"MPI-M-MPI-ESM-LR_HadREM3-GA7-05","MPI-M-MPI-ESM-LR.04"
"4770","MPI-M-MPI-ESM-LR","HadREM3-GA7-05",2002,"E Midlands",1,0,0,0,"MPI-M-MPI-ESM-LR_HadREM3-GA7-05","MPI-M-MPI-ESM-LR.04"
"4771","MPI-M-MPI-ESM-LR","HadREM3-GA7-05",2003,"E Midlands",1,0,0,0,"MPI-M-MPI-ESM-LR_HadREM3-GA7-05","MPI-M-MPI-ESM-LR.04"
"4772","MPI-M-MPI-ESM-LR","HadREM3-GA7-05",2004,"E Midlands",1,0.738317757009346,3.0126582278481,31.9162523837029,"MPI-M-MPI-ESM-LR_HadREM3-GA7-05","MPI-M-MPI-ESM-LR.04"
"4773","MPI-M-MPI-ESM-LR","HadREM3-GA7-05",2005,"E Midlands",1,0.280373831775701,3.1,35.0861888196733,"MPI-M-MPI-ESM-LR_HadREM3-GA7-05","MPI-M-MPI-ESM-LR.04"
"4774","MPI-M-MPI-ESM-LR","HadREM3-GA7-05",2006,"E Midlands",1,0,0,0,"MPI-M-MPI-ESM-LR_HadREM3-GA7-05","MPI-M-MPI-ESM-LR.04"
"4775","MPI-M-MPI-ESM-LR","HadREM3-GA7-05",2007,"E Midlands",1,0,0,0,"MPI-M-MPI-ESM-LR_HadREM3-GA7-05","MPI-M-MPI-ESM-LR.04"
"4776","MPI-M-MPI-ESM-LR","HadREM3-GA7-05",2008,"E Midlands",1,0,0,0,"MPI-M-MPI-ESM-LR_HadREM3-GA7-05","MPI-M-MPI-ESM-LR.04"
"4777","MPI-M-MPI-ESM-LR","HadREM3-GA7-05",2009,"E Midlands",1,0.551401869158878,3,35.5989864963596,"MPI-M-MPI-ESM-LR_HadREM3-GA7-05","MPI-M-MPI-ESM-LR.04"
"4778","MPI-M-MPI-ESM-LR","HadREM3-GA7-05",2010,"E Midlands",1,0,0,0,"MPI-M-MPI-ESM-LR_HadREM3-GA7-05","MPI-M-MPI-ESM-LR.04"
"4779","MPI-M-MPI-ESM-LR","HadREM3-GA7-05",2011,"E Midlands",1,0,0,0,"MPI-M-MPI-ESM-LR_HadREM3-GA7-05","MPI-M-MPI-ESM-LR.04"
"4780","MPI-M-MPI-ESM-LR","HadREM3-GA7-05",2012,"E Midlands",1,0.317757009345794,3,34.2331240971883,"MPI-M-MPI-ESM-LR_HadREM3-GA7-05","MPI-M-MPI-ESM-LR.04"
"4781","MPI-M-MPI-ESM-LR","HadREM3-GA7-05",2013,"E Midlands",1,0,0,0,"MPI-M-MPI-ESM-LR_HadREM3-GA7-05","MPI-M-MPI-ESM-LR.04"
"4782","MPI-M-MPI-ESM-LR","HadREM3-GA7-05",2014,"E Midlands",1,0.242990654205607,3.42307692307692,32.0580932382262,"MPI-M-MPI-ESM-LR_HadREM3-GA7-05","MPI-M-MPI-ESM-LR.04"
"4783","MPI-M-MPI-ESM-LR","HadREM3-GA7-05",2015,"E Midlands",1,0,0,0,"MPI-M-MPI-ESM-LR_HadREM3-GA7-05","MPI-M-MPI-ESM-LR.04"
"4784","MPI-M-MPI-ESM-LR","HadREM3-GA7-05",2016,"E Midlands",1,0,0,0,"MPI-M-MPI-ESM-LR_HadREM3-GA7-05","MPI-M-MPI-ESM-LR.04"
"4785","MPI-M-MPI-ESM-LR","HadREM3-GA7-05",2017,"E Midlands",1,0,0,0,"MPI-M-MPI-ESM-LR_HadREM3-GA7-05","MPI-M-MPI-ESM-LR.04"
"4786","MPI-M-MPI-ESM-LR","HadREM3-GA7-05",2018,"E Midlands",1,0,0,0,"MPI-M-MPI-ESM-LR_HadREM3-GA7-05","MPI-M-MPI-ESM-LR.04"
"4787","MPI-M-MPI-ESM-LR","HadREM3-GA7-05",2019,"E Midlands",1,0,0,0,"MPI-M-MPI-ESM-LR_HadREM3-GA7-05","MPI-M-MPI-ESM-LR.04"
"4788","MPI-M-MPI-ESM-LR","HadREM3-GA7-05",2020,"E Midlands",1,0,0,0,"MPI-M-MPI-ESM-LR_HadREM3-GA7-05","MPI-M-MPI-ESM-LR.04"
"4789","MPI-M-MPI-ESM-LR","HadREM3-GA7-05",2021,"E Midlands",1,0.934579439252336,6.53,34.5748104938212,"MPI-M-MPI-ESM-LR_HadREM3-GA7-05","MPI-M-MPI-ESM-LR.04"
"4790","MPI-M-MPI-ESM-LR","HadREM3-GA7-05",2022,"E Midlands",1,0,0,0,"MPI-M-MPI-ESM-LR_HadREM3-GA7-05","MPI-M-MPI-ESM-LR.04"
"4791","MPI-M-MPI-ESM-LR","HadREM3-GA7-05",2023,"E Midlands",1,0,0,0,"MPI-M-MPI-ESM-LR_HadREM3-GA7-05","MPI-M-MPI-ESM-LR.04"
"4792","MPI-M-MPI-ESM-LR","HadREM3-GA7-05",2024,"E Midlands",1,0.121495327102804,3.23076923076923,31.0951559421344,"MPI-M-MPI-ESM-LR_HadREM3-GA7-05","MPI-M-MPI-ESM-LR.04"
"4793","MPI-M-MPI-ESM-LR","HadREM3-GA7-05",2025,"E Midlands",1,0,0,0,"MPI-M-MPI-ESM-LR_HadREM3-GA7-05","MPI-M-MPI-ESM-LR.04"
"4794","MPI-M-MPI-ESM-LR","HadREM3-GA7-05",2026,"E Midlands",1,0.0560747663551402,3,30.878677421146,"MPI-M-MPI-ESM-LR_HadREM3-GA7-05","MPI-M-MPI-ESM-LR.04"
"4795","MPI-M-MPI-ESM-LR","HadREM3-GA7-05",2027,"E Midlands",1,0,0,0,"MPI-M-MPI-ESM-LR_HadREM3-GA7-05","MPI-M-MPI-ESM-LR.04"
"4796","MPI-M-MPI-ESM-LR","HadREM3-GA7-05",2028,"E Midlands",1,0.532710280373832,3.56140350877193,31.6431174431628,"MPI-M-MPI-ESM-LR_HadREM3-GA7-05","MPI-M-MPI-ESM-LR.04"
"4797","MPI-M-MPI-ESM-LR","HadREM3-GA7-05",2029,"E Midlands",1,0.196261682242991,3,32.9816124779837,"MPI-M-MPI-ESM-LR_HadREM3-GA7-05","MPI-M-MPI-ESM-LR.04"
"4798","MPI-M-MPI-ESM-LR","HadREM3-GA7-05",2030,"E Midlands",1,0.130841121495327,3,32.7820140974862,"MPI-M-MPI-ESM-LR_HadREM3-GA7-05","MPI-M-MPI-ESM-LR.04"
"4799","MPI-M-MPI-ESM-LR","HadREM3-GA7-05",2031,"E Midlands",1,0.0373831775700935,3,33.5799945990245,"MPI-M-MPI-ESM-LR_HadREM3-GA7-05","MPI-M-MPI-ESM-LR.04"
"4800","MPI-M-MPI-ESM-LR","HadREM3-GA7-05",2032,"E Midlands",1,0,0,0,"MPI-M-MPI-ESM-LR_HadREM3-GA7-05","MPI-M-MPI-ESM-LR.04"
"4801","MPI-M-MPI-ESM-LR","HadREM3-GA7-05",2033,"E Midlands",1,0.00934579439252336,3,34.1227820714315,"MPI-M-MPI-ESM-LR_HadREM3-GA7-05","MPI-M-MPI-ESM-LR.04"
"4802","MPI-M-MPI-ESM-LR","HadREM3-GA7-05",2034,"E Midlands",1,0.186915887850467,3.1,33.2121217687925,"MPI-M-MPI-ESM-LR_HadREM3-GA7-05","MPI-M-MPI-ESM-LR.04"
"4803","MPI-M-MPI-ESM-LR","HadREM3-GA7-05",2035,"E Midlands",1,0,0,0,"MPI-M-MPI-ESM-LR_HadREM3-GA7-05","MPI-M-MPI-ESM-LR.04"
"4804","MPI-M-MPI-ESM-LR","HadREM3-GA7-05",2036,"E Midlands",1,0,0,0,"MPI-M-MPI-ESM-LR_HadREM3-GA7-05","MPI-M-MPI-ESM-LR.04"
"4805","MPI-M-MPI-ESM-LR","HadREM3-GA7-05",2037,"E Midlands",1,0,0,0,"MPI-M-MPI-ESM-LR_HadREM3-GA7-05","MPI-M-MPI-ESM-LR.04"
"4806","MPI-M-MPI-ESM-LR","HadREM3-GA7-05",2038,"E Midlands",1,0,0,0,"MPI-M-MPI-ESM-LR_HadREM3-GA7-05","MPI-M-MPI-ESM-LR.04"
"4807","MPI-M-MPI-ESM-LR","HadREM3-GA7-05",2039,"E Midlands",1,0,0,0,"MPI-M-MPI-ESM-LR_HadREM3-GA7-05","MPI-M-MPI-ESM-LR.04"
"4808","MPI-M-MPI-ESM-LR","HadREM3-GA7-05",2040,"E Midlands",1,0.0373831775700935,3,33.9530221621196,"MPI-M-MPI-ESM-LR_HadREM3-GA7-05","MPI-M-MPI-ESM-LR.04"
"4809","MPI-M-MPI-ESM-LR","HadREM3-GA7-05",2041,"E Midlands",1,0.467289719626168,3.62,32.2608331823349,"MPI-M-MPI-ESM-LR_HadREM3-GA7-05","MPI-M-MPI-ESM-LR.04"
"4810","MPI-M-MPI-ESM-LR","HadREM3-GA7-05",2042,"E Midlands",1,0.85981308411215,3.21739130434783,33.0523567536603,"MPI-M-MPI-ESM-LR_HadREM3-GA7-05","MPI-M-MPI-ESM-LR.04"
"4811","MPI-M-MPI-ESM-LR","HadREM3-GA7-05",2043,"E Midlands",1,0,0,0,"MPI-M-MPI-ESM-LR_HadREM3-GA7-05","MPI-M-MPI-ESM-LR.04"
"4812","MPI-M-MPI-ESM-LR","HadREM3-GA7-05",2044,"E Midlands",1,0,0,0,"MPI-M-MPI-ESM-LR_HadREM3-GA7-05","MPI-M-MPI-ESM-LR.04"
"4813","MPI-M-MPI-ESM-LR","HadREM3-GA7-05",2045,"E Midlands",1,0.0186915887850467,3,30.3490958213806,"MPI-M-MPI-ESM-LR_HadREM3-GA7-05","MPI-M-MPI-ESM-LR.04"
"4814","MPI-M-MPI-ESM-LR","HadREM3-GA7-05",2046,"E Midlands",1,0,0,0,"MPI-M-MPI-ESM-LR_HadREM3-GA7-05","MPI-M-MPI-ESM-LR.04"
"4815","MPI-M-MPI-ESM-LR","HadREM3-GA7-05",2047,"E Midlands",1,0,0,0,"MPI-M-MPI-ESM-LR_HadREM3-GA7-05","MPI-M-MPI-ESM-LR.04"
"4816","MPI-M-MPI-ESM-LR","HadREM3-GA7-05",2048,"E Midlands",1,0,0,0,"MPI-M-MPI-ESM-LR_HadREM3-GA7-05","MPI-M-MPI-ESM-LR.04"
"4817","MPI-M-MPI-ESM-LR","HadREM3-GA7-05",2049,"E Midlands",1,0,0,0,"MPI-M-MPI-ESM-LR_HadREM3-GA7-05","MPI-M-MPI-ESM-LR.04"
"4818","MPI-M-MPI-ESM-LR","HadREM3-GA7-05",2050,"E Midlands",1,0,0,0,"MPI-M-MPI-ESM-LR_HadREM3-GA7-05","MPI-M-MPI-ESM-LR.04"
"4819","MPI-M-MPI-ESM-LR","HadREM3-GA7-05",2051,"E Midlands",1,0,0,0,"MPI-M-MPI-ESM-LR_HadREM3-GA7-05","MPI-M-MPI-ESM-LR.04"
"4820","MPI-M-MPI-ESM-LR","HadREM3-GA7-05",2052,"E Midlands",1,0,0,0,"MPI-M-MPI-ESM-LR_HadREM3-GA7-05","MPI-M-MPI-ESM-LR.04"
"4821","MPI-M-MPI-ESM-LR","HadREM3-GA7-05",2053,"E Midlands",1,0.850467289719626,4.76923076923077,38.0484573256442,"MPI-M-MPI-ESM-LR_HadREM3-GA7-05","MPI-M-MPI-ESM-LR.04"
"4822","MPI-M-MPI-ESM-LR","HadREM3-GA7-05",2054,"E Midlands",1,0.869158878504673,3.73118279569892,32.122621047625,"MPI-M-MPI-ESM-LR_HadREM3-GA7-05","MPI-M-MPI-ESM-LR.04"
"4823","MPI-M-MPI-ESM-LR","HadREM3-GA7-05",2055,"E Midlands",1,0.841121495327103,3.53333333333333,33.8464935203835,"MPI-M-MPI-ESM-LR_HadREM3-GA7-05","MPI-M-MPI-ESM-LR.04"
"4824","MPI-M-MPI-ESM-LR","HadREM3-GA7-05",2056,"E Midlands",1,0,0,0,"MPI-M-MPI-ESM-LR_HadREM3-GA7-05","MPI-M-MPI-ESM-LR.04"
"4825","MPI-M-MPI-ESM-LR","HadREM3-GA7-05",2057,"E Midlands",1,0,0,0,"MPI-M-MPI-ESM-LR_HadREM3-GA7-05","MPI-M-MPI-ESM-LR.04"
"4826","MPI-M-MPI-ESM-LR","HadREM3-GA7-05",2058,"E Midlands",1,0.644859813084112,3.02898550724638,31.9853698999985,"MPI-M-MPI-ESM-LR_HadREM3-GA7-05","MPI-M-MPI-ESM-LR.04"
"4827","MPI-M-MPI-ESM-LR","HadREM3-GA7-05",2059,"E Midlands",1,0.0560747663551402,3.33333333333333,33.9327852725983,"MPI-M-MPI-ESM-LR_HadREM3-GA7-05","MPI-M-MPI-ESM-LR.04"
"4828","MPI-M-MPI-ESM-LR","HadREM3-GA7-05",2060,"E Midlands",1,0.813084112149533,3,32.0826834097676,"MPI-M-MPI-ESM-LR_HadREM3-GA7-05","MPI-M-MPI-ESM-LR.04"
"4829","MPI-M-MPI-ESM-LR","HadREM3-GA7-05",2061,"E Midlands",1,2.82242990654206,3.95364238410596,35.6174660936961,"MPI-M-MPI-ESM-LR_HadREM3-GA7-05","MPI-M-MPI-ESM-LR.04"
"4830","MPI-M-MPI-ESM-LR","HadREM3-GA7-05",2062,"E Midlands",1,0,0,0,"MPI-M-MPI-ESM-LR_HadREM3-GA7-05","MPI-M-MPI-ESM-LR.04"
"4831","MPI-M-MPI-ESM-LR","HadREM3-GA7-05",2063,"E Midlands",1,1.73831775700935,5.36021505376344,33.2638584383805,"MPI-M-MPI-ESM-LR_HadREM3-GA7-05","MPI-M-MPI-ESM-LR.04"
"4832","MPI-M-MPI-ESM-LR","HadREM3-GA7-05",2064,"E Midlands",1,2.30841121495327,5.07287449392713,36.0351038033272,"MPI-M-MPI-ESM-LR_HadREM3-GA7-05","MPI-M-MPI-ESM-LR.04"
"4833","MPI-M-MPI-ESM-LR","HadREM3-GA7-05",2065,"E Midlands",1,0,0,0,"MPI-M-MPI-ESM-LR_HadREM3-GA7-05","MPI-M-MPI-ESM-LR.04"
"4834","MPI-M-MPI-ESM-LR","HadREM3-GA7-05",2066,"E Midlands",1,0.0467289719626168,3.6,31.1091190814972,"MPI-M-MPI-ESM-LR_HadREM3-GA7-05","MPI-M-MPI-ESM-LR.04"
"4835","MPI-M-MPI-ESM-LR","HadREM3-GA7-05",2067,"E Midlands",1,0,0,0,"MPI-M-MPI-ESM-LR_HadREM3-GA7-05","MPI-M-MPI-ESM-LR.04"
"4836","MPI-M-MPI-ESM-LR","HadREM3-GA7-05",2068,"E Midlands",1,0,0,0,"MPI-M-MPI-ESM-LR_HadREM3-GA7-05","MPI-M-MPI-ESM-LR.04"
"4837","MPI-M-MPI-ESM-LR","HadREM3-GA7-05",2069,"E Midlands",1,0.91588785046729,3.55102040816327,34.119392077939,"MPI-M-MPI-ESM-LR_HadREM3-GA7-05","MPI-M-MPI-ESM-LR.04"
"4838","MPI-M-MPI-ESM-LR","HadREM3-GA7-05",2070,"E Midlands",1,0,0,0,"MPI-M-MPI-ESM-LR_HadREM3-GA7-05","MPI-M-MPI-ESM-LR.04"
"4839","MPI-M-MPI-ESM-LR","HadREM3-GA7-05",2071,"E Midlands",1,2.2803738317757,3.99180327868852,37.3613132708711,"MPI-M-MPI-ESM-LR_HadREM3-GA7-05","MPI-M-MPI-ESM-LR.04"
"4840","MPI-M-MPI-ESM-LR","HadREM3-GA7-05",2072,"E Midlands",1,2.52336448598131,4.33333333333333,33.669405316886,"MPI-M-MPI-ESM-LR_HadREM3-GA7-05","MPI-M-MPI-ESM-LR.04"
"4841","MPI-M-MPI-ESM-LR","HadREM3-GA7-05",2073,"E Midlands",1,1.34579439252336,7.13194444444444,32.7119849401213,"MPI-M-MPI-ESM-LR_HadREM3-GA7-05","MPI-M-MPI-ESM-LR.04"
"4842","MPI-M-MPI-ESM-LR","HadREM3-GA7-05",2074,"E Midlands",1,0.11214953271028,3,31.383760187361,"MPI-M-MPI-ESM-LR_HadREM3-GA7-05","MPI-M-MPI-ESM-LR.04"
"4843","MPI-M-MPI-ESM-LR","HadREM3-GA7-05",2075,"E Midlands",1,1.11214953271028,3.76470588235294,33.6370671541703,"MPI-M-MPI-ESM-LR_HadREM3-GA7-05","MPI-M-MPI-ESM-LR.04"
"4844","MPI-M-MPI-ESM-LR","HadREM3-GA7-05",2076,"E Midlands",1,0,0,0,"MPI-M-MPI-ESM-LR_HadREM3-GA7-05","MPI-M-MPI-ESM-LR.04"
"4845","MPI-M-MPI-ESM-LR","HadREM3-GA7-05",2077,"E Midlands",1,0.598130841121495,3.109375,31.3862180374563,"MPI-M-MPI-ESM-LR_HadREM3-GA7-05","MPI-M-MPI-ESM-LR.04"
"4846","MPI-M-MPI-ESM-LR","HadREM3-GA7-05",2078,"E Midlands",1,0.560747663551402,3,33.2544085714552,"MPI-M-MPI-ESM-LR_HadREM3-GA7-05","MPI-M-MPI-ESM-LR.04"
"4847","MPI-M-MPI-ESM-LR","HadREM3-GA7-05",2079,"E Midlands",1,0,0,0,"MPI-M-MPI-ESM-LR_HadREM3-GA7-05","MPI-M-MPI-ESM-LR.04"
"4848","MPI-M-MPI-ESM-LR","HadREM3-GA7-05",2080,"E Midlands",1,1.01869158878505,3.14678899082569,35.6451217143907,"MPI-M-MPI-ESM-LR_HadREM3-GA7-05","MPI-M-MPI-ESM-LR.04"
"4849","MPI-M-MPI-ESM-LR","HIRHAM5",1980,"E Midlands",1,0,0,0,"MPI-M-MPI-ESM-LR_HIRHAM5","MPI-M-MPI-ESM-LR.05"
"4850","MPI-M-MPI-ESM-LR","HIRHAM5",1981,"E Midlands",1,0,0,0,"MPI-M-MPI-ESM-LR_HIRHAM5","MPI-M-MPI-ESM-LR.05"
"4851","MPI-M-MPI-ESM-LR","HIRHAM5",1982,"E Midlands",1,0,0,0,"MPI-M-MPI-ESM-LR_HIRHAM5","MPI-M-MPI-ESM-LR.05"
"4852","MPI-M-MPI-ESM-LR","HIRHAM5",1983,"E Midlands",1,0,0,0,"MPI-M-MPI-ESM-LR_HIRHAM5","MPI-M-MPI-ESM-LR.05"
"4853","MPI-M-MPI-ESM-LR","HIRHAM5",1984,"E Midlands",1,0,0,0,"MPI-M-MPI-ESM-LR_HIRHAM5","MPI-M-MPI-ESM-LR.05"
"4854","MPI-M-MPI-ESM-LR","HIRHAM5",1985,"E Midlands",1,0,0,0,"MPI-M-MPI-ESM-LR_HIRHAM5","MPI-M-MPI-ESM-LR.05"
"4855","MPI-M-MPI-ESM-LR","HIRHAM5",1986,"E Midlands",1,0,0,0,"MPI-M-MPI-ESM-LR_HIRHAM5","MPI-M-MPI-ESM-LR.05"
"4856","MPI-M-MPI-ESM-LR","HIRHAM5",1987,"E Midlands",1,0,0,0,"MPI-M-MPI-ESM-LR_HIRHAM5","MPI-M-MPI-ESM-LR.05"
"4857","MPI-M-MPI-ESM-LR","HIRHAM5",1988,"E Midlands",1,0,0,0,"MPI-M-MPI-ESM-LR_HIRHAM5","MPI-M-MPI-ESM-LR.05"
"4858","MPI-M-MPI-ESM-LR","HIRHAM5",1989,"E Midlands",1,0,0,0,"MPI-M-MPI-ESM-LR_HIRHAM5","MPI-M-MPI-ESM-LR.05"
"4859","MPI-M-MPI-ESM-LR","HIRHAM5",1990,"E Midlands",1,0,0,0,"MPI-M-MPI-ESM-LR_HIRHAM5","MPI-M-MPI-ESM-LR.05"
"4860","MPI-M-MPI-ESM-LR","HIRHAM5",1991,"E Midlands",1,0,0,0,"MPI-M-MPI-ESM-LR_HIRHAM5","MPI-M-MPI-ESM-LR.05"
"4861","MPI-M-MPI-ESM-LR","HIRHAM5",1992,"E Midlands",1,0,0,0,"MPI-M-MPI-ESM-LR_HIRHAM5","MPI-M-MPI-ESM-LR.05"
"4862","MPI-M-MPI-ESM-LR","HIRHAM5",1993,"E Midlands",1,0,0,0,"MPI-M-MPI-ESM-LR_HIRHAM5","MPI-M-MPI-ESM-LR.05"
"4863","MPI-M-MPI-ESM-LR","HIRHAM5",1994,"E Midlands",1,0,0,0,"MPI-M-MPI-ESM-LR_HIRHAM5","MPI-M-MPI-ESM-LR.05"
"4864","MPI-M-MPI-ESM-LR","HIRHAM5",1995,"E Midlands",1,0,0,0,"MPI-M-MPI-ESM-LR_HIRHAM5","MPI-M-MPI-ESM-LR.05"
"4865","MPI-M-MPI-ESM-LR","HIRHAM5",1996,"E Midlands",1,0,0,0,"MPI-M-MPI-ESM-LR_HIRHAM5","MPI-M-MPI-ESM-LR.05"
"4866","MPI-M-MPI-ESM-LR","HIRHAM5",1997,"E Midlands",1,0,0,0,"MPI-M-MPI-ESM-LR_HIRHAM5","MPI-M-MPI-ESM-LR.05"
"4867","MPI-M-MPI-ESM-LR","HIRHAM5",1998,"E Midlands",1,0,0,0,"MPI-M-MPI-ESM-LR_HIRHAM5","MPI-M-MPI-ESM-LR.05"
"4868","MPI-M-MPI-ESM-LR","HIRHAM5",1999,"E Midlands",1,0,0,0,"MPI-M-MPI-ESM-LR_HIRHAM5","MPI-M-MPI-ESM-LR.05"
"4869","MPI-M-MPI-ESM-LR","HIRHAM5",2000,"E Midlands",1,0,0,0,"MPI-M-MPI-ESM-LR_HIRHAM5","MPI-M-MPI-ESM-LR.05"
"4870","MPI-M-MPI-ESM-LR","HIRHAM5",2001,"E Midlands",1,0,0,0,"MPI-M-MPI-ESM-LR_HIRHAM5","MPI-M-MPI-ESM-LR.05"
"4871","MPI-M-MPI-ESM-LR","HIRHAM5",2002,"E Midlands",1,0,0,0,"MPI-M-MPI-ESM-LR_HIRHAM5","MPI-M-MPI-ESM-LR.05"
"4872","MPI-M-MPI-ESM-LR","HIRHAM5",2003,"E Midlands",1,0,0,0,"MPI-M-MPI-ESM-LR_HIRHAM5","MPI-M-MPI-ESM-LR.05"
"4873","MPI-M-MPI-ESM-LR","HIRHAM5",2004,"E Midlands",1,0,0,0,"MPI-M-MPI-ESM-LR_HIRHAM5","MPI-M-MPI-ESM-LR.05"
"4874","MPI-M-MPI-ESM-LR","HIRHAM5",2005,"E Midlands",1,0,0,0,"MPI-M-MPI-ESM-LR_HIRHAM5","MPI-M-MPI-ESM-LR.05"
"4875","MPI-M-MPI-ESM-LR","HIRHAM5",2006,"E Midlands",1,0,0,0,"MPI-M-MPI-ESM-LR_HIRHAM5","MPI-M-MPI-ESM-LR.05"
"4876","MPI-M-MPI-ESM-LR","HIRHAM5",2007,"E Midlands",1,0,0,0,"MPI-M-MPI-ESM-LR_HIRHAM5","MPI-M-MPI-ESM-LR.05"
"4877","MPI-M-MPI-ESM-LR","HIRHAM5",2008,"E Midlands",1,0,0,0,"MPI-M-MPI-ESM-LR_HIRHAM5","MPI-M-MPI-ESM-LR.05"
"4878","MPI-M-MPI-ESM-LR","HIRHAM5",2009,"E Midlands",1,0.682242990654206,3.9041095890411,31.6359781054057,"MPI-M-MPI-ESM-LR_HIRHAM5","MPI-M-MPI-ESM-LR.05"
"4879","MPI-M-MPI-ESM-LR","HIRHAM5",2010,"E Midlands",1,0,0,0,"MPI-M-MPI-ESM-LR_HIRHAM5","MPI-M-MPI-ESM-LR.05"
"4880","MPI-M-MPI-ESM-LR","HIRHAM5",2011,"E Midlands",1,0,0,0,"MPI-M-MPI-ESM-LR_HIRHAM5","MPI-M-MPI-ESM-LR.05"
"4881","MPI-M-MPI-ESM-LR","HIRHAM5",2012,"E Midlands",1,0,0,0,"MPI-M-MPI-ESM-LR_HIRHAM5","MPI-M-MPI-ESM-LR.05"
"4882","MPI-M-MPI-ESM-LR","HIRHAM5",2013,"E Midlands",1,0,0,0,"MPI-M-MPI-ESM-LR_HIRHAM5","MPI-M-MPI-ESM-LR.05"
"4883","MPI-M-MPI-ESM-LR","HIRHAM5",2014,"E Midlands",1,0,0,0,"MPI-M-MPI-ESM-LR_HIRHAM5","MPI-M-MPI-ESM-LR.05"
"4884","MPI-M-MPI-ESM-LR","HIRHAM5",2015,"E Midlands",1,0,0,0,"MPI-M-MPI-ESM-LR_HIRHAM5","MPI-M-MPI-ESM-LR.05"
"4885","MPI-M-MPI-ESM-LR","HIRHAM5",2016,"E Midlands",1,0,0,0,"MPI-M-MPI-ESM-LR_HIRHAM5","MPI-M-MPI-ESM-LR.05"
"4886","MPI-M-MPI-ESM-LR","HIRHAM5",2017,"E Midlands",1,0,0,0,"MPI-M-MPI-ESM-LR_HIRHAM5","MPI-M-MPI-ESM-LR.05"
"4887","MPI-M-MPI-ESM-LR","HIRHAM5",2018,"E Midlands",1,0,0,0,"MPI-M-MPI-ESM-LR_HIRHAM5","MPI-M-MPI-ESM-LR.05"
"4888","MPI-M-MPI-ESM-LR","HIRHAM5",2019,"E Midlands",1,0,0,0,"MPI-M-MPI-ESM-LR_HIRHAM5","MPI-M-MPI-ESM-LR.05"
"4889","MPI-M-MPI-ESM-LR","HIRHAM5",2020,"E Midlands",1,0,0,0,"MPI-M-MPI-ESM-LR_HIRHAM5","MPI-M-MPI-ESM-LR.05"
"4890","MPI-M-MPI-ESM-LR","HIRHAM5",2021,"E Midlands",1,0,0,0,"MPI-M-MPI-ESM-LR_HIRHAM5","MPI-M-MPI-ESM-LR.05"
"4891","MPI-M-MPI-ESM-LR","HIRHAM5",2022,"E Midlands",1,0,0,0,"MPI-M-MPI-ESM-LR_HIRHAM5","MPI-M-MPI-ESM-LR.05"
"4892","MPI-M-MPI-ESM-LR","HIRHAM5",2023,"E Midlands",1,0,0,0,"MPI-M-MPI-ESM-LR_HIRHAM5","MPI-M-MPI-ESM-LR.05"
"4893","MPI-M-MPI-ESM-LR","HIRHAM5",2024,"E Midlands",1,0,0,0,"MPI-M-MPI-ESM-LR_HIRHAM5","MPI-M-MPI-ESM-LR.05"
"4894","MPI-M-MPI-ESM-LR","HIRHAM5",2025,"E Midlands",1,0,0,0,"MPI-M-MPI-ESM-LR_HIRHAM5","MPI-M-MPI-ESM-LR.05"
"4895","MPI-M-MPI-ESM-LR","HIRHAM5",2026,"E Midlands",1,0,0,0,"MPI-M-MPI-ESM-LR_HIRHAM5","MPI-M-MPI-ESM-LR.05"
"4896","MPI-M-MPI-ESM-LR","HIRHAM5",2027,"E Midlands",1,0,0,0,"MPI-M-MPI-ESM-LR_HIRHAM5","MPI-M-MPI-ESM-LR.05"
"4897","MPI-M-MPI-ESM-LR","HIRHAM5",2028,"E Midlands",1,0,0,0,"MPI-M-MPI-ESM-LR_HIRHAM5","MPI-M-MPI-ESM-LR.05"
"4898","MPI-M-MPI-ESM-LR","HIRHAM5",2029,"E Midlands",1,0,0,0,"MPI-M-MPI-ESM-LR_HIRHAM5","MPI-M-MPI-ESM-LR.05"
"4899","MPI-M-MPI-ESM-LR","HIRHAM5",2030,"E Midlands",1,0,0,0,"MPI-M-MPI-ESM-LR_HIRHAM5","MPI-M-MPI-ESM-LR.05"
"4900","MPI-M-MPI-ESM-LR","HIRHAM5",2031,"E Midlands",1,0,0,0,"MPI-M-MPI-ESM-LR_HIRHAM5","MPI-M-MPI-ESM-LR.05"
"4901","MPI-M-MPI-ESM-LR","HIRHAM5",2032,"E Midlands",1,0,0,0,"MPI-M-MPI-ESM-LR_HIRHAM5","MPI-M-MPI-ESM-LR.05"
"4902","MPI-M-MPI-ESM-LR","HIRHAM5",2033,"E Midlands",1,0,0,0,"MPI-M-MPI-ESM-LR_HIRHAM5","MPI-M-MPI-ESM-LR.05"
"4903","MPI-M-MPI-ESM-LR","HIRHAM5",2034,"E Midlands",1,0,0,0,"MPI-M-MPI-ESM-LR_HIRHAM5","MPI-M-MPI-ESM-LR.05"
"4904","MPI-M-MPI-ESM-LR","HIRHAM5",2035,"E Midlands",1,0,0,0,"MPI-M-MPI-ESM-LR_HIRHAM5","MPI-M-MPI-ESM-LR.05"
"4905","MPI-M-MPI-ESM-LR","HIRHAM5",2036,"E Midlands",1,0,0,0,"MPI-M-MPI-ESM-LR_HIRHAM5","MPI-M-MPI-ESM-LR.05"
"4906","MPI-M-MPI-ESM-LR","HIRHAM5",2037,"E Midlands",1,0,0,0,"MPI-M-MPI-ESM-LR_HIRHAM5","MPI-M-MPI-ESM-LR.05"
"4907","MPI-M-MPI-ESM-LR","HIRHAM5",2038,"E Midlands",1,0,0,0,"MPI-M-MPI-ESM-LR_HIRHAM5","MPI-M-MPI-ESM-LR.05"
"4908","MPI-M-MPI-ESM-LR","HIRHAM5",2039,"E Midlands",1,0,0,0,"MPI-M-MPI-ESM-LR_HIRHAM5","MPI-M-MPI-ESM-LR.05"
"4909","MPI-M-MPI-ESM-LR","HIRHAM5",2040,"E Midlands",1,0,0,0,"MPI-M-MPI-ESM-LR_HIRHAM5","MPI-M-MPI-ESM-LR.05"
"4910","MPI-M-MPI-ESM-LR","HIRHAM5",2041,"E Midlands",1,0,0,0,"MPI-M-MPI-ESM-LR_HIRHAM5","MPI-M-MPI-ESM-LR.05"
"4911","MPI-M-MPI-ESM-LR","HIRHAM5",2042,"E Midlands",1,0,0,0,"MPI-M-MPI-ESM-LR_HIRHAM5","MPI-M-MPI-ESM-LR.05"
"4912","MPI-M-MPI-ESM-LR","HIRHAM5",2043,"E Midlands",1,0,0,0,"MPI-M-MPI-ESM-LR_HIRHAM5","MPI-M-MPI-ESM-LR.05"
"4913","MPI-M-MPI-ESM-LR","HIRHAM5",2044,"E Midlands",1,0,0,0,"MPI-M-MPI-ESM-LR_HIRHAM5","MPI-M-MPI-ESM-LR.05"
"4914","MPI-M-MPI-ESM-LR","HIRHAM5",2045,"E Midlands",1,0,0,0,"MPI-M-MPI-ESM-LR_HIRHAM5","MPI-M-MPI-ESM-LR.05"
"4915","MPI-M-MPI-ESM-LR","HIRHAM5",2046,"E Midlands",1,0,0,0,"MPI-M-MPI-ESM-LR_HIRHAM5","MPI-M-MPI-ESM-LR.05"
"4916","MPI-M-MPI-ESM-LR","HIRHAM5",2047,"E Midlands",1,0,0,0,"MPI-M-MPI-ESM-LR_HIRHAM5","MPI-M-MPI-ESM-LR.05"
"4917","MPI-M-MPI-ESM-LR","HIRHAM5",2048,"E Midlands",1,0,0,0,"MPI-M-MPI-ESM-LR_HIRHAM5","MPI-M-MPI-ESM-LR.05"
"4918","MPI-M-MPI-ESM-LR","HIRHAM5",2049,"E Midlands",1,0,0,0,"MPI-M-MPI-ESM-LR_HIRHAM5","MPI-M-MPI-ESM-LR.05"
"4919","MPI-M-MPI-ESM-LR","HIRHAM5",2050,"E Midlands",1,0,0,0,"MPI-M-MPI-ESM-LR_HIRHAM5","MPI-M-MPI-ESM-LR.05"
"4920","MPI-M-MPI-ESM-LR","HIRHAM5",2051,"E Midlands",1,0,0,0,"MPI-M-MPI-ESM-LR_HIRHAM5","MPI-M-MPI-ESM-LR.05"
"4921","MPI-M-MPI-ESM-LR","HIRHAM5",2052,"E Midlands",1,0,0,0,"MPI-M-MPI-ESM-LR_HIRHAM5","MPI-M-MPI-ESM-LR.05"
"4922","MPI-M-MPI-ESM-LR","HIRHAM5",2053,"E Midlands",1,0,0,0,"MPI-M-MPI-ESM-LR_HIRHAM5","MPI-M-MPI-ESM-LR.05"
"4923","MPI-M-MPI-ESM-LR","HIRHAM5",2054,"E Midlands",1,0,0,0,"MPI-M-MPI-ESM-LR_HIRHAM5","MPI-M-MPI-ESM-LR.05"
"4924","MPI-M-MPI-ESM-LR","HIRHAM5",2055,"E Midlands",1,0,0,0,"MPI-M-MPI-ESM-LR_HIRHAM5","MPI-M-MPI-ESM-LR.05"
"4925","MPI-M-MPI-ESM-LR","HIRHAM5",2056,"E Midlands",1,0,0,0,"MPI-M-MPI-ESM-LR_HIRHAM5","MPI-M-MPI-ESM-LR.05"
"4926","MPI-M-MPI-ESM-LR","HIRHAM5",2057,"E Midlands",1,0,0,0,"MPI-M-MPI-ESM-LR_HIRHAM5","MPI-M-MPI-ESM-LR.05"
"4927","MPI-M-MPI-ESM-LR","HIRHAM5",2058,"E Midlands",1,0,0,0,"MPI-M-MPI-ESM-LR_HIRHAM5","MPI-M-MPI-ESM-LR.05"
"4928","MPI-M-MPI-ESM-LR","HIRHAM5",2059,"E Midlands",1,0,0,0,"MPI-M-MPI-ESM-LR_HIRHAM5","MPI-M-MPI-ESM-LR.05"
"4929","MPI-M-MPI-ESM-LR","HIRHAM5",2060,"E Midlands",1,0,0,0,"MPI-M-MPI-ESM-LR_HIRHAM5","MPI-M-MPI-ESM-LR.05"
"4930","MPI-M-MPI-ESM-LR","HIRHAM5",2061,"E Midlands",1,0.607476635514019,3,31.5947465358636,"MPI-M-MPI-ESM-LR_HIRHAM5","MPI-M-MPI-ESM-LR.05"
"4931","MPI-M-MPI-ESM-LR","HIRHAM5",2062,"E Midlands",1,0,0,0,"MPI-M-MPI-ESM-LR_HIRHAM5","MPI-M-MPI-ESM-LR.05"
"4932","MPI-M-MPI-ESM-LR","HIRHAM5",2063,"E Midlands",1,0.953271028037383,5.14705882352941,32.5311749453638,"MPI-M-MPI-ESM-LR_HIRHAM5","MPI-M-MPI-ESM-LR.05"
"4933","MPI-M-MPI-ESM-LR","HIRHAM5",2064,"E Midlands",1,1,4.99065420560748,33.7991216530522,"MPI-M-MPI-ESM-LR_HIRHAM5","MPI-M-MPI-ESM-LR.05"
"4934","MPI-M-MPI-ESM-LR","HIRHAM5",2065,"E Midlands",1,0,0,0,"MPI-M-MPI-ESM-LR_HIRHAM5","MPI-M-MPI-ESM-LR.05"
"4935","MPI-M-MPI-ESM-LR","HIRHAM5",2066,"E Midlands",1,0,0,0,"MPI-M-MPI-ESM-LR_HIRHAM5","MPI-M-MPI-ESM-LR.05"
"4936","MPI-M-MPI-ESM-LR","HIRHAM5",2067,"E Midlands",1,0,0,0,"MPI-M-MPI-ESM-LR_HIRHAM5","MPI-M-MPI-ESM-LR.05"
"4937","MPI-M-MPI-ESM-LR","HIRHAM5",2068,"E Midlands",1,0,0,0,"MPI-M-MPI-ESM-LR_HIRHAM5","MPI-M-MPI-ESM-LR.05"
"4938","MPI-M-MPI-ESM-LR","HIRHAM5",2069,"E Midlands",1,0,0,0,"MPI-M-MPI-ESM-LR_HIRHAM5","MPI-M-MPI-ESM-LR.05"
"4939","MPI-M-MPI-ESM-LR","HIRHAM5",2070,"E Midlands",1,0,0,0,"MPI-M-MPI-ESM-LR_HIRHAM5","MPI-M-MPI-ESM-LR.05"
"4940","MPI-M-MPI-ESM-LR","HIRHAM5",2071,"E Midlands",1,0.0186915887850467,3,32.2908460299174,"MPI-M-MPI-ESM-LR_HIRHAM5","MPI-M-MPI-ESM-LR.05"
"4941","MPI-M-MPI-ESM-LR","HIRHAM5",2072,"E Midlands",1,0.906542056074766,4.88659793814433,32.1908366016506,"MPI-M-MPI-ESM-LR_HIRHAM5","MPI-M-MPI-ESM-LR.05"
"4942","MPI-M-MPI-ESM-LR","HIRHAM5",2073,"E Midlands",1,0,0,0,"MPI-M-MPI-ESM-LR_HIRHAM5","MPI-M-MPI-ESM-LR.05"
"4943","MPI-M-MPI-ESM-LR","HIRHAM5",2074,"E Midlands",1,0,0,0,"MPI-M-MPI-ESM-LR_HIRHAM5","MPI-M-MPI-ESM-LR.05"
"4944","MPI-M-MPI-ESM-LR","HIRHAM5",2075,"E Midlands",1,0.0747663551401869,3,32.2829022804896,"MPI-M-MPI-ESM-LR_HIRHAM5","MPI-M-MPI-ESM-LR.05"
"4945","MPI-M-MPI-ESM-LR","HIRHAM5",2076,"E Midlands",1,0,0,0,"MPI-M-MPI-ESM-LR_HIRHAM5","MPI-M-MPI-ESM-LR.05"
"4946","MPI-M-MPI-ESM-LR","HIRHAM5",2077,"E Midlands",1,0,0,0,"MPI-M-MPI-ESM-LR_HIRHAM5","MPI-M-MPI-ESM-LR.05"
"4947","MPI-M-MPI-ESM-LR","HIRHAM5",2078,"E Midlands",1,0,0,0,"MPI-M-MPI-ESM-LR_HIRHAM5","MPI-M-MPI-ESM-LR.05"
"4948","MPI-M-MPI-ESM-LR","HIRHAM5",2079,"E Midlands",1,0,0,0,"MPI-M-MPI-ESM-LR_HIRHAM5","MPI-M-MPI-ESM-LR.05"
"4949","MPI-M-MPI-ESM-LR","HIRHAM5",2080,"E Midlands",1,0,0,0,"MPI-M-MPI-ESM-LR_HIRHAM5","MPI-M-MPI-ESM-LR.05"
"4950","MPI-M-MPI-ESM-LR","RACMO22E",1980,"E Midlands",1,0,0,0,"MPI-M-MPI-ESM-LR_RACMO22E","MPI-M-MPI-ESM-LR.06"
"4951","MPI-M-MPI-ESM-LR","RACMO22E",1981,"E Midlands",1,0,0,0,"MPI-M-MPI-ESM-LR_RACMO22E","MPI-M-MPI-ESM-LR.06"
"4952","MPI-M-MPI-ESM-LR","RACMO22E",1982,"E Midlands",1,0,0,0,"MPI-M-MPI-ESM-LR_RACMO22E","MPI-M-MPI-ESM-LR.06"
"4953","MPI-M-MPI-ESM-LR","RACMO22E",1983,"E Midlands",1,0,0,0,"MPI-M-MPI-ESM-LR_RACMO22E","MPI-M-MPI-ESM-LR.06"
"4954","MPI-M-MPI-ESM-LR","RACMO22E",1984,"E Midlands",1,0,0,0,"MPI-M-MPI-ESM-LR_RACMO22E","MPI-M-MPI-ESM-LR.06"
"4955","MPI-M-MPI-ESM-LR","RACMO22E",1985,"E Midlands",1,0,0,0,"MPI-M-MPI-ESM-LR_RACMO22E","MPI-M-MPI-ESM-LR.06"
"4956","MPI-M-MPI-ESM-LR","RACMO22E",1986,"E Midlands",1,0,0,0,"MPI-M-MPI-ESM-LR_RACMO22E","MPI-M-MPI-ESM-LR.06"
"4957","MPI-M-MPI-ESM-LR","RACMO22E",1987,"E Midlands",1,0,0,0,"MPI-M-MPI-ESM-LR_RACMO22E","MPI-M-MPI-ESM-LR.06"
"4958","MPI-M-MPI-ESM-LR","RACMO22E",1988,"E Midlands",1,0,0,0,"MPI-M-MPI-ESM-LR_RACMO22E","MPI-M-MPI-ESM-LR.06"
"4959","MPI-M-MPI-ESM-LR","RACMO22E",1989,"E Midlands",1,0,0,0,"MPI-M-MPI-ESM-LR_RACMO22E","MPI-M-MPI-ESM-LR.06"
"4960","MPI-M-MPI-ESM-LR","RACMO22E",1990,"E Midlands",1,0,0,0,"MPI-M-MPI-ESM-LR_RACMO22E","MPI-M-MPI-ESM-LR.06"
"4961","MPI-M-MPI-ESM-LR","RACMO22E",1991,"E Midlands",1,0,0,0,"MPI-M-MPI-ESM-LR_RACMO22E","MPI-M-MPI-ESM-LR.06"
"4962","MPI-M-MPI-ESM-LR","RACMO22E",1992,"E Midlands",1,0,0,0,"MPI-M-MPI-ESM-LR_RACMO22E","MPI-M-MPI-ESM-LR.06"
"4963","MPI-M-MPI-ESM-LR","RACMO22E",1993,"E Midlands",1,0,0,0,"MPI-M-MPI-ESM-LR_RACMO22E","MPI-M-MPI-ESM-LR.06"
"4964","MPI-M-MPI-ESM-LR","RACMO22E",1994,"E Midlands",1,0,0,0,"MPI-M-MPI-ESM-LR_RACMO22E","MPI-M-MPI-ESM-LR.06"
"4965","MPI-M-MPI-ESM-LR","RACMO22E",1995,"E Midlands",1,0,0,0,"MPI-M-MPI-ESM-LR_RACMO22E","MPI-M-MPI-ESM-LR.06"
"4966","MPI-M-MPI-ESM-LR","RACMO22E",1996,"E Midlands",1,0,0,0,"MPI-M-MPI-ESM-LR_RACMO22E","MPI-M-MPI-ESM-LR.06"
"4967","MPI-M-MPI-ESM-LR","RACMO22E",1997,"E Midlands",1,0,0,0,"MPI-M-MPI-ESM-LR_RACMO22E","MPI-M-MPI-ESM-LR.06"
"4968","MPI-M-MPI-ESM-LR","RACMO22E",1998,"E Midlands",1,0,0,0,"MPI-M-MPI-ESM-LR_RACMO22E","MPI-M-MPI-ESM-LR.06"
"4969","MPI-M-MPI-ESM-LR","RACMO22E",1999,"E Midlands",1,0,0,0,"MPI-M-MPI-ESM-LR_RACMO22E","MPI-M-MPI-ESM-LR.06"
"4970","MPI-M-MPI-ESM-LR","RACMO22E",2000,"E Midlands",1,0,0,0,"MPI-M-MPI-ESM-LR_RACMO22E","MPI-M-MPI-ESM-LR.06"
"4971","MPI-M-MPI-ESM-LR","RACMO22E",2001,"E Midlands",1,0,0,0,"MPI-M-MPI-ESM-LR_RACMO22E","MPI-M-MPI-ESM-LR.06"
"4972","MPI-M-MPI-ESM-LR","RACMO22E",2002,"E Midlands",1,0,0,0,"MPI-M-MPI-ESM-LR_RACMO22E","MPI-M-MPI-ESM-LR.06"
"4973","MPI-M-MPI-ESM-LR","RACMO22E",2003,"E Midlands",1,0,0,0,"MPI-M-MPI-ESM-LR_RACMO22E","MPI-M-MPI-ESM-LR.06"
"4974","MPI-M-MPI-ESM-LR","RACMO22E",2004,"E Midlands",1,0,0,0,"MPI-M-MPI-ESM-LR_RACMO22E","MPI-M-MPI-ESM-LR.06"
"4975","MPI-M-MPI-ESM-LR","RACMO22E",2005,"E Midlands",1,0,0,0,"MPI-M-MPI-ESM-LR_RACMO22E","MPI-M-MPI-ESM-LR.06"
"4976","MPI-M-MPI-ESM-LR","RACMO22E",2006,"E Midlands",1,0,0,0,"MPI-M-MPI-ESM-LR_RACMO22E","MPI-M-MPI-ESM-LR.06"
"4977","MPI-M-MPI-ESM-LR","RACMO22E",2007,"E Midlands",1,0.233644859813084,3,32.1290249506633,"MPI-M-MPI-ESM-LR_RACMO22E","MPI-M-MPI-ESM-LR.06"
"4978","MPI-M-MPI-ESM-LR","RACMO22E",2008,"E Midlands",1,0,0,0,"MPI-M-MPI-ESM-LR_RACMO22E","MPI-M-MPI-ESM-LR.06"
"4979","MPI-M-MPI-ESM-LR","RACMO22E",2009,"E Midlands",1,0.0560747663551402,3.5,34.1528028249741,"MPI-M-MPI-ESM-LR_RACMO22E","MPI-M-MPI-ESM-LR.06"
"4980","MPI-M-MPI-ESM-LR","RACMO22E",2010,"E Midlands",1,0,0,0,"MPI-M-MPI-ESM-LR_RACMO22E","MPI-M-MPI-ESM-LR.06"
"4981","MPI-M-MPI-ESM-LR","RACMO22E",2011,"E Midlands",1,0,0,0,"MPI-M-MPI-ESM-LR_RACMO22E","MPI-M-MPI-ESM-LR.06"
"4982","MPI-M-MPI-ESM-LR","RACMO22E",2012,"E Midlands",1,0,0,0,"MPI-M-MPI-ESM-LR_RACMO22E","MPI-M-MPI-ESM-LR.06"
"4983","MPI-M-MPI-ESM-LR","RACMO22E",2013,"E Midlands",1,0,0,0,"MPI-M-MPI-ESM-LR_RACMO22E","MPI-M-MPI-ESM-LR.06"
"4984","MPI-M-MPI-ESM-LR","RACMO22E",2014,"E Midlands",1,0.0280373831775701,3,31.0758520762126,"MPI-M-MPI-ESM-LR_RACMO22E","MPI-M-MPI-ESM-LR.06"
"4985","MPI-M-MPI-ESM-LR","RACMO22E",2015,"E Midlands",1,0,0,0,"MPI-M-MPI-ESM-LR_RACMO22E","MPI-M-MPI-ESM-LR.06"
"4986","MPI-M-MPI-ESM-LR","RACMO22E",2016,"E Midlands",1,0,0,0,"MPI-M-MPI-ESM-LR_RACMO22E","MPI-M-MPI-ESM-LR.06"
"4987","MPI-M-MPI-ESM-LR","RACMO22E",2017,"E Midlands",1,0,0,0,"MPI-M-MPI-ESM-LR_RACMO22E","MPI-M-MPI-ESM-LR.06"
"4988","MPI-M-MPI-ESM-LR","RACMO22E",2018,"E Midlands",1,0,0,0,"MPI-M-MPI-ESM-LR_RACMO22E","MPI-M-MPI-ESM-LR.06"
"4989","MPI-M-MPI-ESM-LR","RACMO22E",2019,"E Midlands",1,0,0,0,"MPI-M-MPI-ESM-LR_RACMO22E","MPI-M-MPI-ESM-LR.06"
"4990","MPI-M-MPI-ESM-LR","RACMO22E",2020,"E Midlands",1,0,0,0,"MPI-M-MPI-ESM-LR_RACMO22E","MPI-M-MPI-ESM-LR.06"
"4991","MPI-M-MPI-ESM-LR","RACMO22E",2021,"E Midlands",1,0,0,0,"MPI-M-MPI-ESM-LR_RACMO22E","MPI-M-MPI-ESM-LR.06"
"4992","MPI-M-MPI-ESM-LR","RACMO22E",2022,"E Midlands",1,0,0,0,"MPI-M-MPI-ESM-LR_RACMO22E","MPI-M-MPI-ESM-LR.06"
"4993","MPI-M-MPI-ESM-LR","RACMO22E",2023,"E Midlands",1,0,0,0,"MPI-M-MPI-ESM-LR_RACMO22E","MPI-M-MPI-ESM-LR.06"
"4994","MPI-M-MPI-ESM-LR","RACMO22E",2024,"E Midlands",1,0,0,0,"MPI-M-MPI-ESM-LR_RACMO22E","MPI-M-MPI-ESM-LR.06"
"4995","MPI-M-MPI-ESM-LR","RACMO22E",2025,"E Midlands",1,0,0,0,"MPI-M-MPI-ESM-LR_RACMO22E","MPI-M-MPI-ESM-LR.06"
"4996","MPI-M-MPI-ESM-LR","RACMO22E",2026,"E Midlands",1,0,0,0,"MPI-M-MPI-ESM-LR_RACMO22E","MPI-M-MPI-ESM-LR.06"
"4997","MPI-M-MPI-ESM-LR","RACMO22E",2027,"E Midlands",1,0,0,0,"MPI-M-MPI-ESM-LR_RACMO22E","MPI-M-MPI-ESM-LR.06"
"4998","MPI-M-MPI-ESM-LR","RACMO22E",2028,"E Midlands",1,0,0,0,"MPI-M-MPI-ESM-LR_RACMO22E","MPI-M-MPI-ESM-LR.06"
"4999","MPI-M-MPI-ESM-LR","RACMO22E",2029,"E Midlands",1,0,0,0,"MPI-M-MPI-ESM-LR_RACMO22E","MPI-M-MPI-ESM-LR.06"
"5000","MPI-M-MPI-ESM-LR","RACMO22E",2030,"E Midlands",1,0,0,0,"MPI-M-MPI-ESM-LR_RACMO22E","MPI-M-MPI-ESM-LR.06"
"5001","MPI-M-MPI-ESM-LR","RACMO22E",2031,"E Midlands",1,0,0,0,"MPI-M-MPI-ESM-LR_RACMO22E","MPI-M-MPI-ESM-LR.06"
"5002","MPI-M-MPI-ESM-LR","RACMO22E",2032,"E Midlands",1,0,0,0,"MPI-M-MPI-ESM-LR_RACMO22E","MPI-M-MPI-ESM-LR.06"
"5003","MPI-M-MPI-ESM-LR","RACMO22E",2033,"E Midlands",1,0,0,0,"MPI-M-MPI-ESM-LR_RACMO22E","MPI-M-MPI-ESM-LR.06"
"5004","MPI-M-MPI-ESM-LR","RACMO22E",2034,"E Midlands",1,0,0,0,"MPI-M-MPI-ESM-LR_RACMO22E","MPI-M-MPI-ESM-LR.06"
"5005","MPI-M-MPI-ESM-LR","RACMO22E",2035,"E Midlands",1,0,0,0,"MPI-M-MPI-ESM-LR_RACMO22E","MPI-M-MPI-ESM-LR.06"
"5006","MPI-M-MPI-ESM-LR","RACMO22E",2036,"E Midlands",1,0,0,0,"MPI-M-MPI-ESM-LR_RACMO22E","MPI-M-MPI-ESM-LR.06"
"5007","MPI-M-MPI-ESM-LR","RACMO22E",2037,"E Midlands",1,0,0,0,"MPI-M-MPI-ESM-LR_RACMO22E","MPI-M-MPI-ESM-LR.06"
"5008","MPI-M-MPI-ESM-LR","RACMO22E",2038,"E Midlands",1,0,0,0,"MPI-M-MPI-ESM-LR_RACMO22E","MPI-M-MPI-ESM-LR.06"
"5009","MPI-M-MPI-ESM-LR","RACMO22E",2039,"E Midlands",1,0,0,0,"MPI-M-MPI-ESM-LR_RACMO22E","MPI-M-MPI-ESM-LR.06"
"5010","MPI-M-MPI-ESM-LR","RACMO22E",2040,"E Midlands",1,0,0,0,"MPI-M-MPI-ESM-LR_RACMO22E","MPI-M-MPI-ESM-LR.06"
"5011","MPI-M-MPI-ESM-LR","RACMO22E",2041,"E Midlands",1,0,0,0,"MPI-M-MPI-ESM-LR_RACMO22E","MPI-M-MPI-ESM-LR.06"
"5012","MPI-M-MPI-ESM-LR","RACMO22E",2042,"E Midlands",1,0,0,0,"MPI-M-MPI-ESM-LR_RACMO22E","MPI-M-MPI-ESM-LR.06"
"5013","MPI-M-MPI-ESM-LR","RACMO22E",2043,"E Midlands",1,0,0,0,"MPI-M-MPI-ESM-LR_RACMO22E","MPI-M-MPI-ESM-LR.06"
"5014","MPI-M-MPI-ESM-LR","RACMO22E",2044,"E Midlands",1,0,0,0,"MPI-M-MPI-ESM-LR_RACMO22E","MPI-M-MPI-ESM-LR.06"
"5015","MPI-M-MPI-ESM-LR","RACMO22E",2045,"E Midlands",1,0,0,0,"MPI-M-MPI-ESM-LR_RACMO22E","MPI-M-MPI-ESM-LR.06"
"5016","MPI-M-MPI-ESM-LR","RACMO22E",2046,"E Midlands",1,0,0,0,"MPI-M-MPI-ESM-LR_RACMO22E","MPI-M-MPI-ESM-LR.06"
"5017","MPI-M-MPI-ESM-LR","RACMO22E",2047,"E Midlands",1,0,0,0,"MPI-M-MPI-ESM-LR_RACMO22E","MPI-M-MPI-ESM-LR.06"
"5018","MPI-M-MPI-ESM-LR","RACMO22E",2048,"E Midlands",1,0,0,0,"MPI-M-MPI-ESM-LR_RACMO22E","MPI-M-MPI-ESM-LR.06"
"5019","MPI-M-MPI-ESM-LR","RACMO22E",2049,"E Midlands",1,0,0,0,"MPI-M-MPI-ESM-LR_RACMO22E","MPI-M-MPI-ESM-LR.06"
"5020","MPI-M-MPI-ESM-LR","RACMO22E",2050,"E Midlands",1,0,0,0,"MPI-M-MPI-ESM-LR_RACMO22E","MPI-M-MPI-ESM-LR.06"
"5021","MPI-M-MPI-ESM-LR","RACMO22E",2051,"E Midlands",1,0,0,0,"MPI-M-MPI-ESM-LR_RACMO22E","MPI-M-MPI-ESM-LR.06"
"5022","MPI-M-MPI-ESM-LR","RACMO22E",2052,"E Midlands",1,0,0,0,"MPI-M-MPI-ESM-LR_RACMO22E","MPI-M-MPI-ESM-LR.06"
"5023","MPI-M-MPI-ESM-LR","RACMO22E",2053,"E Midlands",1,0,0,0,"MPI-M-MPI-ESM-LR_RACMO22E","MPI-M-MPI-ESM-LR.06"
"5024","MPI-M-MPI-ESM-LR","RACMO22E",2054,"E Midlands",1,0,0,0,"MPI-M-MPI-ESM-LR_RACMO22E","MPI-M-MPI-ESM-LR.06"
"5025","MPI-M-MPI-ESM-LR","RACMO22E",2055,"E Midlands",1,0,0,0,"MPI-M-MPI-ESM-LR_RACMO22E","MPI-M-MPI-ESM-LR.06"
"5026","MPI-M-MPI-ESM-LR","RACMO22E",2056,"E Midlands",1,0,0,0,"MPI-M-MPI-ESM-LR_RACMO22E","MPI-M-MPI-ESM-LR.06"
"5027","MPI-M-MPI-ESM-LR","RACMO22E",2057,"E Midlands",1,0,0,0,"MPI-M-MPI-ESM-LR_RACMO22E","MPI-M-MPI-ESM-LR.06"
"5028","MPI-M-MPI-ESM-LR","RACMO22E",2058,"E Midlands",1,0,0,0,"MPI-M-MPI-ESM-LR_RACMO22E","MPI-M-MPI-ESM-LR.06"
"5029","MPI-M-MPI-ESM-LR","RACMO22E",2059,"E Midlands",1,0,0,0,"MPI-M-MPI-ESM-LR_RACMO22E","MPI-M-MPI-ESM-LR.06"
"5030","MPI-M-MPI-ESM-LR","RACMO22E",2060,"E Midlands",1,0.0560747663551402,3.5,31.4228254689111,"MPI-M-MPI-ESM-LR_RACMO22E","MPI-M-MPI-ESM-LR.06"
"5031","MPI-M-MPI-ESM-LR","RACMO22E",2061,"E Midlands",1,0.121495327102804,3.92307692307692,32.2912597106053,"MPI-M-MPI-ESM-LR_RACMO22E","MPI-M-MPI-ESM-LR.06"
"5032","MPI-M-MPI-ESM-LR","RACMO22E",2062,"E Midlands",1,0,0,0,"MPI-M-MPI-ESM-LR_RACMO22E","MPI-M-MPI-ESM-LR.06"
"5033","MPI-M-MPI-ESM-LR","RACMO22E",2063,"E Midlands",1,0.897196261682243,3.85416666666667,34.2262542727921,"MPI-M-MPI-ESM-LR_RACMO22E","MPI-M-MPI-ESM-LR.06"
"5034","MPI-M-MPI-ESM-LR","RACMO22E",2064,"E Midlands",1,1.06542056074766,6.2719298245614,35.2990636463452,"MPI-M-MPI-ESM-LR_RACMO22E","MPI-M-MPI-ESM-LR.06"
"5035","MPI-M-MPI-ESM-LR","RACMO22E",2065,"E Midlands",1,0,0,0,"MPI-M-MPI-ESM-LR_RACMO22E","MPI-M-MPI-ESM-LR.06"
"5036","MPI-M-MPI-ESM-LR","RACMO22E",2066,"E Midlands",1,0,0,0,"MPI-M-MPI-ESM-LR_RACMO22E","MPI-M-MPI-ESM-LR.06"
"5037","MPI-M-MPI-ESM-LR","RACMO22E",2067,"E Midlands",1,0,0,0,"MPI-M-MPI-ESM-LR_RACMO22E","MPI-M-MPI-ESM-LR.06"
"5038","MPI-M-MPI-ESM-LR","RACMO22E",2068,"E Midlands",1,0,0,0,"MPI-M-MPI-ESM-LR_RACMO22E","MPI-M-MPI-ESM-LR.06"
"5039","MPI-M-MPI-ESM-LR","RACMO22E",2069,"E Midlands",1,0,0,0,"MPI-M-MPI-ESM-LR_RACMO22E","MPI-M-MPI-ESM-LR.06"
"5040","MPI-M-MPI-ESM-LR","RACMO22E",2070,"E Midlands",1,0.0654205607476635,3,30.9857100986299,"MPI-M-MPI-ESM-LR_RACMO22E","MPI-M-MPI-ESM-LR.06"
"5041","MPI-M-MPI-ESM-LR","RACMO22E",2071,"E Midlands",1,0.0747663551401869,3,31.9809432029724,"MPI-M-MPI-ESM-LR_RACMO22E","MPI-M-MPI-ESM-LR.06"
"5042","MPI-M-MPI-ESM-LR","RACMO22E",2072,"E Midlands",1,0.813084112149533,4.24137931034483,34.7766245034463,"MPI-M-MPI-ESM-LR_RACMO22E","MPI-M-MPI-ESM-LR.06"
"5043","MPI-M-MPI-ESM-LR","RACMO22E",2073,"E Midlands",1,0.710280373831776,4.15789473684211,33.0747848473794,"MPI-M-MPI-ESM-LR_RACMO22E","MPI-M-MPI-ESM-LR.06"
"5044","MPI-M-MPI-ESM-LR","RACMO22E",2074,"E Midlands",1,0,0,0,"MPI-M-MPI-ESM-LR_RACMO22E","MPI-M-MPI-ESM-LR.06"
"5045","MPI-M-MPI-ESM-LR","RACMO22E",2075,"E Midlands",1,0.102803738317757,3,32.1362824584498,"MPI-M-MPI-ESM-LR_RACMO22E","MPI-M-MPI-ESM-LR.06"
"5046","MPI-M-MPI-ESM-LR","RACMO22E",2076,"E Midlands",1,0.0373831775700935,4,31.1797705888748,"MPI-M-MPI-ESM-LR_RACMO22E","MPI-M-MPI-ESM-LR.06"
"5047","MPI-M-MPI-ESM-LR","RACMO22E",2077,"E Midlands",1,0,0,0,"MPI-M-MPI-ESM-LR_RACMO22E","MPI-M-MPI-ESM-LR.06"
"5048","MPI-M-MPI-ESM-LR","RACMO22E",2078,"E Midlands",1,0,0,0,"MPI-M-MPI-ESM-LR_RACMO22E","MPI-M-MPI-ESM-LR.06"
"5049","MPI-M-MPI-ESM-LR","RACMO22E",2079,"E Midlands",1,0,0,0,"MPI-M-MPI-ESM-LR_RACMO22E","MPI-M-MPI-ESM-LR.06"
"5050","MPI-M-MPI-ESM-LR","RACMO22E",2080,"E Midlands",1,0.00934579439252336,3,31.33891137441,"MPI-M-MPI-ESM-LR_RACMO22E","MPI-M-MPI-ESM-LR.06"
"5051","MPI-M-MPI-ESM-LR","RCA4",1980,"E Midlands",1,0,0,0,"MPI-M-MPI-ESM-LR_RCA4","MPI-M-MPI-ESM-LR.07"
"5052","MPI-M-MPI-ESM-LR","RCA4",1981,"E Midlands",1,0,0,0,"MPI-M-MPI-ESM-LR_RCA4","MPI-M-MPI-ESM-LR.07"
"5053","MPI-M-MPI-ESM-LR","RCA4",1982,"E Midlands",1,0,0,0,"MPI-M-MPI-ESM-LR_RCA4","MPI-M-MPI-ESM-LR.07"
"5054","MPI-M-MPI-ESM-LR","RCA4",1983,"E Midlands",1,0,0,0,"MPI-M-MPI-ESM-LR_RCA4","MPI-M-MPI-ESM-LR.07"
"5055","MPI-M-MPI-ESM-LR","RCA4",1984,"E Midlands",1,0,0,0,"MPI-M-MPI-ESM-LR_RCA4","MPI-M-MPI-ESM-LR.07"
"5056","MPI-M-MPI-ESM-LR","RCA4",1985,"E Midlands",1,0,0,0,"MPI-M-MPI-ESM-LR_RCA4","MPI-M-MPI-ESM-LR.07"
"5057","MPI-M-MPI-ESM-LR","RCA4",1986,"E Midlands",1,0,0,0,"MPI-M-MPI-ESM-LR_RCA4","MPI-M-MPI-ESM-LR.07"
"5058","MPI-M-MPI-ESM-LR","RCA4",1987,"E Midlands",1,0,0,0,"MPI-M-MPI-ESM-LR_RCA4","MPI-M-MPI-ESM-LR.07"
"5059","MPI-M-MPI-ESM-LR","RCA4",1988,"E Midlands",1,0,0,0,"MPI-M-MPI-ESM-LR_RCA4","MPI-M-MPI-ESM-LR.07"
"5060","MPI-M-MPI-ESM-LR","RCA4",1989,"E Midlands",1,0,0,0,"MPI-M-MPI-ESM-LR_RCA4","MPI-M-MPI-ESM-LR.07"
"5061","MPI-M-MPI-ESM-LR","RCA4",1990,"E Midlands",1,0,0,0,"MPI-M-MPI-ESM-LR_RCA4","MPI-M-MPI-ESM-LR.07"
"5062","MPI-M-MPI-ESM-LR","RCA4",1991,"E Midlands",1,0,0,0,"MPI-M-MPI-ESM-LR_RCA4","MPI-M-MPI-ESM-LR.07"
"5063","MPI-M-MPI-ESM-LR","RCA4",1992,"E Midlands",1,0,0,0,"MPI-M-MPI-ESM-LR_RCA4","MPI-M-MPI-ESM-LR.07"
"5064","MPI-M-MPI-ESM-LR","RCA4",1993,"E Midlands",1,0,0,0,"MPI-M-MPI-ESM-LR_RCA4","MPI-M-MPI-ESM-LR.07"
"5065","MPI-M-MPI-ESM-LR","RCA4",1994,"E Midlands",1,0,0,0,"MPI-M-MPI-ESM-LR_RCA4","MPI-M-MPI-ESM-LR.07"
"5066","MPI-M-MPI-ESM-LR","RCA4",1995,"E Midlands",1,0,0,0,"MPI-M-MPI-ESM-LR_RCA4","MPI-M-MPI-ESM-LR.07"
"5067","MPI-M-MPI-ESM-LR","RCA4",1996,"E Midlands",1,0,0,0,"MPI-M-MPI-ESM-LR_RCA4","MPI-M-MPI-ESM-LR.07"
"5068","MPI-M-MPI-ESM-LR","RCA4",1997,"E Midlands",1,0,0,0,"MPI-M-MPI-ESM-LR_RCA4","MPI-M-MPI-ESM-LR.07"
"5069","MPI-M-MPI-ESM-LR","RCA4",1998,"E Midlands",1,0,0,0,"MPI-M-MPI-ESM-LR_RCA4","MPI-M-MPI-ESM-LR.07"
"5070","MPI-M-MPI-ESM-LR","RCA4",1999,"E Midlands",1,0,0,0,"MPI-M-MPI-ESM-LR_RCA4","MPI-M-MPI-ESM-LR.07"
"5071","MPI-M-MPI-ESM-LR","RCA4",2000,"E Midlands",1,0,0,0,"MPI-M-MPI-ESM-LR_RCA4","MPI-M-MPI-ESM-LR.07"
"5072","MPI-M-MPI-ESM-LR","RCA4",2001,"E Midlands",1,0,0,0,"MPI-M-MPI-ESM-LR_RCA4","MPI-M-MPI-ESM-LR.07"
"5073","MPI-M-MPI-ESM-LR","RCA4",2002,"E Midlands",1,0,0,0,"MPI-M-MPI-ESM-LR_RCA4","MPI-M-MPI-ESM-LR.07"
"5074","MPI-M-MPI-ESM-LR","RCA4",2003,"E Midlands",1,0,0,0,"MPI-M-MPI-ESM-LR_RCA4","MPI-M-MPI-ESM-LR.07"
"5075","MPI-M-MPI-ESM-LR","RCA4",2004,"E Midlands",1,0,0,0,"MPI-M-MPI-ESM-LR_RCA4","MPI-M-MPI-ESM-LR.07"
"5076","MPI-M-MPI-ESM-LR","RCA4",2005,"E Midlands",1,0,0,0,"MPI-M-MPI-ESM-LR_RCA4","MPI-M-MPI-ESM-LR.07"
"5077","MPI-M-MPI-ESM-LR","RCA4",2006,"E Midlands",1,0,0,0,"MPI-M-MPI-ESM-LR_RCA4","MPI-M-MPI-ESM-LR.07"
"5078","MPI-M-MPI-ESM-LR","RCA4",2007,"E Midlands",1,0,0,0,"MPI-M-MPI-ESM-LR_RCA4","MPI-M-MPI-ESM-LR.07"
"5079","MPI-M-MPI-ESM-LR","RCA4",2008,"E Midlands",1,0,0,0,"MPI-M-MPI-ESM-LR_RCA4","MPI-M-MPI-ESM-LR.07"
"5080","MPI-M-MPI-ESM-LR","RCA4",2009,"E Midlands",1,0.0560747663551402,4,33.8096298774083,"MPI-M-MPI-ESM-LR_RCA4","MPI-M-MPI-ESM-LR.07"
"5081","MPI-M-MPI-ESM-LR","RCA4",2010,"E Midlands",1,0,0,0,"MPI-M-MPI-ESM-LR_RCA4","MPI-M-MPI-ESM-LR.07"
"5082","MPI-M-MPI-ESM-LR","RCA4",2011,"E Midlands",1,0,0,0,"MPI-M-MPI-ESM-LR_RCA4","MPI-M-MPI-ESM-LR.07"
"5083","MPI-M-MPI-ESM-LR","RCA4",2012,"E Midlands",1,0,0,0,"MPI-M-MPI-ESM-LR_RCA4","MPI-M-MPI-ESM-LR.07"
"5084","MPI-M-MPI-ESM-LR","RCA4",2013,"E Midlands",1,0,0,0,"MPI-M-MPI-ESM-LR_RCA4","MPI-M-MPI-ESM-LR.07"
"5085","MPI-M-MPI-ESM-LR","RCA4",2014,"E Midlands",1,0,0,0,"MPI-M-MPI-ESM-LR_RCA4","MPI-M-MPI-ESM-LR.07"
"5086","MPI-M-MPI-ESM-LR","RCA4",2015,"E Midlands",1,0,0,0,"MPI-M-MPI-ESM-LR_RCA4","MPI-M-MPI-ESM-LR.07"
"5087","MPI-M-MPI-ESM-LR","RCA4",2016,"E Midlands",1,0,0,0,"MPI-M-MPI-ESM-LR_RCA4","MPI-M-MPI-ESM-LR.07"
"5088","MPI-M-MPI-ESM-LR","RCA4",2017,"E Midlands",1,0,0,0,"MPI-M-MPI-ESM-LR_RCA4","MPI-M-MPI-ESM-LR.07"
"5089","MPI-M-MPI-ESM-LR","RCA4",2018,"E Midlands",1,0,0,0,"MPI-M-MPI-ESM-LR_RCA4","MPI-M-MPI-ESM-LR.07"
"5090","MPI-M-MPI-ESM-LR","RCA4",2019,"E Midlands",1,0,0,0,"MPI-M-MPI-ESM-LR_RCA4","MPI-M-MPI-ESM-LR.07"
"5091","MPI-M-MPI-ESM-LR","RCA4",2020,"E Midlands",1,0,0,0,"MPI-M-MPI-ESM-LR_RCA4","MPI-M-MPI-ESM-LR.07"
"5092","MPI-M-MPI-ESM-LR","RCA4",2021,"E Midlands",1,0,0,0,"MPI-M-MPI-ESM-LR_RCA4","MPI-M-MPI-ESM-LR.07"
"5093","MPI-M-MPI-ESM-LR","RCA4",2022,"E Midlands",1,0,0,0,"MPI-M-MPI-ESM-LR_RCA4","MPI-M-MPI-ESM-LR.07"
"5094","MPI-M-MPI-ESM-LR","RCA4",2023,"E Midlands",1,0,0,0,"MPI-M-MPI-ESM-LR_RCA4","MPI-M-MPI-ESM-LR.07"
"5095","MPI-M-MPI-ESM-LR","RCA4",2024,"E Midlands",1,0,0,0,"MPI-M-MPI-ESM-LR_RCA4","MPI-M-MPI-ESM-LR.07"
"5096","MPI-M-MPI-ESM-LR","RCA4",2025,"E Midlands",1,0,0,0,"MPI-M-MPI-ESM-LR_RCA4","MPI-M-MPI-ESM-LR.07"
"5097","MPI-M-MPI-ESM-LR","RCA4",2026,"E Midlands",1,0,0,0,"MPI-M-MPI-ESM-LR_RCA4","MPI-M-MPI-ESM-LR.07"
"5098","MPI-M-MPI-ESM-LR","RCA4",2027,"E Midlands",1,0,0,0,"MPI-M-MPI-ESM-LR_RCA4","MPI-M-MPI-ESM-LR.07"
"5099","MPI-M-MPI-ESM-LR","RCA4",2028,"E Midlands",1,0,0,0,"MPI-M-MPI-ESM-LR_RCA4","MPI-M-MPI-ESM-LR.07"
"5100","MPI-M-MPI-ESM-LR","RCA4",2029,"E Midlands",1,0,0,0,"MPI-M-MPI-ESM-LR_RCA4","MPI-M-MPI-ESM-LR.07"
"5101","MPI-M-MPI-ESM-LR","RCA4",2030,"E Midlands",1,0,0,0,"MPI-M-MPI-ESM-LR_RCA4","MPI-M-MPI-ESM-LR.07"
"5102","MPI-M-MPI-ESM-LR","RCA4",2031,"E Midlands",1,0,0,0,"MPI-M-MPI-ESM-LR_RCA4","MPI-M-MPI-ESM-LR.07"
"5103","MPI-M-MPI-ESM-LR","RCA4",2032,"E Midlands",1,0,0,0,"MPI-M-MPI-ESM-LR_RCA4","MPI-M-MPI-ESM-LR.07"
"5104","MPI-M-MPI-ESM-LR","RCA4",2033,"E Midlands",1,0,0,0,"MPI-M-MPI-ESM-LR_RCA4","MPI-M-MPI-ESM-LR.07"
"5105","MPI-M-MPI-ESM-LR","RCA4",2034,"E Midlands",1,0,0,0,"MPI-M-MPI-ESM-LR_RCA4","MPI-M-MPI-ESM-LR.07"
"5106","MPI-M-MPI-ESM-LR","RCA4",2035,"E Midlands",1,0,0,0,"MPI-M-MPI-ESM-LR_RCA4","MPI-M-MPI-ESM-LR.07"
"5107","MPI-M-MPI-ESM-LR","RCA4",2036,"E Midlands",1,0,0,0,"MPI-M-MPI-ESM-LR_RCA4","MPI-M-MPI-ESM-LR.07"
"5108","MPI-M-MPI-ESM-LR","RCA4",2037,"E Midlands",1,0,0,0,"MPI-M-MPI-ESM-LR_RCA4","MPI-M-MPI-ESM-LR.07"
"5109","MPI-M-MPI-ESM-LR","RCA4",2038,"E Midlands",1,0,0,0,"MPI-M-MPI-ESM-LR_RCA4","MPI-M-MPI-ESM-LR.07"
"5110","MPI-M-MPI-ESM-LR","RCA4",2039,"E Midlands",1,0,0,0,"MPI-M-MPI-ESM-LR_RCA4","MPI-M-MPI-ESM-LR.07"
"5111","MPI-M-MPI-ESM-LR","RCA4",2040,"E Midlands",1,0,0,0,"MPI-M-MPI-ESM-LR_RCA4","MPI-M-MPI-ESM-LR.07"
"5112","MPI-M-MPI-ESM-LR","RCA4",2041,"E Midlands",1,0,0,0,"MPI-M-MPI-ESM-LR_RCA4","MPI-M-MPI-ESM-LR.07"
"5113","MPI-M-MPI-ESM-LR","RCA4",2042,"E Midlands",1,0.205607476635514,3.36363636363636,34.444359573451,"MPI-M-MPI-ESM-LR_RCA4","MPI-M-MPI-ESM-LR.07"
"5114","MPI-M-MPI-ESM-LR","RCA4",2043,"E Midlands",1,0,0,0,"MPI-M-MPI-ESM-LR_RCA4","MPI-M-MPI-ESM-LR.07"
"5115","MPI-M-MPI-ESM-LR","RCA4",2044,"E Midlands",1,0,0,0,"MPI-M-MPI-ESM-LR_RCA4","MPI-M-MPI-ESM-LR.07"
"5116","MPI-M-MPI-ESM-LR","RCA4",2045,"E Midlands",1,0,0,0,"MPI-M-MPI-ESM-LR_RCA4","MPI-M-MPI-ESM-LR.07"
"5117","MPI-M-MPI-ESM-LR","RCA4",2046,"E Midlands",1,0,0,0,"MPI-M-MPI-ESM-LR_RCA4","MPI-M-MPI-ESM-LR.07"
"5118","MPI-M-MPI-ESM-LR","RCA4",2047,"E Midlands",1,0,0,0,"MPI-M-MPI-ESM-LR_RCA4","MPI-M-MPI-ESM-LR.07"
"5119","MPI-M-MPI-ESM-LR","RCA4",2048,"E Midlands",1,0,0,0,"MPI-M-MPI-ESM-LR_RCA4","MPI-M-MPI-ESM-LR.07"
"5120","MPI-M-MPI-ESM-LR","RCA4",2049,"E Midlands",1,0,0,0,"MPI-M-MPI-ESM-LR_RCA4","MPI-M-MPI-ESM-LR.07"
"5121","MPI-M-MPI-ESM-LR","RCA4",2050,"E Midlands",1,0,0,0,"MPI-M-MPI-ESM-LR_RCA4","MPI-M-MPI-ESM-LR.07"
"5122","MPI-M-MPI-ESM-LR","RCA4",2051,"E Midlands",1,0,0,0,"MPI-M-MPI-ESM-LR_RCA4","MPI-M-MPI-ESM-LR.07"
"5123","MPI-M-MPI-ESM-LR","RCA4",2052,"E Midlands",1,0,0,0,"MPI-M-MPI-ESM-LR_RCA4","MPI-M-MPI-ESM-LR.07"
"5124","MPI-M-MPI-ESM-LR","RCA4",2053,"E Midlands",1,0.00934579439252336,3,31.2125253677368,"MPI-M-MPI-ESM-LR_RCA4","MPI-M-MPI-ESM-LR.07"
"5125","MPI-M-MPI-ESM-LR","RCA4",2054,"E Midlands",1,0.579439252336449,3.91935483870968,32.878382652293,"MPI-M-MPI-ESM-LR_RCA4","MPI-M-MPI-ESM-LR.07"
"5126","MPI-M-MPI-ESM-LR","RCA4",2055,"E Midlands",1,0,0,0,"MPI-M-MPI-ESM-LR_RCA4","MPI-M-MPI-ESM-LR.07"
"5127","MPI-M-MPI-ESM-LR","RCA4",2056,"E Midlands",1,0,0,0,"MPI-M-MPI-ESM-LR_RCA4","MPI-M-MPI-ESM-LR.07"
"5128","MPI-M-MPI-ESM-LR","RCA4",2057,"E Midlands",1,0,0,0,"MPI-M-MPI-ESM-LR_RCA4","MPI-M-MPI-ESM-LR.07"
"5129","MPI-M-MPI-ESM-LR","RCA4",2058,"E Midlands",1,0,0,0,"MPI-M-MPI-ESM-LR_RCA4","MPI-M-MPI-ESM-LR.07"
"5130","MPI-M-MPI-ESM-LR","RCA4",2059,"E Midlands",1,0.672897196261682,3.01388888888889,34.6033526294761,"MPI-M-MPI-ESM-LR_RCA4","MPI-M-MPI-ESM-LR.07"
"5131","MPI-M-MPI-ESM-LR","RCA4",2060,"E Midlands",1,0,0,0,"MPI-M-MPI-ESM-LR_RCA4","MPI-M-MPI-ESM-LR.07"
"5132","MPI-M-MPI-ESM-LR","RCA4",2061,"E Midlands",1,0.308411214953271,4.21212121212121,33.0250646331094,"MPI-M-MPI-ESM-LR_RCA4","MPI-M-MPI-ESM-LR.07"
"5133","MPI-M-MPI-ESM-LR","RCA4",2062,"E Midlands",1,0,0,0,"MPI-M-MPI-ESM-LR_RCA4","MPI-M-MPI-ESM-LR.07"
"5134","MPI-M-MPI-ESM-LR","RCA4",2063,"E Midlands",1,0.0747663551401869,3,33.0872436761856,"MPI-M-MPI-ESM-LR_RCA4","MPI-M-MPI-ESM-LR.07"
"5135","MPI-M-MPI-ESM-LR","RCA4",2064,"E Midlands",1,2.01869158878505,3.33333333333333,32.5144275214937,"MPI-M-MPI-ESM-LR_RCA4","MPI-M-MPI-ESM-LR.07"
"5136","MPI-M-MPI-ESM-LR","RCA4",2065,"E Midlands",1,0,0,0,"MPI-M-MPI-ESM-LR_RCA4","MPI-M-MPI-ESM-LR.07"
"5137","MPI-M-MPI-ESM-LR","RCA4",2066,"E Midlands",1,0,0,0,"MPI-M-MPI-ESM-LR_RCA4","MPI-M-MPI-ESM-LR.07"
"5138","MPI-M-MPI-ESM-LR","RCA4",2067,"E Midlands",1,0,0,0,"MPI-M-MPI-ESM-LR_RCA4","MPI-M-MPI-ESM-LR.07"
"5139","MPI-M-MPI-ESM-LR","RCA4",2068,"E Midlands",1,0,0,0,"MPI-M-MPI-ESM-LR_RCA4","MPI-M-MPI-ESM-LR.07"
"5140","MPI-M-MPI-ESM-LR","RCA4",2069,"E Midlands",1,0,0,0,"MPI-M-MPI-ESM-LR_RCA4","MPI-M-MPI-ESM-LR.07"
"5141","MPI-M-MPI-ESM-LR","RCA4",2070,"E Midlands",1,0,0,0,"MPI-M-MPI-ESM-LR_RCA4","MPI-M-MPI-ESM-LR.07"
"5142","MPI-M-MPI-ESM-LR","RCA4",2071,"E Midlands",1,0.0186915887850467,5.5,33.2842228571574,"MPI-M-MPI-ESM-LR_RCA4","MPI-M-MPI-ESM-LR.07"
"5143","MPI-M-MPI-ESM-LR","RCA4",2072,"E Midlands",1,0.822429906542056,3,33.4352903835701,"MPI-M-MPI-ESM-LR_RCA4","MPI-M-MPI-ESM-LR.07"
"5144","MPI-M-MPI-ESM-LR","RCA4",2073,"E Midlands",1,0.0747663551401869,3,31.7655929327011,"MPI-M-MPI-ESM-LR_RCA4","MPI-M-MPI-ESM-LR.07"
"5145","MPI-M-MPI-ESM-LR","RCA4",2074,"E Midlands",1,0,0,0,"MPI-M-MPI-ESM-LR_RCA4","MPI-M-MPI-ESM-LR.07"
"5146","MPI-M-MPI-ESM-LR","RCA4",2075,"E Midlands",1,0.00934579439252336,3,33.3821249008179,"MPI-M-MPI-ESM-LR_RCA4","MPI-M-MPI-ESM-LR.07"
"5147","MPI-M-MPI-ESM-LR","RCA4",2076,"E Midlands",1,0,0,0,"MPI-M-MPI-ESM-LR_RCA4","MPI-M-MPI-ESM-LR.07"
"5148","MPI-M-MPI-ESM-LR","RCA4",2077,"E Midlands",1,0,0,0,"MPI-M-MPI-ESM-LR_RCA4","MPI-M-MPI-ESM-LR.07"
"5149","MPI-M-MPI-ESM-LR","RCA4",2078,"E Midlands",1,0,0,0,"MPI-M-MPI-ESM-LR_RCA4","MPI-M-MPI-ESM-LR.07"
"5150","MPI-M-MPI-ESM-LR","RCA4",2079,"E Midlands",1,0,0,0,"MPI-M-MPI-ESM-LR_RCA4","MPI-M-MPI-ESM-LR.07"
"5151","MPI-M-MPI-ESM-LR","RCA4",2080,"E Midlands",1,0.168224299065421,3,34.9898728617915,"MPI-M-MPI-ESM-LR_RCA4","MPI-M-MPI-ESM-LR.07"
"5152","MPI-M-MPI-ESM-LR","RCA4",1980,"E Midlands",1,0,0,0,"MPI-M-MPI-ESM-LR_RCA4","MPI-M-MPI-ESM-LR.07"
"5153","MPI-M-MPI-ESM-LR","RCA4",1981,"E Midlands",1,0,0,0,"MPI-M-MPI-ESM-LR_RCA4","MPI-M-MPI-ESM-LR.07"
"5154","MPI-M-MPI-ESM-LR","RCA4",1982,"E Midlands",1,0,0,0,"MPI-M-MPI-ESM-LR_RCA4","MPI-M-MPI-ESM-LR.07"
"5155","MPI-M-MPI-ESM-LR","RCA4",1983,"E Midlands",1,0,0,0,"MPI-M-MPI-ESM-LR_RCA4","MPI-M-MPI-ESM-LR.07"
"5156","MPI-M-MPI-ESM-LR","RCA4",1984,"E Midlands",1,0,0,0,"MPI-M-MPI-ESM-LR_RCA4","MPI-M-MPI-ESM-LR.07"
"5157","MPI-M-MPI-ESM-LR","RCA4",1985,"E Midlands",1,0,0,0,"MPI-M-MPI-ESM-LR_RCA4","MPI-M-MPI-ESM-LR.07"
"5158","MPI-M-MPI-ESM-LR","RCA4",1986,"E Midlands",1,0,0,0,"MPI-M-MPI-ESM-LR_RCA4","MPI-M-MPI-ESM-LR.07"
"5159","MPI-M-MPI-ESM-LR","RCA4",1987,"E Midlands",1,0,0,0,"MPI-M-MPI-ESM-LR_RCA4","MPI-M-MPI-ESM-LR.07"
"5160","MPI-M-MPI-ESM-LR","RCA4",1988,"E Midlands",1,0,0,0,"MPI-M-MPI-ESM-LR_RCA4","MPI-M-MPI-ESM-LR.07"
"5161","MPI-M-MPI-ESM-LR","RCA4",1989,"E Midlands",1,0,0,0,"MPI-M-MPI-ESM-LR_RCA4","MPI-M-MPI-ESM-LR.07"
"5162","MPI-M-MPI-ESM-LR","RCA4",1990,"E Midlands",1,0,0,0,"MPI-M-MPI-ESM-LR_RCA4","MPI-M-MPI-ESM-LR.07"
"5163","MPI-M-MPI-ESM-LR","RCA4",1991,"E Midlands",1,0,0,0,"MPI-M-MPI-ESM-LR_RCA4","MPI-M-MPI-ESM-LR.07"
"5164","MPI-M-MPI-ESM-LR","RCA4",1992,"E Midlands",1,0,0,0,"MPI-M-MPI-ESM-LR_RCA4","MPI-M-MPI-ESM-LR.07"
"5165","MPI-M-MPI-ESM-LR","RCA4",1993,"E Midlands",1,0,0,0,"MPI-M-MPI-ESM-LR_RCA4","MPI-M-MPI-ESM-LR.07"
"5166","MPI-M-MPI-ESM-LR","RCA4",1994,"E Midlands",1,0,0,0,"MPI-M-MPI-ESM-LR_RCA4","MPI-M-MPI-ESM-LR.07"
"5167","MPI-M-MPI-ESM-LR","RCA4",1995,"E Midlands",1,0,0,0,"MPI-M-MPI-ESM-LR_RCA4","MPI-M-MPI-ESM-LR.07"
"5168","MPI-M-MPI-ESM-LR","RCA4",1996,"E Midlands",1,0,0,0,"MPI-M-MPI-ESM-LR_RCA4","MPI-M-MPI-ESM-LR.07"
"5169","MPI-M-MPI-ESM-LR","RCA4",1997,"E Midlands",1,0,0,0,"MPI-M-MPI-ESM-LR_RCA4","MPI-M-MPI-ESM-LR.07"
"5170","MPI-M-MPI-ESM-LR","RCA4",1998,"E Midlands",1,0,0,0,"MPI-M-MPI-ESM-LR_RCA4","MPI-M-MPI-ESM-LR.07"
"5171","MPI-M-MPI-ESM-LR","RCA4",1999,"E Midlands",1,0,0,0,"MPI-M-MPI-ESM-LR_RCA4","MPI-M-MPI-ESM-LR.07"
"5172","MPI-M-MPI-ESM-LR","RCA4",2000,"E Midlands",1,0,0,0,"MPI-M-MPI-ESM-LR_RCA4","MPI-M-MPI-ESM-LR.07"
"5173","MPI-M-MPI-ESM-LR","RCA4",2001,"E Midlands",1,0,0,0,"MPI-M-MPI-ESM-LR_RCA4","MPI-M-MPI-ESM-LR.07"
"5174","MPI-M-MPI-ESM-LR","RCA4",2002,"E Midlands",1,0,0,0,"MPI-M-MPI-ESM-LR_RCA4","MPI-M-MPI-ESM-LR.07"
"5175","MPI-M-MPI-ESM-LR","RCA4",2003,"E Midlands",1,0.205607476635514,3,31.945867393956,"MPI-M-MPI-ESM-LR_RCA4","MPI-M-MPI-ESM-LR.07"
"5176","MPI-M-MPI-ESM-LR","RCA4",2004,"E Midlands",1,0,0,0,"MPI-M-MPI-ESM-LR_RCA4","MPI-M-MPI-ESM-LR.07"
"5177","MPI-M-MPI-ESM-LR","RCA4",2005,"E Midlands",1,0,0,0,"MPI-M-MPI-ESM-LR_RCA4","MPI-M-MPI-ESM-LR.07"
"5178","MPI-M-MPI-ESM-LR","RCA4",2006,"E Midlands",1,0,0,0,"MPI-M-MPI-ESM-LR_RCA4","MPI-M-MPI-ESM-LR.07"
"5179","MPI-M-MPI-ESM-LR","RCA4",2007,"E Midlands",1,0,0,0,"MPI-M-MPI-ESM-LR_RCA4","MPI-M-MPI-ESM-LR.07"
"5180","MPI-M-MPI-ESM-LR","RCA4",2008,"E Midlands",1,0,0,0,"MPI-M-MPI-ESM-LR_RCA4","MPI-M-MPI-ESM-LR.07"
"5181","MPI-M-MPI-ESM-LR","RCA4",2009,"E Midlands",1,0,0,0,"MPI-M-MPI-ESM-LR_RCA4","MPI-M-MPI-ESM-LR.07"
"5182","MPI-M-MPI-ESM-LR","RCA4",2010,"E Midlands",1,0,0,0,"MPI-M-MPI-ESM-LR_RCA4","MPI-M-MPI-ESM-LR.07"
"5183","MPI-M-MPI-ESM-LR","RCA4",2011,"E Midlands",1,0,0,0,"MPI-M-MPI-ESM-LR_RCA4","MPI-M-MPI-ESM-LR.07"
"5184","MPI-M-MPI-ESM-LR","RCA4",2012,"E Midlands",1,0,0,0,"MPI-M-MPI-ESM-LR_RCA4","MPI-M-MPI-ESM-LR.07"
"5185","MPI-M-MPI-ESM-LR","RCA4",2013,"E Midlands",1,0,0,0,"MPI-M-MPI-ESM-LR_RCA4","MPI-M-MPI-ESM-LR.07"
"5186","MPI-M-MPI-ESM-LR","RCA4",2014,"E Midlands",1,0,0,0,"MPI-M-MPI-ESM-LR_RCA4","MPI-M-MPI-ESM-LR.07"
"5187","MPI-M-MPI-ESM-LR","RCA4",2015,"E Midlands",1,0,0,0,"MPI-M-MPI-ESM-LR_RCA4","MPI-M-MPI-ESM-LR.07"
"5188","MPI-M-MPI-ESM-LR","RCA4",2016,"E Midlands",1,0,0,0,"MPI-M-MPI-ESM-LR_RCA4","MPI-M-MPI-ESM-LR.07"
"5189","MPI-M-MPI-ESM-LR","RCA4",2017,"E Midlands",1,0,0,0,"MPI-M-MPI-ESM-LR_RCA4","MPI-M-MPI-ESM-LR.07"
"5190","MPI-M-MPI-ESM-LR","RCA4",2018,"E Midlands",1,0,0,0,"MPI-M-MPI-ESM-LR_RCA4","MPI-M-MPI-ESM-LR.07"
"5191","MPI-M-MPI-ESM-LR","RCA4",2019,"E Midlands",1,0,0,0,"MPI-M-MPI-ESM-LR_RCA4","MPI-M-MPI-ESM-LR.07"
"5192","MPI-M-MPI-ESM-LR","RCA4",2020,"E Midlands",1,0,0,0,"MPI-M-MPI-ESM-LR_RCA4","MPI-M-MPI-ESM-LR.07"
"5193","MPI-M-MPI-ESM-LR","RCA4",2021,"E Midlands",1,0,0,0,"MPI-M-MPI-ESM-LR_RCA4","MPI-M-MPI-ESM-LR.07"
"5194","MPI-M-MPI-ESM-LR","RCA4",2022,"E Midlands",1,0,0,0,"MPI-M-MPI-ESM-LR_RCA4","MPI-M-MPI-ESM-LR.07"
"5195","MPI-M-MPI-ESM-LR","RCA4",2023,"E Midlands",1,0,0,0,"MPI-M-MPI-ESM-LR_RCA4","MPI-M-MPI-ESM-LR.07"
"5196","MPI-M-MPI-ESM-LR","RCA4",2024,"E Midlands",1,0,0,0,"MPI-M-MPI-ESM-LR_RCA4","MPI-M-MPI-ESM-LR.07"
"5197","MPI-M-MPI-ESM-LR","RCA4",2025,"E Midlands",1,0,0,0,"MPI-M-MPI-ESM-LR_RCA4","MPI-M-MPI-ESM-LR.07"
"5198","MPI-M-MPI-ESM-LR","RCA4",2026,"E Midlands",1,0,0,0,"MPI-M-MPI-ESM-LR_RCA4","MPI-M-MPI-ESM-LR.07"
"5199","MPI-M-MPI-ESM-LR","RCA4",2027,"E Midlands",1,0,0,0,"MPI-M-MPI-ESM-LR_RCA4","MPI-M-MPI-ESM-LR.07"
"5200","MPI-M-MPI-ESM-LR","RCA4",2028,"E Midlands",1,0,0,0,"MPI-M-MPI-ESM-LR_RCA4","MPI-M-MPI-ESM-LR.07"
"5201","MPI-M-MPI-ESM-LR","RCA4",2029,"E Midlands",1,0,0,0,"MPI-M-MPI-ESM-LR_RCA4","MPI-M-MPI-ESM-LR.07"
"5202","MPI-M-MPI-ESM-LR","RCA4",2030,"E Midlands",1,0,0,0,"MPI-M-MPI-ESM-LR_RCA4","MPI-M-MPI-ESM-LR.07"
"5203","MPI-M-MPI-ESM-LR","RCA4",2031,"E Midlands",1,0,0,0,"MPI-M-MPI-ESM-LR_RCA4","MPI-M-MPI-ESM-LR.07"
"5204","MPI-M-MPI-ESM-LR","RCA4",2032,"E Midlands",1,0,0,0,"MPI-M-MPI-ESM-LR_RCA4","MPI-M-MPI-ESM-LR.07"
"5205","MPI-M-MPI-ESM-LR","RCA4",2033,"E Midlands",1,0,0,0,"MPI-M-MPI-ESM-LR_RCA4","MPI-M-MPI-ESM-LR.07"
"5206","MPI-M-MPI-ESM-LR","RCA4",2034,"E Midlands",1,0,0,0,"MPI-M-MPI-ESM-LR_RCA4","MPI-M-MPI-ESM-LR.07"
"5207","MPI-M-MPI-ESM-LR","RCA4",2035,"E Midlands",1,0,0,0,"MPI-M-MPI-ESM-LR_RCA4","MPI-M-MPI-ESM-LR.07"
"5208","MPI-M-MPI-ESM-LR","RCA4",2036,"E Midlands",1,0,0,0,"MPI-M-MPI-ESM-LR_RCA4","MPI-M-MPI-ESM-LR.07"
"5209","MPI-M-MPI-ESM-LR","RCA4",2037,"E Midlands",1,0,0,0,"MPI-M-MPI-ESM-LR_RCA4","MPI-M-MPI-ESM-LR.07"
"5210","MPI-M-MPI-ESM-LR","RCA4",2038,"E Midlands",1,0,0,0,"MPI-M-MPI-ESM-LR_RCA4","MPI-M-MPI-ESM-LR.07"
"5211","MPI-M-MPI-ESM-LR","RCA4",2039,"E Midlands",1,0,0,0,"MPI-M-MPI-ESM-LR_RCA4","MPI-M-MPI-ESM-LR.07"
"5212","MPI-M-MPI-ESM-LR","RCA4",2040,"E Midlands",1,0.0747663551401869,3,31.0034852425257,"MPI-M-MPI-ESM-LR_RCA4","MPI-M-MPI-ESM-LR.07"
"5213","MPI-M-MPI-ESM-LR","RCA4",2041,"E Midlands",1,0,0,0,"MPI-M-MPI-ESM-LR_RCA4","MPI-M-MPI-ESM-LR.07"
"5214","MPI-M-MPI-ESM-LR","RCA4",2042,"E Midlands",1,0,0,0,"MPI-M-MPI-ESM-LR_RCA4","MPI-M-MPI-ESM-LR.07"
"5215","MPI-M-MPI-ESM-LR","RCA4",2043,"E Midlands",1,0,0,0,"MPI-M-MPI-ESM-LR_RCA4","MPI-M-MPI-ESM-LR.07"
"5216","MPI-M-MPI-ESM-LR","RCA4",2044,"E Midlands",1,0,0,0,"MPI-M-MPI-ESM-LR_RCA4","MPI-M-MPI-ESM-LR.07"
"5217","MPI-M-MPI-ESM-LR","RCA4",2045,"E Midlands",1,1.26168224299065,4.5037037037037,35.4168285895528,"MPI-M-MPI-ESM-LR_RCA4","MPI-M-MPI-ESM-LR.07"
"5218","MPI-M-MPI-ESM-LR","RCA4",2046,"E Midlands",1,0,0,0,"MPI-M-MPI-ESM-LR_RCA4","MPI-M-MPI-ESM-LR.07"
"5219","MPI-M-MPI-ESM-LR","RCA4",2047,"E Midlands",1,0,0,0,"MPI-M-MPI-ESM-LR_RCA4","MPI-M-MPI-ESM-LR.07"
"5220","MPI-M-MPI-ESM-LR","RCA4",2048,"E Midlands",1,0,0,0,"MPI-M-MPI-ESM-LR_RCA4","MPI-M-MPI-ESM-LR.07"
"5221","MPI-M-MPI-ESM-LR","RCA4",2049,"E Midlands",1,0,0,0,"MPI-M-MPI-ESM-LR_RCA4","MPI-M-MPI-ESM-LR.07"
"5222","MPI-M-MPI-ESM-LR","RCA4",2050,"E Midlands",1,0,0,0,"MPI-M-MPI-ESM-LR_RCA4","MPI-M-MPI-ESM-LR.07"
"5223","MPI-M-MPI-ESM-LR","RCA4",2051,"E Midlands",1,0,0,0,"MPI-M-MPI-ESM-LR_RCA4","MPI-M-MPI-ESM-LR.07"
"5224","MPI-M-MPI-ESM-LR","RCA4",2052,"E Midlands",1,0,0,0,"MPI-M-MPI-ESM-LR_RCA4","MPI-M-MPI-ESM-LR.07"
"5225","MPI-M-MPI-ESM-LR","RCA4",2053,"E Midlands",1,0,0,0,"MPI-M-MPI-ESM-LR_RCA4","MPI-M-MPI-ESM-LR.07"
"5226","MPI-M-MPI-ESM-LR","RCA4",2054,"E Midlands",1,0,0,0,"MPI-M-MPI-ESM-LR_RCA4","MPI-M-MPI-ESM-LR.07"
"5227","MPI-M-MPI-ESM-LR","RCA4",2055,"E Midlands",1,0,0,0,"MPI-M-MPI-ESM-LR_RCA4","MPI-M-MPI-ESM-LR.07"
"5228","MPI-M-MPI-ESM-LR","RCA4",2056,"E Midlands",1,0.728971962616822,3,32.796615017785,"MPI-M-MPI-ESM-LR_RCA4","MPI-M-MPI-ESM-LR.07"
"5229","MPI-M-MPI-ESM-LR","RCA4",2057,"E Midlands",1,0,0,0,"MPI-M-MPI-ESM-LR_RCA4","MPI-M-MPI-ESM-LR.07"
"5230","MPI-M-MPI-ESM-LR","RCA4",2058,"E Midlands",1,0,0,0,"MPI-M-MPI-ESM-LR_RCA4","MPI-M-MPI-ESM-LR.07"
"5231","MPI-M-MPI-ESM-LR","RCA4",2059,"E Midlands",1,0,0,0,"MPI-M-MPI-ESM-LR_RCA4","MPI-M-MPI-ESM-LR.07"
"5232","MPI-M-MPI-ESM-LR","RCA4",2060,"E Midlands",1,0,0,0,"MPI-M-MPI-ESM-LR_RCA4","MPI-M-MPI-ESM-LR.07"
"5233","MPI-M-MPI-ESM-LR","RCA4",2061,"E Midlands",1,0,0,0,"MPI-M-MPI-ESM-LR_RCA4","MPI-M-MPI-ESM-LR.07"
"5234","MPI-M-MPI-ESM-LR","RCA4",2062,"E Midlands",1,0,0,0,"MPI-M-MPI-ESM-LR_RCA4","MPI-M-MPI-ESM-LR.07"
"5235","MPI-M-MPI-ESM-LR","RCA4",2063,"E Midlands",1,0,0,0,"MPI-M-MPI-ESM-LR_RCA4","MPI-M-MPI-ESM-LR.07"
"5236","MPI-M-MPI-ESM-LR","RCA4",2064,"E Midlands",1,0,0,0,"MPI-M-MPI-ESM-LR_RCA4","MPI-M-MPI-ESM-LR.07"
"5237","MPI-M-MPI-ESM-LR","RCA4",2065,"E Midlands",1,0,0,0,"MPI-M-MPI-ESM-LR_RCA4","MPI-M-MPI-ESM-LR.07"
"5238","MPI-M-MPI-ESM-LR","RCA4",2066,"E Midlands",1,0,0,0,"MPI-M-MPI-ESM-LR_RCA4","MPI-M-MPI-ESM-LR.07"
"5239","MPI-M-MPI-ESM-LR","RCA4",2067,"E Midlands",1,0,0,0,"MPI-M-MPI-ESM-LR_RCA4","MPI-M-MPI-ESM-LR.07"
"5240","MPI-M-MPI-ESM-LR","RCA4",2068,"E Midlands",1,0,0,0,"MPI-M-MPI-ESM-LR_RCA4","MPI-M-MPI-ESM-LR.07"
"5241","MPI-M-MPI-ESM-LR","RCA4",2069,"E Midlands",1,0,0,0,"MPI-M-MPI-ESM-LR_RCA4","MPI-M-MPI-ESM-LR.07"
"5242","MPI-M-MPI-ESM-LR","RCA4",2070,"E Midlands",1,0.168224299065421,3,34.735426125703,"MPI-M-MPI-ESM-LR_RCA4","MPI-M-MPI-ESM-LR.07"
"5243","MPI-M-MPI-ESM-LR","RCA4",2071,"E Midlands",1,0.0467289719626168,3,34.4927496592204,"MPI-M-MPI-ESM-LR_RCA4","MPI-M-MPI-ESM-LR.07"
"5244","MPI-M-MPI-ESM-LR","RCA4",2072,"E Midlands",1,0.102803738317757,3,33.9182706023707,"MPI-M-MPI-ESM-LR_RCA4","MPI-M-MPI-ESM-LR.07"
"5245","MPI-M-MPI-ESM-LR","RCA4",2073,"E Midlands",1,0,0,0,"MPI-M-MPI-ESM-LR_RCA4","MPI-M-MPI-ESM-LR.07"
"5246","MPI-M-MPI-ESM-LR","RCA4",2074,"E Midlands",1,0.626168224299065,3.88059701492537,33.3002353243567,"MPI-M-MPI-ESM-LR_RCA4","MPI-M-MPI-ESM-LR.07"
"5247","MPI-M-MPI-ESM-LR","RCA4",2075,"E Midlands",1,0,0,0,"MPI-M-MPI-ESM-LR_RCA4","MPI-M-MPI-ESM-LR.07"
"5248","MPI-M-MPI-ESM-LR","RCA4",2076,"E Midlands",1,0,0,0,"MPI-M-MPI-ESM-LR_RCA4","MPI-M-MPI-ESM-LR.07"
"5249","MPI-M-MPI-ESM-LR","RCA4",2077,"E Midlands",1,0,0,0,"MPI-M-MPI-ESM-LR_RCA4","MPI-M-MPI-ESM-LR.07"
"5250","MPI-M-MPI-ESM-LR","RCA4",2078,"E Midlands",1,0,0,0,"MPI-M-MPI-ESM-LR_RCA4","MPI-M-MPI-ESM-LR.07"
"5251","MPI-M-MPI-ESM-LR","RCA4",2079,"E Midlands",1,0,0,0,"MPI-M-MPI-ESM-LR_RCA4","MPI-M-MPI-ESM-LR.07"
"5252","MPI-M-MPI-ESM-LR","RCA4",2080,"E Midlands",1,0,0,0,"MPI-M-MPI-ESM-LR_RCA4","MPI-M-MPI-ESM-LR.07"
"5253","MPI-M-MPI-ESM-LR","RCA4",1980,"E Midlands",1,0,0,0,"MPI-M-MPI-ESM-LR_RCA4","MPI-M-MPI-ESM-LR.07"
"5254","MPI-M-MPI-ESM-LR","RCA4",1981,"E Midlands",1,0,0,0,"MPI-M-MPI-ESM-LR_RCA4","MPI-M-MPI-ESM-LR.07"
"5255","MPI-M-MPI-ESM-LR","RCA4",1982,"E Midlands",1,0,0,0,"MPI-M-MPI-ESM-LR_RCA4","MPI-M-MPI-ESM-LR.07"
"5256","MPI-M-MPI-ESM-LR","RCA4",1983,"E Midlands",1,0,0,0,"MPI-M-MPI-ESM-LR_RCA4","MPI-M-MPI-ESM-LR.07"
"5257","MPI-M-MPI-ESM-LR","RCA4",1984,"E Midlands",1,0,0,0,"MPI-M-MPI-ESM-LR_RCA4","MPI-M-MPI-ESM-LR.07"
"5258","MPI-M-MPI-ESM-LR","RCA4",1985,"E Midlands",1,0,0,0,"MPI-M-MPI-ESM-LR_RCA4","MPI-M-MPI-ESM-LR.07"
"5259","MPI-M-MPI-ESM-LR","RCA4",1986,"E Midlands",1,0,0,0,"MPI-M-MPI-ESM-LR_RCA4","MPI-M-MPI-ESM-LR.07"
"5260","MPI-M-MPI-ESM-LR","RCA4",1987,"E Midlands",1,0,0,0,"MPI-M-MPI-ESM-LR_RCA4","MPI-M-MPI-ESM-LR.07"
"5261","MPI-M-MPI-ESM-LR","RCA4",1988,"E Midlands",1,0,0,0,"MPI-M-MPI-ESM-LR_RCA4","MPI-M-MPI-ESM-LR.07"
"5262","MPI-M-MPI-ESM-LR","RCA4",1989,"E Midlands",1,0,0,0,"MPI-M-MPI-ESM-LR_RCA4","MPI-M-MPI-ESM-LR.07"
"5263","MPI-M-MPI-ESM-LR","RCA4",1990,"E Midlands",1,0,0,0,"MPI-M-MPI-ESM-LR_RCA4","MPI-M-MPI-ESM-LR.07"
"5264","MPI-M-MPI-ESM-LR","RCA4",1991,"E Midlands",1,0,0,0,"MPI-M-MPI-ESM-LR_RCA4","MPI-M-MPI-ESM-LR.07"
"5265","MPI-M-MPI-ESM-LR","RCA4",1992,"E Midlands",1,0,0,0,"MPI-M-MPI-ESM-LR_RCA4","MPI-M-MPI-ESM-LR.07"
"5266","MPI-M-MPI-ESM-LR","RCA4",1993,"E Midlands",1,0,0,0,"MPI-M-MPI-ESM-LR_RCA4","MPI-M-MPI-ESM-LR.07"
"5267","MPI-M-MPI-ESM-LR","RCA4",1994,"E Midlands",1,0,0,0,"MPI-M-MPI-ESM-LR_RCA4","MPI-M-MPI-ESM-LR.07"
"5268","MPI-M-MPI-ESM-LR","RCA4",1995,"E Midlands",1,0,0,0,"MPI-M-MPI-ESM-LR_RCA4","MPI-M-MPI-ESM-LR.07"
"5269","MPI-M-MPI-ESM-LR","RCA4",1996,"E Midlands",1,0,0,0,"MPI-M-MPI-ESM-LR_RCA4","MPI-M-MPI-ESM-LR.07"
"5270","MPI-M-MPI-ESM-LR","RCA4",1997,"E Midlands",1,0,0,0,"MPI-M-MPI-ESM-LR_RCA4","MPI-M-MPI-ESM-LR.07"
"5271","MPI-M-MPI-ESM-LR","RCA4",1998,"E Midlands",1,0,0,0,"MPI-M-MPI-ESM-LR_RCA4","MPI-M-MPI-ESM-LR.07"
"5272","MPI-M-MPI-ESM-LR","RCA4",1999,"E Midlands",1,0,0,0,"MPI-M-MPI-ESM-LR_RCA4","MPI-M-MPI-ESM-LR.07"
"5273","MPI-M-MPI-ESM-LR","RCA4",2000,"E Midlands",1,0,0,0,"MPI-M-MPI-ESM-LR_RCA4","MPI-M-MPI-ESM-LR.07"
"5274","MPI-M-MPI-ESM-LR","RCA4",2001,"E Midlands",1,0,0,0,"MPI-M-MPI-ESM-LR_RCA4","MPI-M-MPI-ESM-LR.07"
"5275","MPI-M-MPI-ESM-LR","RCA4",2002,"E Midlands",1,0,0,0,"MPI-M-MPI-ESM-LR_RCA4","MPI-M-MPI-ESM-LR.07"
"5276","MPI-M-MPI-ESM-LR","RCA4",2003,"E Midlands",1,0,0,0,"MPI-M-MPI-ESM-LR_RCA4","MPI-M-MPI-ESM-LR.07"
"5277","MPI-M-MPI-ESM-LR","RCA4",2004,"E Midlands",1,0,0,0,"MPI-M-MPI-ESM-LR_RCA4","MPI-M-MPI-ESM-LR.07"
"5278","MPI-M-MPI-ESM-LR","RCA4",2005,"E Midlands",1,0,0,0,"MPI-M-MPI-ESM-LR_RCA4","MPI-M-MPI-ESM-LR.07"
"5279","MPI-M-MPI-ESM-LR","RCA4",2006,"E Midlands",1,0,0,0,"MPI-M-MPI-ESM-LR_RCA4","MPI-M-MPI-ESM-LR.07"
"5280","MPI-M-MPI-ESM-LR","RCA4",2007,"E Midlands",1,0,0,0,"MPI-M-MPI-ESM-LR_RCA4","MPI-M-MPI-ESM-LR.07"
"5281","MPI-M-MPI-ESM-LR","RCA4",2008,"E Midlands",1,0,0,0,"MPI-M-MPI-ESM-LR_RCA4","MPI-M-MPI-ESM-LR.07"
"5282","MPI-M-MPI-ESM-LR","RCA4",2009,"E Midlands",1,0,0,0,"MPI-M-MPI-ESM-LR_RCA4","MPI-M-MPI-ESM-LR.07"
"5283","MPI-M-MPI-ESM-LR","RCA4",2010,"E Midlands",1,0,0,0,"MPI-M-MPI-ESM-LR_RCA4","MPI-M-MPI-ESM-LR.07"
"5284","MPI-M-MPI-ESM-LR","RCA4",2011,"E Midlands",1,0,0,0,"MPI-M-MPI-ESM-LR_RCA4","MPI-M-MPI-ESM-LR.07"
"5285","MPI-M-MPI-ESM-LR","RCA4",2012,"E Midlands",1,0,0,0,"MPI-M-MPI-ESM-LR_RCA4","MPI-M-MPI-ESM-LR.07"
"5286","MPI-M-MPI-ESM-LR","RCA4",2013,"E Midlands",1,0,0,0,"MPI-M-MPI-ESM-LR_RCA4","MPI-M-MPI-ESM-LR.07"
"5287","MPI-M-MPI-ESM-LR","RCA4",2014,"E Midlands",1,0,0,0,"MPI-M-MPI-ESM-LR_RCA4","MPI-M-MPI-ESM-LR.07"
"5288","MPI-M-MPI-ESM-LR","RCA4",2015,"E Midlands",1,0,0,0,"MPI-M-MPI-ESM-LR_RCA4","MPI-M-MPI-ESM-LR.07"
"5289","MPI-M-MPI-ESM-LR","RCA4",2016,"E Midlands",1,0,0,0,"MPI-M-MPI-ESM-LR_RCA4","MPI-M-MPI-ESM-LR.07"
"5290","MPI-M-MPI-ESM-LR","RCA4",2017,"E Midlands",1,0,0,0,"MPI-M-MPI-ESM-LR_RCA4","MPI-M-MPI-ESM-LR.07"
"5291","MPI-M-MPI-ESM-LR","RCA4",2018,"E Midlands",1,0,0,0,"MPI-M-MPI-ESM-LR_RCA4","MPI-M-MPI-ESM-LR.07"
"5292","MPI-M-MPI-ESM-LR","RCA4",2019,"E Midlands",1,0,0,0,"MPI-M-MPI-ESM-LR_RCA4","MPI-M-MPI-ESM-LR.07"
"5293","MPI-M-MPI-ESM-LR","RCA4",2020,"E Midlands",1,0.0560747663551402,3.16666666666667,32.0988319714864,"MPI-M-MPI-ESM-LR_RCA4","MPI-M-MPI-ESM-LR.07"
"5294","MPI-M-MPI-ESM-LR","RCA4",2021,"E Midlands",1,0,0,0,"MPI-M-MPI-ESM-LR_RCA4","MPI-M-MPI-ESM-LR.07"
"5295","MPI-M-MPI-ESM-LR","RCA4",2022,"E Midlands",1,0,0,0,"MPI-M-MPI-ESM-LR_RCA4","MPI-M-MPI-ESM-LR.07"
"5296","MPI-M-MPI-ESM-LR","RCA4",2023,"E Midlands",1,0.0186915887850467,3,31.1473280588786,"MPI-M-MPI-ESM-LR_RCA4","MPI-M-MPI-ESM-LR.07"
"5297","MPI-M-MPI-ESM-LR","RCA4",2024,"E Midlands",1,0,0,0,"MPI-M-MPI-ESM-LR_RCA4","MPI-M-MPI-ESM-LR.07"
"5298","MPI-M-MPI-ESM-LR","RCA4",2025,"E Midlands",1,0,0,0,"MPI-M-MPI-ESM-LR_RCA4","MPI-M-MPI-ESM-LR.07"
"5299","MPI-M-MPI-ESM-LR","RCA4",2026,"E Midlands",1,0,0,0,"MPI-M-MPI-ESM-LR_RCA4","MPI-M-MPI-ESM-LR.07"
"5300","MPI-M-MPI-ESM-LR","RCA4",2027,"E Midlands",1,0,0,0,"MPI-M-MPI-ESM-LR_RCA4","MPI-M-MPI-ESM-LR.07"
"5301","MPI-M-MPI-ESM-LR","RCA4",2028,"E Midlands",1,0,0,0,"MPI-M-MPI-ESM-LR_RCA4","MPI-M-MPI-ESM-LR.07"
"5302","MPI-M-MPI-ESM-LR","RCA4",2029,"E Midlands",1,0,0,0,"MPI-M-MPI-ESM-LR_RCA4","MPI-M-MPI-ESM-LR.07"
"5303","MPI-M-MPI-ESM-LR","RCA4",2030,"E Midlands",1,0,0,0,"MPI-M-MPI-ESM-LR_RCA4","MPI-M-MPI-ESM-LR.07"
"5304","MPI-M-MPI-ESM-LR","RCA4",2031,"E Midlands",1,0,0,0,"MPI-M-MPI-ESM-LR_RCA4","MPI-M-MPI-ESM-LR.07"
"5305","MPI-M-MPI-ESM-LR","RCA4",2032,"E Midlands",1,0,0,0,"MPI-M-MPI-ESM-LR_RCA4","MPI-M-MPI-ESM-LR.07"
"5306","MPI-M-MPI-ESM-LR","RCA4",2033,"E Midlands",1,0,0,0,"MPI-M-MPI-ESM-LR_RCA4","MPI-M-MPI-ESM-LR.07"
"5307","MPI-M-MPI-ESM-LR","RCA4",2034,"E Midlands",1,0,0,0,"MPI-M-MPI-ESM-LR_RCA4","MPI-M-MPI-ESM-LR.07"
"5308","MPI-M-MPI-ESM-LR","RCA4",2035,"E Midlands",1,0,0,0,"MPI-M-MPI-ESM-LR_RCA4","MPI-M-MPI-ESM-LR.07"
"5309","MPI-M-MPI-ESM-LR","RCA4",2036,"E Midlands",1,0,0,0,"MPI-M-MPI-ESM-LR_RCA4","MPI-M-MPI-ESM-LR.07"
"5310","MPI-M-MPI-ESM-LR","RCA4",2037,"E Midlands",1,0,0,0,"MPI-M-MPI-ESM-LR_RCA4","MPI-M-MPI-ESM-LR.07"
"5311","MPI-M-MPI-ESM-LR","RCA4",2038,"E Midlands",1,0,0,0,"MPI-M-MPI-ESM-LR_RCA4","MPI-M-MPI-ESM-LR.07"
"5312","MPI-M-MPI-ESM-LR","RCA4",2039,"E Midlands",1,0,0,0,"MPI-M-MPI-ESM-LR_RCA4","MPI-M-MPI-ESM-LR.07"
"5313","MPI-M-MPI-ESM-LR","RCA4",2040,"E Midlands",1,0,0,0,"MPI-M-MPI-ESM-LR_RCA4","MPI-M-MPI-ESM-LR.07"
"5314","MPI-M-MPI-ESM-LR","RCA4",2041,"E Midlands",1,0,0,0,"MPI-M-MPI-ESM-LR_RCA4","MPI-M-MPI-ESM-LR.07"
"5315","MPI-M-MPI-ESM-LR","RCA4",2042,"E Midlands",1,0,0,0,"MPI-M-MPI-ESM-LR_RCA4","MPI-M-MPI-ESM-LR.07"
"5316","MPI-M-MPI-ESM-LR","RCA4",2043,"E Midlands",1,0.644859813084112,3.31884057971015,32.9907637045579,"MPI-M-MPI-ESM-LR_RCA4","MPI-M-MPI-ESM-LR.07"
"5317","MPI-M-MPI-ESM-LR","RCA4",2044,"E Midlands",1,0,0,0,"MPI-M-MPI-ESM-LR_RCA4","MPI-M-MPI-ESM-LR.07"
"5318","MPI-M-MPI-ESM-LR","RCA4",2045,"E Midlands",1,0,0,0,"MPI-M-MPI-ESM-LR_RCA4","MPI-M-MPI-ESM-LR.07"
"5319","MPI-M-MPI-ESM-LR","RCA4",2046,"E Midlands",1,0,0,0,"MPI-M-MPI-ESM-LR_RCA4","MPI-M-MPI-ESM-LR.07"
"5320","MPI-M-MPI-ESM-LR","RCA4",2047,"E Midlands",1,0,0,0,"MPI-M-MPI-ESM-LR_RCA4","MPI-M-MPI-ESM-LR.07"
"5321","MPI-M-MPI-ESM-LR","RCA4",2048,"E Midlands",1,0,0,0,"MPI-M-MPI-ESM-LR_RCA4","MPI-M-MPI-ESM-LR.07"
"5322","MPI-M-MPI-ESM-LR","RCA4",2049,"E Midlands",1,0,0,0,"MPI-M-MPI-ESM-LR_RCA4","MPI-M-MPI-ESM-LR.07"
"5323","MPI-M-MPI-ESM-LR","RCA4",2050,"E Midlands",1,0,0,0,"MPI-M-MPI-ESM-LR_RCA4","MPI-M-MPI-ESM-LR.07"
"5324","MPI-M-MPI-ESM-LR","RCA4",2051,"E Midlands",1,0,0,0,"MPI-M-MPI-ESM-LR_RCA4","MPI-M-MPI-ESM-LR.07"
"5325","MPI-M-MPI-ESM-LR","RCA4",2052,"E Midlands",1,0,0,0,"MPI-M-MPI-ESM-LR_RCA4","MPI-M-MPI-ESM-LR.07"
"5326","MPI-M-MPI-ESM-LR","RCA4",2053,"E Midlands",1,0,0,0,"MPI-M-MPI-ESM-LR_RCA4","MPI-M-MPI-ESM-LR.07"
"5327","MPI-M-MPI-ESM-LR","RCA4",2054,"E Midlands",1,0,0,0,"MPI-M-MPI-ESM-LR_RCA4","MPI-M-MPI-ESM-LR.07"
"5328","MPI-M-MPI-ESM-LR","RCA4",2055,"E Midlands",1,0,0,0,"MPI-M-MPI-ESM-LR_RCA4","MPI-M-MPI-ESM-LR.07"
"5329","MPI-M-MPI-ESM-LR","RCA4",2056,"E Midlands",1,0,0,0,"MPI-M-MPI-ESM-LR_RCA4","MPI-M-MPI-ESM-LR.07"
"5330","MPI-M-MPI-ESM-LR","RCA4",2057,"E Midlands",1,0,0,0,"MPI-M-MPI-ESM-LR_RCA4","MPI-M-MPI-ESM-LR.07"
"5331","MPI-M-MPI-ESM-LR","RCA4",2058,"E Midlands",1,0,0,0,"MPI-M-MPI-ESM-LR_RCA4","MPI-M-MPI-ESM-LR.07"
"5332","MPI-M-MPI-ESM-LR","RCA4",2059,"E Midlands",1,0,0,0,"MPI-M-MPI-ESM-LR_RCA4","MPI-M-MPI-ESM-LR.07"
"5333","MPI-M-MPI-ESM-LR","RCA4",2060,"E Midlands",1,0,0,0,"MPI-M-MPI-ESM-LR_RCA4","MPI-M-MPI-ESM-LR.07"
"5334","MPI-M-MPI-ESM-LR","RCA4",2061,"E Midlands",1,0,0,0,"MPI-M-MPI-ESM-LR_RCA4","MPI-M-MPI-ESM-LR.07"
"5335","MPI-M-MPI-ESM-LR","RCA4",2062,"E Midlands",1,0.252336448598131,3.51851851851852,33.8912337356143,"MPI-M-MPI-ESM-LR_RCA4","MPI-M-MPI-ESM-LR.07"
"5336","MPI-M-MPI-ESM-LR","RCA4",2063,"E Midlands",1,0,0,0,"MPI-M-MPI-ESM-LR_RCA4","MPI-M-MPI-ESM-LR.07"
"5337","MPI-M-MPI-ESM-LR","RCA4",2064,"E Midlands",1,0.121495327102804,3,35.4016499641614,"MPI-M-MPI-ESM-LR_RCA4","MPI-M-MPI-ESM-LR.07"
"5338","MPI-M-MPI-ESM-LR","RCA4",2065,"E Midlands",1,0.757009345794392,3.58024691358025,34.2323548489637,"MPI-M-MPI-ESM-LR_RCA4","MPI-M-MPI-ESM-LR.07"
"5339","MPI-M-MPI-ESM-LR","RCA4",2066,"E Midlands",1,0,0,0,"MPI-M-MPI-ESM-LR_RCA4","MPI-M-MPI-ESM-LR.07"
"5340","MPI-M-MPI-ESM-LR","RCA4",2067,"E Midlands",1,0,0,0,"MPI-M-MPI-ESM-LR_RCA4","MPI-M-MPI-ESM-LR.07"
"5341","MPI-M-MPI-ESM-LR","RCA4",2068,"E Midlands",1,0.495327102803738,3.88679245283019,31.3722110703306,"MPI-M-MPI-ESM-LR_RCA4","MPI-M-MPI-ESM-LR.07"
"5342","MPI-M-MPI-ESM-LR","RCA4",2069,"E Midlands",1,0.00934579439252336,3,31.9935102462769,"MPI-M-MPI-ESM-LR_RCA4","MPI-M-MPI-ESM-LR.07"
"5343","MPI-M-MPI-ESM-LR","RCA4",2070,"E Midlands",1,0,0,0,"MPI-M-MPI-ESM-LR_RCA4","MPI-M-MPI-ESM-LR.07"
"5344","MPI-M-MPI-ESM-LR","RCA4",2071,"E Midlands",1,0,0,0,"MPI-M-MPI-ESM-LR_RCA4","MPI-M-MPI-ESM-LR.07"
"5345","MPI-M-MPI-ESM-LR","RCA4",2072,"E Midlands",1,0,0,0,"MPI-M-MPI-ESM-LR_RCA4","MPI-M-MPI-ESM-LR.07"
"5346","MPI-M-MPI-ESM-LR","RCA4",2073,"E Midlands",1,0,0,0,"MPI-M-MPI-ESM-LR_RCA4","MPI-M-MPI-ESM-LR.07"
"5347","MPI-M-MPI-ESM-LR","RCA4",2074,"E Midlands",1,0,0,0,"MPI-M-MPI-ESM-LR_RCA4","MPI-M-MPI-ESM-LR.07"
"5348","MPI-M-MPI-ESM-LR","RCA4",2075,"E Midlands",1,0,0,0,"MPI-M-MPI-ESM-LR_RCA4","MPI-M-MPI-ESM-LR.07"
"5349","MPI-M-MPI-ESM-LR","RCA4",2076,"E Midlands",1,0,0,0,"MPI-M-MPI-ESM-LR_RCA4","MPI-M-MPI-ESM-LR.07"
"5350","MPI-M-MPI-ESM-LR","RCA4",2077,"E Midlands",1,0,0,0,"MPI-M-MPI-ESM-LR_RCA4","MPI-M-MPI-ESM-LR.07"
"5351","MPI-M-MPI-ESM-LR","RCA4",2078,"E Midlands",1,0,0,0,"MPI-M-MPI-ESM-LR_RCA4","MPI-M-MPI-ESM-LR.07"
"5352","MPI-M-MPI-ESM-LR","RCA4",2079,"E Midlands",1,0.0560747663551402,3.83333333333333,31.4052611589432,"MPI-M-MPI-ESM-LR_RCA4","MPI-M-MPI-ESM-LR.07"
"5353","MPI-M-MPI-ESM-LR","RCA4",2080,"E Midlands",1,0.850467289719626,4.82417582417582,34.6325488164623,"MPI-M-MPI-ESM-LR_RCA4","MPI-M-MPI-ESM-LR.07"
"5354","MPI-M-MPI-ESM-LR","RegCM4-6",1980,"E Midlands",1,0,0,0,"MPI-M-MPI-ESM-LR_RegCM4-6","MPI-M-MPI-ESM-LR.08"
"5355","MPI-M-MPI-ESM-LR","RegCM4-6",1981,"E Midlands",1,0,0,0,"MPI-M-MPI-ESM-LR_RegCM4-6","MPI-M-MPI-ESM-LR.08"
"5356","MPI-M-MPI-ESM-LR","RegCM4-6",1982,"E Midlands",1,0,0,0,"MPI-M-MPI-ESM-LR_RegCM4-6","MPI-M-MPI-ESM-LR.08"
"5357","MPI-M-MPI-ESM-LR","RegCM4-6",1983,"E Midlands",1,0,0,0,"MPI-M-MPI-ESM-LR_RegCM4-6","MPI-M-MPI-ESM-LR.08"
"5358","MPI-M-MPI-ESM-LR","RegCM4-6",1984,"E Midlands",1,0,0,0,"MPI-M-MPI-ESM-LR_RegCM4-6","MPI-M-MPI-ESM-LR.08"
"5359","MPI-M-MPI-ESM-LR","RegCM4-6",1985,"E Midlands",1,0.88785046728972,3,33.2348179633157,"MPI-M-MPI-ESM-LR_RegCM4-6","MPI-M-MPI-ESM-LR.08"
"5360","MPI-M-MPI-ESM-LR","RegCM4-6",1986,"E Midlands",1,0,0,0,"MPI-M-MPI-ESM-LR_RegCM4-6","MPI-M-MPI-ESM-LR.08"
"5361","MPI-M-MPI-ESM-LR","RegCM4-6",1987,"E Midlands",1,0,0,0,"MPI-M-MPI-ESM-LR_RegCM4-6","MPI-M-MPI-ESM-LR.08"
"5362","MPI-M-MPI-ESM-LR","RegCM4-6",1988,"E Midlands",1,0,0,0,"MPI-M-MPI-ESM-LR_RegCM4-6","MPI-M-MPI-ESM-LR.08"
"5363","MPI-M-MPI-ESM-LR","RegCM4-6",1989,"E Midlands",1,0,0,0,"MPI-M-MPI-ESM-LR_RegCM4-6","MPI-M-MPI-ESM-LR.08"
"5364","MPI-M-MPI-ESM-LR","RegCM4-6",1990,"E Midlands",1,0.0654205607476635,3.14285714285714,31.199469259807,"MPI-M-MPI-ESM-LR_RegCM4-6","MPI-M-MPI-ESM-LR.08"
"5365","MPI-M-MPI-ESM-LR","RegCM4-6",1991,"E Midlands",1,0.85981308411215,4.32608695652174,33.5256686661554,"MPI-M-MPI-ESM-LR_RegCM4-6","MPI-M-MPI-ESM-LR.08"
"5366","MPI-M-MPI-ESM-LR","RegCM4-6",1992,"E Midlands",1,0,0,0,"MPI-M-MPI-ESM-LR_RegCM4-6","MPI-M-MPI-ESM-LR.08"
"5367","MPI-M-MPI-ESM-LR","RegCM4-6",1993,"E Midlands",1,0,0,0,"MPI-M-MPI-ESM-LR_RegCM4-6","MPI-M-MPI-ESM-LR.08"
"5368","MPI-M-MPI-ESM-LR","RegCM4-6",1994,"E Midlands",1,0,0,0,"MPI-M-MPI-ESM-LR_RegCM4-6","MPI-M-MPI-ESM-LR.08"
"5369","MPI-M-MPI-ESM-LR","RegCM4-6",1995,"E Midlands",1,0.0186915887850467,4,32.3577797412872,"MPI-M-MPI-ESM-LR_RegCM4-6","MPI-M-MPI-ESM-LR.08"
"5370","MPI-M-MPI-ESM-LR","RegCM4-6",1996,"E Midlands",1,0,0,0,"MPI-M-MPI-ESM-LR_RegCM4-6","MPI-M-MPI-ESM-LR.08"
"5371","MPI-M-MPI-ESM-LR","RegCM4-6",1997,"E Midlands",1,0.214953271028037,3,32.5547461302384,"MPI-M-MPI-ESM-LR_RegCM4-6","MPI-M-MPI-ESM-LR.08"
"5372","MPI-M-MPI-ESM-LR","RegCM4-6",1998,"E Midlands",1,0,0,0,"MPI-M-MPI-ESM-LR_RegCM4-6","MPI-M-MPI-ESM-LR.08"
"5373","MPI-M-MPI-ESM-LR","RegCM4-6",1999,"E Midlands",1,0,0,0,"MPI-M-MPI-ESM-LR_RegCM4-6","MPI-M-MPI-ESM-LR.08"
"5374","MPI-M-MPI-ESM-LR","RegCM4-6",2000,"E Midlands",1,0.719626168224299,5.20779220779221,35.7985985377282,"MPI-M-MPI-ESM-LR_RegCM4-6","MPI-M-MPI-ESM-LR.08"
"5375","MPI-M-MPI-ESM-LR","RegCM4-6",2001,"E Midlands",1,0.598130841121495,3,32.1383910030127,"MPI-M-MPI-ESM-LR_RegCM4-6","MPI-M-MPI-ESM-LR.08"
"5376","MPI-M-MPI-ESM-LR","RegCM4-6",2002,"E Midlands",1,0,0,0,"MPI-M-MPI-ESM-LR_RegCM4-6","MPI-M-MPI-ESM-LR.08"
"5377","MPI-M-MPI-ESM-LR","RegCM4-6",2003,"E Midlands",1,0,0,0,"MPI-M-MPI-ESM-LR_RegCM4-6","MPI-M-MPI-ESM-LR.08"
"5378","MPI-M-MPI-ESM-LR","RegCM4-6",2004,"E Midlands",1,0,0,0,"MPI-M-MPI-ESM-LR_RegCM4-6","MPI-M-MPI-ESM-LR.08"
"5379","MPI-M-MPI-ESM-LR","RegCM4-6",2005,"E Midlands",1,0.299065420560748,3.09375,31.6270851592223,"MPI-M-MPI-ESM-LR_RegCM4-6","MPI-M-MPI-ESM-LR.08"
"5380","MPI-M-MPI-ESM-LR","RegCM4-6",2006,"E Midlands",1,0.0747663551401869,3,31.3031059106191,"MPI-M-MPI-ESM-LR_RegCM4-6","MPI-M-MPI-ESM-LR.08"
"5381","MPI-M-MPI-ESM-LR","RegCM4-6",2007,"E Midlands",1,0,0,0,"MPI-M-MPI-ESM-LR_RegCM4-6","MPI-M-MPI-ESM-LR.08"
"5382","MPI-M-MPI-ESM-LR","RegCM4-6",2008,"E Midlands",1,0,0,0,"MPI-M-MPI-ESM-LR_RegCM4-6","MPI-M-MPI-ESM-LR.08"
"5383","MPI-M-MPI-ESM-LR","RegCM4-6",2009,"E Midlands",1,0.897196261682243,3.98958333333333,34.9088504877355,"MPI-M-MPI-ESM-LR_RegCM4-6","MPI-M-MPI-ESM-LR.08"
"5384","MPI-M-MPI-ESM-LR","RegCM4-6",2010,"E Midlands",1,0.149532710280374,3,31.3902915914853,"MPI-M-MPI-ESM-LR_RegCM4-6","MPI-M-MPI-ESM-LR.08"
"5385","MPI-M-MPI-ESM-LR","RegCM4-6",2011,"E Midlands",1,0,0,0,"MPI-M-MPI-ESM-LR_RegCM4-6","MPI-M-MPI-ESM-LR.08"
"5386","MPI-M-MPI-ESM-LR","RegCM4-6",2012,"E Midlands",1,0,0,0,"MPI-M-MPI-ESM-LR_RegCM4-6","MPI-M-MPI-ESM-LR.08"
"5387","MPI-M-MPI-ESM-LR","RegCM4-6",2013,"E Midlands",1,0.242990654205607,3,31.3735920588175,"MPI-M-MPI-ESM-LR_RegCM4-6","MPI-M-MPI-ESM-LR.08"
"5388","MPI-M-MPI-ESM-LR","RegCM4-6",2014,"E Midlands",1,0,0,0,"MPI-M-MPI-ESM-LR_RegCM4-6","MPI-M-MPI-ESM-LR.08"
"5389","MPI-M-MPI-ESM-LR","RegCM4-6",2015,"E Midlands",1,0.373831775700935,3.2,31.9789369861285,"MPI-M-MPI-ESM-LR_RegCM4-6","MPI-M-MPI-ESM-LR.08"
"5390","MPI-M-MPI-ESM-LR","RegCM4-6",2016,"E Midlands",1,0,0,0,"MPI-M-MPI-ESM-LR_RegCM4-6","MPI-M-MPI-ESM-LR.08"
"5391","MPI-M-MPI-ESM-LR","RegCM4-6",2017,"E Midlands",1,0,0,0,"MPI-M-MPI-ESM-LR_RegCM4-6","MPI-M-MPI-ESM-LR.08"
"5392","MPI-M-MPI-ESM-LR","RegCM4-6",2018,"E Midlands",1,0,0,0,"MPI-M-MPI-ESM-LR_RegCM4-6","MPI-M-MPI-ESM-LR.08"
"5393","MPI-M-MPI-ESM-LR","RegCM4-6",2019,"E Midlands",1,0,0,0,"MPI-M-MPI-ESM-LR_RegCM4-6","MPI-M-MPI-ESM-LR.08"
"5394","MPI-M-MPI-ESM-LR","RegCM4-6",2020,"E Midlands",1,0,0,0,"MPI-M-MPI-ESM-LR_RegCM4-6","MPI-M-MPI-ESM-LR.08"
"5395","MPI-M-MPI-ESM-LR","RegCM4-6",2021,"E Midlands",1,0.588785046728972,3,34.3672934083081,"MPI-M-MPI-ESM-LR_RegCM4-6","MPI-M-MPI-ESM-LR.08"
"5396","MPI-M-MPI-ESM-LR","RegCM4-6",2022,"E Midlands",1,0,0,0,"MPI-M-MPI-ESM-LR_RegCM4-6","MPI-M-MPI-ESM-LR.08"
"5397","MPI-M-MPI-ESM-LR","RegCM4-6",2023,"E Midlands",1,0,0,0,"MPI-M-MPI-ESM-LR_RegCM4-6","MPI-M-MPI-ESM-LR.08"
"5398","MPI-M-MPI-ESM-LR","RegCM4-6",2024,"E Midlands",1,0.94392523364486,3.01980198019802,32.145271330226,"MPI-M-MPI-ESM-LR_RegCM4-6","MPI-M-MPI-ESM-LR.08"
"5399","MPI-M-MPI-ESM-LR","RegCM4-6",2025,"E Midlands",1,0,0,0,"MPI-M-MPI-ESM-LR_RegCM4-6","MPI-M-MPI-ESM-LR.08"
"5400","MPI-M-MPI-ESM-LR","RegCM4-6",2026,"E Midlands",1,0.336448598130841,3.33333333333333,31.7118963806717,"MPI-M-MPI-ESM-LR_RegCM4-6","MPI-M-MPI-ESM-LR.08"
"5401","MPI-M-MPI-ESM-LR","RegCM4-6",2027,"E Midlands",1,0,0,0,"MPI-M-MPI-ESM-LR_RegCM4-6","MPI-M-MPI-ESM-LR.08"
"5402","MPI-M-MPI-ESM-LR","RegCM4-6",2028,"E Midlands",1,0.523364485981308,3.19642857142857,33.977288734629,"MPI-M-MPI-ESM-LR_RegCM4-6","MPI-M-MPI-ESM-LR.08"
"5403","MPI-M-MPI-ESM-LR","RegCM4-6",2029,"E Midlands",1,0,0,0,"MPI-M-MPI-ESM-LR_RegCM4-6","MPI-M-MPI-ESM-LR.08"
"5404","MPI-M-MPI-ESM-LR","RegCM4-6",2030,"E Midlands",1,0.700934579439252,3.70666666666667,34.4848763105604,"MPI-M-MPI-ESM-LR_RegCM4-6","MPI-M-MPI-ESM-LR.08"
"5405","MPI-M-MPI-ESM-LR","RegCM4-6",2031,"E Midlands",1,0,0,0,"MPI-M-MPI-ESM-LR_RegCM4-6","MPI-M-MPI-ESM-LR.08"
"5406","MPI-M-MPI-ESM-LR","RegCM4-6",2032,"E Midlands",1,0,0,0,"MPI-M-MPI-ESM-LR_RegCM4-6","MPI-M-MPI-ESM-LR.08"
"5407","MPI-M-MPI-ESM-LR","RegCM4-6",2033,"E Midlands",1,0,0,0,"MPI-M-MPI-ESM-LR_RegCM4-6","MPI-M-MPI-ESM-LR.08"
"5408","MPI-M-MPI-ESM-LR","RegCM4-6",2034,"E Midlands",1,1,3.44859813084112,35.6800057932595,"MPI-M-MPI-ESM-LR_RegCM4-6","MPI-M-MPI-ESM-LR.08"
"5409","MPI-M-MPI-ESM-LR","RegCM4-6",2035,"E Midlands",1,0,0,0,"MPI-M-MPI-ESM-LR_RegCM4-6","MPI-M-MPI-ESM-LR.08"
"5410","MPI-M-MPI-ESM-LR","RegCM4-6",2036,"E Midlands",1,0,0,0,"MPI-M-MPI-ESM-LR_RegCM4-6","MPI-M-MPI-ESM-LR.08"
"5411","MPI-M-MPI-ESM-LR","RegCM4-6",2037,"E Midlands",1,0,0,0,"MPI-M-MPI-ESM-LR_RegCM4-6","MPI-M-MPI-ESM-LR.08"
"5412","MPI-M-MPI-ESM-LR","RegCM4-6",2038,"E Midlands",1,0,0,0,"MPI-M-MPI-ESM-LR_RegCM4-6","MPI-M-MPI-ESM-LR.08"
"5413","MPI-M-MPI-ESM-LR","RegCM4-6",2039,"E Midlands",1,0.00934579439252336,3,31.7125231424967,"MPI-M-MPI-ESM-LR_RegCM4-6","MPI-M-MPI-ESM-LR.08"
"5414","MPI-M-MPI-ESM-LR","RegCM4-6",2040,"E Midlands",1,0.990654205607477,3.83018867924528,34.239738049897,"MPI-M-MPI-ESM-LR_RegCM4-6","MPI-M-MPI-ESM-LR.08"
"5415","MPI-M-MPI-ESM-LR","RegCM4-6",2041,"E Midlands",1,0,0,0,"MPI-M-MPI-ESM-LR_RegCM4-6","MPI-M-MPI-ESM-LR.08"
"5416","MPI-M-MPI-ESM-LR","RegCM4-6",2042,"E Midlands",1,0,0,0,"MPI-M-MPI-ESM-LR_RegCM4-6","MPI-M-MPI-ESM-LR.08"
"5417","MPI-M-MPI-ESM-LR","RegCM4-6",2043,"E Midlands",1,0.0934579439252336,3.7,32.5962389469147,"MPI-M-MPI-ESM-LR_RegCM4-6","MPI-M-MPI-ESM-LR.08"
"5418","MPI-M-MPI-ESM-LR","RegCM4-6",2044,"E Midlands",1,0,0,0,"MPI-M-MPI-ESM-LR_RegCM4-6","MPI-M-MPI-ESM-LR.08"
"5419","MPI-M-MPI-ESM-LR","RegCM4-6",2045,"E Midlands",1,0,0,0,"MPI-M-MPI-ESM-LR_RegCM4-6","MPI-M-MPI-ESM-LR.08"
"5420","MPI-M-MPI-ESM-LR","RegCM4-6",2046,"E Midlands",1,0.0654205607476635,3.28571428571429,32.8587663514273,"MPI-M-MPI-ESM-LR_RegCM4-6","MPI-M-MPI-ESM-LR.08"
"5421","MPI-M-MPI-ESM-LR","RegCM4-6",2047,"E Midlands",1,0,0,0,"MPI-M-MPI-ESM-LR_RegCM4-6","MPI-M-MPI-ESM-LR.08"
"5422","MPI-M-MPI-ESM-LR","RegCM4-6",2048,"E Midlands",1,0,0,0,"MPI-M-MPI-ESM-LR_RegCM4-6","MPI-M-MPI-ESM-LR.08"
"5423","MPI-M-MPI-ESM-LR","RegCM4-6",2049,"E Midlands",1,0,0,0,"MPI-M-MPI-ESM-LR_RegCM4-6","MPI-M-MPI-ESM-LR.08"
"5424","MPI-M-MPI-ESM-LR","RegCM4-6",2050,"E Midlands",1,0,0,0,"MPI-M-MPI-ESM-LR_RegCM4-6","MPI-M-MPI-ESM-LR.08"
"5425","MPI-M-MPI-ESM-LR","RegCM4-6",2051,"E Midlands",1,0,0,0,"MPI-M-MPI-ESM-LR_RegCM4-6","MPI-M-MPI-ESM-LR.08"
"5426","MPI-M-MPI-ESM-LR","RegCM4-6",2052,"E Midlands",1,0.00934579439252336,3,30.8629055023193,"MPI-M-MPI-ESM-LR_RegCM4-6","MPI-M-MPI-ESM-LR.08"
"5427","MPI-M-MPI-ESM-LR","RegCM4-6",2053,"E Midlands",1,0.336448598130841,3.13888888888889,33.723790217329,"MPI-M-MPI-ESM-LR_RegCM4-6","MPI-M-MPI-ESM-LR.08"
"5428","MPI-M-MPI-ESM-LR","RegCM4-6",2054,"E Midlands",1,0.439252336448598,3,30.9809303013146,"MPI-M-MPI-ESM-LR_RegCM4-6","MPI-M-MPI-ESM-LR.08"
"5429","MPI-M-MPI-ESM-LR","RegCM4-6",2055,"E Midlands",1,0.570093457943925,3.01639344262295,33.8250182417572,"MPI-M-MPI-ESM-LR_RegCM4-6","MPI-M-MPI-ESM-LR.08"
"5430","MPI-M-MPI-ESM-LR","RegCM4-6",2056,"E Midlands",1,0,0,0,"MPI-M-MPI-ESM-LR_RegCM4-6","MPI-M-MPI-ESM-LR.08"
"5431","MPI-M-MPI-ESM-LR","RegCM4-6",2057,"E Midlands",1,0,0,0,"MPI-M-MPI-ESM-LR_RegCM4-6","MPI-M-MPI-ESM-LR.08"
"5432","MPI-M-MPI-ESM-LR","RegCM4-6",2058,"E Midlands",1,0.0280373831775701,3,33.3305053710938,"MPI-M-MPI-ESM-LR_RegCM4-6","MPI-M-MPI-ESM-LR.08"
"5433","MPI-M-MPI-ESM-LR","RegCM4-6",2059,"E Midlands",1,0.11214953271028,3,32.5925764242808,"MPI-M-MPI-ESM-LR_RegCM4-6","MPI-M-MPI-ESM-LR.08"
"5434","MPI-M-MPI-ESM-LR","RegCM4-6",2060,"E Midlands",1,0.579439252336449,3.30645161290323,32.6878635780786,"MPI-M-MPI-ESM-LR_RegCM4-6","MPI-M-MPI-ESM-LR.08"
"5435","MPI-M-MPI-ESM-LR","RegCM4-6",2061,"E Midlands",1,1.37383177570093,4.69387755102041,34.6266651737756,"MPI-M-MPI-ESM-LR_RegCM4-6","MPI-M-MPI-ESM-LR.08"
"5436","MPI-M-MPI-ESM-LR","RegCM4-6",2062,"E Midlands",1,0,0,0,"MPI-M-MPI-ESM-LR_RegCM4-6","MPI-M-MPI-ESM-LR.08"
"5437","MPI-M-MPI-ESM-LR","RegCM4-6",2063,"E Midlands",1,0,0,0,"MPI-M-MPI-ESM-LR_RegCM4-6","MPI-M-MPI-ESM-LR.08"
"5438","MPI-M-MPI-ESM-LR","RegCM4-6",2064,"E Midlands",1,0.0186915887850467,3,32.558043162028,"MPI-M-MPI-ESM-LR_RegCM4-6","MPI-M-MPI-ESM-LR.08"
"5439","MPI-M-MPI-ESM-LR","RegCM4-6",2065,"E Midlands",1,0.0654205607476635,3,33.253227415539,"MPI-M-MPI-ESM-LR_RegCM4-6","MPI-M-MPI-ESM-LR.08"
"5440","MPI-M-MPI-ESM-LR","RegCM4-6",2066,"E Midlands",1,0.934579439252336,3.03,34.6165761510531,"MPI-M-MPI-ESM-LR_RegCM4-6","MPI-M-MPI-ESM-LR.08"
"5441","MPI-M-MPI-ESM-LR","RegCM4-6",2067,"E Midlands",1,0,0,0,"MPI-M-MPI-ESM-LR_RegCM4-6","MPI-M-MPI-ESM-LR.08"
"5442","MPI-M-MPI-ESM-LR","RegCM4-6",2068,"E Midlands",1,0,0,0,"MPI-M-MPI-ESM-LR_RegCM4-6","MPI-M-MPI-ESM-LR.08"
"5443","MPI-M-MPI-ESM-LR","RegCM4-6",2069,"E Midlands",1,1.68224299065421,4.00555555555556,34.6242130842915,"MPI-M-MPI-ESM-LR_RegCM4-6","MPI-M-MPI-ESM-LR.08"
"5444","MPI-M-MPI-ESM-LR","RegCM4-6",2070,"E Midlands",1,0.766355140186916,4.40243902439024,31.5148378017472,"MPI-M-MPI-ESM-LR_RegCM4-6","MPI-M-MPI-ESM-LR.08"
"5445","MPI-M-MPI-ESM-LR","RegCM4-6",2071,"E Midlands",1,1.49532710280374,3.9375,35.2326395900051,"MPI-M-MPI-ESM-LR_RegCM4-6","MPI-M-MPI-ESM-LR.08"
"5446","MPI-M-MPI-ESM-LR","RegCM4-6",2072,"E Midlands",1,0.925233644859813,3.05050505050505,32.3921604349156,"MPI-M-MPI-ESM-LR_RegCM4-6","MPI-M-MPI-ESM-LR.08"
"5447","MPI-M-MPI-ESM-LR","RegCM4-6",2073,"E Midlands",1,0,0,0,"MPI-M-MPI-ESM-LR_RegCM4-6","MPI-M-MPI-ESM-LR.08"
"5448","MPI-M-MPI-ESM-LR","RegCM4-6",2074,"E Midlands",1,0,0,0,"MPI-M-MPI-ESM-LR_RegCM4-6","MPI-M-MPI-ESM-LR.08"
"5449","MPI-M-MPI-ESM-LR","RegCM4-6",2075,"E Midlands",1,0,0,0,"MPI-M-MPI-ESM-LR_RegCM4-6","MPI-M-MPI-ESM-LR.08"
"5450","MPI-M-MPI-ESM-LR","RegCM4-6",2076,"E Midlands",1,0,0,0,"MPI-M-MPI-ESM-LR_RegCM4-6","MPI-M-MPI-ESM-LR.08"
"5451","MPI-M-MPI-ESM-LR","RegCM4-6",2077,"E Midlands",1,1.47663551401869,4.92405063291139,34.584311257133,"MPI-M-MPI-ESM-LR_RegCM4-6","MPI-M-MPI-ESM-LR.08"
"5452","MPI-M-MPI-ESM-LR","RegCM4-6",2078,"E Midlands",1,0.00934579439252336,3,32.5192216237386,"MPI-M-MPI-ESM-LR_RegCM4-6","MPI-M-MPI-ESM-LR.08"
"5453","MPI-M-MPI-ESM-LR","RegCM4-6",2079,"E Midlands",1,0,0,0,"MPI-M-MPI-ESM-LR_RegCM4-6","MPI-M-MPI-ESM-LR.08"
"5454","MPI-M-MPI-ESM-LR","RegCM4-6",2080,"E Midlands",1,1,3,35.2208436359869,"MPI-M-MPI-ESM-LR_RegCM4-6","MPI-M-MPI-ESM-LR.08"
"5455","MPI-M-MPI-ESM-LR","REMO2015",1980,"E Midlands",1,0,0,0,"MPI-M-MPI-ESM-LR_REMO2015","MPI-M-MPI-ESM-LR.09"
"5456","MPI-M-MPI-ESM-LR","REMO2015",1981,"E Midlands",1,0,0,0,"MPI-M-MPI-ESM-LR_REMO2015","MPI-M-MPI-ESM-LR.09"
"5457","MPI-M-MPI-ESM-LR","REMO2015",1982,"E Midlands",1,0,0,0,"MPI-M-MPI-ESM-LR_REMO2015","MPI-M-MPI-ESM-LR.09"
"5458","MPI-M-MPI-ESM-LR","REMO2015",1983,"E Midlands",1,0,0,0,"MPI-M-MPI-ESM-LR_REMO2015","MPI-M-MPI-ESM-LR.09"
"5459","MPI-M-MPI-ESM-LR","REMO2015",1984,"E Midlands",1,0,0,0,"MPI-M-MPI-ESM-LR_REMO2015","MPI-M-MPI-ESM-LR.09"
"5460","MPI-M-MPI-ESM-LR","REMO2015",1985,"E Midlands",1,0,0,0,"MPI-M-MPI-ESM-LR_REMO2015","MPI-M-MPI-ESM-LR.09"
"5461","MPI-M-MPI-ESM-LR","REMO2015",1986,"E Midlands",1,0,0,0,"MPI-M-MPI-ESM-LR_REMO2015","MPI-M-MPI-ESM-LR.09"
"5462","MPI-M-MPI-ESM-LR","REMO2015",1987,"E Midlands",1,0,0,0,"MPI-M-MPI-ESM-LR_REMO2015","MPI-M-MPI-ESM-LR.09"
"5463","MPI-M-MPI-ESM-LR","REMO2015",1988,"E Midlands",1,0,0,0,"MPI-M-MPI-ESM-LR_REMO2015","MPI-M-MPI-ESM-LR.09"
"5464","MPI-M-MPI-ESM-LR","REMO2015",1989,"E Midlands",1,0,0,0,"MPI-M-MPI-ESM-LR_REMO2015","MPI-M-MPI-ESM-LR.09"
"5465","MPI-M-MPI-ESM-LR","REMO2015",1990,"E Midlands",1,0,0,0,"MPI-M-MPI-ESM-LR_REMO2015","MPI-M-MPI-ESM-LR.09"
"5466","MPI-M-MPI-ESM-LR","REMO2015",1991,"E Midlands",1,0,0,0,"MPI-M-MPI-ESM-LR_REMO2015","MPI-M-MPI-ESM-LR.09"
"5467","MPI-M-MPI-ESM-LR","REMO2015",1992,"E Midlands",1,0,0,0,"MPI-M-MPI-ESM-LR_REMO2015","MPI-M-MPI-ESM-LR.09"
"5468","MPI-M-MPI-ESM-LR","REMO2015",1993,"E Midlands",1,0,0,0,"MPI-M-MPI-ESM-LR_REMO2015","MPI-M-MPI-ESM-LR.09"
"5469","MPI-M-MPI-ESM-LR","REMO2015",1994,"E Midlands",1,0.00934579439252336,3,30.2277450561523,"MPI-M-MPI-ESM-LR_REMO2015","MPI-M-MPI-ESM-LR.09"
"5470","MPI-M-MPI-ESM-LR","REMO2015",1995,"E Midlands",1,0,0,0,"MPI-M-MPI-ESM-LR_REMO2015","MPI-M-MPI-ESM-LR.09"
"5471","MPI-M-MPI-ESM-LR","REMO2015",1996,"E Midlands",1,0,0,0,"MPI-M-MPI-ESM-LR_REMO2015","MPI-M-MPI-ESM-LR.09"
"5472","MPI-M-MPI-ESM-LR","REMO2015",1997,"E Midlands",1,0,0,0,"MPI-M-MPI-ESM-LR_REMO2015","MPI-M-MPI-ESM-LR.09"
"5473","MPI-M-MPI-ESM-LR","REMO2015",1998,"E Midlands",1,0.794392523364486,3,32.6322964125988,"MPI-M-MPI-ESM-LR_REMO2015","MPI-M-MPI-ESM-LR.09"
"5474","MPI-M-MPI-ESM-LR","REMO2015",1999,"E Midlands",1,0,0,0,"MPI-M-MPI-ESM-LR_REMO2015","MPI-M-MPI-ESM-LR.09"
"5475","MPI-M-MPI-ESM-LR","REMO2015",2000,"E Midlands",1,0.121495327102804,3,31.5553565147596,"MPI-M-MPI-ESM-LR_REMO2015","MPI-M-MPI-ESM-LR.09"
"5476","MPI-M-MPI-ESM-LR","REMO2015",2001,"E Midlands",1,0,0,0,"MPI-M-MPI-ESM-LR_REMO2015","MPI-M-MPI-ESM-LR.09"
"5477","MPI-M-MPI-ESM-LR","REMO2015",2002,"E Midlands",1,0.476635514018692,3.11764705882353,31.2350213605594,"MPI-M-MPI-ESM-LR_REMO2015","MPI-M-MPI-ESM-LR.09"
"5478","MPI-M-MPI-ESM-LR","REMO2015",2003,"E Midlands",1,0,0,0,"MPI-M-MPI-ESM-LR_REMO2015","MPI-M-MPI-ESM-LR.09"
"5479","MPI-M-MPI-ESM-LR","REMO2015",2004,"E Midlands",1,0,0,0,"MPI-M-MPI-ESM-LR_REMO2015","MPI-M-MPI-ESM-LR.09"
"5480","MPI-M-MPI-ESM-LR","REMO2015",2005,"E Midlands",1,0,0,0,"MPI-M-MPI-ESM-LR_REMO2015","MPI-M-MPI-ESM-LR.09"
"5481","MPI-M-MPI-ESM-LR","REMO2015",2006,"E Midlands",1,0,0,0,"MPI-M-MPI-ESM-LR_REMO2015","MPI-M-MPI-ESM-LR.09"
"5482","MPI-M-MPI-ESM-LR","REMO2015",2007,"E Midlands",1,0,0,0,"MPI-M-MPI-ESM-LR_REMO2015","MPI-M-MPI-ESM-LR.09"
"5483","MPI-M-MPI-ESM-LR","REMO2015",2008,"E Midlands",1,0,0,0,"MPI-M-MPI-ESM-LR_REMO2015","MPI-M-MPI-ESM-LR.09"
"5484","MPI-M-MPI-ESM-LR","REMO2015",2009,"E Midlands",1,0,0,0,"MPI-M-MPI-ESM-LR_REMO2015","MPI-M-MPI-ESM-LR.09"
"5485","MPI-M-MPI-ESM-LR","REMO2015",2010,"E Midlands",1,0,0,0,"MPI-M-MPI-ESM-LR_REMO2015","MPI-M-MPI-ESM-LR.09"
"5486","MPI-M-MPI-ESM-LR","REMO2015",2011,"E Midlands",1,0.102803738317757,3,31.5481880072391,"MPI-M-MPI-ESM-LR_REMO2015","MPI-M-MPI-ESM-LR.09"
"5487","MPI-M-MPI-ESM-LR","REMO2015",2012,"E Midlands",1,0,0,0,"MPI-M-MPI-ESM-LR_REMO2015","MPI-M-MPI-ESM-LR.09"
"5488","MPI-M-MPI-ESM-LR","REMO2015",2013,"E Midlands",1,0,0,0,"MPI-M-MPI-ESM-LR_REMO2015","MPI-M-MPI-ESM-LR.09"
"5489","MPI-M-MPI-ESM-LR","REMO2015",2014,"E Midlands",1,0,0,0,"MPI-M-MPI-ESM-LR_REMO2015","MPI-M-MPI-ESM-LR.09"
"5490","MPI-M-MPI-ESM-LR","REMO2015",2015,"E Midlands",1,0,0,0,"MPI-M-MPI-ESM-LR_REMO2015","MPI-M-MPI-ESM-LR.09"
"5491","MPI-M-MPI-ESM-LR","REMO2015",2016,"E Midlands",1,0,0,0,"MPI-M-MPI-ESM-LR_REMO2015","MPI-M-MPI-ESM-LR.09"
"5492","MPI-M-MPI-ESM-LR","REMO2015",2017,"E Midlands",1,0.00934579439252336,3,30.905766805013,"MPI-M-MPI-ESM-LR_REMO2015","MPI-M-MPI-ESM-LR.09"
"5493","MPI-M-MPI-ESM-LR","REMO2015",2018,"E Midlands",1,0,0,0,"MPI-M-MPI-ESM-LR_REMO2015","MPI-M-MPI-ESM-LR.09"
"5494","MPI-M-MPI-ESM-LR","REMO2015",2019,"E Midlands",1,0.0280373831775701,3,31.5298564698961,"MPI-M-MPI-ESM-LR_REMO2015","MPI-M-MPI-ESM-LR.09"
"5495","MPI-M-MPI-ESM-LR","REMO2015",2020,"E Midlands",1,0.728971962616822,5.24358974358974,32.2074084095175,"MPI-M-MPI-ESM-LR_REMO2015","MPI-M-MPI-ESM-LR.09"
"5496","MPI-M-MPI-ESM-LR","REMO2015",2021,"E Midlands",1,0,0,0,"MPI-M-MPI-ESM-LR_REMO2015","MPI-M-MPI-ESM-LR.09"
"5497","MPI-M-MPI-ESM-LR","REMO2015",2022,"E Midlands",1,0.0560747663551402,3,31.5769143634372,"MPI-M-MPI-ESM-LR_REMO2015","MPI-M-MPI-ESM-LR.09"
"5498","MPI-M-MPI-ESM-LR","REMO2015",2023,"E Midlands",1,0.0186915887850467,3,30.846293926239,"MPI-M-MPI-ESM-LR_REMO2015","MPI-M-MPI-ESM-LR.09"
"5499","MPI-M-MPI-ESM-LR","REMO2015",2024,"E Midlands",1,0,0,0,"MPI-M-MPI-ESM-LR_REMO2015","MPI-M-MPI-ESM-LR.09"
"5500","MPI-M-MPI-ESM-LR","REMO2015",2025,"E Midlands",1,0.0186915887850467,3,30.6304197311401,"MPI-M-MPI-ESM-LR_REMO2015","MPI-M-MPI-ESM-LR.09"
"5501","MPI-M-MPI-ESM-LR","REMO2015",2026,"E Midlands",1,0,0,0,"MPI-M-MPI-ESM-LR_REMO2015","MPI-M-MPI-ESM-LR.09"
"5502","MPI-M-MPI-ESM-LR","REMO2015",2027,"E Midlands",1,0,0,0,"MPI-M-MPI-ESM-LR_REMO2015","MPI-M-MPI-ESM-LR.09"
"5503","MPI-M-MPI-ESM-LR","REMO2015",2028,"E Midlands",1,0.514018691588785,3.03636363636364,31.0881081841209,"MPI-M-MPI-ESM-LR_REMO2015","MPI-M-MPI-ESM-LR.09"
"5504","MPI-M-MPI-ESM-LR","REMO2015",2029,"E Midlands",1,0,0,0,"MPI-M-MPI-ESM-LR_REMO2015","MPI-M-MPI-ESM-LR.09"
"5505","MPI-M-MPI-ESM-LR","REMO2015",2030,"E Midlands",1,0.850467289719626,4.31868131868132,31.9470885346661,"MPI-M-MPI-ESM-LR_REMO2015","MPI-M-MPI-ESM-LR.09"
"5506","MPI-M-MPI-ESM-LR","REMO2015",2031,"E Midlands",1,0,0,0,"MPI-M-MPI-ESM-LR_REMO2015","MPI-M-MPI-ESM-LR.09"
"5507","MPI-M-MPI-ESM-LR","REMO2015",2032,"E Midlands",1,0.0280373831775701,3,31.859838909573,"MPI-M-MPI-ESM-LR_REMO2015","MPI-M-MPI-ESM-LR.09"
"5508","MPI-M-MPI-ESM-LR","REMO2015",2033,"E Midlands",1,0,0,0,"MPI-M-MPI-ESM-LR_REMO2015","MPI-M-MPI-ESM-LR.09"
"5509","MPI-M-MPI-ESM-LR","REMO2015",2034,"E Midlands",1,0,0,0,"MPI-M-MPI-ESM-LR_REMO2015","MPI-M-MPI-ESM-LR.09"
"5510","MPI-M-MPI-ESM-LR","REMO2015",2035,"E Midlands",1,0.878504672897196,4.88297872340426,32.3648643891017,"MPI-M-MPI-ESM-LR_REMO2015","MPI-M-MPI-ESM-LR.09"
"5511","MPI-M-MPI-ESM-LR","REMO2015",2036,"E Midlands",1,0,0,0,"MPI-M-MPI-ESM-LR_REMO2015","MPI-M-MPI-ESM-LR.09"
"5512","MPI-M-MPI-ESM-LR","REMO2015",2037,"E Midlands",1,0,0,0,"MPI-M-MPI-ESM-LR_REMO2015","MPI-M-MPI-ESM-LR.09"
"5513","MPI-M-MPI-ESM-LR","REMO2015",2038,"E Midlands",1,0.0467289719626168,3,32.1259616851807,"MPI-M-MPI-ESM-LR_REMO2015","MPI-M-MPI-ESM-LR.09"
"5514","MPI-M-MPI-ESM-LR","REMO2015",2039,"E Midlands",1,0,0,0,"MPI-M-MPI-ESM-LR_REMO2015","MPI-M-MPI-ESM-LR.09"
"5515","MPI-M-MPI-ESM-LR","REMO2015",2040,"E Midlands",1,0.0467289719626168,3,30.8118560155233,"MPI-M-MPI-ESM-LR_REMO2015","MPI-M-MPI-ESM-LR.09"
"5516","MPI-M-MPI-ESM-LR","REMO2015",2041,"E Midlands",1,0,0,0,"MPI-M-MPI-ESM-LR_REMO2015","MPI-M-MPI-ESM-LR.09"
"5517","MPI-M-MPI-ESM-LR","REMO2015",2042,"E Midlands",1,0,0,0,"MPI-M-MPI-ESM-LR_REMO2015","MPI-M-MPI-ESM-LR.09"
"5518","MPI-M-MPI-ESM-LR","REMO2015",2043,"E Midlands",1,0.588785046728972,3,33.1450898407628,"MPI-M-MPI-ESM-LR_REMO2015","MPI-M-MPI-ESM-LR.09"
"5519","MPI-M-MPI-ESM-LR","REMO2015",2044,"E Midlands",1,0,0,0,"MPI-M-MPI-ESM-LR_REMO2015","MPI-M-MPI-ESM-LR.09"
"5520","MPI-M-MPI-ESM-LR","REMO2015",2045,"E Midlands",1,0,0,0,"MPI-M-MPI-ESM-LR_REMO2015","MPI-M-MPI-ESM-LR.09"
"5521","MPI-M-MPI-ESM-LR","REMO2015",2046,"E Midlands",1,0,0,0,"MPI-M-MPI-ESM-LR_REMO2015","MPI-M-MPI-ESM-LR.09"
"5522","MPI-M-MPI-ESM-LR","REMO2015",2047,"E Midlands",1,0,0,0,"MPI-M-MPI-ESM-LR_REMO2015","MPI-M-MPI-ESM-LR.09"
"5523","MPI-M-MPI-ESM-LR","REMO2015",2048,"E Midlands",1,0,0,0,"MPI-M-MPI-ESM-LR_REMO2015","MPI-M-MPI-ESM-LR.09"
"5524","MPI-M-MPI-ESM-LR","REMO2015",2049,"E Midlands",1,0,0,0,"MPI-M-MPI-ESM-LR_REMO2015","MPI-M-MPI-ESM-LR.09"
"5525","MPI-M-MPI-ESM-LR","REMO2015",2050,"E Midlands",1,0,0,0,"MPI-M-MPI-ESM-LR_REMO2015","MPI-M-MPI-ESM-LR.09"
"5526","MPI-M-MPI-ESM-LR","REMO2015",2051,"E Midlands",1,1.06542056074766,8.42982456140351,33.6383607983616,"MPI-M-MPI-ESM-LR_REMO2015","MPI-M-MPI-ESM-LR.09"
"5527","MPI-M-MPI-ESM-LR","REMO2015",2052,"E Midlands",1,0,0,0,"MPI-M-MPI-ESM-LR_REMO2015","MPI-M-MPI-ESM-LR.09"
"5528","MPI-M-MPI-ESM-LR","REMO2015",2053,"E Midlands",1,1.72897196261682,3.38378378378378,33.4926343892072,"MPI-M-MPI-ESM-LR_REMO2015","MPI-M-MPI-ESM-LR.09"
"5529","MPI-M-MPI-ESM-LR","REMO2015",2054,"E Midlands",1,0.00934579439252336,3,30.8879356384277,"MPI-M-MPI-ESM-LR_REMO2015","MPI-M-MPI-ESM-LR.09"
"5530","MPI-M-MPI-ESM-LR","REMO2015",2055,"E Midlands",1,0,0,0,"MPI-M-MPI-ESM-LR_REMO2015","MPI-M-MPI-ESM-LR.09"
"5531","MPI-M-MPI-ESM-LR","REMO2015",2056,"E Midlands",1,0.317757009345794,3,31.5825933755613,"MPI-M-MPI-ESM-LR_REMO2015","MPI-M-MPI-ESM-LR.09"
"5532","MPI-M-MPI-ESM-LR","REMO2015",2057,"E Midlands",1,0,0,0,"MPI-M-MPI-ESM-LR_REMO2015","MPI-M-MPI-ESM-LR.09"
"5533","MPI-M-MPI-ESM-LR","REMO2015",2058,"E Midlands",1,0,0,0,"MPI-M-MPI-ESM-LR_REMO2015","MPI-M-MPI-ESM-LR.09"
"5534","MPI-M-MPI-ESM-LR","REMO2015",2059,"E Midlands",1,0,0,0,"MPI-M-MPI-ESM-LR_REMO2015","MPI-M-MPI-ESM-LR.09"
"5535","MPI-M-MPI-ESM-LR","REMO2015",2060,"E Midlands",1,0,0,0,"MPI-M-MPI-ESM-LR_REMO2015","MPI-M-MPI-ESM-LR.09"
"5536","MPI-M-MPI-ESM-LR","REMO2015",2061,"E Midlands",1,0,0,0,"MPI-M-MPI-ESM-LR_REMO2015","MPI-M-MPI-ESM-LR.09"
"5537","MPI-M-MPI-ESM-LR","REMO2015",2062,"E Midlands",1,0.831775700934579,4.80898876404494,32.5668410095829,"MPI-M-MPI-ESM-LR_REMO2015","MPI-M-MPI-ESM-LR.09"
"5538","MPI-M-MPI-ESM-LR","REMO2015",2063,"E Midlands",1,0,0,0,"MPI-M-MPI-ESM-LR_REMO2015","MPI-M-MPI-ESM-LR.09"
"5539","MPI-M-MPI-ESM-LR","REMO2015",2064,"E Midlands",1,0.897196261682243,3.1875,32.8173526508941,"MPI-M-MPI-ESM-LR_REMO2015","MPI-M-MPI-ESM-LR.09"
"5540","MPI-M-MPI-ESM-LR","REMO2015",2065,"E Midlands",1,0,0,0,"MPI-M-MPI-ESM-LR_REMO2015","MPI-M-MPI-ESM-LR.09"
"5541","MPI-M-MPI-ESM-LR","REMO2015",2066,"E Midlands",1,0,0,0,"MPI-M-MPI-ESM-LR_REMO2015","MPI-M-MPI-ESM-LR.09"
"5542","MPI-M-MPI-ESM-LR","REMO2015",2067,"E Midlands",1,0.0186915887850467,3,30.6639669736226,"MPI-M-MPI-ESM-LR_REMO2015","MPI-M-MPI-ESM-LR.09"
"5543","MPI-M-MPI-ESM-LR","REMO2015",2068,"E Midlands",1,1.07476635514019,3.85217391304348,31.5152015497373,"MPI-M-MPI-ESM-LR_REMO2015","MPI-M-MPI-ESM-LR.09"
"5544","MPI-M-MPI-ESM-LR","REMO2015",2069,"E Midlands",1,0,0,0,"MPI-M-MPI-ESM-LR_REMO2015","MPI-M-MPI-ESM-LR.09"
"5545","MPI-M-MPI-ESM-LR","REMO2015",2070,"E Midlands",1,0,0,0,"MPI-M-MPI-ESM-LR_REMO2015","MPI-M-MPI-ESM-LR.09"
"5546","MPI-M-MPI-ESM-LR","REMO2015",2071,"E Midlands",1,0.233644859813084,3,31.977997639974,"MPI-M-MPI-ESM-LR_REMO2015","MPI-M-MPI-ESM-LR.09"
"5547","MPI-M-MPI-ESM-LR","REMO2015",2072,"E Midlands",1,0,0,0,"MPI-M-MPI-ESM-LR_REMO2015","MPI-M-MPI-ESM-LR.09"
"5548","MPI-M-MPI-ESM-LR","REMO2015",2073,"E Midlands",1,0,0,0,"MPI-M-MPI-ESM-LR_REMO2015","MPI-M-MPI-ESM-LR.09"
"5549","MPI-M-MPI-ESM-LR","REMO2015",2074,"E Midlands",1,0,0,0,"MPI-M-MPI-ESM-LR_REMO2015","MPI-M-MPI-ESM-LR.09"
"5550","MPI-M-MPI-ESM-LR","REMO2015",2075,"E Midlands",1,0.850467289719626,3,32.9300775632753,"MPI-M-MPI-ESM-LR_REMO2015","MPI-M-MPI-ESM-LR.09"
"5551","MPI-M-MPI-ESM-LR","REMO2015",2076,"E Midlands",1,0.373831775700935,3.675,30.7509901181857,"MPI-M-MPI-ESM-LR_REMO2015","MPI-M-MPI-ESM-LR.09"
"5552","MPI-M-MPI-ESM-LR","REMO2015",2077,"E Midlands",1,0,0,0,"MPI-M-MPI-ESM-LR_REMO2015","MPI-M-MPI-ESM-LR.09"
"5553","MPI-M-MPI-ESM-LR","REMO2015",2078,"E Midlands",1,0.598130841121495,4.140625,31.5389212332311,"MPI-M-MPI-ESM-LR_REMO2015","MPI-M-MPI-ESM-LR.09"
"5554","MPI-M-MPI-ESM-LR","REMO2015",2079,"E Midlands",1,0.439252336448598,3.82978723404255,31.9558016823901,"MPI-M-MPI-ESM-LR_REMO2015","MPI-M-MPI-ESM-LR.09"
"5555","MPI-M-MPI-ESM-LR","REMO2015",2080,"E Midlands",1,0.841121495327103,6.06666666666667,32.9274535350699,"MPI-M-MPI-ESM-LR_REMO2015","MPI-M-MPI-ESM-LR.09"
"5556","NCC-NorESM1-M","ALADIN63",1980,"E Midlands",1,0,0,0,"NCC-NorESM1-M_ALADIN63","NCC-NorESM1-M.01"
"5557","NCC-NorESM1-M","ALADIN63",1981,"E Midlands",1,0,0,0,"NCC-NorESM1-M_ALADIN63","NCC-NorESM1-M.01"
"5558","NCC-NorESM1-M","ALADIN63",1982,"E Midlands",1,0,0,0,"NCC-NorESM1-M_ALADIN63","NCC-NorESM1-M.01"
"5559","NCC-NorESM1-M","ALADIN63",1983,"E Midlands",1,0.0186915887850467,3,32.0139191945394,"NCC-NorESM1-M_ALADIN63","NCC-NorESM1-M.01"
"5560","NCC-NorESM1-M","ALADIN63",1984,"E Midlands",1,0,0,0,"NCC-NorESM1-M_ALADIN63","NCC-NorESM1-M.01"
"5561","NCC-NorESM1-M","ALADIN63",1985,"E Midlands",1,0,0,0,"NCC-NorESM1-M_ALADIN63","NCC-NorESM1-M.01"
"5562","NCC-NorESM1-M","ALADIN63",1986,"E Midlands",1,0,0,0,"NCC-NorESM1-M_ALADIN63","NCC-NorESM1-M.01"
"5563","NCC-NorESM1-M","ALADIN63",1987,"E Midlands",1,0,0,0,"NCC-NorESM1-M_ALADIN63","NCC-NorESM1-M.01"
"5564","NCC-NorESM1-M","ALADIN63",1988,"E Midlands",1,0,0,0,"NCC-NorESM1-M_ALADIN63","NCC-NorESM1-M.01"
"5565","NCC-NorESM1-M","ALADIN63",1989,"E Midlands",1,0,0,0,"NCC-NorESM1-M_ALADIN63","NCC-NorESM1-M.01"
"5566","NCC-NorESM1-M","ALADIN63",1990,"E Midlands",1,0,0,0,"NCC-NorESM1-M_ALADIN63","NCC-NorESM1-M.01"
"5567","NCC-NorESM1-M","ALADIN63",1991,"E Midlands",1,0,0,0,"NCC-NorESM1-M_ALADIN63","NCC-NorESM1-M.01"
"5568","NCC-NorESM1-M","ALADIN63",1992,"E Midlands",1,0,0,0,"NCC-NorESM1-M_ALADIN63","NCC-NorESM1-M.01"
"5569","NCC-NorESM1-M","ALADIN63",1993,"E Midlands",1,0,0,0,"NCC-NorESM1-M_ALADIN63","NCC-NorESM1-M.01"
"5570","NCC-NorESM1-M","ALADIN63",1994,"E Midlands",1,0,0,0,"NCC-NorESM1-M_ALADIN63","NCC-NorESM1-M.01"
"5571","NCC-NorESM1-M","ALADIN63",1995,"E Midlands",1,0,0,0,"NCC-NorESM1-M_ALADIN63","NCC-NorESM1-M.01"
"5572","NCC-NorESM1-M","ALADIN63",1996,"E Midlands",1,0,0,0,"NCC-NorESM1-M_ALADIN63","NCC-NorESM1-M.01"
"5573","NCC-NorESM1-M","ALADIN63",1997,"E Midlands",1,0,0,0,"NCC-NorESM1-M_ALADIN63","NCC-NorESM1-M.01"
"5574","NCC-NorESM1-M","ALADIN63",1998,"E Midlands",1,0,0,0,"NCC-NorESM1-M_ALADIN63","NCC-NorESM1-M.01"
"5575","NCC-NorESM1-M","ALADIN63",1999,"E Midlands",1,0,0,0,"NCC-NorESM1-M_ALADIN63","NCC-NorESM1-M.01"
"5576","NCC-NorESM1-M","ALADIN63",2000,"E Midlands",1,0,0,0,"NCC-NorESM1-M_ALADIN63","NCC-NorESM1-M.01"
"5577","NCC-NorESM1-M","ALADIN63",2001,"E Midlands",1,0.925233644859813,3.17171717171717,34.2858332672504,"NCC-NorESM1-M_ALADIN63","NCC-NorESM1-M.01"
"5578","NCC-NorESM1-M","ALADIN63",2002,"E Midlands",1,0,0,0,"NCC-NorESM1-M_ALADIN63","NCC-NorESM1-M.01"
"5579","NCC-NorESM1-M","ALADIN63",2003,"E Midlands",1,0,0,0,"NCC-NorESM1-M_ALADIN63","NCC-NorESM1-M.01"
"5580","NCC-NorESM1-M","ALADIN63",2004,"E Midlands",1,0,0,0,"NCC-NorESM1-M_ALADIN63","NCC-NorESM1-M.01"
"5581","NCC-NorESM1-M","ALADIN63",2005,"E Midlands",1,0,0,0,"NCC-NorESM1-M_ALADIN63","NCC-NorESM1-M.01"
"5582","NCC-NorESM1-M","ALADIN63",2006,"E Midlands",1,0,0,0,"NCC-NorESM1-M_ALADIN63","NCC-NorESM1-M.01"
"5583","NCC-NorESM1-M","ALADIN63",2007,"E Midlands",1,0,0,0,"NCC-NorESM1-M_ALADIN63","NCC-NorESM1-M.01"
"5584","NCC-NorESM1-M","ALADIN63",2008,"E Midlands",1,0,0,0,"NCC-NorESM1-M_ALADIN63","NCC-NorESM1-M.01"
"5585","NCC-NorESM1-M","ALADIN63",2009,"E Midlands",1,0,0,0,"NCC-NorESM1-M_ALADIN63","NCC-NorESM1-M.01"
"5586","NCC-NorESM1-M","ALADIN63",2010,"E Midlands",1,0.429906542056075,4.06521739130435,32.0848715208579,"NCC-NorESM1-M_ALADIN63","NCC-NorESM1-M.01"
"5587","NCC-NorESM1-M","ALADIN63",2011,"E Midlands",1,0,0,0,"NCC-NorESM1-M_ALADIN63","NCC-NorESM1-M.01"
"5588","NCC-NorESM1-M","ALADIN63",2012,"E Midlands",1,0,0,0,"NCC-NorESM1-M_ALADIN63","NCC-NorESM1-M.01"
"5589","NCC-NorESM1-M","ALADIN63",2013,"E Midlands",1,0,0,0,"NCC-NorESM1-M_ALADIN63","NCC-NorESM1-M.01"
"5590","NCC-NorESM1-M","ALADIN63",2014,"E Midlands",1,0,0,0,"NCC-NorESM1-M_ALADIN63","NCC-NorESM1-M.01"
"5591","NCC-NorESM1-M","ALADIN63",2015,"E Midlands",1,0,0,0,"NCC-NorESM1-M_ALADIN63","NCC-NorESM1-M.01"
"5592","NCC-NorESM1-M","ALADIN63",2016,"E Midlands",1,0,0,0,"NCC-NorESM1-M_ALADIN63","NCC-NorESM1-M.01"
"5593","NCC-NorESM1-M","ALADIN63",2017,"E Midlands",1,0.570093457943925,4.9344262295082,35.9817584702226,"NCC-NorESM1-M_ALADIN63","NCC-NorESM1-M.01"
"5594","NCC-NorESM1-M","ALADIN63",2018,"E Midlands",1,0,0,0,"NCC-NorESM1-M_ALADIN63","NCC-NorESM1-M.01"
"5595","NCC-NorESM1-M","ALADIN63",2019,"E Midlands",1,0,0,0,"NCC-NorESM1-M_ALADIN63","NCC-NorESM1-M.01"
"5596","NCC-NorESM1-M","ALADIN63",2020,"E Midlands",1,0,0,0,"NCC-NorESM1-M_ALADIN63","NCC-NorESM1-M.01"
"5597","NCC-NorESM1-M","ALADIN63",2021,"E Midlands",1,0,0,0,"NCC-NorESM1-M_ALADIN63","NCC-NorESM1-M.01"
"5598","NCC-NorESM1-M","ALADIN63",2022,"E Midlands",1,0,0,0,"NCC-NorESM1-M_ALADIN63","NCC-NorESM1-M.01"
"5599","NCC-NorESM1-M","ALADIN63",2023,"E Midlands",1,0,0,0,"NCC-NorESM1-M_ALADIN63","NCC-NorESM1-M.01"
"5600","NCC-NorESM1-M","ALADIN63",2024,"E Midlands",1,0,0,0,"NCC-NorESM1-M_ALADIN63","NCC-NorESM1-M.01"
"5601","NCC-NorESM1-M","ALADIN63",2025,"E Midlands",1,0.0560747663551402,3,30.6219886673821,"NCC-NorESM1-M_ALADIN63","NCC-NorESM1-M.01"
"5602","NCC-NorESM1-M","ALADIN63",2026,"E Midlands",1,0,0,0,"NCC-NorESM1-M_ALADIN63","NCC-NorESM1-M.01"
"5603","NCC-NorESM1-M","ALADIN63",2027,"E Midlands",1,1.21495327102804,4.54615384615385,32.4626801206079,"NCC-NorESM1-M_ALADIN63","NCC-NorESM1-M.01"
"5604","NCC-NorESM1-M","ALADIN63",2028,"E Midlands",1,0,0,0,"NCC-NorESM1-M_ALADIN63","NCC-NorESM1-M.01"
"5605","NCC-NorESM1-M","ALADIN63",2029,"E Midlands",1,0.121495327102804,3,32.4436082595434,"NCC-NorESM1-M_ALADIN63","NCC-NorESM1-M.01"
"5606","NCC-NorESM1-M","ALADIN63",2030,"E Midlands",1,0,0,0,"NCC-NorESM1-M_ALADIN63","NCC-NorESM1-M.01"
"5607","NCC-NorESM1-M","ALADIN63",2031,"E Midlands",1,0,0,0,"NCC-NorESM1-M_ALADIN63","NCC-NorESM1-M.01"
"5608","NCC-NorESM1-M","ALADIN63",2032,"E Midlands",1,0.0186915887850467,3,33.2543916702271,"NCC-NorESM1-M_ALADIN63","NCC-NorESM1-M.01"
"5609","NCC-NorESM1-M","ALADIN63",2033,"E Midlands",1,0.411214953271028,3,33.3291471510222,"NCC-NorESM1-M_ALADIN63","NCC-NorESM1-M.01"
"5610","NCC-NorESM1-M","ALADIN63",2034,"E Midlands",1,0,0,0,"NCC-NorESM1-M_ALADIN63","NCC-NorESM1-M.01"
"5611","NCC-NorESM1-M","ALADIN63",2035,"E Midlands",1,0,0,0,"NCC-NorESM1-M_ALADIN63","NCC-NorESM1-M.01"
"5612","NCC-NorESM1-M","ALADIN63",2036,"E Midlands",1,0,0,0,"NCC-NorESM1-M_ALADIN63","NCC-NorESM1-M.01"
"5613","NCC-NorESM1-M","ALADIN63",2037,"E Midlands",1,0,0,0,"NCC-NorESM1-M_ALADIN63","NCC-NorESM1-M.01"
"5614","NCC-NorESM1-M","ALADIN63",2038,"E Midlands",1,0,0,0,"NCC-NorESM1-M_ALADIN63","NCC-NorESM1-M.01"
"5615","NCC-NorESM1-M","ALADIN63",2039,"E Midlands",1,0,0,0,"NCC-NorESM1-M_ALADIN63","NCC-NorESM1-M.01"
"5616","NCC-NorESM1-M","ALADIN63",2040,"E Midlands",1,0,0,0,"NCC-NorESM1-M_ALADIN63","NCC-NorESM1-M.01"
"5617","NCC-NorESM1-M","ALADIN63",2041,"E Midlands",1,0.738317757009346,3.40506329113924,33.0974088469638,"NCC-NorESM1-M_ALADIN63","NCC-NorESM1-M.01"
"5618","NCC-NorESM1-M","ALADIN63",2042,"E Midlands",1,0.373831775700935,3.15,31.1798673820496,"NCC-NorESM1-M_ALADIN63","NCC-NorESM1-M.01"
"5619","NCC-NorESM1-M","ALADIN63",2043,"E Midlands",1,0.672897196261682,3.73611111111111,32.4039920311283,"NCC-NorESM1-M_ALADIN63","NCC-NorESM1-M.01"
"5620","NCC-NorESM1-M","ALADIN63",2044,"E Midlands",1,0,0,0,"NCC-NorESM1-M_ALADIN63","NCC-NorESM1-M.01"
"5621","NCC-NorESM1-M","ALADIN63",2045,"E Midlands",1,0,0,0,"NCC-NorESM1-M_ALADIN63","NCC-NorESM1-M.01"
"5622","NCC-NorESM1-M","ALADIN63",2046,"E Midlands",1,1.16822429906542,4.408,36.2431542753492,"NCC-NorESM1-M_ALADIN63","NCC-NorESM1-M.01"
"5623","NCC-NorESM1-M","ALADIN63",2047,"E Midlands",1,0,0,0,"NCC-NorESM1-M_ALADIN63","NCC-NorESM1-M.01"
"5624","NCC-NorESM1-M","ALADIN63",2048,"E Midlands",1,2.10280373831776,3.20444444444444,34.0094840296993,"NCC-NorESM1-M_ALADIN63","NCC-NorESM1-M.01"
"5625","NCC-NorESM1-M","ALADIN63",2049,"E Midlands",1,0.822429906542056,3.88636363636364,36.8233626381659,"NCC-NorESM1-M_ALADIN63","NCC-NorESM1-M.01"
"5626","NCC-NorESM1-M","ALADIN63",2050,"E Midlands",1,0,0,0,"NCC-NorESM1-M_ALADIN63","NCC-NorESM1-M.01"
"5627","NCC-NorESM1-M","ALADIN63",2051,"E Midlands",1,0,0,0,"NCC-NorESM1-M_ALADIN63","NCC-NorESM1-M.01"
"5628","NCC-NorESM1-M","ALADIN63",2052,"E Midlands",1,0,0,0,"NCC-NorESM1-M_ALADIN63","NCC-NorESM1-M.01"
"5629","NCC-NorESM1-M","ALADIN63",2053,"E Midlands",1,0,0,0,"NCC-NorESM1-M_ALADIN63","NCC-NorESM1-M.01"
"5630","NCC-NorESM1-M","ALADIN63",2054,"E Midlands",1,0.11214953271028,4,35.5419121781985,"NCC-NorESM1-M_ALADIN63","NCC-NorESM1-M.01"
"5631","NCC-NorESM1-M","ALADIN63",2055,"E Midlands",1,0.0280373831775701,3,31.1197999318441,"NCC-NorESM1-M_ALADIN63","NCC-NorESM1-M.01"
"5632","NCC-NorESM1-M","ALADIN63",2056,"E Midlands",1,0.0560747663551402,4.16666666666667,31.6843509515127,"NCC-NorESM1-M_ALADIN63","NCC-NorESM1-M.01"
"5633","NCC-NorESM1-M","ALADIN63",2057,"E Midlands",1,0.747663551401869,4.6875,32.8926986324787,"NCC-NorESM1-M_ALADIN63","NCC-NorESM1-M.01"
"5634","NCC-NorESM1-M","ALADIN63",2058,"E Midlands",1,0.962616822429907,4.30097087378641,37.0248511873017,"NCC-NorESM1-M_ALADIN63","NCC-NorESM1-M.01"
"5635","NCC-NorESM1-M","ALADIN63",2059,"E Midlands",1,1.62616822429907,3.51149425287356,32.8774491242522,"NCC-NorESM1-M_ALADIN63","NCC-NorESM1-M.01"
"5636","NCC-NorESM1-M","ALADIN63",2060,"E Midlands",1,0.738317757009346,4.0253164556962,35.0126495572585,"NCC-NorESM1-M_ALADIN63","NCC-NorESM1-M.01"
"5637","NCC-NorESM1-M","ALADIN63",2061,"E Midlands",1,0.121495327102804,3.84615384615385,34.7212461263706,"NCC-NorESM1-M_ALADIN63","NCC-NorESM1-M.01"
"5638","NCC-NorESM1-M","ALADIN63",2062,"E Midlands",1,0.401869158878505,3.25581395348837,33.457833015087,"NCC-NorESM1-M_ALADIN63","NCC-NorESM1-M.01"
"5639","NCC-NorESM1-M","ALADIN63",2063,"E Midlands",1,2.27102803738318,3.68724279835391,33.4395905463293,"NCC-NorESM1-M_ALADIN63","NCC-NorESM1-M.01"
"5640","NCC-NorESM1-M","ALADIN63",2064,"E Midlands",1,0,0,0,"NCC-NorESM1-M_ALADIN63","NCC-NorESM1-M.01"
"5641","NCC-NorESM1-M","ALADIN63",2065,"E Midlands",1,0,0,0,"NCC-NorESM1-M_ALADIN63","NCC-NorESM1-M.01"
"5642","NCC-NorESM1-M","ALADIN63",2066,"E Midlands",1,0.869158878504673,3.46236559139785,33.1890913778736,"NCC-NorESM1-M_ALADIN63","NCC-NorESM1-M.01"
"5643","NCC-NorESM1-M","ALADIN63",2067,"E Midlands",1,1.04672897196262,3.23214285714286,32.2633837752399,"NCC-NorESM1-M_ALADIN63","NCC-NorESM1-M.01"
"5644","NCC-NorESM1-M","ALADIN63",2068,"E Midlands",1,0.0560747663551402,3,30.8179558648003,"NCC-NorESM1-M_ALADIN63","NCC-NorESM1-M.01"
"5645","NCC-NorESM1-M","ALADIN63",2069,"E Midlands",1,0.0467289719626168,4,32.4807651042938,"NCC-NorESM1-M_ALADIN63","NCC-NorESM1-M.01"
"5646","NCC-NorESM1-M","ALADIN63",2070,"E Midlands",1,0.710280373831776,3.42105263157895,33.1879391909243,"NCC-NorESM1-M_ALADIN63","NCC-NorESM1-M.01"
"5647","NCC-NorESM1-M","ALADIN63",2071,"E Midlands",1,0.336448598130841,3.55555555555556,32.0488243897756,"NCC-NorESM1-M_ALADIN63","NCC-NorESM1-M.01"
"5648","NCC-NorESM1-M","ALADIN63",2072,"E Midlands",1,0.813084112149533,5.39080459770115,33.8787529084874,"NCC-NorESM1-M_ALADIN63","NCC-NorESM1-M.01"
"5649","NCC-NorESM1-M","ALADIN63",2073,"E Midlands",1,0.149532710280374,3,33.3787173430125,"NCC-NorESM1-M_ALADIN63","NCC-NorESM1-M.01"
"5650","NCC-NorESM1-M","ALADIN63",2074,"E Midlands",1,0.261682242990654,3.25,30.6577687149956,"NCC-NorESM1-M_ALADIN63","NCC-NorESM1-M.01"
"5651","NCC-NorESM1-M","ALADIN63",2075,"E Midlands",1,0.0560747663551402,3,31.8266978263855,"NCC-NorESM1-M_ALADIN63","NCC-NorESM1-M.01"
"5652","NCC-NorESM1-M","ALADIN63",2076,"E Midlands",1,1.8785046728972,4.33830845771144,33.475943443996,"NCC-NorESM1-M_ALADIN63","NCC-NorESM1-M.01"
"5653","NCC-NorESM1-M","ALADIN63",2077,"E Midlands",1,1.62616822429907,3.99425287356322,33.0362393318922,"NCC-NorESM1-M_ALADIN63","NCC-NorESM1-M.01"
"5654","NCC-NorESM1-M","ALADIN63",2078,"E Midlands",1,0,0,0,"NCC-NorESM1-M_ALADIN63","NCC-NorESM1-M.01"
"5655","NCC-NorESM1-M","ALADIN63",2079,"E Midlands",1,0,0,0,"NCC-NorESM1-M_ALADIN63","NCC-NorESM1-M.01"
"5656","NCC-NorESM1-M","ALADIN63",2080,"E Midlands",1,1.42990654205607,4.18954248366013,32.9287661358162,"NCC-NorESM1-M_ALADIN63","NCC-NorESM1-M.01"
"5657","NCC-NorESM1-M","COSMO-crCLIM-v1-1",1980,"E Midlands",1,0,0,0,"NCC-NorESM1-M_COSMO-crCLIM-v1-1","NCC-NorESM1-M.02"
"5658","NCC-NorESM1-M","COSMO-crCLIM-v1-1",1981,"E Midlands",1,0,0,0,"NCC-NorESM1-M_COSMO-crCLIM-v1-1","NCC-NorESM1-M.02"
"5659","NCC-NorESM1-M","COSMO-crCLIM-v1-1",1982,"E Midlands",1,0,0,0,"NCC-NorESM1-M_COSMO-crCLIM-v1-1","NCC-NorESM1-M.02"
"5660","NCC-NorESM1-M","COSMO-crCLIM-v1-1",1983,"E Midlands",1,0,0,0,"NCC-NorESM1-M_COSMO-crCLIM-v1-1","NCC-NorESM1-M.02"
"5661","NCC-NorESM1-M","COSMO-crCLIM-v1-1",1984,"E Midlands",1,0,0,0,"NCC-NorESM1-M_COSMO-crCLIM-v1-1","NCC-NorESM1-M.02"
"5662","NCC-NorESM1-M","COSMO-crCLIM-v1-1",1985,"E Midlands",1,0,0,0,"NCC-NorESM1-M_COSMO-crCLIM-v1-1","NCC-NorESM1-M.02"
"5663","NCC-NorESM1-M","COSMO-crCLIM-v1-1",1986,"E Midlands",1,0,0,0,"NCC-NorESM1-M_COSMO-crCLIM-v1-1","NCC-NorESM1-M.02"
"5664","NCC-NorESM1-M","COSMO-crCLIM-v1-1",1987,"E Midlands",1,0,0,0,"NCC-NorESM1-M_COSMO-crCLIM-v1-1","NCC-NorESM1-M.02"
"5665","NCC-NorESM1-M","COSMO-crCLIM-v1-1",1988,"E Midlands",1,0,0,0,"NCC-NorESM1-M_COSMO-crCLIM-v1-1","NCC-NorESM1-M.02"
"5666","NCC-NorESM1-M","COSMO-crCLIM-v1-1",1989,"E Midlands",1,0,0,0,"NCC-NorESM1-M_COSMO-crCLIM-v1-1","NCC-NorESM1-M.02"
"5667","NCC-NorESM1-M","COSMO-crCLIM-v1-1",1990,"E Midlands",1,0,0,0,"NCC-NorESM1-M_COSMO-crCLIM-v1-1","NCC-NorESM1-M.02"
"5668","NCC-NorESM1-M","COSMO-crCLIM-v1-1",1991,"E Midlands",1,0,0,0,"NCC-NorESM1-M_COSMO-crCLIM-v1-1","NCC-NorESM1-M.02"
"5669","NCC-NorESM1-M","COSMO-crCLIM-v1-1",1992,"E Midlands",1,0,0,0,"NCC-NorESM1-M_COSMO-crCLIM-v1-1","NCC-NorESM1-M.02"
"5670","NCC-NorESM1-M","COSMO-crCLIM-v1-1",1993,"E Midlands",1,0,0,0,"NCC-NorESM1-M_COSMO-crCLIM-v1-1","NCC-NorESM1-M.02"
"5671","NCC-NorESM1-M","COSMO-crCLIM-v1-1",1994,"E Midlands",1,0,0,0,"NCC-NorESM1-M_COSMO-crCLIM-v1-1","NCC-NorESM1-M.02"
"5672","NCC-NorESM1-M","COSMO-crCLIM-v1-1",1995,"E Midlands",1,0,0,0,"NCC-NorESM1-M_COSMO-crCLIM-v1-1","NCC-NorESM1-M.02"
"5673","NCC-NorESM1-M","COSMO-crCLIM-v1-1",1996,"E Midlands",1,0,0,0,"NCC-NorESM1-M_COSMO-crCLIM-v1-1","NCC-NorESM1-M.02"
"5674","NCC-NorESM1-M","COSMO-crCLIM-v1-1",1997,"E Midlands",1,0,0,0,"NCC-NorESM1-M_COSMO-crCLIM-v1-1","NCC-NorESM1-M.02"
"5675","NCC-NorESM1-M","COSMO-crCLIM-v1-1",1998,"E Midlands",1,0,0,0,"NCC-NorESM1-M_COSMO-crCLIM-v1-1","NCC-NorESM1-M.02"
"5676","NCC-NorESM1-M","COSMO-crCLIM-v1-1",1999,"E Midlands",1,0,0,0,"NCC-NorESM1-M_COSMO-crCLIM-v1-1","NCC-NorESM1-M.02"
"5677","NCC-NorESM1-M","COSMO-crCLIM-v1-1",2000,"E Midlands",1,0,0,0,"NCC-NorESM1-M_COSMO-crCLIM-v1-1","NCC-NorESM1-M.02"
"5678","NCC-NorESM1-M","COSMO-crCLIM-v1-1",2001,"E Midlands",1,0,0,0,"NCC-NorESM1-M_COSMO-crCLIM-v1-1","NCC-NorESM1-M.02"
"5679","NCC-NorESM1-M","COSMO-crCLIM-v1-1",2002,"E Midlands",1,0,0,0,"NCC-NorESM1-M_COSMO-crCLIM-v1-1","NCC-NorESM1-M.02"
"5680","NCC-NorESM1-M","COSMO-crCLIM-v1-1",2003,"E Midlands",1,0,0,0,"NCC-NorESM1-M_COSMO-crCLIM-v1-1","NCC-NorESM1-M.02"
"5681","NCC-NorESM1-M","COSMO-crCLIM-v1-1",2004,"E Midlands",1,0,0,0,"NCC-NorESM1-M_COSMO-crCLIM-v1-1","NCC-NorESM1-M.02"
"5682","NCC-NorESM1-M","COSMO-crCLIM-v1-1",2005,"E Midlands",1,0,0,0,"NCC-NorESM1-M_COSMO-crCLIM-v1-1","NCC-NorESM1-M.02"
"5683","NCC-NorESM1-M","COSMO-crCLIM-v1-1",2006,"E Midlands",1,0,0,0,"NCC-NorESM1-M_COSMO-crCLIM-v1-1","NCC-NorESM1-M.02"
"5684","NCC-NorESM1-M","COSMO-crCLIM-v1-1",2007,"E Midlands",1,0,0,0,"NCC-NorESM1-M_COSMO-crCLIM-v1-1","NCC-NorESM1-M.02"
"5685","NCC-NorESM1-M","COSMO-crCLIM-v1-1",2008,"E Midlands",1,0,0,0,"NCC-NorESM1-M_COSMO-crCLIM-v1-1","NCC-NorESM1-M.02"
"5686","NCC-NorESM1-M","COSMO-crCLIM-v1-1",2009,"E Midlands",1,0,0,0,"NCC-NorESM1-M_COSMO-crCLIM-v1-1","NCC-NorESM1-M.02"
"5687","NCC-NorESM1-M","COSMO-crCLIM-v1-1",2010,"E Midlands",1,0,0,0,"NCC-NorESM1-M_COSMO-crCLIM-v1-1","NCC-NorESM1-M.02"
"5688","NCC-NorESM1-M","COSMO-crCLIM-v1-1",2011,"E Midlands",1,0,0,0,"NCC-NorESM1-M_COSMO-crCLIM-v1-1","NCC-NorESM1-M.02"
"5689","NCC-NorESM1-M","COSMO-crCLIM-v1-1",2012,"E Midlands",1,0,0,0,"NCC-NorESM1-M_COSMO-crCLIM-v1-1","NCC-NorESM1-M.02"
"5690","NCC-NorESM1-M","COSMO-crCLIM-v1-1",2013,"E Midlands",1,0,0,0,"NCC-NorESM1-M_COSMO-crCLIM-v1-1","NCC-NorESM1-M.02"
"5691","NCC-NorESM1-M","COSMO-crCLIM-v1-1",2014,"E Midlands",1,0,0,0,"NCC-NorESM1-M_COSMO-crCLIM-v1-1","NCC-NorESM1-M.02"
"5692","NCC-NorESM1-M","COSMO-crCLIM-v1-1",2015,"E Midlands",1,0,0,0,"NCC-NorESM1-M_COSMO-crCLIM-v1-1","NCC-NorESM1-M.02"
"5693","NCC-NorESM1-M","COSMO-crCLIM-v1-1",2016,"E Midlands",1,0,0,0,"NCC-NorESM1-M_COSMO-crCLIM-v1-1","NCC-NorESM1-M.02"
"5694","NCC-NorESM1-M","COSMO-crCLIM-v1-1",2017,"E Midlands",1,0,0,0,"NCC-NorESM1-M_COSMO-crCLIM-v1-1","NCC-NorESM1-M.02"
"5695","NCC-NorESM1-M","COSMO-crCLIM-v1-1",2018,"E Midlands",1,0,0,0,"NCC-NorESM1-M_COSMO-crCLIM-v1-1","NCC-NorESM1-M.02"
"5696","NCC-NorESM1-M","COSMO-crCLIM-v1-1",2019,"E Midlands",1,0,0,0,"NCC-NorESM1-M_COSMO-crCLIM-v1-1","NCC-NorESM1-M.02"
"5697","NCC-NorESM1-M","COSMO-crCLIM-v1-1",2020,"E Midlands",1,0,0,0,"NCC-NorESM1-M_COSMO-crCLIM-v1-1","NCC-NorESM1-M.02"
"5698","NCC-NorESM1-M","COSMO-crCLIM-v1-1",2021,"E Midlands",1,0,0,0,"NCC-NorESM1-M_COSMO-crCLIM-v1-1","NCC-NorESM1-M.02"
"5699","NCC-NorESM1-M","COSMO-crCLIM-v1-1",2022,"E Midlands",1,0,0,0,"NCC-NorESM1-M_COSMO-crCLIM-v1-1","NCC-NorESM1-M.02"
"5700","NCC-NorESM1-M","COSMO-crCLIM-v1-1",2023,"E Midlands",1,0,0,0,"NCC-NorESM1-M_COSMO-crCLIM-v1-1","NCC-NorESM1-M.02"
"5701","NCC-NorESM1-M","COSMO-crCLIM-v1-1",2024,"E Midlands",1,0,0,0,"NCC-NorESM1-M_COSMO-crCLIM-v1-1","NCC-NorESM1-M.02"
"5702","NCC-NorESM1-M","COSMO-crCLIM-v1-1",2025,"E Midlands",1,0,0,0,"NCC-NorESM1-M_COSMO-crCLIM-v1-1","NCC-NorESM1-M.02"
"5703","NCC-NorESM1-M","COSMO-crCLIM-v1-1",2026,"E Midlands",1,0,0,0,"NCC-NorESM1-M_COSMO-crCLIM-v1-1","NCC-NorESM1-M.02"
"5704","NCC-NorESM1-M","COSMO-crCLIM-v1-1",2027,"E Midlands",1,0,0,0,"NCC-NorESM1-M_COSMO-crCLIM-v1-1","NCC-NorESM1-M.02"
"5705","NCC-NorESM1-M","COSMO-crCLIM-v1-1",2028,"E Midlands",1,0,0,0,"NCC-NorESM1-M_COSMO-crCLIM-v1-1","NCC-NorESM1-M.02"
"5706","NCC-NorESM1-M","COSMO-crCLIM-v1-1",2029,"E Midlands",1,0,0,0,"NCC-NorESM1-M_COSMO-crCLIM-v1-1","NCC-NorESM1-M.02"
"5707","NCC-NorESM1-M","COSMO-crCLIM-v1-1",2030,"E Midlands",1,0,0,0,"NCC-NorESM1-M_COSMO-crCLIM-v1-1","NCC-NorESM1-M.02"
"5708","NCC-NorESM1-M","COSMO-crCLIM-v1-1",2031,"E Midlands",1,0,0,0,"NCC-NorESM1-M_COSMO-crCLIM-v1-1","NCC-NorESM1-M.02"
"5709","NCC-NorESM1-M","COSMO-crCLIM-v1-1",2032,"E Midlands",1,0.0280373831775701,3,31.3778757519192,"NCC-NorESM1-M_COSMO-crCLIM-v1-1","NCC-NorESM1-M.02"
"5710","NCC-NorESM1-M","COSMO-crCLIM-v1-1",2033,"E Midlands",1,0,0,0,"NCC-NorESM1-M_COSMO-crCLIM-v1-1","NCC-NorESM1-M.02"
"5711","NCC-NorESM1-M","COSMO-crCLIM-v1-1",2034,"E Midlands",1,0,0,0,"NCC-NorESM1-M_COSMO-crCLIM-v1-1","NCC-NorESM1-M.02"
"5712","NCC-NorESM1-M","COSMO-crCLIM-v1-1",2035,"E Midlands",1,0,0,0,"NCC-NorESM1-M_COSMO-crCLIM-v1-1","NCC-NorESM1-M.02"
"5713","NCC-NorESM1-M","COSMO-crCLIM-v1-1",2036,"E Midlands",1,0,0,0,"NCC-NorESM1-M_COSMO-crCLIM-v1-1","NCC-NorESM1-M.02"
"5714","NCC-NorESM1-M","COSMO-crCLIM-v1-1",2037,"E Midlands",1,0,0,0,"NCC-NorESM1-M_COSMO-crCLIM-v1-1","NCC-NorESM1-M.02"
"5715","NCC-NorESM1-M","COSMO-crCLIM-v1-1",2038,"E Midlands",1,0,0,0,"NCC-NorESM1-M_COSMO-crCLIM-v1-1","NCC-NorESM1-M.02"
"5716","NCC-NorESM1-M","COSMO-crCLIM-v1-1",2039,"E Midlands",1,0,0,0,"NCC-NorESM1-M_COSMO-crCLIM-v1-1","NCC-NorESM1-M.02"
"5717","NCC-NorESM1-M","COSMO-crCLIM-v1-1",2040,"E Midlands",1,0,0,0,"NCC-NorESM1-M_COSMO-crCLIM-v1-1","NCC-NorESM1-M.02"
"5718","NCC-NorESM1-M","COSMO-crCLIM-v1-1",2041,"E Midlands",1,0,0,0,"NCC-NorESM1-M_COSMO-crCLIM-v1-1","NCC-NorESM1-M.02"
"5719","NCC-NorESM1-M","COSMO-crCLIM-v1-1",2042,"E Midlands",1,0,0,0,"NCC-NorESM1-M_COSMO-crCLIM-v1-1","NCC-NorESM1-M.02"
"5720","NCC-NorESM1-M","COSMO-crCLIM-v1-1",2043,"E Midlands",1,0,0,0,"NCC-NorESM1-M_COSMO-crCLIM-v1-1","NCC-NorESM1-M.02"
"5721","NCC-NorESM1-M","COSMO-crCLIM-v1-1",2044,"E Midlands",1,0,0,0,"NCC-NorESM1-M_COSMO-crCLIM-v1-1","NCC-NorESM1-M.02"
"5722","NCC-NorESM1-M","COSMO-crCLIM-v1-1",2045,"E Midlands",1,0,0,0,"NCC-NorESM1-M_COSMO-crCLIM-v1-1","NCC-NorESM1-M.02"
"5723","NCC-NorESM1-M","COSMO-crCLIM-v1-1",2046,"E Midlands",1,0,0,0,"NCC-NorESM1-M_COSMO-crCLIM-v1-1","NCC-NorESM1-M.02"
"5724","NCC-NorESM1-M","COSMO-crCLIM-v1-1",2047,"E Midlands",1,0,0,0,"NCC-NorESM1-M_COSMO-crCLIM-v1-1","NCC-NorESM1-M.02"
"5725","NCC-NorESM1-M","COSMO-crCLIM-v1-1",2048,"E Midlands",1,0,0,0,"NCC-NorESM1-M_COSMO-crCLIM-v1-1","NCC-NorESM1-M.02"
"5726","NCC-NorESM1-M","COSMO-crCLIM-v1-1",2049,"E Midlands",1,0,0,0,"NCC-NorESM1-M_COSMO-crCLIM-v1-1","NCC-NorESM1-M.02"
"5727","NCC-NorESM1-M","COSMO-crCLIM-v1-1",2050,"E Midlands",1,0,0,0,"NCC-NorESM1-M_COSMO-crCLIM-v1-1","NCC-NorESM1-M.02"
"5728","NCC-NorESM1-M","COSMO-crCLIM-v1-1",2051,"E Midlands",1,0,0,0,"NCC-NorESM1-M_COSMO-crCLIM-v1-1","NCC-NorESM1-M.02"
"5729","NCC-NorESM1-M","COSMO-crCLIM-v1-1",2052,"E Midlands",1,0,0,0,"NCC-NorESM1-M_COSMO-crCLIM-v1-1","NCC-NorESM1-M.02"
"5730","NCC-NorESM1-M","COSMO-crCLIM-v1-1",2053,"E Midlands",1,0,0,0,"NCC-NorESM1-M_COSMO-crCLIM-v1-1","NCC-NorESM1-M.02"
"5731","NCC-NorESM1-M","COSMO-crCLIM-v1-1",2054,"E Midlands",1,0,0,0,"NCC-NorESM1-M_COSMO-crCLIM-v1-1","NCC-NorESM1-M.02"
"5732","NCC-NorESM1-M","COSMO-crCLIM-v1-1",2055,"E Midlands",1,0,0,0,"NCC-NorESM1-M_COSMO-crCLIM-v1-1","NCC-NorESM1-M.02"
"5733","NCC-NorESM1-M","COSMO-crCLIM-v1-1",2056,"E Midlands",1,0,0,0,"NCC-NorESM1-M_COSMO-crCLIM-v1-1","NCC-NorESM1-M.02"
"5734","NCC-NorESM1-M","COSMO-crCLIM-v1-1",2057,"E Midlands",1,0,0,0,"NCC-NorESM1-M_COSMO-crCLIM-v1-1","NCC-NorESM1-M.02"
"5735","NCC-NorESM1-M","COSMO-crCLIM-v1-1",2058,"E Midlands",1,0.289719626168224,4,30.8410492097178,"NCC-NorESM1-M_COSMO-crCLIM-v1-1","NCC-NorESM1-M.02"
"5736","NCC-NorESM1-M","COSMO-crCLIM-v1-1",2059,"E Midlands",1,0,0,0,"NCC-NorESM1-M_COSMO-crCLIM-v1-1","NCC-NorESM1-M.02"
"5737","NCC-NorESM1-M","COSMO-crCLIM-v1-1",2060,"E Midlands",1,0.794392523364486,4.37647058823529,30.8368455641877,"NCC-NorESM1-M_COSMO-crCLIM-v1-1","NCC-NorESM1-M.02"
"5738","NCC-NorESM1-M","COSMO-crCLIM-v1-1",2061,"E Midlands",1,0,0,0,"NCC-NorESM1-M_COSMO-crCLIM-v1-1","NCC-NorESM1-M.02"
"5739","NCC-NorESM1-M","COSMO-crCLIM-v1-1",2062,"E Midlands",1,0,0,0,"NCC-NorESM1-M_COSMO-crCLIM-v1-1","NCC-NorESM1-M.02"
"5740","NCC-NorESM1-M","COSMO-crCLIM-v1-1",2063,"E Midlands",1,0,0,0,"NCC-NorESM1-M_COSMO-crCLIM-v1-1","NCC-NorESM1-M.02"
"5741","NCC-NorESM1-M","COSMO-crCLIM-v1-1",2064,"E Midlands",1,0,0,0,"NCC-NorESM1-M_COSMO-crCLIM-v1-1","NCC-NorESM1-M.02"
"5742","NCC-NorESM1-M","COSMO-crCLIM-v1-1",2065,"E Midlands",1,0,0,0,"NCC-NorESM1-M_COSMO-crCLIM-v1-1","NCC-NorESM1-M.02"
"5743","NCC-NorESM1-M","COSMO-crCLIM-v1-1",2066,"E Midlands",1,0,0,0,"NCC-NorESM1-M_COSMO-crCLIM-v1-1","NCC-NorESM1-M.02"
"5744","NCC-NorESM1-M","COSMO-crCLIM-v1-1",2067,"E Midlands",1,0,0,0,"NCC-NorESM1-M_COSMO-crCLIM-v1-1","NCC-NorESM1-M.02"
"5745","NCC-NorESM1-M","COSMO-crCLIM-v1-1",2068,"E Midlands",1,0,0,0,"NCC-NorESM1-M_COSMO-crCLIM-v1-1","NCC-NorESM1-M.02"
"5746","NCC-NorESM1-M","COSMO-crCLIM-v1-1",2069,"E Midlands",1,0,0,0,"NCC-NorESM1-M_COSMO-crCLIM-v1-1","NCC-NorESM1-M.02"
"5747","NCC-NorESM1-M","COSMO-crCLIM-v1-1",2070,"E Midlands",1,0,0,0,"NCC-NorESM1-M_COSMO-crCLIM-v1-1","NCC-NorESM1-M.02"
"5748","NCC-NorESM1-M","COSMO-crCLIM-v1-1",2071,"E Midlands",1,0,0,0,"NCC-NorESM1-M_COSMO-crCLIM-v1-1","NCC-NorESM1-M.02"
"5749","NCC-NorESM1-M","COSMO-crCLIM-v1-1",2072,"E Midlands",1,0,0,0,"NCC-NorESM1-M_COSMO-crCLIM-v1-1","NCC-NorESM1-M.02"
"5750","NCC-NorESM1-M","COSMO-crCLIM-v1-1",2073,"E Midlands",1,0,0,0,"NCC-NorESM1-M_COSMO-crCLIM-v1-1","NCC-NorESM1-M.02"
"5751","NCC-NorESM1-M","COSMO-crCLIM-v1-1",2074,"E Midlands",1,0,0,0,"NCC-NorESM1-M_COSMO-crCLIM-v1-1","NCC-NorESM1-M.02"
"5752","NCC-NorESM1-M","COSMO-crCLIM-v1-1",2075,"E Midlands",1,0,0,0,"NCC-NorESM1-M_COSMO-crCLIM-v1-1","NCC-NorESM1-M.02"
"5753","NCC-NorESM1-M","COSMO-crCLIM-v1-1",2076,"E Midlands",1,0,0,0,"NCC-NorESM1-M_COSMO-crCLIM-v1-1","NCC-NorESM1-M.02"
"5754","NCC-NorESM1-M","COSMO-crCLIM-v1-1",2077,"E Midlands",1,0,0,0,"NCC-NorESM1-M_COSMO-crCLIM-v1-1","NCC-NorESM1-M.02"
"5755","NCC-NorESM1-M","COSMO-crCLIM-v1-1",2078,"E Midlands",1,0,0,0,"NCC-NorESM1-M_COSMO-crCLIM-v1-1","NCC-NorESM1-M.02"
"5756","NCC-NorESM1-M","COSMO-crCLIM-v1-1",2079,"E Midlands",1,0,0,0,"NCC-NorESM1-M_COSMO-crCLIM-v1-1","NCC-NorESM1-M.02"
"5757","NCC-NorESM1-M","COSMO-crCLIM-v1-1",2080,"E Midlands",1,0,0,0,"NCC-NorESM1-M_COSMO-crCLIM-v1-1","NCC-NorESM1-M.02"
"5758","NCC-NorESM1-M","HadREM3-GA7-05",1980,"E Midlands",1,0,0,0,"NCC-NorESM1-M_HadREM3-GA7-05","NCC-NorESM1-M.03"
"5759","NCC-NorESM1-M","HadREM3-GA7-05",1981,"E Midlands",1,0,0,0,"NCC-NorESM1-M_HadREM3-GA7-05","NCC-NorESM1-M.03"
"5760","NCC-NorESM1-M","HadREM3-GA7-05",1982,"E Midlands",1,0,0,0,"NCC-NorESM1-M_HadREM3-GA7-05","NCC-NorESM1-M.03"
"5761","NCC-NorESM1-M","HadREM3-GA7-05",1983,"E Midlands",1,0,0,0,"NCC-NorESM1-M_HadREM3-GA7-05","NCC-NorESM1-M.03"
"5762","NCC-NorESM1-M","HadREM3-GA7-05",1984,"E Midlands",1,0,0,0,"NCC-NorESM1-M_HadREM3-GA7-05","NCC-NorESM1-M.03"
"5763","NCC-NorESM1-M","HadREM3-GA7-05",1985,"E Midlands",1,0,0,0,"NCC-NorESM1-M_HadREM3-GA7-05","NCC-NorESM1-M.03"
"5764","NCC-NorESM1-M","HadREM3-GA7-05",1986,"E Midlands",1,0,0,0,"NCC-NorESM1-M_HadREM3-GA7-05","NCC-NorESM1-M.03"
"5765","NCC-NorESM1-M","HadREM3-GA7-05",1987,"E Midlands",1,0,0,0,"NCC-NorESM1-M_HadREM3-GA7-05","NCC-NorESM1-M.03"
"5766","NCC-NorESM1-M","HadREM3-GA7-05",1988,"E Midlands",1,0,0,0,"NCC-NorESM1-M_HadREM3-GA7-05","NCC-NorESM1-M.03"
"5767","NCC-NorESM1-M","HadREM3-GA7-05",1989,"E Midlands",1,0,0,0,"NCC-NorESM1-M_HadREM3-GA7-05","NCC-NorESM1-M.03"
"5768","NCC-NorESM1-M","HadREM3-GA7-05",1990,"E Midlands",1,0,0,0,"NCC-NorESM1-M_HadREM3-GA7-05","NCC-NorESM1-M.03"
"5769","NCC-NorESM1-M","HadREM3-GA7-05",1991,"E Midlands",1,0,0,0,"NCC-NorESM1-M_HadREM3-GA7-05","NCC-NorESM1-M.03"
"5770","NCC-NorESM1-M","HadREM3-GA7-05",1992,"E Midlands",1,0,0,0,"NCC-NorESM1-M_HadREM3-GA7-05","NCC-NorESM1-M.03"
"5771","NCC-NorESM1-M","HadREM3-GA7-05",1993,"E Midlands",1,0,0,0,"NCC-NorESM1-M_HadREM3-GA7-05","NCC-NorESM1-M.03"
"5772","NCC-NorESM1-M","HadREM3-GA7-05",1994,"E Midlands",1,0,0,0,"NCC-NorESM1-M_HadREM3-GA7-05","NCC-NorESM1-M.03"
"5773","NCC-NorESM1-M","HadREM3-GA7-05",1995,"E Midlands",1,0,0,0,"NCC-NorESM1-M_HadREM3-GA7-05","NCC-NorESM1-M.03"
"5774","NCC-NorESM1-M","HadREM3-GA7-05",1996,"E Midlands",1,0.0841121495327103,3,31.4245788432934,"NCC-NorESM1-M_HadREM3-GA7-05","NCC-NorESM1-M.03"
"5775","NCC-NorESM1-M","HadREM3-GA7-05",1997,"E Midlands",1,0,0,0,"NCC-NorESM1-M_HadREM3-GA7-05","NCC-NorESM1-M.03"
"5776","NCC-NorESM1-M","HadREM3-GA7-05",1998,"E Midlands",1,0,0,0,"NCC-NorESM1-M_HadREM3-GA7-05","NCC-NorESM1-M.03"
"5777","NCC-NorESM1-M","HadREM3-GA7-05",1999,"E Midlands",1,0,0,0,"NCC-NorESM1-M_HadREM3-GA7-05","NCC-NorESM1-M.03"
"5778","NCC-NorESM1-M","HadREM3-GA7-05",2000,"E Midlands",1,0,0,0,"NCC-NorESM1-M_HadREM3-GA7-05","NCC-NorESM1-M.03"
"5779","NCC-NorESM1-M","HadREM3-GA7-05",2001,"E Midlands",1,0,0,0,"NCC-NorESM1-M_HadREM3-GA7-05","NCC-NorESM1-M.03"
"5780","NCC-NorESM1-M","HadREM3-GA7-05",2002,"E Midlands",1,0,0,0,"NCC-NorESM1-M_HadREM3-GA7-05","NCC-NorESM1-M.03"
"5781","NCC-NorESM1-M","HadREM3-GA7-05",2003,"E Midlands",1,0,0,0,"NCC-NorESM1-M_HadREM3-GA7-05","NCC-NorESM1-M.03"
"5782","NCC-NorESM1-M","HadREM3-GA7-05",2004,"E Midlands",1,0,0,0,"NCC-NorESM1-M_HadREM3-GA7-05","NCC-NorESM1-M.03"
"5783","NCC-NorESM1-M","HadREM3-GA7-05",2005,"E Midlands",1,0,0,0,"NCC-NorESM1-M_HadREM3-GA7-05","NCC-NorESM1-M.03"
"5784","NCC-NorESM1-M","HadREM3-GA7-05",2006,"E Midlands",1,0,0,0,"NCC-NorESM1-M_HadREM3-GA7-05","NCC-NorESM1-M.03"
"5785","NCC-NorESM1-M","HadREM3-GA7-05",2007,"E Midlands",1,0,0,0,"NCC-NorESM1-M_HadREM3-GA7-05","NCC-NorESM1-M.03"
"5786","NCC-NorESM1-M","HadREM3-GA7-05",2008,"E Midlands",1,0,0,0,"NCC-NorESM1-M_HadREM3-GA7-05","NCC-NorESM1-M.03"
"5787","NCC-NorESM1-M","HadREM3-GA7-05",2009,"E Midlands",1,0.00934579439252336,3,32.4547478357951,"NCC-NorESM1-M_HadREM3-GA7-05","NCC-NorESM1-M.03"
"5788","NCC-NorESM1-M","HadREM3-GA7-05",2010,"E Midlands",1,0,0,0,"NCC-NorESM1-M_HadREM3-GA7-05","NCC-NorESM1-M.03"
"5789","NCC-NorESM1-M","HadREM3-GA7-05",2011,"E Midlands",1,0,0,0,"NCC-NorESM1-M_HadREM3-GA7-05","NCC-NorESM1-M.03"
"5790","NCC-NorESM1-M","HadREM3-GA7-05",2012,"E Midlands",1,0,0,0,"NCC-NorESM1-M_HadREM3-GA7-05","NCC-NorESM1-M.03"
"5791","NCC-NorESM1-M","HadREM3-GA7-05",2013,"E Midlands",1,0,0,0,"NCC-NorESM1-M_HadREM3-GA7-05","NCC-NorESM1-M.03"
"5792","NCC-NorESM1-M","HadREM3-GA7-05",2014,"E Midlands",1,0,0,0,"NCC-NorESM1-M_HadREM3-GA7-05","NCC-NorESM1-M.03"
"5793","NCC-NorESM1-M","HadREM3-GA7-05",2015,"E Midlands",1,0,0,0,"NCC-NorESM1-M_HadREM3-GA7-05","NCC-NorESM1-M.03"
"5794","NCC-NorESM1-M","HadREM3-GA7-05",2016,"E Midlands",1,0,0,0,"NCC-NorESM1-M_HadREM3-GA7-05","NCC-NorESM1-M.03"
"5795","NCC-NorESM1-M","HadREM3-GA7-05",2017,"E Midlands",1,0,0,0,"NCC-NorESM1-M_HadREM3-GA7-05","NCC-NorESM1-M.03"
"5796","NCC-NorESM1-M","HadREM3-GA7-05",2018,"E Midlands",1,0,0,0,"NCC-NorESM1-M_HadREM3-GA7-05","NCC-NorESM1-M.03"
"5797","NCC-NorESM1-M","HadREM3-GA7-05",2019,"E Midlands",1,0,0,0,"NCC-NorESM1-M_HadREM3-GA7-05","NCC-NorESM1-M.03"
"5798","NCC-NorESM1-M","HadREM3-GA7-05",2020,"E Midlands",1,0,0,0,"NCC-NorESM1-M_HadREM3-GA7-05","NCC-NorESM1-M.03"
"5799","NCC-NorESM1-M","HadREM3-GA7-05",2021,"E Midlands",1,0,0,0,"NCC-NorESM1-M_HadREM3-GA7-05","NCC-NorESM1-M.03"
"5800","NCC-NorESM1-M","HadREM3-GA7-05",2022,"E Midlands",1,0,0,0,"NCC-NorESM1-M_HadREM3-GA7-05","NCC-NorESM1-M.03"
"5801","NCC-NorESM1-M","HadREM3-GA7-05",2023,"E Midlands",1,0,0,0,"NCC-NorESM1-M_HadREM3-GA7-05","NCC-NorESM1-M.03"
"5802","NCC-NorESM1-M","HadREM3-GA7-05",2024,"E Midlands",1,0,0,0,"NCC-NorESM1-M_HadREM3-GA7-05","NCC-NorESM1-M.03"
"5803","NCC-NorESM1-M","HadREM3-GA7-05",2025,"E Midlands",1,0,0,0,"NCC-NorESM1-M_HadREM3-GA7-05","NCC-NorESM1-M.03"
"5804","NCC-NorESM1-M","HadREM3-GA7-05",2026,"E Midlands",1,0,0,0,"NCC-NorESM1-M_HadREM3-GA7-05","NCC-NorESM1-M.03"
"5805","NCC-NorESM1-M","HadREM3-GA7-05",2027,"E Midlands",1,0.196261682242991,3,31.8043957967607,"NCC-NorESM1-M_HadREM3-GA7-05","NCC-NorESM1-M.03"
"5806","NCC-NorESM1-M","HadREM3-GA7-05",2028,"E Midlands",1,0,0,0,"NCC-NorESM1-M_HadREM3-GA7-05","NCC-NorESM1-M.03"
"5807","NCC-NorESM1-M","HadREM3-GA7-05",2029,"E Midlands",1,0,0,0,"NCC-NorESM1-M_HadREM3-GA7-05","NCC-NorESM1-M.03"
"5808","NCC-NorESM1-M","HadREM3-GA7-05",2030,"E Midlands",1,0,0,0,"NCC-NorESM1-M_HadREM3-GA7-05","NCC-NorESM1-M.03"
"5809","NCC-NorESM1-M","HadREM3-GA7-05",2031,"E Midlands",1,0,0,0,"NCC-NorESM1-M_HadREM3-GA7-05","NCC-NorESM1-M.03"
"5810","NCC-NorESM1-M","HadREM3-GA7-05",2032,"E Midlands",1,0,0,0,"NCC-NorESM1-M_HadREM3-GA7-05","NCC-NorESM1-M.03"
"5811","NCC-NorESM1-M","HadREM3-GA7-05",2033,"E Midlands",1,1.11214953271028,7.26890756302521,34.7665882326721,"NCC-NorESM1-M_HadREM3-GA7-05","NCC-NorESM1-M.03"
"5812","NCC-NorESM1-M","HadREM3-GA7-05",2034,"E Midlands",1,0,0,0,"NCC-NorESM1-M_HadREM3-GA7-05","NCC-NorESM1-M.03"
"5813","NCC-NorESM1-M","HadREM3-GA7-05",2035,"E Midlands",1,0,0,0,"NCC-NorESM1-M_HadREM3-GA7-05","NCC-NorESM1-M.03"
"5814","NCC-NorESM1-M","HadREM3-GA7-05",2036,"E Midlands",1,0,0,0,"NCC-NorESM1-M_HadREM3-GA7-05","NCC-NorESM1-M.03"
"5815","NCC-NorESM1-M","HadREM3-GA7-05",2037,"E Midlands",1,0.728971962616822,3.74358974358974,31.6987497653717,"NCC-NorESM1-M_HadREM3-GA7-05","NCC-NorESM1-M.03"
"5816","NCC-NorESM1-M","HadREM3-GA7-05",2038,"E Midlands",1,0,0,0,"NCC-NorESM1-M_HadREM3-GA7-05","NCC-NorESM1-M.03"
"5817","NCC-NorESM1-M","HadREM3-GA7-05",2039,"E Midlands",1,0,0,0,"NCC-NorESM1-M_HadREM3-GA7-05","NCC-NorESM1-M.03"
"5818","NCC-NorESM1-M","HadREM3-GA7-05",2040,"E Midlands",1,0,0,0,"NCC-NorESM1-M_HadREM3-GA7-05","NCC-NorESM1-M.03"
"5819","NCC-NorESM1-M","HadREM3-GA7-05",2041,"E Midlands",1,0,0,0,"NCC-NorESM1-M_HadREM3-GA7-05","NCC-NorESM1-M.03"
"5820","NCC-NorESM1-M","HadREM3-GA7-05",2042,"E Midlands",1,0,0,0,"NCC-NorESM1-M_HadREM3-GA7-05","NCC-NorESM1-M.03"
"5821","NCC-NorESM1-M","HadREM3-GA7-05",2043,"E Midlands",1,0,0,0,"NCC-NorESM1-M_HadREM3-GA7-05","NCC-NorESM1-M.03"
"5822","NCC-NorESM1-M","HadREM3-GA7-05",2044,"E Midlands",1,0,0,0,"NCC-NorESM1-M_HadREM3-GA7-05","NCC-NorESM1-M.03"
"5823","NCC-NorESM1-M","HadREM3-GA7-05",2045,"E Midlands",1,0,0,0,"NCC-NorESM1-M_HadREM3-GA7-05","NCC-NorESM1-M.03"
"5824","NCC-NorESM1-M","HadREM3-GA7-05",2046,"E Midlands",1,0,0,0,"NCC-NorESM1-M_HadREM3-GA7-05","NCC-NorESM1-M.03"
"5825","NCC-NorESM1-M","HadREM3-GA7-05",2047,"E Midlands",1,0,0,0,"NCC-NorESM1-M_HadREM3-GA7-05","NCC-NorESM1-M.03"
"5826","NCC-NorESM1-M","HadREM3-GA7-05",2048,"E Midlands",1,0.336448598130841,3.25,33.6655370760847,"NCC-NorESM1-M_HadREM3-GA7-05","NCC-NorESM1-M.03"
"5827","NCC-NorESM1-M","HadREM3-GA7-05",2049,"E Midlands",1,0.85981308411215,4.78260869565217,35.5086997422619,"NCC-NorESM1-M_HadREM3-GA7-05","NCC-NorESM1-M.03"
"5828","NCC-NorESM1-M","HadREM3-GA7-05",2050,"E Midlands",1,0,0,0,"NCC-NorESM1-M_HadREM3-GA7-05","NCC-NorESM1-M.03"
"5829","NCC-NorESM1-M","HadREM3-GA7-05",2051,"E Midlands",1,0,0,0,"NCC-NorESM1-M_HadREM3-GA7-05","NCC-NorESM1-M.03"
"5830","NCC-NorESM1-M","HadREM3-GA7-05",2052,"E Midlands",1,0,0,0,"NCC-NorESM1-M_HadREM3-GA7-05","NCC-NorESM1-M.03"
"5831","NCC-NorESM1-M","HadREM3-GA7-05",2053,"E Midlands",1,0,0,0,"NCC-NorESM1-M_HadREM3-GA7-05","NCC-NorESM1-M.03"
"5832","NCC-NorESM1-M","HadREM3-GA7-05",2054,"E Midlands",1,0,0,0,"NCC-NorESM1-M_HadREM3-GA7-05","NCC-NorESM1-M.03"
"5833","NCC-NorESM1-M","HadREM3-GA7-05",2055,"E Midlands",1,0,0,0,"NCC-NorESM1-M_HadREM3-GA7-05","NCC-NorESM1-M.03"
"5834","NCC-NorESM1-M","HadREM3-GA7-05",2056,"E Midlands",1,0,0,0,"NCC-NorESM1-M_HadREM3-GA7-05","NCC-NorESM1-M.03"
"5835","NCC-NorESM1-M","HadREM3-GA7-05",2057,"E Midlands",1,0,0,0,"NCC-NorESM1-M_HadREM3-GA7-05","NCC-NorESM1-M.03"
"5836","NCC-NorESM1-M","HadREM3-GA7-05",2058,"E Midlands",1,0.345794392523364,3.45945945945946,33.5604382635237,"NCC-NorESM1-M_HadREM3-GA7-05","NCC-NorESM1-M.03"
"5837","NCC-NorESM1-M","HadREM3-GA7-05",2059,"E Midlands",1,0,0,0,"NCC-NorESM1-M_HadREM3-GA7-05","NCC-NorESM1-M.03"
"5838","NCC-NorESM1-M","HadREM3-GA7-05",2060,"E Midlands",1,0.794392523364486,4.63529411764706,31.1505572029456,"NCC-NorESM1-M_HadREM3-GA7-05","NCC-NorESM1-M.03"
"5839","NCC-NorESM1-M","HadREM3-GA7-05",2061,"E Midlands",1,0.149532710280374,3.8125,31.0948877453804,"NCC-NorESM1-M_HadREM3-GA7-05","NCC-NorESM1-M.03"
"5840","NCC-NorESM1-M","HadREM3-GA7-05",2062,"E Midlands",1,0.0280373831775701,3,32.1946931415134,"NCC-NorESM1-M_HadREM3-GA7-05","NCC-NorESM1-M.03"
"5841","NCC-NorESM1-M","HadREM3-GA7-05",2063,"E Midlands",1,0.691588785046729,3,33.431721786121,"NCC-NorESM1-M_HadREM3-GA7-05","NCC-NorESM1-M.03"
"5842","NCC-NorESM1-M","HadREM3-GA7-05",2064,"E Midlands",1,0.0373831775700935,3,31.3654874165853,"NCC-NorESM1-M_HadREM3-GA7-05","NCC-NorESM1-M.03"
"5843","NCC-NorESM1-M","HadREM3-GA7-05",2065,"E Midlands",1,0.0560747663551402,3,31.1845597691006,"NCC-NorESM1-M_HadREM3-GA7-05","NCC-NorESM1-M.03"
"5844","NCC-NorESM1-M","HadREM3-GA7-05",2066,"E Midlands",1,0,0,0,"NCC-NorESM1-M_HadREM3-GA7-05","NCC-NorESM1-M.03"
"5845","NCC-NorESM1-M","HadREM3-GA7-05",2067,"E Midlands",1,0.700934579439252,3.88,32.6684511082664,"NCC-NorESM1-M_HadREM3-GA7-05","NCC-NorESM1-M.03"
"5846","NCC-NorESM1-M","HadREM3-GA7-05",2068,"E Midlands",1,0,0,0,"NCC-NorESM1-M_HadREM3-GA7-05","NCC-NorESM1-M.03"
"5847","NCC-NorESM1-M","HadREM3-GA7-05",2069,"E Midlands",1,0,0,0,"NCC-NorESM1-M_HadREM3-GA7-05","NCC-NorESM1-M.03"
"5848","NCC-NorESM1-M","HadREM3-GA7-05",2070,"E Midlands",1,0,0,0,"NCC-NorESM1-M_HadREM3-GA7-05","NCC-NorESM1-M.03"
"5849","NCC-NorESM1-M","HadREM3-GA7-05",2071,"E Midlands",1,0,0,0,"NCC-NorESM1-M_HadREM3-GA7-05","NCC-NorESM1-M.03"
"5850","NCC-NorESM1-M","HadREM3-GA7-05",2072,"E Midlands",1,0,0,0,"NCC-NorESM1-M_HadREM3-GA7-05","NCC-NorESM1-M.03"
"5851","NCC-NorESM1-M","HadREM3-GA7-05",2073,"E Midlands",1,0.177570093457944,3,33.2293423100522,"NCC-NorESM1-M_HadREM3-GA7-05","NCC-NorESM1-M.03"
"5852","NCC-NorESM1-M","HadREM3-GA7-05",2074,"E Midlands",1,1.4392523364486,3.7987012987013,32.8012095547342,"NCC-NorESM1-M_HadREM3-GA7-05","NCC-NorESM1-M.03"
"5853","NCC-NorESM1-M","HadREM3-GA7-05",2075,"E Midlands",1,0,0,0,"NCC-NorESM1-M_HadREM3-GA7-05","NCC-NorESM1-M.03"
"5854","NCC-NorESM1-M","HadREM3-GA7-05",2076,"E Midlands",1,2.04672897196262,4.77168949771689,32.4663115082802,"NCC-NorESM1-M_HadREM3-GA7-05","NCC-NorESM1-M.03"
"5855","NCC-NorESM1-M","HadREM3-GA7-05",2077,"E Midlands",1,0.775700934579439,3.3855421686747,32.6841738597456,"NCC-NorESM1-M_HadREM3-GA7-05","NCC-NorESM1-M.03"
"5856","NCC-NorESM1-M","HadREM3-GA7-05",2078,"E Midlands",1,0,0,0,"NCC-NorESM1-M_HadREM3-GA7-05","NCC-NorESM1-M.03"
"5857","NCC-NorESM1-M","HadREM3-GA7-05",2079,"E Midlands",1,0.663551401869159,4.11267605633803,33.0165227541421,"NCC-NorESM1-M_HadREM3-GA7-05","NCC-NorESM1-M.03"
"5858","NCC-NorESM1-M","HadREM3-GA7-05",2080,"E Midlands",1,0.841121495327103,5.91111111111111,32.6857573274036,"NCC-NorESM1-M_HadREM3-GA7-05","NCC-NorESM1-M.03"
"5859","NCC-NorESM1-M","HIRHAM5",1980,"E Midlands",1,0,0,0,"NCC-NorESM1-M_HIRHAM5","NCC-NorESM1-M.04"
"5860","NCC-NorESM1-M","HIRHAM5",1981,"E Midlands",1,0,0,0,"NCC-NorESM1-M_HIRHAM5","NCC-NorESM1-M.04"
"5861","NCC-NorESM1-M","HIRHAM5",1982,"E Midlands",1,0,0,0,"NCC-NorESM1-M_HIRHAM5","NCC-NorESM1-M.04"
"5862","NCC-NorESM1-M","HIRHAM5",1983,"E Midlands",1,0,0,0,"NCC-NorESM1-M_HIRHAM5","NCC-NorESM1-M.04"
"5863","NCC-NorESM1-M","HIRHAM5",1984,"E Midlands",1,0,0,0,"NCC-NorESM1-M_HIRHAM5","NCC-NorESM1-M.04"
"5864","NCC-NorESM1-M","HIRHAM5",1985,"E Midlands",1,0,0,0,"NCC-NorESM1-M_HIRHAM5","NCC-NorESM1-M.04"
"5865","NCC-NorESM1-M","HIRHAM5",1986,"E Midlands",1,0,0,0,"NCC-NorESM1-M_HIRHAM5","NCC-NorESM1-M.04"
"5866","NCC-NorESM1-M","HIRHAM5",1987,"E Midlands",1,0,0,0,"NCC-NorESM1-M_HIRHAM5","NCC-NorESM1-M.04"
"5867","NCC-NorESM1-M","HIRHAM5",1988,"E Midlands",1,0,0,0,"NCC-NorESM1-M_HIRHAM5","NCC-NorESM1-M.04"
"5868","NCC-NorESM1-M","HIRHAM5",1989,"E Midlands",1,0,0,0,"NCC-NorESM1-M_HIRHAM5","NCC-NorESM1-M.04"
"5869","NCC-NorESM1-M","HIRHAM5",1990,"E Midlands",1,0,0,0,"NCC-NorESM1-M_HIRHAM5","NCC-NorESM1-M.04"
"5870","NCC-NorESM1-M","HIRHAM5",1991,"E Midlands",1,0,0,0,"NCC-NorESM1-M_HIRHAM5","NCC-NorESM1-M.04"
"5871","NCC-NorESM1-M","HIRHAM5",1992,"E Midlands",1,0,0,0,"NCC-NorESM1-M_HIRHAM5","NCC-NorESM1-M.04"
"5872","NCC-NorESM1-M","HIRHAM5",1993,"E Midlands",1,0,0,0,"NCC-NorESM1-M_HIRHAM5","NCC-NorESM1-M.04"
"5873","NCC-NorESM1-M","HIRHAM5",1994,"E Midlands",1,0,0,0,"NCC-NorESM1-M_HIRHAM5","NCC-NorESM1-M.04"
"5874","NCC-NorESM1-M","HIRHAM5",1995,"E Midlands",1,0,0,0,"NCC-NorESM1-M_HIRHAM5","NCC-NorESM1-M.04"
"5875","NCC-NorESM1-M","HIRHAM5",1996,"E Midlands",1,0,0,0,"NCC-NorESM1-M_HIRHAM5","NCC-NorESM1-M.04"
"5876","NCC-NorESM1-M","HIRHAM5",1997,"E Midlands",1,0,0,0,"NCC-NorESM1-M_HIRHAM5","NCC-NorESM1-M.04"
"5877","NCC-NorESM1-M","HIRHAM5",1998,"E Midlands",1,0,0,0,"NCC-NorESM1-M_HIRHAM5","NCC-NorESM1-M.04"
"5878","NCC-NorESM1-M","HIRHAM5",1999,"E Midlands",1,0,0,0,"NCC-NorESM1-M_HIRHAM5","NCC-NorESM1-M.04"
"5879","NCC-NorESM1-M","HIRHAM5",2000,"E Midlands",1,0,0,0,"NCC-NorESM1-M_HIRHAM5","NCC-NorESM1-M.04"
"5880","NCC-NorESM1-M","HIRHAM5",2001,"E Midlands",1,0,0,0,"NCC-NorESM1-M_HIRHAM5","NCC-NorESM1-M.04"
"5881","NCC-NorESM1-M","HIRHAM5",2002,"E Midlands",1,0,0,0,"NCC-NorESM1-M_HIRHAM5","NCC-NorESM1-M.04"
"5882","NCC-NorESM1-M","HIRHAM5",2003,"E Midlands",1,0,0,0,"NCC-NorESM1-M_HIRHAM5","NCC-NorESM1-M.04"
"5883","NCC-NorESM1-M","HIRHAM5",2004,"E Midlands",1,0,0,0,"NCC-NorESM1-M_HIRHAM5","NCC-NorESM1-M.04"
"5884","NCC-NorESM1-M","HIRHAM5",2005,"E Midlands",1,0,0,0,"NCC-NorESM1-M_HIRHAM5","NCC-NorESM1-M.04"
"5885","NCC-NorESM1-M","HIRHAM5",2006,"E Midlands",1,0,0,0,"NCC-NorESM1-M_HIRHAM5","NCC-NorESM1-M.04"
"5886","NCC-NorESM1-M","HIRHAM5",2007,"E Midlands",1,0,0,0,"NCC-NorESM1-M_HIRHAM5","NCC-NorESM1-M.04"
"5887","NCC-NorESM1-M","HIRHAM5",2008,"E Midlands",1,0,0,0,"NCC-NorESM1-M_HIRHAM5","NCC-NorESM1-M.04"
"5888","NCC-NorESM1-M","HIRHAM5",2009,"E Midlands",1,0,0,0,"NCC-NorESM1-M_HIRHAM5","NCC-NorESM1-M.04"
"5889","NCC-NorESM1-M","HIRHAM5",2010,"E Midlands",1,0,0,0,"NCC-NorESM1-M_HIRHAM5","NCC-NorESM1-M.04"
"5890","NCC-NorESM1-M","HIRHAM5",2011,"E Midlands",1,0,0,0,"NCC-NorESM1-M_HIRHAM5","NCC-NorESM1-M.04"
"5891","NCC-NorESM1-M","HIRHAM5",2012,"E Midlands",1,0,0,0,"NCC-NorESM1-M_HIRHAM5","NCC-NorESM1-M.04"
"5892","NCC-NorESM1-M","HIRHAM5",2013,"E Midlands",1,0,0,0,"NCC-NorESM1-M_HIRHAM5","NCC-NorESM1-M.04"
"5893","NCC-NorESM1-M","HIRHAM5",2014,"E Midlands",1,0,0,0,"NCC-NorESM1-M_HIRHAM5","NCC-NorESM1-M.04"
"5894","NCC-NorESM1-M","HIRHAM5",2015,"E Midlands",1,0,0,0,"NCC-NorESM1-M_HIRHAM5","NCC-NorESM1-M.04"
"5895","NCC-NorESM1-M","HIRHAM5",2016,"E Midlands",1,0,0,0,"NCC-NorESM1-M_HIRHAM5","NCC-NorESM1-M.04"
"5896","NCC-NorESM1-M","HIRHAM5",2017,"E Midlands",1,0,0,0,"NCC-NorESM1-M_HIRHAM5","NCC-NorESM1-M.04"
"5897","NCC-NorESM1-M","HIRHAM5",2018,"E Midlands",1,0,0,0,"NCC-NorESM1-M_HIRHAM5","NCC-NorESM1-M.04"
"5898","NCC-NorESM1-M","HIRHAM5",2019,"E Midlands",1,0,0,0,"NCC-NorESM1-M_HIRHAM5","NCC-NorESM1-M.04"
"5899","NCC-NorESM1-M","HIRHAM5",2020,"E Midlands",1,0,0,0,"NCC-NorESM1-M_HIRHAM5","NCC-NorESM1-M.04"
"5900","NCC-NorESM1-M","HIRHAM5",2021,"E Midlands",1,0,0,0,"NCC-NorESM1-M_HIRHAM5","NCC-NorESM1-M.04"
"5901","NCC-NorESM1-M","HIRHAM5",2022,"E Midlands",1,0,0,0,"NCC-NorESM1-M_HIRHAM5","NCC-NorESM1-M.04"
"5902","NCC-NorESM1-M","HIRHAM5",2023,"E Midlands",1,0,0,0,"NCC-NorESM1-M_HIRHAM5","NCC-NorESM1-M.04"
"5903","NCC-NorESM1-M","HIRHAM5",2024,"E Midlands",1,0,0,0,"NCC-NorESM1-M_HIRHAM5","NCC-NorESM1-M.04"
"5904","NCC-NorESM1-M","HIRHAM5",2025,"E Midlands",1,0,0,0,"NCC-NorESM1-M_HIRHAM5","NCC-NorESM1-M.04"
"5905","NCC-NorESM1-M","HIRHAM5",2026,"E Midlands",1,0,0,0,"NCC-NorESM1-M_HIRHAM5","NCC-NorESM1-M.04"
"5906","NCC-NorESM1-M","HIRHAM5",2027,"E Midlands",1,0,0,0,"NCC-NorESM1-M_HIRHAM5","NCC-NorESM1-M.04"
"5907","NCC-NorESM1-M","HIRHAM5",2028,"E Midlands",1,0,0,0,"NCC-NorESM1-M_HIRHAM5","NCC-NorESM1-M.04"
"5908","NCC-NorESM1-M","HIRHAM5",2029,"E Midlands",1,0,0,0,"NCC-NorESM1-M_HIRHAM5","NCC-NorESM1-M.04"
"5909","NCC-NorESM1-M","HIRHAM5",2030,"E Midlands",1,0,0,0,"NCC-NorESM1-M_HIRHAM5","NCC-NorESM1-M.04"
"5910","NCC-NorESM1-M","HIRHAM5",2031,"E Midlands",1,0,0,0,"NCC-NorESM1-M_HIRHAM5","NCC-NorESM1-M.04"
"5911","NCC-NorESM1-M","HIRHAM5",2032,"E Midlands",1,0,0,0,"NCC-NorESM1-M_HIRHAM5","NCC-NorESM1-M.04"
"5912","NCC-NorESM1-M","HIRHAM5",2033,"E Midlands",1,0,0,0,"NCC-NorESM1-M_HIRHAM5","NCC-NorESM1-M.04"
"5913","NCC-NorESM1-M","HIRHAM5",2034,"E Midlands",1,0,0,0,"NCC-NorESM1-M_HIRHAM5","NCC-NorESM1-M.04"
"5914","NCC-NorESM1-M","HIRHAM5",2035,"E Midlands",1,0,0,0,"NCC-NorESM1-M_HIRHAM5","NCC-NorESM1-M.04"
"5915","NCC-NorESM1-M","HIRHAM5",2036,"E Midlands",1,0,0,0,"NCC-NorESM1-M_HIRHAM5","NCC-NorESM1-M.04"
"5916","NCC-NorESM1-M","HIRHAM5",2037,"E Midlands",1,0,0,0,"NCC-NorESM1-M_HIRHAM5","NCC-NorESM1-M.04"
"5917","NCC-NorESM1-M","HIRHAM5",2038,"E Midlands",1,0,0,0,"NCC-NorESM1-M_HIRHAM5","NCC-NorESM1-M.04"
"5918","NCC-NorESM1-M","HIRHAM5",2039,"E Midlands",1,0,0,0,"NCC-NorESM1-M_HIRHAM5","NCC-NorESM1-M.04"
"5919","NCC-NorESM1-M","HIRHAM5",2040,"E Midlands",1,0,0,0,"NCC-NorESM1-M_HIRHAM5","NCC-NorESM1-M.04"
"5920","NCC-NorESM1-M","HIRHAM5",2041,"E Midlands",1,0,0,0,"NCC-NorESM1-M_HIRHAM5","NCC-NorESM1-M.04"
"5921","NCC-NorESM1-M","HIRHAM5",2042,"E Midlands",1,0,0,0,"NCC-NorESM1-M_HIRHAM5","NCC-NorESM1-M.04"
"5922","NCC-NorESM1-M","HIRHAM5",2043,"E Midlands",1,0,0,0,"NCC-NorESM1-M_HIRHAM5","NCC-NorESM1-M.04"
"5923","NCC-NorESM1-M","HIRHAM5",2044,"E Midlands",1,0,0,0,"NCC-NorESM1-M_HIRHAM5","NCC-NorESM1-M.04"
"5924","NCC-NorESM1-M","HIRHAM5",2045,"E Midlands",1,0,0,0,"NCC-NorESM1-M_HIRHAM5","NCC-NorESM1-M.04"
"5925","NCC-NorESM1-M","HIRHAM5",2046,"E Midlands",1,0,0,0,"NCC-NorESM1-M_HIRHAM5","NCC-NorESM1-M.04"
"5926","NCC-NorESM1-M","HIRHAM5",2047,"E Midlands",1,0,0,0,"NCC-NorESM1-M_HIRHAM5","NCC-NorESM1-M.04"
"5927","NCC-NorESM1-M","HIRHAM5",2048,"E Midlands",1,0,0,0,"NCC-NorESM1-M_HIRHAM5","NCC-NorESM1-M.04"
"5928","NCC-NorESM1-M","HIRHAM5",2049,"E Midlands",1,0,0,0,"NCC-NorESM1-M_HIRHAM5","NCC-NorESM1-M.04"
"5929","NCC-NorESM1-M","HIRHAM5",2050,"E Midlands",1,0,0,0,"NCC-NorESM1-M_HIRHAM5","NCC-NorESM1-M.04"
"5930","NCC-NorESM1-M","HIRHAM5",2051,"E Midlands",1,0,0,0,"NCC-NorESM1-M_HIRHAM5","NCC-NorESM1-M.04"
"5931","NCC-NorESM1-M","HIRHAM5",2052,"E Midlands",1,0,0,0,"NCC-NorESM1-M_HIRHAM5","NCC-NorESM1-M.04"
"5932","NCC-NorESM1-M","HIRHAM5",2053,"E Midlands",1,0,0,0,"NCC-NorESM1-M_HIRHAM5","NCC-NorESM1-M.04"
"5933","NCC-NorESM1-M","HIRHAM5",2054,"E Midlands",1,0,0,0,"NCC-NorESM1-M_HIRHAM5","NCC-NorESM1-M.04"
"5934","NCC-NorESM1-M","HIRHAM5",2055,"E Midlands",1,0,0,0,"NCC-NorESM1-M_HIRHAM5","NCC-NorESM1-M.04"
"5935","NCC-NorESM1-M","HIRHAM5",2056,"E Midlands",1,0,0,0,"NCC-NorESM1-M_HIRHAM5","NCC-NorESM1-M.04"
"5936","NCC-NorESM1-M","HIRHAM5",2057,"E Midlands",1,0,0,0,"NCC-NorESM1-M_HIRHAM5","NCC-NorESM1-M.04"
"5937","NCC-NorESM1-M","HIRHAM5",2058,"E Midlands",1,0.214953271028037,3,31.2052714721016,"NCC-NorESM1-M_HIRHAM5","NCC-NorESM1-M.04"
"5938","NCC-NorESM1-M","HIRHAM5",2059,"E Midlands",1,0,0,0,"NCC-NorESM1-M_HIRHAM5","NCC-NorESM1-M.04"
"5939","NCC-NorESM1-M","HIRHAM5",2060,"E Midlands",1,0,0,0,"NCC-NorESM1-M_HIRHAM5","NCC-NorESM1-M.04"
"5940","NCC-NorESM1-M","HIRHAM5",2061,"E Midlands",1,0,0,0,"NCC-NorESM1-M_HIRHAM5","NCC-NorESM1-M.04"
"5941","NCC-NorESM1-M","HIRHAM5",2062,"E Midlands",1,0,0,0,"NCC-NorESM1-M_HIRHAM5","NCC-NorESM1-M.04"
"5942","NCC-NorESM1-M","HIRHAM5",2063,"E Midlands",1,0,0,0,"NCC-NorESM1-M_HIRHAM5","NCC-NorESM1-M.04"
"5943","NCC-NorESM1-M","HIRHAM5",2064,"E Midlands",1,0,0,0,"NCC-NorESM1-M_HIRHAM5","NCC-NorESM1-M.04"
"5944","NCC-NorESM1-M","HIRHAM5",2065,"E Midlands",1,0.00934579439252336,3,30.7742134730021,"NCC-NorESM1-M_HIRHAM5","NCC-NorESM1-M.04"
"5945","NCC-NorESM1-M","HIRHAM5",2066,"E Midlands",1,0,0,0,"NCC-NorESM1-M_HIRHAM5","NCC-NorESM1-M.04"
"5946","NCC-NorESM1-M","HIRHAM5",2067,"E Midlands",1,0,0,0,"NCC-NorESM1-M_HIRHAM5","NCC-NorESM1-M.04"
"5947","NCC-NorESM1-M","HIRHAM5",2068,"E Midlands",1,0,0,0,"NCC-NorESM1-M_HIRHAM5","NCC-NorESM1-M.04"
"5948","NCC-NorESM1-M","HIRHAM5",2069,"E Midlands",1,0,0,0,"NCC-NorESM1-M_HIRHAM5","NCC-NorESM1-M.04"
"5949","NCC-NorESM1-M","HIRHAM5",2070,"E Midlands",1,0,0,0,"NCC-NorESM1-M_HIRHAM5","NCC-NorESM1-M.04"
"5950","NCC-NorESM1-M","HIRHAM5",2071,"E Midlands",1,0,0,0,"NCC-NorESM1-M_HIRHAM5","NCC-NorESM1-M.04"
"5951","NCC-NorESM1-M","HIRHAM5",2072,"E Midlands",1,0,0,0,"NCC-NorESM1-M_HIRHAM5","NCC-NorESM1-M.04"
"5952","NCC-NorESM1-M","HIRHAM5",2073,"E Midlands",1,0,0,0,"NCC-NorESM1-M_HIRHAM5","NCC-NorESM1-M.04"
"5953","NCC-NorESM1-M","HIRHAM5",2074,"E Midlands",1,0,0,0,"NCC-NorESM1-M_HIRHAM5","NCC-NorESM1-M.04"
"5954","NCC-NorESM1-M","HIRHAM5",2075,"E Midlands",1,0,0,0,"NCC-NorESM1-M_HIRHAM5","NCC-NorESM1-M.04"
"5955","NCC-NorESM1-M","HIRHAM5",2076,"E Midlands",1,0,0,0,"NCC-NorESM1-M_HIRHAM5","NCC-NorESM1-M.04"
"5956","NCC-NorESM1-M","HIRHAM5",2077,"E Midlands",1,0,0,0,"NCC-NorESM1-M_HIRHAM5","NCC-NorESM1-M.04"
"5957","NCC-NorESM1-M","HIRHAM5",2078,"E Midlands",1,0,0,0,"NCC-NorESM1-M_HIRHAM5","NCC-NorESM1-M.04"
"5958","NCC-NorESM1-M","HIRHAM5",2079,"E Midlands",1,0,0,0,"NCC-NorESM1-M_HIRHAM5","NCC-NorESM1-M.04"
"5959","NCC-NorESM1-M","HIRHAM5",2080,"E Midlands",1,0,0,0,"NCC-NorESM1-M_HIRHAM5","NCC-NorESM1-M.04"
"5960","NCC-NorESM1-M","RACMO22E",1980,"E Midlands",1,0,0,0,"NCC-NorESM1-M_RACMO22E","NCC-NorESM1-M.05"
"5961","NCC-NorESM1-M","RACMO22E",1981,"E Midlands",1,0,0,0,"NCC-NorESM1-M_RACMO22E","NCC-NorESM1-M.05"
"5962","NCC-NorESM1-M","RACMO22E",1982,"E Midlands",1,0,0,0,"NCC-NorESM1-M_RACMO22E","NCC-NorESM1-M.05"
"5963","NCC-NorESM1-M","RACMO22E",1983,"E Midlands",1,0,0,0,"NCC-NorESM1-M_RACMO22E","NCC-NorESM1-M.05"
"5964","NCC-NorESM1-M","RACMO22E",1984,"E Midlands",1,0,0,0,"NCC-NorESM1-M_RACMO22E","NCC-NorESM1-M.05"
"5965","NCC-NorESM1-M","RACMO22E",1985,"E Midlands",1,0,0,0,"NCC-NorESM1-M_RACMO22E","NCC-NorESM1-M.05"
"5966","NCC-NorESM1-M","RACMO22E",1986,"E Midlands",1,0,0,0,"NCC-NorESM1-M_RACMO22E","NCC-NorESM1-M.05"
"5967","NCC-NorESM1-M","RACMO22E",1987,"E Midlands",1,0,0,0,"NCC-NorESM1-M_RACMO22E","NCC-NorESM1-M.05"
"5968","NCC-NorESM1-M","RACMO22E",1988,"E Midlands",1,0,0,0,"NCC-NorESM1-M_RACMO22E","NCC-NorESM1-M.05"
"5969","NCC-NorESM1-M","RACMO22E",1989,"E Midlands",1,0,0,0,"NCC-NorESM1-M_RACMO22E","NCC-NorESM1-M.05"
"5970","NCC-NorESM1-M","RACMO22E",1990,"E Midlands",1,0,0,0,"NCC-NorESM1-M_RACMO22E","NCC-NorESM1-M.05"
"5971","NCC-NorESM1-M","RACMO22E",1991,"E Midlands",1,0,0,0,"NCC-NorESM1-M_RACMO22E","NCC-NorESM1-M.05"
"5972","NCC-NorESM1-M","RACMO22E",1992,"E Midlands",1,0,0,0,"NCC-NorESM1-M_RACMO22E","NCC-NorESM1-M.05"
"5973","NCC-NorESM1-M","RACMO22E",1993,"E Midlands",1,0,0,0,"NCC-NorESM1-M_RACMO22E","NCC-NorESM1-M.05"
"5974","NCC-NorESM1-M","RACMO22E",1994,"E Midlands",1,0,0,0,"NCC-NorESM1-M_RACMO22E","NCC-NorESM1-M.05"
"5975","NCC-NorESM1-M","RACMO22E",1995,"E Midlands",1,0,0,0,"NCC-NorESM1-M_RACMO22E","NCC-NorESM1-M.05"
"5976","NCC-NorESM1-M","RACMO22E",1996,"E Midlands",1,0,0,0,"NCC-NorESM1-M_RACMO22E","NCC-NorESM1-M.05"
"5977","NCC-NorESM1-M","RACMO22E",1997,"E Midlands",1,0,0,0,"NCC-NorESM1-M_RACMO22E","NCC-NorESM1-M.05"
"5978","NCC-NorESM1-M","RACMO22E",1998,"E Midlands",1,0,0,0,"NCC-NorESM1-M_RACMO22E","NCC-NorESM1-M.05"
"5979","NCC-NorESM1-M","RACMO22E",1999,"E Midlands",1,0,0,0,"NCC-NorESM1-M_RACMO22E","NCC-NorESM1-M.05"
"5980","NCC-NorESM1-M","RACMO22E",2000,"E Midlands",1,0,0,0,"NCC-NorESM1-M_RACMO22E","NCC-NorESM1-M.05"
"5981","NCC-NorESM1-M","RACMO22E",2001,"E Midlands",1,0,0,0,"NCC-NorESM1-M_RACMO22E","NCC-NorESM1-M.05"
"5982","NCC-NorESM1-M","RACMO22E",2002,"E Midlands",1,0,0,0,"NCC-NorESM1-M_RACMO22E","NCC-NorESM1-M.05"
"5983","NCC-NorESM1-M","RACMO22E",2003,"E Midlands",1,0,0,0,"NCC-NorESM1-M_RACMO22E","NCC-NorESM1-M.05"
"5984","NCC-NorESM1-M","RACMO22E",2004,"E Midlands",1,0,0,0,"NCC-NorESM1-M_RACMO22E","NCC-NorESM1-M.05"
"5985","NCC-NorESM1-M","RACMO22E",2005,"E Midlands",1,0,0,0,"NCC-NorESM1-M_RACMO22E","NCC-NorESM1-M.05"
"5986","NCC-NorESM1-M","RACMO22E",2006,"E Midlands",1,0,0,0,"NCC-NorESM1-M_RACMO22E","NCC-NorESM1-M.05"
"5987","NCC-NorESM1-M","RACMO22E",2007,"E Midlands",1,0,0,0,"NCC-NorESM1-M_RACMO22E","NCC-NorESM1-M.05"
"5988","NCC-NorESM1-M","RACMO22E",2008,"E Midlands",1,0,0,0,"NCC-NorESM1-M_RACMO22E","NCC-NorESM1-M.05"
"5989","NCC-NorESM1-M","RACMO22E",2009,"E Midlands",1,0,0,0,"NCC-NorESM1-M_RACMO22E","NCC-NorESM1-M.05"
"5990","NCC-NorESM1-M","RACMO22E",2010,"E Midlands",1,0,0,0,"NCC-NorESM1-M_RACMO22E","NCC-NorESM1-M.05"
"5991","NCC-NorESM1-M","RACMO22E",2011,"E Midlands",1,0,0,0,"NCC-NorESM1-M_RACMO22E","NCC-NorESM1-M.05"
"5992","NCC-NorESM1-M","RACMO22E",2012,"E Midlands",1,0,0,0,"NCC-NorESM1-M_RACMO22E","NCC-NorESM1-M.05"
"5993","NCC-NorESM1-M","RACMO22E",2013,"E Midlands",1,0,0,0,"NCC-NorESM1-M_RACMO22E","NCC-NorESM1-M.05"
"5994","NCC-NorESM1-M","RACMO22E",2014,"E Midlands",1,0,0,0,"NCC-NorESM1-M_RACMO22E","NCC-NorESM1-M.05"
"5995","NCC-NorESM1-M","RACMO22E",2015,"E Midlands",1,0,0,0,"NCC-NorESM1-M_RACMO22E","NCC-NorESM1-M.05"
"5996","NCC-NorESM1-M","RACMO22E",2016,"E Midlands",1,0,0,0,"NCC-NorESM1-M_RACMO22E","NCC-NorESM1-M.05"
"5997","NCC-NorESM1-M","RACMO22E",2017,"E Midlands",1,0,0,0,"NCC-NorESM1-M_RACMO22E","NCC-NorESM1-M.05"
"5998","NCC-NorESM1-M","RACMO22E",2018,"E Midlands",1,0,0,0,"NCC-NorESM1-M_RACMO22E","NCC-NorESM1-M.05"
"5999","NCC-NorESM1-M","RACMO22E",2019,"E Midlands",1,0,0,0,"NCC-NorESM1-M_RACMO22E","NCC-NorESM1-M.05"
"6000","NCC-NorESM1-M","RACMO22E",2020,"E Midlands",1,0,0,0,"NCC-NorESM1-M_RACMO22E","NCC-NorESM1-M.05"
"6001","NCC-NorESM1-M","RACMO22E",2021,"E Midlands",1,0,0,0,"NCC-NorESM1-M_RACMO22E","NCC-NorESM1-M.05"
"6002","NCC-NorESM1-M","RACMO22E",2022,"E Midlands",1,0,0,0,"NCC-NorESM1-M_RACMO22E","NCC-NorESM1-M.05"
"6003","NCC-NorESM1-M","RACMO22E",2023,"E Midlands",1,0,0,0,"NCC-NorESM1-M_RACMO22E","NCC-NorESM1-M.05"
"6004","NCC-NorESM1-M","RACMO22E",2024,"E Midlands",1,0,0,0,"NCC-NorESM1-M_RACMO22E","NCC-NorESM1-M.05"
"6005","NCC-NorESM1-M","RACMO22E",2025,"E Midlands",1,0,0,0,"NCC-NorESM1-M_RACMO22E","NCC-NorESM1-M.05"
"6006","NCC-NorESM1-M","RACMO22E",2026,"E Midlands",1,0,0,0,"NCC-NorESM1-M_RACMO22E","NCC-NorESM1-M.05"
"6007","NCC-NorESM1-M","RACMO22E",2027,"E Midlands",1,0,0,0,"NCC-NorESM1-M_RACMO22E","NCC-NorESM1-M.05"
"6008","NCC-NorESM1-M","RACMO22E",2028,"E Midlands",1,0,0,0,"NCC-NorESM1-M_RACMO22E","NCC-NorESM1-M.05"
"6009","NCC-NorESM1-M","RACMO22E",2029,"E Midlands",1,0,0,0,"NCC-NorESM1-M_RACMO22E","NCC-NorESM1-M.05"
"6010","NCC-NorESM1-M","RACMO22E",2030,"E Midlands",1,0,0,0,"NCC-NorESM1-M_RACMO22E","NCC-NorESM1-M.05"
"6011","NCC-NorESM1-M","RACMO22E",2031,"E Midlands",1,0,0,0,"NCC-NorESM1-M_RACMO22E","NCC-NorESM1-M.05"
"6012","NCC-NorESM1-M","RACMO22E",2032,"E Midlands",1,0,0,0,"NCC-NorESM1-M_RACMO22E","NCC-NorESM1-M.05"
"6013","NCC-NorESM1-M","RACMO22E",2033,"E Midlands",1,0.439252336448598,3,33.3379841527195,"NCC-NorESM1-M_RACMO22E","NCC-NorESM1-M.05"
"6014","NCC-NorESM1-M","RACMO22E",2034,"E Midlands",1,0,0,0,"NCC-NorESM1-M_RACMO22E","NCC-NorESM1-M.05"
"6015","NCC-NorESM1-M","RACMO22E",2035,"E Midlands",1,0,0,0,"NCC-NorESM1-M_RACMO22E","NCC-NorESM1-M.05"
"6016","NCC-NorESM1-M","RACMO22E",2036,"E Midlands",1,0,0,0,"NCC-NorESM1-M_RACMO22E","NCC-NorESM1-M.05"
"6017","NCC-NorESM1-M","RACMO22E",2037,"E Midlands",1,0,0,0,"NCC-NorESM1-M_RACMO22E","NCC-NorESM1-M.05"
"6018","NCC-NorESM1-M","RACMO22E",2038,"E Midlands",1,0,0,0,"NCC-NorESM1-M_RACMO22E","NCC-NorESM1-M.05"
"6019","NCC-NorESM1-M","RACMO22E",2039,"E Midlands",1,0,0,0,"NCC-NorESM1-M_RACMO22E","NCC-NorESM1-M.05"
"6020","NCC-NorESM1-M","RACMO22E",2040,"E Midlands",1,0,0,0,"NCC-NorESM1-M_RACMO22E","NCC-NorESM1-M.05"
"6021","NCC-NorESM1-M","RACMO22E",2041,"E Midlands",1,0,0,0,"NCC-NorESM1-M_RACMO22E","NCC-NorESM1-M.05"
"6022","NCC-NorESM1-M","RACMO22E",2042,"E Midlands",1,0,0,0,"NCC-NorESM1-M_RACMO22E","NCC-NorESM1-M.05"
"6023","NCC-NorESM1-M","RACMO22E",2043,"E Midlands",1,0,0,0,"NCC-NorESM1-M_RACMO22E","NCC-NorESM1-M.05"
"6024","NCC-NorESM1-M","RACMO22E",2044,"E Midlands",1,0,0,0,"NCC-NorESM1-M_RACMO22E","NCC-NorESM1-M.05"
"6025","NCC-NorESM1-M","RACMO22E",2045,"E Midlands",1,0,0,0,"NCC-NorESM1-M_RACMO22E","NCC-NorESM1-M.05"
"6026","NCC-NorESM1-M","RACMO22E",2046,"E Midlands",1,0,0,0,"NCC-NorESM1-M_RACMO22E","NCC-NorESM1-M.05"
"6027","NCC-NorESM1-M","RACMO22E",2047,"E Midlands",1,0,0,0,"NCC-NorESM1-M_RACMO22E","NCC-NorESM1-M.05"
"6028","NCC-NorESM1-M","RACMO22E",2048,"E Midlands",1,0,0,0,"NCC-NorESM1-M_RACMO22E","NCC-NorESM1-M.05"
"6029","NCC-NorESM1-M","RACMO22E",2049,"E Midlands",1,0,0,0,"NCC-NorESM1-M_RACMO22E","NCC-NorESM1-M.05"
"6030","NCC-NorESM1-M","RACMO22E",2050,"E Midlands",1,0,0,0,"NCC-NorESM1-M_RACMO22E","NCC-NorESM1-M.05"
"6031","NCC-NorESM1-M","RACMO22E",2051,"E Midlands",1,0,0,0,"NCC-NorESM1-M_RACMO22E","NCC-NorESM1-M.05"
"6032","NCC-NorESM1-M","RACMO22E",2052,"E Midlands",1,0,0,0,"NCC-NorESM1-M_RACMO22E","NCC-NorESM1-M.05"
"6033","NCC-NorESM1-M","RACMO22E",2053,"E Midlands",1,0,0,0,"NCC-NorESM1-M_RACMO22E","NCC-NorESM1-M.05"
"6034","NCC-NorESM1-M","RACMO22E",2054,"E Midlands",1,0,0,0,"NCC-NorESM1-M_RACMO22E","NCC-NorESM1-M.05"
"6035","NCC-NorESM1-M","RACMO22E",2055,"E Midlands",1,0,0,0,"NCC-NorESM1-M_RACMO22E","NCC-NorESM1-M.05"
"6036","NCC-NorESM1-M","RACMO22E",2056,"E Midlands",1,0,0,0,"NCC-NorESM1-M_RACMO22E","NCC-NorESM1-M.05"
"6037","NCC-NorESM1-M","RACMO22E",2057,"E Midlands",1,0,0,0,"NCC-NorESM1-M_RACMO22E","NCC-NorESM1-M.05"
"6038","NCC-NorESM1-M","RACMO22E",2058,"E Midlands",1,0.495327102803738,3,32.8087244333711,"NCC-NorESM1-M_RACMO22E","NCC-NorESM1-M.05"
"6039","NCC-NorESM1-M","RACMO22E",2059,"E Midlands",1,0,0,0,"NCC-NorESM1-M_RACMO22E","NCC-NorESM1-M.05"
"6040","NCC-NorESM1-M","RACMO22E",2060,"E Midlands",1,0.813084112149533,3.03448275862069,34.6405329174466,"NCC-NorESM1-M_RACMO22E","NCC-NorESM1-M.05"
"6041","NCC-NorESM1-M","RACMO22E",2061,"E Midlands",1,0,0,0,"NCC-NorESM1-M_RACMO22E","NCC-NorESM1-M.05"
"6042","NCC-NorESM1-M","RACMO22E",2062,"E Midlands",1,0,0,0,"NCC-NorESM1-M_RACMO22E","NCC-NorESM1-M.05"
"6043","NCC-NorESM1-M","RACMO22E",2063,"E Midlands",1,0,0,0,"NCC-NorESM1-M_RACMO22E","NCC-NorESM1-M.05"
"6044","NCC-NorESM1-M","RACMO22E",2064,"E Midlands",1,0,0,0,"NCC-NorESM1-M_RACMO22E","NCC-NorESM1-M.05"
"6045","NCC-NorESM1-M","RACMO22E",2065,"E Midlands",1,0,0,0,"NCC-NorESM1-M_RACMO22E","NCC-NorESM1-M.05"
"6046","NCC-NorESM1-M","RACMO22E",2066,"E Midlands",1,0,0,0,"NCC-NorESM1-M_RACMO22E","NCC-NorESM1-M.05"
"6047","NCC-NorESM1-M","RACMO22E",2067,"E Midlands",1,0,0,0,"NCC-NorESM1-M_RACMO22E","NCC-NorESM1-M.05"
"6048","NCC-NorESM1-M","RACMO22E",2068,"E Midlands",1,0,0,0,"NCC-NorESM1-M_RACMO22E","NCC-NorESM1-M.05"
"6049","NCC-NorESM1-M","RACMO22E",2069,"E Midlands",1,0,0,0,"NCC-NorESM1-M_RACMO22E","NCC-NorESM1-M.05"
"6050","NCC-NorESM1-M","RACMO22E",2070,"E Midlands",1,0,0,0,"NCC-NorESM1-M_RACMO22E","NCC-NorESM1-M.05"
"6051","NCC-NorESM1-M","RACMO22E",2071,"E Midlands",1,0,0,0,"NCC-NorESM1-M_RACMO22E","NCC-NorESM1-M.05"
"6052","NCC-NorESM1-M","RACMO22E",2072,"E Midlands",1,0,0,0,"NCC-NorESM1-M_RACMO22E","NCC-NorESM1-M.05"
"6053","NCC-NorESM1-M","RACMO22E",2073,"E Midlands",1,0,0,0,"NCC-NorESM1-M_RACMO22E","NCC-NorESM1-M.05"
"6054","NCC-NorESM1-M","RACMO22E",2074,"E Midlands",1,0,0,0,"NCC-NorESM1-M_RACMO22E","NCC-NorESM1-M.05"
"6055","NCC-NorESM1-M","RACMO22E",2075,"E Midlands",1,0,0,0,"NCC-NorESM1-M_RACMO22E","NCC-NorESM1-M.05"
"6056","NCC-NorESM1-M","RACMO22E",2076,"E Midlands",1,0,0,0,"NCC-NorESM1-M_RACMO22E","NCC-NorESM1-M.05"
"6057","NCC-NorESM1-M","RACMO22E",2077,"E Midlands",1,0,0,0,"NCC-NorESM1-M_RACMO22E","NCC-NorESM1-M.05"
"6058","NCC-NorESM1-M","RACMO22E",2078,"E Midlands",1,0,0,0,"NCC-NorESM1-M_RACMO22E","NCC-NorESM1-M.05"
"6059","NCC-NorESM1-M","RACMO22E",2079,"E Midlands",1,0,0,0,"NCC-NorESM1-M_RACMO22E","NCC-NorESM1-M.05"
"6060","NCC-NorESM1-M","RACMO22E",2080,"E Midlands",1,0,0,0,"NCC-NorESM1-M_RACMO22E","NCC-NorESM1-M.05"
"6061","NCC-NorESM1-M","RCA4",1980,"E Midlands",1,0,0,0,"NCC-NorESM1-M_RCA4","NCC-NorESM1-M.06"
"6062","NCC-NorESM1-M","RCA4",1981,"E Midlands",1,0,0,0,"NCC-NorESM1-M_RCA4","NCC-NorESM1-M.06"
"6063","NCC-NorESM1-M","RCA4",1982,"E Midlands",1,0,0,0,"NCC-NorESM1-M_RCA4","NCC-NorESM1-M.06"
"6064","NCC-NorESM1-M","RCA4",1983,"E Midlands",1,0,0,0,"NCC-NorESM1-M_RCA4","NCC-NorESM1-M.06"
"6065","NCC-NorESM1-M","RCA4",1984,"E Midlands",1,0,0,0,"NCC-NorESM1-M_RCA4","NCC-NorESM1-M.06"
"6066","NCC-NorESM1-M","RCA4",1985,"E Midlands",1,0,0,0,"NCC-NorESM1-M_RCA4","NCC-NorESM1-M.06"
"6067","NCC-NorESM1-M","RCA4",1986,"E Midlands",1,0,0,0,"NCC-NorESM1-M_RCA4","NCC-NorESM1-M.06"
"6068","NCC-NorESM1-M","RCA4",1987,"E Midlands",1,0,0,0,"NCC-NorESM1-M_RCA4","NCC-NorESM1-M.06"
"6069","NCC-NorESM1-M","RCA4",1988,"E Midlands",1,0,0,0,"NCC-NorESM1-M_RCA4","NCC-NorESM1-M.06"
"6070","NCC-NorESM1-M","RCA4",1989,"E Midlands",1,0,0,0,"NCC-NorESM1-M_RCA4","NCC-NorESM1-M.06"
"6071","NCC-NorESM1-M","RCA4",1990,"E Midlands",1,0,0,0,"NCC-NorESM1-M_RCA4","NCC-NorESM1-M.06"
"6072","NCC-NorESM1-M","RCA4",1991,"E Midlands",1,0,0,0,"NCC-NorESM1-M_RCA4","NCC-NorESM1-M.06"
"6073","NCC-NorESM1-M","RCA4",1992,"E Midlands",1,0,0,0,"NCC-NorESM1-M_RCA4","NCC-NorESM1-M.06"
"6074","NCC-NorESM1-M","RCA4",1993,"E Midlands",1,0,0,0,"NCC-NorESM1-M_RCA4","NCC-NorESM1-M.06"
"6075","NCC-NorESM1-M","RCA4",1994,"E Midlands",1,0,0,0,"NCC-NorESM1-M_RCA4","NCC-NorESM1-M.06"
"6076","NCC-NorESM1-M","RCA4",1995,"E Midlands",1,0,0,0,"NCC-NorESM1-M_RCA4","NCC-NorESM1-M.06"
"6077","NCC-NorESM1-M","RCA4",1996,"E Midlands",1,0,0,0,"NCC-NorESM1-M_RCA4","NCC-NorESM1-M.06"
"6078","NCC-NorESM1-M","RCA4",1997,"E Midlands",1,0,0,0,"NCC-NorESM1-M_RCA4","NCC-NorESM1-M.06"
"6079","NCC-NorESM1-M","RCA4",1998,"E Midlands",1,0,0,0,"NCC-NorESM1-M_RCA4","NCC-NorESM1-M.06"
"6080","NCC-NorESM1-M","RCA4",1999,"E Midlands",1,0,0,0,"NCC-NorESM1-M_RCA4","NCC-NorESM1-M.06"
"6081","NCC-NorESM1-M","RCA4",2000,"E Midlands",1,0,0,0,"NCC-NorESM1-M_RCA4","NCC-NorESM1-M.06"
"6082","NCC-NorESM1-M","RCA4",2001,"E Midlands",1,0,0,0,"NCC-NorESM1-M_RCA4","NCC-NorESM1-M.06"
"6083","NCC-NorESM1-M","RCA4",2002,"E Midlands",1,0,0,0,"NCC-NorESM1-M_RCA4","NCC-NorESM1-M.06"
"6084","NCC-NorESM1-M","RCA4",2003,"E Midlands",1,0,0,0,"NCC-NorESM1-M_RCA4","NCC-NorESM1-M.06"
"6085","NCC-NorESM1-M","RCA4",2004,"E Midlands",1,0,0,0,"NCC-NorESM1-M_RCA4","NCC-NorESM1-M.06"
"6086","NCC-NorESM1-M","RCA4",2005,"E Midlands",1,0,0,0,"NCC-NorESM1-M_RCA4","NCC-NorESM1-M.06"
"6087","NCC-NorESM1-M","RCA4",2006,"E Midlands",1,0,0,0,"NCC-NorESM1-M_RCA4","NCC-NorESM1-M.06"
"6088","NCC-NorESM1-M","RCA4",2007,"E Midlands",1,0,0,0,"NCC-NorESM1-M_RCA4","NCC-NorESM1-M.06"
"6089","NCC-NorESM1-M","RCA4",2008,"E Midlands",1,0,0,0,"NCC-NorESM1-M_RCA4","NCC-NorESM1-M.06"
"6090","NCC-NorESM1-M","RCA4",2009,"E Midlands",1,0,0,0,"NCC-NorESM1-M_RCA4","NCC-NorESM1-M.06"
"6091","NCC-NorESM1-M","RCA4",2010,"E Midlands",1,0,0,0,"NCC-NorESM1-M_RCA4","NCC-NorESM1-M.06"
"6092","NCC-NorESM1-M","RCA4",2011,"E Midlands",1,0,0,0,"NCC-NorESM1-M_RCA4","NCC-NorESM1-M.06"
"6093","NCC-NorESM1-M","RCA4",2012,"E Midlands",1,0,0,0,"NCC-NorESM1-M_RCA4","NCC-NorESM1-M.06"
"6094","NCC-NorESM1-M","RCA4",2013,"E Midlands",1,0,0,0,"NCC-NorESM1-M_RCA4","NCC-NorESM1-M.06"
"6095","NCC-NorESM1-M","RCA4",2014,"E Midlands",1,0,0,0,"NCC-NorESM1-M_RCA4","NCC-NorESM1-M.06"
"6096","NCC-NorESM1-M","RCA4",2015,"E Midlands",1,0,0,0,"NCC-NorESM1-M_RCA4","NCC-NorESM1-M.06"
"6097","NCC-NorESM1-M","RCA4",2016,"E Midlands",1,0,0,0,"NCC-NorESM1-M_RCA4","NCC-NorESM1-M.06"
"6098","NCC-NorESM1-M","RCA4",2017,"E Midlands",1,0,0,0,"NCC-NorESM1-M_RCA4","NCC-NorESM1-M.06"
"6099","NCC-NorESM1-M","RCA4",2018,"E Midlands",1,0,0,0,"NCC-NorESM1-M_RCA4","NCC-NorESM1-M.06"
"6100","NCC-NorESM1-M","RCA4",2019,"E Midlands",1,0,0,0,"NCC-NorESM1-M_RCA4","NCC-NorESM1-M.06"
"6101","NCC-NorESM1-M","RCA4",2020,"E Midlands",1,0,0,0,"NCC-NorESM1-M_RCA4","NCC-NorESM1-M.06"
"6102","NCC-NorESM1-M","RCA4",2021,"E Midlands",1,0,0,0,"NCC-NorESM1-M_RCA4","NCC-NorESM1-M.06"
"6103","NCC-NorESM1-M","RCA4",2022,"E Midlands",1,0,0,0,"NCC-NorESM1-M_RCA4","NCC-NorESM1-M.06"
"6104","NCC-NorESM1-M","RCA4",2023,"E Midlands",1,0,0,0,"NCC-NorESM1-M_RCA4","NCC-NorESM1-M.06"
"6105","NCC-NorESM1-M","RCA4",2024,"E Midlands",1,0,0,0,"NCC-NorESM1-M_RCA4","NCC-NorESM1-M.06"
"6106","NCC-NorESM1-M","RCA4",2025,"E Midlands",1,0,0,0,"NCC-NorESM1-M_RCA4","NCC-NorESM1-M.06"
"6107","NCC-NorESM1-M","RCA4",2026,"E Midlands",1,0,0,0,"NCC-NorESM1-M_RCA4","NCC-NorESM1-M.06"
"6108","NCC-NorESM1-M","RCA4",2027,"E Midlands",1,0,0,0,"NCC-NorESM1-M_RCA4","NCC-NorESM1-M.06"
"6109","NCC-NorESM1-M","RCA4",2028,"E Midlands",1,0,0,0,"NCC-NorESM1-M_RCA4","NCC-NorESM1-M.06"
"6110","NCC-NorESM1-M","RCA4",2029,"E Midlands",1,0,0,0,"NCC-NorESM1-M_RCA4","NCC-NorESM1-M.06"
"6111","NCC-NorESM1-M","RCA4",2030,"E Midlands",1,0,0,0,"NCC-NorESM1-M_RCA4","NCC-NorESM1-M.06"
"6112","NCC-NorESM1-M","RCA4",2031,"E Midlands",1,0,0,0,"NCC-NorESM1-M_RCA4","NCC-NorESM1-M.06"
"6113","NCC-NorESM1-M","RCA4",2032,"E Midlands",1,0,0,0,"NCC-NorESM1-M_RCA4","NCC-NorESM1-M.06"
"6114","NCC-NorESM1-M","RCA4",2033,"E Midlands",1,0,0,0,"NCC-NorESM1-M_RCA4","NCC-NorESM1-M.06"
"6115","NCC-NorESM1-M","RCA4",2034,"E Midlands",1,0,0,0,"NCC-NorESM1-M_RCA4","NCC-NorESM1-M.06"
"6116","NCC-NorESM1-M","RCA4",2035,"E Midlands",1,0,0,0,"NCC-NorESM1-M_RCA4","NCC-NorESM1-M.06"
"6117","NCC-NorESM1-M","RCA4",2036,"E Midlands",1,0,0,0,"NCC-NorESM1-M_RCA4","NCC-NorESM1-M.06"
"6118","NCC-NorESM1-M","RCA4",2037,"E Midlands",1,0,0,0,"NCC-NorESM1-M_RCA4","NCC-NorESM1-M.06"
"6119","NCC-NorESM1-M","RCA4",2038,"E Midlands",1,0,0,0,"NCC-NorESM1-M_RCA4","NCC-NorESM1-M.06"
"6120","NCC-NorESM1-M","RCA4",2039,"E Midlands",1,0,0,0,"NCC-NorESM1-M_RCA4","NCC-NorESM1-M.06"
"6121","NCC-NorESM1-M","RCA4",2040,"E Midlands",1,0,0,0,"NCC-NorESM1-M_RCA4","NCC-NorESM1-M.06"
"6122","NCC-NorESM1-M","RCA4",2041,"E Midlands",1,0,0,0,"NCC-NorESM1-M_RCA4","NCC-NorESM1-M.06"
"6123","NCC-NorESM1-M","RCA4",2042,"E Midlands",1,0,0,0,"NCC-NorESM1-M_RCA4","NCC-NorESM1-M.06"
"6124","NCC-NorESM1-M","RCA4",2043,"E Midlands",1,0,0,0,"NCC-NorESM1-M_RCA4","NCC-NorESM1-M.06"
"6125","NCC-NorESM1-M","RCA4",2044,"E Midlands",1,0,0,0,"NCC-NorESM1-M_RCA4","NCC-NorESM1-M.06"
"6126","NCC-NorESM1-M","RCA4",2045,"E Midlands",1,0.0280373831775701,3,32.9277980592516,"NCC-NorESM1-M_RCA4","NCC-NorESM1-M.06"
"6127","NCC-NorESM1-M","RCA4",2046,"E Midlands",1,0,0,0,"NCC-NorESM1-M_RCA4","NCC-NorESM1-M.06"
"6128","NCC-NorESM1-M","RCA4",2047,"E Midlands",1,0,0,0,"NCC-NorESM1-M_RCA4","NCC-NorESM1-M.06"
"6129","NCC-NorESM1-M","RCA4",2048,"E Midlands",1,0,0,0,"NCC-NorESM1-M_RCA4","NCC-NorESM1-M.06"
"6130","NCC-NorESM1-M","RCA4",2049,"E Midlands",1,0,0,0,"NCC-NorESM1-M_RCA4","NCC-NorESM1-M.06"
"6131","NCC-NorESM1-M","RCA4",2050,"E Midlands",1,0,0,0,"NCC-NorESM1-M_RCA4","NCC-NorESM1-M.06"
"6132","NCC-NorESM1-M","RCA4",2051,"E Midlands",1,0,0,0,"NCC-NorESM1-M_RCA4","NCC-NorESM1-M.06"
"6133","NCC-NorESM1-M","RCA4",2052,"E Midlands",1,0,0,0,"NCC-NorESM1-M_RCA4","NCC-NorESM1-M.06"
"6134","NCC-NorESM1-M","RCA4",2053,"E Midlands",1,0,0,0,"NCC-NorESM1-M_RCA4","NCC-NorESM1-M.06"
"6135","NCC-NorESM1-M","RCA4",2054,"E Midlands",1,0,0,0,"NCC-NorESM1-M_RCA4","NCC-NorESM1-M.06"
"6136","NCC-NorESM1-M","RCA4",2055,"E Midlands",1,0,0,0,"NCC-NorESM1-M_RCA4","NCC-NorESM1-M.06"
"6137","NCC-NorESM1-M","RCA4",2056,"E Midlands",1,0,0,0,"NCC-NorESM1-M_RCA4","NCC-NorESM1-M.06"
"6138","NCC-NorESM1-M","RCA4",2057,"E Midlands",1,0.0186915887850467,3,31.566500822703,"NCC-NorESM1-M_RCA4","NCC-NorESM1-M.06"
"6139","NCC-NorESM1-M","RCA4",2058,"E Midlands",1,0.719626168224299,3.48051948051948,33.0026129984752,"NCC-NorESM1-M_RCA4","NCC-NorESM1-M.06"
"6140","NCC-NorESM1-M","RCA4",2059,"E Midlands",1,0,0,0,"NCC-NorESM1-M_RCA4","NCC-NorESM1-M.06"
"6141","NCC-NorESM1-M","RCA4",2060,"E Midlands",1,0.0841121495327103,5.33333333333333,31.6718244788087,"NCC-NorESM1-M_RCA4","NCC-NorESM1-M.06"
"6142","NCC-NorESM1-M","RCA4",2061,"E Midlands",1,0,0,0,"NCC-NorESM1-M_RCA4","NCC-NorESM1-M.06"
"6143","NCC-NorESM1-M","RCA4",2062,"E Midlands",1,0,0,0,"NCC-NorESM1-M_RCA4","NCC-NorESM1-M.06"
"6144","NCC-NorESM1-M","RCA4",2063,"E Midlands",1,0,0,0,"NCC-NorESM1-M_RCA4","NCC-NorESM1-M.06"
"6145","NCC-NorESM1-M","RCA4",2064,"E Midlands",1,0,0,0,"NCC-NorESM1-M_RCA4","NCC-NorESM1-M.06"
"6146","NCC-NorESM1-M","RCA4",2065,"E Midlands",1,0,0,0,"NCC-NorESM1-M_RCA4","NCC-NorESM1-M.06"
"6147","NCC-NorESM1-M","RCA4",2066,"E Midlands",1,0,0,0,"NCC-NorESM1-M_RCA4","NCC-NorESM1-M.06"
"6148","NCC-NorESM1-M","RCA4",2067,"E Midlands",1,0,0,0,"NCC-NorESM1-M_RCA4","NCC-NorESM1-M.06"
"6149","NCC-NorESM1-M","RCA4",2068,"E Midlands",1,0,0,0,"NCC-NorESM1-M_RCA4","NCC-NorESM1-M.06"
"6150","NCC-NorESM1-M","RCA4",2069,"E Midlands",1,0,0,0,"NCC-NorESM1-M_RCA4","NCC-NorESM1-M.06"
"6151","NCC-NorESM1-M","RCA4",2070,"E Midlands",1,0,0,0,"NCC-NorESM1-M_RCA4","NCC-NorESM1-M.06"
"6152","NCC-NorESM1-M","RCA4",2071,"E Midlands",1,0,0,0,"NCC-NorESM1-M_RCA4","NCC-NorESM1-M.06"
"6153","NCC-NorESM1-M","RCA4",2072,"E Midlands",1,0,0,0,"NCC-NorESM1-M_RCA4","NCC-NorESM1-M.06"
"6154","NCC-NorESM1-M","RCA4",2073,"E Midlands",1,0,0,0,"NCC-NorESM1-M_RCA4","NCC-NorESM1-M.06"
"6155","NCC-NorESM1-M","RCA4",2074,"E Midlands",1,0,0,0,"NCC-NorESM1-M_RCA4","NCC-NorESM1-M.06"
"6156","NCC-NorESM1-M","RCA4",2075,"E Midlands",1,0,0,0,"NCC-NorESM1-M_RCA4","NCC-NorESM1-M.06"
"6157","NCC-NorESM1-M","RCA4",2076,"E Midlands",1,0,0,0,"NCC-NorESM1-M_RCA4","NCC-NorESM1-M.06"
"6158","NCC-NorESM1-M","RCA4",2077,"E Midlands",1,0,0,0,"NCC-NorESM1-M_RCA4","NCC-NorESM1-M.06"
"6159","NCC-NorESM1-M","RCA4",2078,"E Midlands",1,0,0,0,"NCC-NorESM1-M_RCA4","NCC-NorESM1-M.06"
"6160","NCC-NorESM1-M","RCA4",2079,"E Midlands",1,0,0,0,"NCC-NorESM1-M_RCA4","NCC-NorESM1-M.06"
"6161","NCC-NorESM1-M","RCA4",2080,"E Midlands",1,0.0186915887850467,3,32.3533946673075,"NCC-NorESM1-M_RCA4","NCC-NorESM1-M.06"
"6162","NCC-NorESM1-M","RegCM4-6",1980,"E Midlands",1,0,0,0,"NCC-NorESM1-M_RegCM4-6","NCC-NorESM1-M.07"
"6163","NCC-NorESM1-M","RegCM4-6",1981,"E Midlands",1,0,0,0,"NCC-NorESM1-M_RegCM4-6","NCC-NorESM1-M.07"
"6164","NCC-NorESM1-M","RegCM4-6",1982,"E Midlands",1,0,0,0,"NCC-NorESM1-M_RegCM4-6","NCC-NorESM1-M.07"
"6165","NCC-NorESM1-M","RegCM4-6",1983,"E Midlands",1,0,0,0,"NCC-NorESM1-M_RegCM4-6","NCC-NorESM1-M.07"
"6166","NCC-NorESM1-M","RegCM4-6",1984,"E Midlands",1,0,0,0,"NCC-NorESM1-M_RegCM4-6","NCC-NorESM1-M.07"
"6167","NCC-NorESM1-M","RegCM4-6",1985,"E Midlands",1,0,0,0,"NCC-NorESM1-M_RegCM4-6","NCC-NorESM1-M.07"
"6168","NCC-NorESM1-M","RegCM4-6",1986,"E Midlands",1,0.0747663551401869,3,32.1293524106344,"NCC-NorESM1-M_RegCM4-6","NCC-NorESM1-M.07"
"6169","NCC-NorESM1-M","RegCM4-6",1987,"E Midlands",1,0,0,0,"NCC-NorESM1-M_RegCM4-6","NCC-NorESM1-M.07"
"6170","NCC-NorESM1-M","RegCM4-6",1988,"E Midlands",1,0,0,0,"NCC-NorESM1-M_RegCM4-6","NCC-NorESM1-M.07"
"6171","NCC-NorESM1-M","RegCM4-6",1989,"E Midlands",1,0,0,0,"NCC-NorESM1-M_RegCM4-6","NCC-NorESM1-M.07"
"6172","NCC-NorESM1-M","RegCM4-6",1990,"E Midlands",1,0,0,0,"NCC-NorESM1-M_RegCM4-6","NCC-NorESM1-M.07"
"6173","NCC-NorESM1-M","RegCM4-6",1991,"E Midlands",1,0.0280373831775701,3,33.0902808507284,"NCC-NorESM1-M_RegCM4-6","NCC-NorESM1-M.07"
"6174","NCC-NorESM1-M","RegCM4-6",1992,"E Midlands",1,0.00934579439252336,3,30.9685157140096,"NCC-NorESM1-M_RegCM4-6","NCC-NorESM1-M.07"
"6175","NCC-NorESM1-M","RegCM4-6",1993,"E Midlands",1,0,0,0,"NCC-NorESM1-M_RegCM4-6","NCC-NorESM1-M.07"
"6176","NCC-NorESM1-M","RegCM4-6",1994,"E Midlands",1,0,0,0,"NCC-NorESM1-M_RegCM4-6","NCC-NorESM1-M.07"
"6177","NCC-NorESM1-M","RegCM4-6",1995,"E Midlands",1,0,0,0,"NCC-NorESM1-M_RegCM4-6","NCC-NorESM1-M.07"
"6178","NCC-NorESM1-M","RegCM4-6",1996,"E Midlands",1,0,0,0,"NCC-NorESM1-M_RegCM4-6","NCC-NorESM1-M.07"
"6179","NCC-NorESM1-M","RegCM4-6",1997,"E Midlands",1,0,0,0,"NCC-NorESM1-M_RegCM4-6","NCC-NorESM1-M.07"
"6180","NCC-NorESM1-M","RegCM4-6",1998,"E Midlands",1,0,0,0,"NCC-NorESM1-M_RegCM4-6","NCC-NorESM1-M.07"
"6181","NCC-NorESM1-M","RegCM4-6",1999,"E Midlands",1,0,0,0,"NCC-NorESM1-M_RegCM4-6","NCC-NorESM1-M.07"
"6182","NCC-NorESM1-M","RegCM4-6",2000,"E Midlands",1,0,0,0,"NCC-NorESM1-M_RegCM4-6","NCC-NorESM1-M.07"
"6183","NCC-NorESM1-M","RegCM4-6",2001,"E Midlands",1,0,0,0,"NCC-NorESM1-M_RegCM4-6","NCC-NorESM1-M.07"
"6184","NCC-NorESM1-M","RegCM4-6",2002,"E Midlands",1,0,0,0,"NCC-NorESM1-M_RegCM4-6","NCC-NorESM1-M.07"
"6185","NCC-NorESM1-M","RegCM4-6",2003,"E Midlands",1,0,0,0,"NCC-NorESM1-M_RegCM4-6","NCC-NorESM1-M.07"
"6186","NCC-NorESM1-M","RegCM4-6",2004,"E Midlands",1,0,0,0,"NCC-NorESM1-M_RegCM4-6","NCC-NorESM1-M.07"
"6187","NCC-NorESM1-M","RegCM4-6",2005,"E Midlands",1,0.560747663551402,3.91666666666667,33.2573612584008,"NCC-NorESM1-M_RegCM4-6","NCC-NorESM1-M.07"
"6188","NCC-NorESM1-M","RegCM4-6",2006,"E Midlands",1,0.0747663551401869,3.625,31.9139262139797,"NCC-NorESM1-M_RegCM4-6","NCC-NorESM1-M.07"
"6189","NCC-NorESM1-M","RegCM4-6",2007,"E Midlands",1,0,0,0,"NCC-NorESM1-M_RegCM4-6","NCC-NorESM1-M.07"
"6190","NCC-NorESM1-M","RegCM4-6",2008,"E Midlands",1,0,0,0,"NCC-NorESM1-M_RegCM4-6","NCC-NorESM1-M.07"
"6191","NCC-NorESM1-M","RegCM4-6",2009,"E Midlands",1,0,0,0,"NCC-NorESM1-M_RegCM4-6","NCC-NorESM1-M.07"
"6192","NCC-NorESM1-M","RegCM4-6",2010,"E Midlands",1,0,0,0,"NCC-NorESM1-M_RegCM4-6","NCC-NorESM1-M.07"
"6193","NCC-NorESM1-M","RegCM4-6",2011,"E Midlands",1,0,0,0,"NCC-NorESM1-M_RegCM4-6","NCC-NorESM1-M.07"
"6194","NCC-NorESM1-M","RegCM4-6",2012,"E Midlands",1,0,0,0,"NCC-NorESM1-M_RegCM4-6","NCC-NorESM1-M.07"
"6195","NCC-NorESM1-M","RegCM4-6",2013,"E Midlands",1,0,0,0,"NCC-NorESM1-M_RegCM4-6","NCC-NorESM1-M.07"
"6196","NCC-NorESM1-M","RegCM4-6",2014,"E Midlands",1,0,0,0,"NCC-NorESM1-M_RegCM4-6","NCC-NorESM1-M.07"
"6197","NCC-NorESM1-M","RegCM4-6",2015,"E Midlands",1,0,0,0,"NCC-NorESM1-M_RegCM4-6","NCC-NorESM1-M.07"
"6198","NCC-NorESM1-M","RegCM4-6",2016,"E Midlands",1,0,0,0,"NCC-NorESM1-M_RegCM4-6","NCC-NorESM1-M.07"
"6199","NCC-NorESM1-M","RegCM4-6",2017,"E Midlands",1,0,0,0,"NCC-NorESM1-M_RegCM4-6","NCC-NorESM1-M.07"
"6200","NCC-NorESM1-M","RegCM4-6",2018,"E Midlands",1,0,0,0,"NCC-NorESM1-M_RegCM4-6","NCC-NorESM1-M.07"
"6201","NCC-NorESM1-M","RegCM4-6",2019,"E Midlands",1,0,0,0,"NCC-NorESM1-M_RegCM4-6","NCC-NorESM1-M.07"
"6202","NCC-NorESM1-M","RegCM4-6",2020,"E Midlands",1,0,0,0,"NCC-NorESM1-M_RegCM4-6","NCC-NorESM1-M.07"
"6203","NCC-NorESM1-M","RegCM4-6",2021,"E Midlands",1,0,0,0,"NCC-NorESM1-M_RegCM4-6","NCC-NorESM1-M.07"
"6204","NCC-NorESM1-M","RegCM4-6",2022,"E Midlands",1,0,0,0,"NCC-NorESM1-M_RegCM4-6","NCC-NorESM1-M.07"
"6205","NCC-NorESM1-M","RegCM4-6",2023,"E Midlands",1,0,0,0,"NCC-NorESM1-M_RegCM4-6","NCC-NorESM1-M.07"
"6206","NCC-NorESM1-M","RegCM4-6",2024,"E Midlands",1,0,0,0,"NCC-NorESM1-M_RegCM4-6","NCC-NorESM1-M.07"
"6207","NCC-NorESM1-M","RegCM4-6",2025,"E Midlands",1,0,0,0,"NCC-NorESM1-M_RegCM4-6","NCC-NorESM1-M.07"
"6208","NCC-NorESM1-M","RegCM4-6",2026,"E Midlands",1,0,0,0,"NCC-NorESM1-M_RegCM4-6","NCC-NorESM1-M.07"
"6209","NCC-NorESM1-M","RegCM4-6",2027,"E Midlands",1,0,0,0,"NCC-NorESM1-M_RegCM4-6","NCC-NorESM1-M.07"
"6210","NCC-NorESM1-M","RegCM4-6",2028,"E Midlands",1,0,0,0,"NCC-NorESM1-M_RegCM4-6","NCC-NorESM1-M.07"
"6211","NCC-NorESM1-M","RegCM4-6",2029,"E Midlands",1,0,0,0,"NCC-NorESM1-M_RegCM4-6","NCC-NorESM1-M.07"
"6212","NCC-NorESM1-M","RegCM4-6",2030,"E Midlands",1,0,0,0,"NCC-NorESM1-M_RegCM4-6","NCC-NorESM1-M.07"
"6213","NCC-NorESM1-M","RegCM4-6",2031,"E Midlands",1,0,0,0,"NCC-NorESM1-M_RegCM4-6","NCC-NorESM1-M.07"
"6214","NCC-NorESM1-M","RegCM4-6",2032,"E Midlands",1,0,0,0,"NCC-NorESM1-M_RegCM4-6","NCC-NorESM1-M.07"
"6215","NCC-NorESM1-M","RegCM4-6",2033,"E Midlands",1,0.345794392523364,3.43243243243243,31.7631125321259,"NCC-NorESM1-M_RegCM4-6","NCC-NorESM1-M.07"
"6216","NCC-NorESM1-M","RegCM4-6",2034,"E Midlands",1,0,0,0,"NCC-NorESM1-M_RegCM4-6","NCC-NorESM1-M.07"
"6217","NCC-NorESM1-M","RegCM4-6",2035,"E Midlands",1,0,0,0,"NCC-NorESM1-M_RegCM4-6","NCC-NorESM1-M.07"
"6218","NCC-NorESM1-M","RegCM4-6",2036,"E Midlands",1,0,0,0,"NCC-NorESM1-M_RegCM4-6","NCC-NorESM1-M.07"
"6219","NCC-NorESM1-M","RegCM4-6",2037,"E Midlands",1,0.186915887850467,4.25,30.9749461269379,"NCC-NorESM1-M_RegCM4-6","NCC-NorESM1-M.07"
"6220","NCC-NorESM1-M","RegCM4-6",2038,"E Midlands",1,0,0,0,"NCC-NorESM1-M_RegCM4-6","NCC-NorESM1-M.07"
"6221","NCC-NorESM1-M","RegCM4-6",2039,"E Midlands",1,0,0,0,"NCC-NorESM1-M_RegCM4-6","NCC-NorESM1-M.07"
"6222","NCC-NorESM1-M","RegCM4-6",2040,"E Midlands",1,0,0,0,"NCC-NorESM1-M_RegCM4-6","NCC-NorESM1-M.07"
"6223","NCC-NorESM1-M","RegCM4-6",2041,"E Midlands",1,0.392523364485981,3.83333333333333,31.7061776263373,"NCC-NorESM1-M_RegCM4-6","NCC-NorESM1-M.07"
"6224","NCC-NorESM1-M","RegCM4-6",2042,"E Midlands",1,0,0,0,"NCC-NorESM1-M_RegCM4-6","NCC-NorESM1-M.07"
"6225","NCC-NorESM1-M","RegCM4-6",2043,"E Midlands",1,0,0,0,"NCC-NorESM1-M_RegCM4-6","NCC-NorESM1-M.07"
"6226","NCC-NorESM1-M","RegCM4-6",2044,"E Midlands",1,0,0,0,"NCC-NorESM1-M_RegCM4-6","NCC-NorESM1-M.07"
"6227","NCC-NorESM1-M","RegCM4-6",2045,"E Midlands",1,0,0,0,"NCC-NorESM1-M_RegCM4-6","NCC-NorESM1-M.07"
"6228","NCC-NorESM1-M","RegCM4-6",2046,"E Midlands",1,0.00934579439252336,3,31.3392848968506,"NCC-NorESM1-M_RegCM4-6","NCC-NorESM1-M.07"
"6229","NCC-NorESM1-M","RegCM4-6",2047,"E Midlands",1,0,0,0,"NCC-NorESM1-M_RegCM4-6","NCC-NorESM1-M.07"
"6230","NCC-NorESM1-M","RegCM4-6",2048,"E Midlands",1,0.0654205607476635,3,31.8504309427171,"NCC-NorESM1-M_RegCM4-6","NCC-NorESM1-M.07"
"6231","NCC-NorESM1-M","RegCM4-6",2049,"E Midlands",1,0,0,0,"NCC-NorESM1-M_RegCM4-6","NCC-NorESM1-M.07"
"6232","NCC-NorESM1-M","RegCM4-6",2050,"E Midlands",1,0,0,0,"NCC-NorESM1-M_RegCM4-6","NCC-NorESM1-M.07"
"6233","NCC-NorESM1-M","RegCM4-6",2051,"E Midlands",1,0,0,0,"NCC-NorESM1-M_RegCM4-6","NCC-NorESM1-M.07"
"6234","NCC-NorESM1-M","RegCM4-6",2052,"E Midlands",1,0,0,0,"NCC-NorESM1-M_RegCM4-6","NCC-NorESM1-M.07"
"6235","NCC-NorESM1-M","RegCM4-6",2053,"E Midlands",1,0,0,0,"NCC-NorESM1-M_RegCM4-6","NCC-NorESM1-M.07"
"6236","NCC-NorESM1-M","RegCM4-6",2054,"E Midlands",1,0,0,0,"NCC-NorESM1-M_RegCM4-6","NCC-NorESM1-M.07"
"6237","NCC-NorESM1-M","RegCM4-6",2055,"E Midlands",1,0,0,0,"NCC-NorESM1-M_RegCM4-6","NCC-NorESM1-M.07"
"6238","NCC-NorESM1-M","RegCM4-6",2056,"E Midlands",1,0,0,0,"NCC-NorESM1-M_RegCM4-6","NCC-NorESM1-M.07"
"6239","NCC-NorESM1-M","RegCM4-6",2057,"E Midlands",1,0,0,0,"NCC-NorESM1-M_RegCM4-6","NCC-NorESM1-M.07"
"6240","NCC-NorESM1-M","RegCM4-6",2058,"E Midlands",1,0.654205607476635,3.8,33.0482719852811,"NCC-NorESM1-M_RegCM4-6","NCC-NorESM1-M.07"
"6241","NCC-NorESM1-M","RegCM4-6",2059,"E Midlands",1,0,0,0,"NCC-NorESM1-M_RegCM4-6","NCC-NorESM1-M.07"
"6242","NCC-NorESM1-M","RegCM4-6",2060,"E Midlands",1,0.0934579439252336,3.3,35.7710327625275,"NCC-NorESM1-M_RegCM4-6","NCC-NorESM1-M.07"
"6243","NCC-NorESM1-M","RegCM4-6",2061,"E Midlands",1,0,0,0,"NCC-NorESM1-M_RegCM4-6","NCC-NorESM1-M.07"
"6244","NCC-NorESM1-M","RegCM4-6",2062,"E Midlands",1,0,0,0,"NCC-NorESM1-M_RegCM4-6","NCC-NorESM1-M.07"
"6245","NCC-NorESM1-M","RegCM4-6",2063,"E Midlands",1,0.261682242990654,3,33.0026030426934,"NCC-NorESM1-M_RegCM4-6","NCC-NorESM1-M.07"
"6246","NCC-NorESM1-M","RegCM4-6",2064,"E Midlands",1,0,0,0,"NCC-NorESM1-M_RegCM4-6","NCC-NorESM1-M.07"
"6247","NCC-NorESM1-M","RegCM4-6",2065,"E Midlands",1,0,0,0,"NCC-NorESM1-M_RegCM4-6","NCC-NorESM1-M.07"
"6248","NCC-NorESM1-M","RegCM4-6",2066,"E Midlands",1,0,0,0,"NCC-NorESM1-M_RegCM4-6","NCC-NorESM1-M.07"
"6249","NCC-NorESM1-M","RegCM4-6",2067,"E Midlands",1,0,0,0,"NCC-NorESM1-M_RegCM4-6","NCC-NorESM1-M.07"
"6250","NCC-NorESM1-M","RegCM4-6",2068,"E Midlands",1,0.495327102803738,3.86792452830189,33.4841171145975,"NCC-NorESM1-M_RegCM4-6","NCC-NorESM1-M.07"
"6251","NCC-NorESM1-M","RegCM4-6",2069,"E Midlands",1,0,0,0,"NCC-NorESM1-M_RegCM4-6","NCC-NorESM1-M.07"
"6252","NCC-NorESM1-M","RegCM4-6",2070,"E Midlands",1,0,0,0,"NCC-NorESM1-M_RegCM4-6","NCC-NorESM1-M.07"
"6253","NCC-NorESM1-M","RegCM4-6",2071,"E Midlands",1,0,0,0,"NCC-NorESM1-M_RegCM4-6","NCC-NorESM1-M.07"
"6254","NCC-NorESM1-M","RegCM4-6",2072,"E Midlands",1,0,0,0,"NCC-NorESM1-M_RegCM4-6","NCC-NorESM1-M.07"
"6255","NCC-NorESM1-M","RegCM4-6",2073,"E Midlands",1,0.11214953271028,3,31.9785326851739,"NCC-NorESM1-M_RegCM4-6","NCC-NorESM1-M.07"
"6256","NCC-NorESM1-M","RegCM4-6",2074,"E Midlands",1,0,0,0,"NCC-NorESM1-M_RegCM4-6","NCC-NorESM1-M.07"
"6257","NCC-NorESM1-M","RegCM4-6",2075,"E Midlands",1,0,0,0,"NCC-NorESM1-M_RegCM4-6","NCC-NorESM1-M.07"
"6258","NCC-NorESM1-M","RegCM4-6",2076,"E Midlands",1,0,0,0,"NCC-NorESM1-M_RegCM4-6","NCC-NorESM1-M.07"
"6259","NCC-NorESM1-M","RegCM4-6",2077,"E Midlands",1,0,0,0,"NCC-NorESM1-M_RegCM4-6","NCC-NorESM1-M.07"
"6260","NCC-NorESM1-M","RegCM4-6",2078,"E Midlands",1,0.0841121495327103,3,31.4302806147823,"NCC-NorESM1-M_RegCM4-6","NCC-NorESM1-M.07"
"6261","NCC-NorESM1-M","RegCM4-6",2079,"E Midlands",1,0,0,0,"NCC-NorESM1-M_RegCM4-6","NCC-NorESM1-M.07"
"6262","NCC-NorESM1-M","RegCM4-6",2080,"E Midlands",1,0.953271028037383,7.09803921568627,34.4357131590474,"NCC-NorESM1-M_RegCM4-6","NCC-NorESM1-M.07"
"6263","NCC-NorESM1-M","REMO2015",1980,"E Midlands",1,0,0,0,"NCC-NorESM1-M_REMO2015","NCC-NorESM1-M.08"
"6264","NCC-NorESM1-M","REMO2015",1981,"E Midlands",1,0,0,0,"NCC-NorESM1-M_REMO2015","NCC-NorESM1-M.08"
"6265","NCC-NorESM1-M","REMO2015",1982,"E Midlands",1,0,0,0,"NCC-NorESM1-M_REMO2015","NCC-NorESM1-M.08"
"6266","NCC-NorESM1-M","REMO2015",1983,"E Midlands",1,0,0,0,"NCC-NorESM1-M_REMO2015","NCC-NorESM1-M.08"
"6267","NCC-NorESM1-M","REMO2015",1984,"E Midlands",1,0,0,0,"NCC-NorESM1-M_REMO2015","NCC-NorESM1-M.08"
"6268","NCC-NorESM1-M","REMO2015",1985,"E Midlands",1,0,0,0,"NCC-NorESM1-M_REMO2015","NCC-NorESM1-M.08"
"6269","NCC-NorESM1-M","REMO2015",1986,"E Midlands",1,0,0,0,"NCC-NorESM1-M_REMO2015","NCC-NorESM1-M.08"
"6270","NCC-NorESM1-M","REMO2015",1987,"E Midlands",1,0,0,0,"NCC-NorESM1-M_REMO2015","NCC-NorESM1-M.08"
"6271","NCC-NorESM1-M","REMO2015",1988,"E Midlands",1,0,0,0,"NCC-NorESM1-M_REMO2015","NCC-NorESM1-M.08"
"6272","NCC-NorESM1-M","REMO2015",1989,"E Midlands",1,0,0,0,"NCC-NorESM1-M_REMO2015","NCC-NorESM1-M.08"
"6273","NCC-NorESM1-M","REMO2015",1990,"E Midlands",1,0,0,0,"NCC-NorESM1-M_REMO2015","NCC-NorESM1-M.08"
"6274","NCC-NorESM1-M","REMO2015",1991,"E Midlands",1,0,0,0,"NCC-NorESM1-M_REMO2015","NCC-NorESM1-M.08"
"6275","NCC-NorESM1-M","REMO2015",1992,"E Midlands",1,0.0280373831775701,3,30.3992315928141,"NCC-NorESM1-M_REMO2015","NCC-NorESM1-M.08"
"6276","NCC-NorESM1-M","REMO2015",1993,"E Midlands",1,0,0,0,"NCC-NorESM1-M_REMO2015","NCC-NorESM1-M.08"
"6277","NCC-NorESM1-M","REMO2015",1994,"E Midlands",1,0,0,0,"NCC-NorESM1-M_REMO2015","NCC-NorESM1-M.08"
"6278","NCC-NorESM1-M","REMO2015",1995,"E Midlands",1,0,0,0,"NCC-NorESM1-M_REMO2015","NCC-NorESM1-M.08"
"6279","NCC-NorESM1-M","REMO2015",1996,"E Midlands",1,0,0,0,"NCC-NorESM1-M_REMO2015","NCC-NorESM1-M.08"
"6280","NCC-NorESM1-M","REMO2015",1997,"E Midlands",1,0,0,0,"NCC-NorESM1-M_REMO2015","NCC-NorESM1-M.08"
"6281","NCC-NorESM1-M","REMO2015",1998,"E Midlands",1,0,0,0,"NCC-NorESM1-M_REMO2015","NCC-NorESM1-M.08"
"6282","NCC-NorESM1-M","REMO2015",1999,"E Midlands",1,0,0,0,"NCC-NorESM1-M_REMO2015","NCC-NorESM1-M.08"
"6283","NCC-NorESM1-M","REMO2015",2000,"E Midlands",1,0,0,0,"NCC-NorESM1-M_REMO2015","NCC-NorESM1-M.08"
"6284","NCC-NorESM1-M","REMO2015",2001,"E Midlands",1,0,0,0,"NCC-NorESM1-M_REMO2015","NCC-NorESM1-M.08"
"6285","NCC-NorESM1-M","REMO2015",2002,"E Midlands",1,0,0,0,"NCC-NorESM1-M_REMO2015","NCC-NorESM1-M.08"
"6286","NCC-NorESM1-M","REMO2015",2003,"E Midlands",1,0,0,0,"NCC-NorESM1-M_REMO2015","NCC-NorESM1-M.08"
"6287","NCC-NorESM1-M","REMO2015",2004,"E Midlands",1,0,0,0,"NCC-NorESM1-M_REMO2015","NCC-NorESM1-M.08"
"6288","NCC-NorESM1-M","REMO2015",2005,"E Midlands",1,0,0,0,"NCC-NorESM1-M_REMO2015","NCC-NorESM1-M.08"
"6289","NCC-NorESM1-M","REMO2015",2006,"E Midlands",1,0,0,0,"NCC-NorESM1-M_REMO2015","NCC-NorESM1-M.08"
"6290","NCC-NorESM1-M","REMO2015",2007,"E Midlands",1,0,0,0,"NCC-NorESM1-M_REMO2015","NCC-NorESM1-M.08"
"6291","NCC-NorESM1-M","REMO2015",2008,"E Midlands",1,0,0,0,"NCC-NorESM1-M_REMO2015","NCC-NorESM1-M.08"
"6292","NCC-NorESM1-M","REMO2015",2009,"E Midlands",1,0,0,0,"NCC-NorESM1-M_REMO2015","NCC-NorESM1-M.08"
"6293","NCC-NorESM1-M","REMO2015",2010,"E Midlands",1,0,0,0,"NCC-NorESM1-M_REMO2015","NCC-NorESM1-M.08"
"6294","NCC-NorESM1-M","REMO2015",2011,"E Midlands",1,0,0,0,"NCC-NorESM1-M_REMO2015","NCC-NorESM1-M.08"
"6295","NCC-NorESM1-M","REMO2015",2012,"E Midlands",1,0,0,0,"NCC-NorESM1-M_REMO2015","NCC-NorESM1-M.08"
"6296","NCC-NorESM1-M","REMO2015",2013,"E Midlands",1,0,0,0,"NCC-NorESM1-M_REMO2015","NCC-NorESM1-M.08"
"6297","NCC-NorESM1-M","REMO2015",2014,"E Midlands",1,0,0,0,"NCC-NorESM1-M_REMO2015","NCC-NorESM1-M.08"
"6298","NCC-NorESM1-M","REMO2015",2015,"E Midlands",1,0,0,0,"NCC-NorESM1-M_REMO2015","NCC-NorESM1-M.08"
"6299","NCC-NorESM1-M","REMO2015",2016,"E Midlands",1,0,0,0,"NCC-NorESM1-M_REMO2015","NCC-NorESM1-M.08"
"6300","NCC-NorESM1-M","REMO2015",2017,"E Midlands",1,0,0,0,"NCC-NorESM1-M_REMO2015","NCC-NorESM1-M.08"
"6301","NCC-NorESM1-M","REMO2015",2018,"E Midlands",1,0,0,0,"NCC-NorESM1-M_REMO2015","NCC-NorESM1-M.08"
"6302","NCC-NorESM1-M","REMO2015",2019,"E Midlands",1,0,0,0,"NCC-NorESM1-M_REMO2015","NCC-NorESM1-M.08"
"6303","NCC-NorESM1-M","REMO2015",2020,"E Midlands",1,0,0,0,"NCC-NorESM1-M_REMO2015","NCC-NorESM1-M.08"
"6304","NCC-NorESM1-M","REMO2015",2021,"E Midlands",1,0,0,0,"NCC-NorESM1-M_REMO2015","NCC-NorESM1-M.08"
"6305","NCC-NorESM1-M","REMO2015",2022,"E Midlands",1,0,0,0,"NCC-NorESM1-M_REMO2015","NCC-NorESM1-M.08"
"6306","NCC-NorESM1-M","REMO2015",2023,"E Midlands",1,0,0,0,"NCC-NorESM1-M_REMO2015","NCC-NorESM1-M.08"
"6307","NCC-NorESM1-M","REMO2015",2024,"E Midlands",1,0,0,0,"NCC-NorESM1-M_REMO2015","NCC-NorESM1-M.08"
"6308","NCC-NorESM1-M","REMO2015",2025,"E Midlands",1,0.495327102803738,3.24528301886792,31.8121184567985,"NCC-NorESM1-M_REMO2015","NCC-NorESM1-M.08"
"6309","NCC-NorESM1-M","REMO2015",2026,"E Midlands",1,0,0,0,"NCC-NorESM1-M_REMO2015","NCC-NorESM1-M.08"
"6310","NCC-NorESM1-M","REMO2015",2027,"E Midlands",1,0,0,0,"NCC-NorESM1-M_REMO2015","NCC-NorESM1-M.08"
"6311","NCC-NorESM1-M","REMO2015",2028,"E Midlands",1,0,0,0,"NCC-NorESM1-M_REMO2015","NCC-NorESM1-M.08"
"6312","NCC-NorESM1-M","REMO2015",2029,"E Midlands",1,0,0,0,"NCC-NorESM1-M_REMO2015","NCC-NorESM1-M.08"
"6313","NCC-NorESM1-M","REMO2015",2030,"E Midlands",1,0,0,0,"NCC-NorESM1-M_REMO2015","NCC-NorESM1-M.08"
"6314","NCC-NorESM1-M","REMO2015",2031,"E Midlands",1,0,0,0,"NCC-NorESM1-M_REMO2015","NCC-NorESM1-M.08"
"6315","NCC-NorESM1-M","REMO2015",2032,"E Midlands",1,0.11214953271028,3,31.5972940656874,"NCC-NorESM1-M_REMO2015","NCC-NorESM1-M.08"
"6316","NCC-NorESM1-M","REMO2015",2033,"E Midlands",1,0,0,0,"NCC-NorESM1-M_REMO2015","NCC-NorESM1-M.08"
"6317","NCC-NorESM1-M","REMO2015",2034,"E Midlands",1,0,0,0,"NCC-NorESM1-M_REMO2015","NCC-NorESM1-M.08"
"6318","NCC-NorESM1-M","REMO2015",2035,"E Midlands",1,0,0,0,"NCC-NorESM1-M_REMO2015","NCC-NorESM1-M.08"
"6319","NCC-NorESM1-M","REMO2015",2036,"E Midlands",1,0,0,0,"NCC-NorESM1-M_REMO2015","NCC-NorESM1-M.08"
"6320","NCC-NorESM1-M","REMO2015",2037,"E Midlands",1,0,0,0,"NCC-NorESM1-M_REMO2015","NCC-NorESM1-M.08"
"6321","NCC-NorESM1-M","REMO2015",2038,"E Midlands",1,0,0,0,"NCC-NorESM1-M_REMO2015","NCC-NorESM1-M.08"
"6322","NCC-NorESM1-M","REMO2015",2039,"E Midlands",1,0,0,0,"NCC-NorESM1-M_REMO2015","NCC-NorESM1-M.08"
"6323","NCC-NorESM1-M","REMO2015",2040,"E Midlands",1,0,0,0,"NCC-NorESM1-M_REMO2015","NCC-NorESM1-M.08"
"6324","NCC-NorESM1-M","REMO2015",2041,"E Midlands",1,0,0,0,"NCC-NorESM1-M_REMO2015","NCC-NorESM1-M.08"
"6325","NCC-NorESM1-M","REMO2015",2042,"E Midlands",1,0,0,0,"NCC-NorESM1-M_REMO2015","NCC-NorESM1-M.08"
"6326","NCC-NorESM1-M","REMO2015",2043,"E Midlands",1,0,0,0,"NCC-NorESM1-M_REMO2015","NCC-NorESM1-M.08"
"6327","NCC-NorESM1-M","REMO2015",2044,"E Midlands",1,0,0,0,"NCC-NorESM1-M_REMO2015","NCC-NorESM1-M.08"
"6328","NCC-NorESM1-M","REMO2015",2045,"E Midlands",1,0,0,0,"NCC-NorESM1-M_REMO2015","NCC-NorESM1-M.08"
"6329","NCC-NorESM1-M","REMO2015",2046,"E Midlands",1,0,0,0,"NCC-NorESM1-M_REMO2015","NCC-NorESM1-M.08"
"6330","NCC-NorESM1-M","REMO2015",2047,"E Midlands",1,0,0,0,"NCC-NorESM1-M_REMO2015","NCC-NorESM1-M.08"
"6331","NCC-NorESM1-M","REMO2015",2048,"E Midlands",1,0,0,0,"NCC-NorESM1-M_REMO2015","NCC-NorESM1-M.08"
"6332","NCC-NorESM1-M","REMO2015",2049,"E Midlands",1,0,0,0,"NCC-NorESM1-M_REMO2015","NCC-NorESM1-M.08"
"6333","NCC-NorESM1-M","REMO2015",2050,"E Midlands",1,0,0,0,"NCC-NorESM1-M_REMO2015","NCC-NorESM1-M.08"
"6334","NCC-NorESM1-M","REMO2015",2051,"E Midlands",1,0,0,0,"NCC-NorESM1-M_REMO2015","NCC-NorESM1-M.08"
"6335","NCC-NorESM1-M","REMO2015",2052,"E Midlands",1,0,0,0,"NCC-NorESM1-M_REMO2015","NCC-NorESM1-M.08"
"6336","NCC-NorESM1-M","REMO2015",2053,"E Midlands",1,0,0,0,"NCC-NorESM1-M_REMO2015","NCC-NorESM1-M.08"
"6337","NCC-NorESM1-M","REMO2015",2054,"E Midlands",1,0,0,0,"NCC-NorESM1-M_REMO2015","NCC-NorESM1-M.08"
"6338","NCC-NorESM1-M","REMO2015",2055,"E Midlands",1,0,0,0,"NCC-NorESM1-M_REMO2015","NCC-NorESM1-M.08"
"6339","NCC-NorESM1-M","REMO2015",2056,"E Midlands",1,0,0,0,"NCC-NorESM1-M_REMO2015","NCC-NorESM1-M.08"
"6340","NCC-NorESM1-M","REMO2015",2057,"E Midlands",1,0,0,0,"NCC-NorESM1-M_REMO2015","NCC-NorESM1-M.08"
"6341","NCC-NorESM1-M","REMO2015",2058,"E Midlands",1,0.0467289719626168,3,30.795939318339,"NCC-NorESM1-M_REMO2015","NCC-NorESM1-M.08"
"6342","NCC-NorESM1-M","REMO2015",2059,"E Midlands",1,0,0,0,"NCC-NorESM1-M_REMO2015","NCC-NorESM1-M.08"
"6343","NCC-NorESM1-M","REMO2015",2060,"E Midlands",1,0.906542056074766,3.03092783505155,32.939536721436,"NCC-NorESM1-M_REMO2015","NCC-NorESM1-M.08"
"6344","NCC-NorESM1-M","REMO2015",2061,"E Midlands",1,0.0280373831775701,3,30.9119168387519,"NCC-NorESM1-M_REMO2015","NCC-NorESM1-M.08"
"6345","NCC-NorESM1-M","REMO2015",2062,"E Midlands",1,0,0,0,"NCC-NorESM1-M_REMO2015","NCC-NorESM1-M.08"
"6346","NCC-NorESM1-M","REMO2015",2063,"E Midlands",1,0,0,0,"NCC-NorESM1-M_REMO2015","NCC-NorESM1-M.08"
"6347","NCC-NorESM1-M","REMO2015",2064,"E Midlands",1,0,0,0,"NCC-NorESM1-M_REMO2015","NCC-NorESM1-M.08"
"6348","NCC-NorESM1-M","REMO2015",2065,"E Midlands",1,0,0,0,"NCC-NorESM1-M_REMO2015","NCC-NorESM1-M.08"
"6349","NCC-NorESM1-M","REMO2015",2066,"E Midlands",1,0,0,0,"NCC-NorESM1-M_REMO2015","NCC-NorESM1-M.08"
"6350","NCC-NorESM1-M","REMO2015",2067,"E Midlands",1,0,0,0,"NCC-NorESM1-M_REMO2015","NCC-NorESM1-M.08"
"6351","NCC-NorESM1-M","REMO2015",2068,"E Midlands",1,0,0,0,"NCC-NorESM1-M_REMO2015","NCC-NorESM1-M.08"
"6352","NCC-NorESM1-M","REMO2015",2069,"E Midlands",1,0,0,0,"NCC-NorESM1-M_REMO2015","NCC-NorESM1-M.08"
"6353","NCC-NorESM1-M","REMO2015",2070,"E Midlands",1,0,0,0,"NCC-NorESM1-M_REMO2015","NCC-NorESM1-M.08"
"6354","NCC-NorESM1-M","REMO2015",2071,"E Midlands",1,0,0,0,"NCC-NorESM1-M_REMO2015","NCC-NorESM1-M.08"
"6355","NCC-NorESM1-M","REMO2015",2072,"E Midlands",1,0,0,0,"NCC-NorESM1-M_REMO2015","NCC-NorESM1-M.08"
"6356","NCC-NorESM1-M","REMO2015",2073,"E Midlands",1,0,0,0,"NCC-NorESM1-M_REMO2015","NCC-NorESM1-M.08"
"6357","NCC-NorESM1-M","REMO2015",2074,"E Midlands",1,0,0,0,"NCC-NorESM1-M_REMO2015","NCC-NorESM1-M.08"
"6358","NCC-NorESM1-M","REMO2015",2075,"E Midlands",1,0,0,0,"NCC-NorESM1-M_REMO2015","NCC-NorESM1-M.08"
"6359","NCC-NorESM1-M","REMO2015",2076,"E Midlands",1,0.785046728971963,5.64285714285714,32.4672525885019,"NCC-NorESM1-M_REMO2015","NCC-NorESM1-M.08"
"6360","NCC-NorESM1-M","REMO2015",2077,"E Midlands",1,0,0,0,"NCC-NorESM1-M_REMO2015","NCC-NorESM1-M.08"
"6361","NCC-NorESM1-M","REMO2015",2078,"E Midlands",1,0,0,0,"NCC-NorESM1-M_REMO2015","NCC-NorESM1-M.08"
"6362","NCC-NorESM1-M","REMO2015",2079,"E Midlands",1,0,0,0,"NCC-NorESM1-M_REMO2015","NCC-NorESM1-M.08"
"6363","NCC-NorESM1-M","REMO2015",2080,"E Midlands",1,0,0,0,"NCC-NorESM1-M_REMO2015","NCC-NorESM1-M.08"
"6364","NCC-NorESM1-M","WRF381P",1980,"E Midlands",1,0,0,0,"NCC-NorESM1-M_WRF381P","NCC-NorESM1-M.09"
"6365","NCC-NorESM1-M","WRF381P",1981,"E Midlands",1,0,0,0,"NCC-NorESM1-M_WRF381P","NCC-NorESM1-M.09"
"6366","NCC-NorESM1-M","WRF381P",1982,"E Midlands",1,0,0,0,"NCC-NorESM1-M_WRF381P","NCC-NorESM1-M.09"
"6367","NCC-NorESM1-M","WRF381P",1983,"E Midlands",1,0,0,0,"NCC-NorESM1-M_WRF381P","NCC-NorESM1-M.09"
"6368","NCC-NorESM1-M","WRF381P",1984,"E Midlands",1,0,0,0,"NCC-NorESM1-M_WRF381P","NCC-NorESM1-M.09"
"6369","NCC-NorESM1-M","WRF381P",1985,"E Midlands",1,0,0,0,"NCC-NorESM1-M_WRF381P","NCC-NorESM1-M.09"
"6370","NCC-NorESM1-M","WRF381P",1986,"E Midlands",1,0,0,0,"NCC-NorESM1-M_WRF381P","NCC-NorESM1-M.09"
"6371","NCC-NorESM1-M","WRF381P",1987,"E Midlands",1,0,0,0,"NCC-NorESM1-M_WRF381P","NCC-NorESM1-M.09"
"6372","NCC-NorESM1-M","WRF381P",1988,"E Midlands",1,0,0,0,"NCC-NorESM1-M_WRF381P","NCC-NorESM1-M.09"
"6373","NCC-NorESM1-M","WRF381P",1989,"E Midlands",1,0,0,0,"NCC-NorESM1-M_WRF381P","NCC-NorESM1-M.09"
"6374","NCC-NorESM1-M","WRF381P",1990,"E Midlands",1,0,0,0,"NCC-NorESM1-M_WRF381P","NCC-NorESM1-M.09"
"6375","NCC-NorESM1-M","WRF381P",1991,"E Midlands",1,0.0841121495327103,3.11111111111111,33.6488313674927,"NCC-NorESM1-M_WRF381P","NCC-NorESM1-M.09"
"6376","NCC-NorESM1-M","WRF381P",1992,"E Midlands",1,0.00934579439252336,3,31.5455881754557,"NCC-NorESM1-M_WRF381P","NCC-NorESM1-M.09"
"6377","NCC-NorESM1-M","WRF381P",1993,"E Midlands",1,0,0,0,"NCC-NorESM1-M_WRF381P","NCC-NorESM1-M.09"
"6378","NCC-NorESM1-M","WRF381P",1994,"E Midlands",1,0,0,0,"NCC-NorESM1-M_WRF381P","NCC-NorESM1-M.09"
"6379","NCC-NorESM1-M","WRF381P",1995,"E Midlands",1,0,0,0,"NCC-NorESM1-M_WRF381P","NCC-NorESM1-M.09"
"6380","NCC-NorESM1-M","WRF381P",1996,"E Midlands",1,0,0,0,"NCC-NorESM1-M_WRF381P","NCC-NorESM1-M.09"
"6381","NCC-NorESM1-M","WRF381P",1997,"E Midlands",1,0,0,0,"NCC-NorESM1-M_WRF381P","NCC-NorESM1-M.09"
"6382","NCC-NorESM1-M","WRF381P",1998,"E Midlands",1,0,0,0,"NCC-NorESM1-M_WRF381P","NCC-NorESM1-M.09"
"6383","NCC-NorESM1-M","WRF381P",1999,"E Midlands",1,0,0,0,"NCC-NorESM1-M_WRF381P","NCC-NorESM1-M.09"
"6384","NCC-NorESM1-M","WRF381P",2000,"E Midlands",1,0,0,0,"NCC-NorESM1-M_WRF381P","NCC-NorESM1-M.09"
"6385","NCC-NorESM1-M","WRF381P",2001,"E Midlands",1,0,0,0,"NCC-NorESM1-M_WRF381P","NCC-NorESM1-M.09"
"6386","NCC-NorESM1-M","WRF381P",2002,"E Midlands",1,0,0,0,"NCC-NorESM1-M_WRF381P","NCC-NorESM1-M.09"
"6387","NCC-NorESM1-M","WRF381P",2003,"E Midlands",1,0,0,0,"NCC-NorESM1-M_WRF381P","NCC-NorESM1-M.09"
"6388","NCC-NorESM1-M","WRF381P",2004,"E Midlands",1,0,0,0,"NCC-NorESM1-M_WRF381P","NCC-NorESM1-M.09"
"6389","NCC-NorESM1-M","WRF381P",2005,"E Midlands",1,0,0,0,"NCC-NorESM1-M_WRF381P","NCC-NorESM1-M.09"
"6390","NCC-NorESM1-M","WRF381P",2006,"E Midlands",1,0,0,0,"NCC-NorESM1-M_WRF381P","NCC-NorESM1-M.09"
"6391","NCC-NorESM1-M","WRF381P",2007,"E Midlands",1,0,0,0,"NCC-NorESM1-M_WRF381P","NCC-NorESM1-M.09"
"6392","NCC-NorESM1-M","WRF381P",2008,"E Midlands",1,0,0,0,"NCC-NorESM1-M_WRF381P","NCC-NorESM1-M.09"
"6393","NCC-NorESM1-M","WRF381P",2009,"E Midlands",1,0,0,0,"NCC-NorESM1-M_WRF381P","NCC-NorESM1-M.09"
"6394","NCC-NorESM1-M","WRF381P",2010,"E Midlands",1,0,0,0,"NCC-NorESM1-M_WRF381P","NCC-NorESM1-M.09"
"6395","NCC-NorESM1-M","WRF381P",2011,"E Midlands",1,0,0,0,"NCC-NorESM1-M_WRF381P","NCC-NorESM1-M.09"
"6396","NCC-NorESM1-M","WRF381P",2012,"E Midlands",1,0,0,0,"NCC-NorESM1-M_WRF381P","NCC-NorESM1-M.09"
"6397","NCC-NorESM1-M","WRF381P",2013,"E Midlands",1,0,0,0,"NCC-NorESM1-M_WRF381P","NCC-NorESM1-M.09"
"6398","NCC-NorESM1-M","WRF381P",2014,"E Midlands",1,0,0,0,"NCC-NorESM1-M_WRF381P","NCC-NorESM1-M.09"
"6399","NCC-NorESM1-M","WRF381P",2015,"E Midlands",1,0,0,0,"NCC-NorESM1-M_WRF381P","NCC-NorESM1-M.09"
"6400","NCC-NorESM1-M","WRF381P",2016,"E Midlands",1,0,0,0,"NCC-NorESM1-M_WRF381P","NCC-NorESM1-M.09"
"6401","NCC-NorESM1-M","WRF381P",2017,"E Midlands",1,0,0,0,"NCC-NorESM1-M_WRF381P","NCC-NorESM1-M.09"
"6402","NCC-NorESM1-M","WRF381P",2018,"E Midlands",1,0,0,0,"NCC-NorESM1-M_WRF381P","NCC-NorESM1-M.09"
"6403","NCC-NorESM1-M","WRF381P",2019,"E Midlands",1,0,0,0,"NCC-NorESM1-M_WRF381P","NCC-NorESM1-M.09"
"6404","NCC-NorESM1-M","WRF381P",2020,"E Midlands",1,0,0,0,"NCC-NorESM1-M_WRF381P","NCC-NorESM1-M.09"
"6405","NCC-NorESM1-M","WRF381P",2021,"E Midlands",1,0,0,0,"NCC-NorESM1-M_WRF381P","NCC-NorESM1-M.09"
"6406","NCC-NorESM1-M","WRF381P",2022,"E Midlands",1,0,0,0,"NCC-NorESM1-M_WRF381P","NCC-NorESM1-M.09"
"6407","NCC-NorESM1-M","WRF381P",2023,"E Midlands",1,0,0,0,"NCC-NorESM1-M_WRF381P","NCC-NorESM1-M.09"
"6408","NCC-NorESM1-M","WRF381P",2024,"E Midlands",1,0,0,0,"NCC-NorESM1-M_WRF381P","NCC-NorESM1-M.09"
"6409","NCC-NorESM1-M","WRF381P",2025,"E Midlands",1,0,0,0,"NCC-NorESM1-M_WRF381P","NCC-NorESM1-M.09"
"6410","NCC-NorESM1-M","WRF381P",2026,"E Midlands",1,0,0,0,"NCC-NorESM1-M_WRF381P","NCC-NorESM1-M.09"
"6411","NCC-NorESM1-M","WRF381P",2027,"E Midlands",1,0.383177570093458,3,32.2023555941698,"NCC-NorESM1-M_WRF381P","NCC-NorESM1-M.09"
"6412","NCC-NorESM1-M","WRF381P",2028,"E Midlands",1,0,0,0,"NCC-NorESM1-M_WRF381P","NCC-NorESM1-M.09"
"6413","NCC-NorESM1-M","WRF381P",2029,"E Midlands",1,0,0,0,"NCC-NorESM1-M_WRF381P","NCC-NorESM1-M.09"
"6414","NCC-NorESM1-M","WRF381P",2030,"E Midlands",1,0,0,0,"NCC-NorESM1-M_WRF381P","NCC-NorESM1-M.09"
"6415","NCC-NorESM1-M","WRF381P",2031,"E Midlands",1,0,0,0,"NCC-NorESM1-M_WRF381P","NCC-NorESM1-M.09"
"6416","NCC-NorESM1-M","WRF381P",2032,"E Midlands",1,0,0,0,"NCC-NorESM1-M_WRF381P","NCC-NorESM1-M.09"
"6417","NCC-NorESM1-M","WRF381P",2033,"E Midlands",1,0,0,0,"NCC-NorESM1-M_WRF381P","NCC-NorESM1-M.09"
"6418","NCC-NorESM1-M","WRF381P",2034,"E Midlands",1,0,0,0,"NCC-NorESM1-M_WRF381P","NCC-NorESM1-M.09"
"6419","NCC-NorESM1-M","WRF381P",2035,"E Midlands",1,0,0,0,"NCC-NorESM1-M_WRF381P","NCC-NorESM1-M.09"
"6420","NCC-NorESM1-M","WRF381P",2036,"E Midlands",1,0,0,0,"NCC-NorESM1-M_WRF381P","NCC-NorESM1-M.09"
"6421","NCC-NorESM1-M","WRF381P",2037,"E Midlands",1,0,0,0,"NCC-NorESM1-M_WRF381P","NCC-NorESM1-M.09"
"6422","NCC-NorESM1-M","WRF381P",2038,"E Midlands",1,0,0,0,"NCC-NorESM1-M_WRF381P","NCC-NorESM1-M.09"
"6423","NCC-NorESM1-M","WRF381P",2039,"E Midlands",1,0,0,0,"NCC-NorESM1-M_WRF381P","NCC-NorESM1-M.09"
"6424","NCC-NorESM1-M","WRF381P",2040,"E Midlands",1,0,0,0,"NCC-NorESM1-M_WRF381P","NCC-NorESM1-M.09"
"6425","NCC-NorESM1-M","WRF381P",2041,"E Midlands",1,0,0,0,"NCC-NorESM1-M_WRF381P","NCC-NorESM1-M.09"
"6426","NCC-NorESM1-M","WRF381P",2042,"E Midlands",1,0,0,0,"NCC-NorESM1-M_WRF381P","NCC-NorESM1-M.09"
"6427","NCC-NorESM1-M","WRF381P",2043,"E Midlands",1,0,0,0,"NCC-NorESM1-M_WRF381P","NCC-NorESM1-M.09"
"6428","NCC-NorESM1-M","WRF381P",2044,"E Midlands",1,0,0,0,"NCC-NorESM1-M_WRF381P","NCC-NorESM1-M.09"
"6429","NCC-NorESM1-M","WRF381P",2045,"E Midlands",1,0,0,0,"NCC-NorESM1-M_WRF381P","NCC-NorESM1-M.09"
"6430","NCC-NorESM1-M","WRF381P",2046,"E Midlands",1,0,0,0,"NCC-NorESM1-M_WRF381P","NCC-NorESM1-M.09"
"6431","NCC-NorESM1-M","WRF381P",2047,"E Midlands",1,0,0,0,"NCC-NorESM1-M_WRF381P","NCC-NorESM1-M.09"
"6432","NCC-NorESM1-M","WRF381P",2048,"E Midlands",1,0,0,0,"NCC-NorESM1-M_WRF381P","NCC-NorESM1-M.09"
"6433","NCC-NorESM1-M","WRF381P",2049,"E Midlands",1,0,0,0,"NCC-NorESM1-M_WRF381P","NCC-NorESM1-M.09"
"6434","NCC-NorESM1-M","WRF381P",2050,"E Midlands",1,0,0,0,"NCC-NorESM1-M_WRF381P","NCC-NorESM1-M.09"
"6435","NCC-NorESM1-M","WRF381P",2051,"E Midlands",1,0,0,0,"NCC-NorESM1-M_WRF381P","NCC-NorESM1-M.09"
"6436","NCC-NorESM1-M","WRF381P",2052,"E Midlands",1,0,0,0,"NCC-NorESM1-M_WRF381P","NCC-NorESM1-M.09"
"6437","NCC-NorESM1-M","WRF381P",2053,"E Midlands",1,0.88785046728972,6.58947368421053,33.2360285219513,"NCC-NorESM1-M_WRF381P","NCC-NorESM1-M.09"
"6438","NCC-NorESM1-M","WRF381P",2054,"E Midlands",1,0,0,0,"NCC-NorESM1-M_WRF381P","NCC-NorESM1-M.09"
"6439","NCC-NorESM1-M","WRF381P",2055,"E Midlands",1,0,0,0,"NCC-NorESM1-M_WRF381P","NCC-NorESM1-M.09"
"6440","NCC-NorESM1-M","WRF381P",2056,"E Midlands",1,0,0,0,"NCC-NorESM1-M_WRF381P","NCC-NorESM1-M.09"
"6441","NCC-NorESM1-M","WRF381P",2057,"E Midlands",1,0,0,0,"NCC-NorESM1-M_WRF381P","NCC-NorESM1-M.09"
"6442","NCC-NorESM1-M","WRF381P",2058,"E Midlands",1,0,0,0,"NCC-NorESM1-M_WRF381P","NCC-NorESM1-M.09"
"6443","NCC-NorESM1-M","WRF381P",2059,"E Midlands",1,0,0,0,"NCC-NorESM1-M_WRF381P","NCC-NorESM1-M.09"
"6444","NCC-NorESM1-M","WRF381P",2060,"E Midlands",1,0.953271028037383,3.43137254901961,35.0134610631107,"NCC-NorESM1-M_WRF381P","NCC-NorESM1-M.09"
"6445","NCC-NorESM1-M","WRF381P",2061,"E Midlands",1,0,0,0,"NCC-NorESM1-M_WRF381P","NCC-NorESM1-M.09"
"6446","NCC-NorESM1-M","WRF381P",2062,"E Midlands",1,0,0,0,"NCC-NorESM1-M_WRF381P","NCC-NorESM1-M.09"
"6447","NCC-NorESM1-M","WRF381P",2063,"E Midlands",1,0,0,0,"NCC-NorESM1-M_WRF381P","NCC-NorESM1-M.09"
"6448","NCC-NorESM1-M","WRF381P",2064,"E Midlands",1,0,0,0,"NCC-NorESM1-M_WRF381P","NCC-NorESM1-M.09"
"6449","NCC-NorESM1-M","WRF381P",2065,"E Midlands",1,0,0,0,"NCC-NorESM1-M_WRF381P","NCC-NorESM1-M.09"
"6450","NCC-NorESM1-M","WRF381P",2066,"E Midlands",1,0,0,0,"NCC-NorESM1-M_WRF381P","NCC-NorESM1-M.09"
"6451","NCC-NorESM1-M","WRF381P",2067,"E Midlands",1,0,0,0,"NCC-NorESM1-M_WRF381P","NCC-NorESM1-M.09"
"6452","NCC-NorESM1-M","WRF381P",2068,"E Midlands",1,0,0,0,"NCC-NorESM1-M_WRF381P","NCC-NorESM1-M.09"
"6453","NCC-NorESM1-M","WRF381P",2069,"E Midlands",1,0,0,0,"NCC-NorESM1-M_WRF381P","NCC-NorESM1-M.09"
"6454","NCC-NorESM1-M","WRF381P",2070,"E Midlands",1,0,0,0,"NCC-NorESM1-M_WRF381P","NCC-NorESM1-M.09"
"6455","NCC-NorESM1-M","WRF381P",2071,"E Midlands",1,0.822429906542056,3,33.2008001045747,"NCC-NorESM1-M_WRF381P","NCC-NorESM1-M.09"
"6456","NCC-NorESM1-M","WRF381P",2072,"E Midlands",1,0,0,0,"NCC-NorESM1-M_WRF381P","NCC-NorESM1-M.09"
"6457","NCC-NorESM1-M","WRF381P",2073,"E Midlands",1,0,0,0,"NCC-NorESM1-M_WRF381P","NCC-NorESM1-M.09"
"6458","NCC-NorESM1-M","WRF381P",2074,"E Midlands",1,0.570093457943925,3,31.4077574412028,"NCC-NorESM1-M_WRF381P","NCC-NorESM1-M.09"
"6459","NCC-NorESM1-M","WRF381P",2075,"E Midlands",1,0,0,0,"NCC-NorESM1-M_WRF381P","NCC-NorESM1-M.09"
"6460","NCC-NorESM1-M","WRF381P",2076,"E Midlands",1,0.766355140186916,3.4390243902439,31.8241637344283,"NCC-NorESM1-M_WRF381P","NCC-NorESM1-M.09"
"6461","NCC-NorESM1-M","WRF381P",2077,"E Midlands",1,0,0,0,"NCC-NorESM1-M_WRF381P","NCC-NorESM1-M.09"
"6462","NCC-NorESM1-M","WRF381P",2078,"E Midlands",1,0,0,0,"NCC-NorESM1-M_WRF381P","NCC-NorESM1-M.09"
"6463","NCC-NorESM1-M","WRF381P",2079,"E Midlands",1,0,0,0,"NCC-NorESM1-M_WRF381P","NCC-NorESM1-M.09"
"6464","NCC-NorESM1-M","WRF381P",2080,"E Midlands",1,0,0,0,"NCC-NorESM1-M_WRF381P","NCC-NorESM1-M.09"
