Year,Month,Date,UK,E_Midlands,E_of_England,E_Scotland,London,NE_England,N_Scotland,NW_England,SE_England,SW_England,W_Midlands,W_Scotland,Yorks_&_Humber,Channel_Islands,Isle_of_Man,N_Ireland,Wales
1884,1,1884.041667,5.004964291,5.721183488,5.805978789,3.357590925,6.27196159,4.370780691,2.96881013,4.968662829,6.014311032,6.613547903,6.004959303,4.235984013,4.876691107,0,6.076991298,5.580303204,5.742124392
1884,2,1884.125,4.148380544,4.860811861,5.078079254,2.680460853,5.58600884,3.182738179,2.847073132,3.856742886,5.364138308,5.510595289,4.697955822,3.322556338,3.990526318,0,5.009756025,4.588190455,4.297993389
1884,3,1884.208333,5.095035645,5.978767972,6.244368615,3.548784037,6.678726103,4.207017705,3.661171313,5.029739079,6.345901891,6.205051419,5.85231223,4.227569269,5.002090933,0,5.590716535,5.63469988,5.137575132
1884,4,1884.291667,6.16235889,6.803911207,6.766534633,5.047486592,7.182685305,5.113494157,5.439098902,6.140306773,6.826211596,6.746096403,6.600007187,5.98520571,6.045208459,0,6.564936346,6.735218152,6.046292446
1884,5,1884.375,9.656951771,11.07193706,11.42216628,7.965273364,12.0149616,8.90944937,7.433975823,9.728406399,11.50825016,11.02520445,10.75780944,8.413515051,9.811089393,0,9.421441707,9.596026776,9.679150309
1884,6,1884.458333,12.47525707,13.6570815,13.60969844,11.25073577,14.41632795,12.04269069,10.39216695,12.87117354,13.90113625,13.98543805,13.47474512,11.57844209,12.42093912,0,12.39642453,12.45838741,12.34918668
1884,7,1884.541667,14.50133065,16.19237856,16.73343402,12.83329544,17.04371287,13.85525052,12.07756788,14.57292768,16.24206899,15.75486858,15.59454098,13.36658695,14.87900179,0,13.96103038,14.30326724,14.27005173
1884,8,1884.625,15.28667005,17.08631297,17.66960708,13.47551247,18.09150621,14.31039476,13.0377677,15.32775015,17.33548926,16.62684507,16.51618909,13.70002493,15.79800437,0,14.31174954,14.4828629,15.17186638
1884,9,1884.708333,12.9646204,14.33341155,14.78574707,11.00568244,15.29691253,11.82660204,10.84199032,13.08504797,14.75805169,14.50149291,14.13001978,11.65699139,13.15708083,0,13.24296059,12.53531188,13.31787157
1884,10,1884.791667,8.267358544,8.656546547,9.048527277,7.022579254,9.278750716,7.576584233,6.979075853,8.259585227,9.054351444,9.520438561,8.752129018,7.577973218,7.970392212,0,9.160999751,8.714974335,8.769738369
1884,11,1884.875,4.630432086,5.022962999,5.057401042,3.237393611,5.53702411,4.095548597,3.194838939,4.517591161,5.254688763,5.963231202,4.940894693,3.771813337,4.710101755,0,5.65358336,5.684452621,5.335653086
1884,12,1884.958333,3.273600101,3.755250628,4.178126785,1.21140842,4.821831176,2.314752287,1.839573825,2.94092157,4.556432221,4.939460978,3.907858848,2.333094984,2.993674951,0,4.592876806,3.781486445,4.110044999
1885,1,1885.041667,2.005276909,2.047257997,2.064219578,0.579054923,2.46943736,1.525797647,0.702984439,1.969178028,2.30809946,3.414696076,2.163477416,1.619538955,1.684260156,0,3.480902218,3.766733817,2.610317972
1885,2,1885.125,4.240521742,5.261538029,5.714397296,2.286488821,6.43026666,3.253420842,1.482102846,4.125603616,6.046179159,6.312686416,5.392796465,3.025253714,4.209246701,0,4.663479352,4.729308884,4.915645636
1885,3,1885.208333,3.546707773,4.204239935,4.326643807,2.370192845,4.645960144,2.61683093,2.261056954,3.238951476,4.530031605,4.879491821,4.248966389,2.811857396,3.221256854,0,4.288554736,4.057900146,3.724632639
1885,4,1885.291667,6.648875776,7.632564451,7.925698952,5.470099357,8.545662891,5.630592193,5.741555008,6.253696002,7.92900196,7.340847744,7.283926647,5.827580716,6.480942504,0,6.61182404,6.843256744,6.342242135
1885,5,1885.375,7.594122181,8.56428047,8.911194343,6.259058769,9.6355415,6.667555217,5.958680226,7.46984211,9.164738386,8.801777525,8.307881108,6.765607449,7.601494345,0,7.944655447,7.665282936,7.514997011
1885,6,1885.458333,12.33200317,14.10881722,14.15866679,11.05633675,14.91366036,11.50995759,9.755723075,12.10346089,14.30870295,13.95141348,13.7001194,10.94076805,12.52177568,0,11.44140587,11.70771526,12.41097717
1885,7,1885.541667,14.46594355,16.22791152,16.32452821,12.99796136,17.24344251,13.89645338,11.92686723,14.14292929,16.5312037,15.99510194,16.00083993,12.84295323,14.64309833,0,14.01448947,14.25862479,14.43329503
1885,8,1885.625,12.44243367,13.56901188,14.05716564,10.6106489,14.67985714,11.28991004,10.16153669,12.01131326,14.48862429,14.29170848,13.34444438,11.23980458,12.40197856,0,12.30667343,12.87243301,12.65109513
1885,9,1885.708333,10.89105007,12.17917623,12.52605699,9.23462475,12.90607653,9.858552702,9.064712953,10.53268186,12.56692277,12.35327531,11.9061494,9.550541705,10.93120589,0,11.14851837,10.73771463,11.14214882
1885,10,1885.791667,6.150184686,7.075352356,7.34752797,4.421431083,7.780625259,5.638690671,3.947829436,6.058515308,7.49234987,7.927068241,6.825188968,5.193228745,6.22975042,0,6.955568925,6.547999996,6.579490726
1885,11,1885.875,4.834203689,5.279041131,5.538678459,3.137326089,6.197590643,4.156880107,3.359420018,4.467497356,5.806359687,6.636858739,5.148755341,3.890903569,4.751008062,0,6.149698023,5.818343323,5.2322753
1885,12,1885.958333,3.040633047,3.125374611,3.014953173,2.266718084,3.40280564,2.429188978,2.645114006,2.914451719,3.187993419,3.714465263,3.012574342,2.92033194,2.57353534,0,4.338110036,4.368774716,2.986668491
1886,1,1886.041667,1.133694416,1.600811818,1.550997042,-0.173775137,1.925497536,0.33920468,0.078213373,0.915657161,1.830752344,2.460172739,1.532529295,0.536985999,0.755826643,0,2.491514771,2.034624865,1.393021297
1886,2,1886.125,0.813487004,0.860430212,0.432690392,-0.208536572,0.825146849,0.105000215,0.171433401,0.665730367,0.736163298,1.709469354,1.003555211,0.594822198,0.50912789,0,2.742738205,2.828641513,1.121163701
1886,3,1886.208333,2.943202535,3.758630819,4.096731883,1.414787692,4.368764097,1.99929245,1.892943439,2.613211615,3.800649682,4.145604642,3.547108819,1.920058137,2.744071428,0,3.55322981,3.988885026,2.714787542
1886,4,1886.291667,6.299102512,7.093771331,7.4617785,4.741679421,8.343208837,5.035986349,4.418103401,6.25261103,7.802934376,8.09077699,7.530013094,5.239467219,5.798961961,0,6.982775491,6.348212807,6.855996
1886,5,1886.375,8.818528227,10.07570213,10.71413186,7.058670376,11.36049658,7.517543289,6.670040301,8.396978563,10.82095124,10.64367173,10.15816087,7.181348433,8.432756139,0,8.059171963,8.68183497,9.340037168
1886,6,1886.458333,11.89866108,12.82560369,13.05319812,10.57545646,14.21238798,11.03328541,9.778545556,11.72608005,13.61917549,13.72737686,13.17859087,10.6499748,11.58267407,0,11.76052953,11.89890964,12.30954501
1886,7,1886.541667,14.16535055,15.77823818,16.05616235,12.50751552,16.69711375,13.63216661,11.3326933,13.87838195,16.14048008,16.00261445,15.73531946,12.812762,14.34855861,0,13.32945662,13.7672903,14.4804439
1886,8,1886.625,14.12469424,15.85542693,16.12353195,12.38670448,16.81732852,13.56544081,11.42825006,13.99039128,16.03257791,15.83060047,15.75051312,12.23532357,14.56534737,0,13.15784476,13.79571063,14.39533307
1886,9,1886.708333,11.95749093,13.66935147,14.48316648,9.70339139,15.00720097,10.95129253,9.140980145,11.71774852,14.32062748,13.77213384,13.16659709,10.28765805,12.39499249,0,11.96648382,11.51077201,12.26306109
1886,10,1886.791667,9.854307775,10.96783445,11.56241568,8.190418618,11.82949251,9.05845543,7.883841397,9.865194227,11.35543339,11.26408535,10.70187329,8.80633858,9.849274026,0,10.42858764,9.518695931,10.19835164
1886,11,1886.875,5.747687928,5.871755382,6.256881573,4.520739354,6.549442169,4.926381165,4.696866569,5.716628177,6.318113364,6.811331817,6.204584416,5.370069659,5.249384822,0,7.379854085,6.44109039,6.395956996
1886,12,1886.958333,1.206002979,1.562331075,1.62943663,-0.938817747,2.395005147,0.256239944,-0.634180103,1.075933952,2.28855541,3.170929749,2.016098974,0.547774288,0.859627305,0,2.87513785,2.246591408,2.292791778
1887,1,1887.041667,2.081201824,1.262797436,1.276460656,1.838098935,1.719107931,1.469170658,2.497057668,1.695857614,1.47163784,2.855765429,1.767446277,2.23801851,1.112745521,0,3.790245826,3.629028897,2.400688309
1887,2,1887.125,3.544311865,3.68235516,3.557931659,3.096756109,3.880634038,2.893398917,3.615554685,3.110013799,3.37275216,3.922856142,3.613449137,3.355661402,3.123728246,0,4.626978872,4.813995578,3.233974754
1887,3,1887.208333,3.309437076,3.688457466,3.778023784,2.787704983,4.06525869,2.642642461,2.838980227,2.881313967,3.549646297,3.695116551,3.093386844,3.049400032,3.20238219,0,3.996118827,4.782809749,2.838654963
1887,4,1887.291667,5.410287447,6.402753045,6.35870891,4.484823219,6.837422648,4.528946911,4.007429035,5.127915021,6.25890672,6.279548148,6.087536975,4.760954623,5.435758556,0,5.608195838,6.177713277,5.186788312
1887,5,1887.375,8.704622868,8.932223843,9.109974751,7.884707821,9.951088651,7.498218812,7.619510801,8.392694074,9.585599338,10.01725367,9.095938708,8.679526025,8.017102852,0,9.275058168,9.868286454,8.419304082
1887,6,1887.458333,14.29411227,15.32237529,14.97909106,13.14606249,15.76477794,13.22033636,12.48868702,14.27919301,14.93738442,15.571787,15.47005934,13.29488004,14.16174474,0,14.23169614,15.7312468,14.55163206
1887,7,1887.541667,15.59558671,17.65814571,17.99926805,13.99015222,18.35098283,15.10456703,12.54774648,15.4002504,17.35800287,17.16550936,17.14373217,13.95993901,16.16979108,0,14.9322618,15.49798203,15.52863082
1887,8,1887.625,13.94987079,15.48931357,15.96931905,12.36310932,16.51666357,13.01171008,11.70569679,13.51994021,15.94109505,15.80219757,15.13781556,12.24613281,14.100453,0,13.68740352,13.49666846,13.99920389
1887,9,1887.708333,10.61505257,11.38473906,11.95121766,9.480559542,12.34657418,9.823910401,8.946963136,10.49226952,11.84761592,11.87955586,11.29877238,9.85235499,10.35747739,0,11.18317076,10.80686013,10.68360019
1887,10,1887.791667,6.440849684,6.83226157,7.190496685,5.439215082,7.270412369,5.750604143,5.418752513,6.345311605,6.978462495,7.421135905,6.757284552,5.932176585,5.966776841,0,7.421194376,7.298858436,6.612695721
1887,11,1887.875,3.867383356,4.409081539,4.550394526,2.670626533,4.98910117,3.304271673,3.131523947,3.633348746,4.591765775,4.841449037,4.083044438,3.283255624,3.684568075,0,5.014484537,4.277792226,3.825631525
1887,12,1887.958333,2.099448488,2.425299527,2.395582043,0.753956821,3.101979871,1.283386923,0.842922405,1.979360433,2.698505029,3.443924359,2.465962975,1.778085119,1.728930243,0,3.47319324,3.144407666,2.581860893
1888,1,1888.041667,2.837934821,2.72663601,2.694930216,2.343101881,3.093625523,2.528719452,2.519712641,2.697224719,2.506004231,3.295719221,2.624860294,3.000819451,2.352027649,0,4.593173208,4.688470614,2.58999197
1888,2,1888.125,1.12487472,1.588700701,1.205833712,0.353373064,1.670987698,0.860175867,0.118392647,0.992893943,1.17203485,1.55757667,1.310215755,1.088996043,1.192748893,0,2.659013733,2.647853203,1.177119396
1888,3,1888.208333,2.088998004,2.823843127,3.009795037,0.550064225,3.644700343,1.067999879,0.63436759,1.775495097,3.122873749,3.482073317,2.940960374,1.367200482,1.747603858,0,3.121102361,2.906486317,2.291025055
1888,4,1888.291667,5.337254871,5.905239561,5.984790693,4.327160344,6.506142186,4.490764974,4.10804618,5.216991524,5.893656204,6.352248676,6.118590773,4.822932224,5.101165063,0,5.91458084,6.124654891,5.511898836
1888,5,1888.375,9.245240366,10.31697464,10.53801715,7.760873326,11.17645034,8.37192255,7.078873892,9.342972817,10.40559007,10.55518136,10.41144919,8.509299489,9.338659882,0,9.33735457,9.678965031,9.530811687
1888,6,1888.458333,11.78027639,12.9379448,13.77764507,9.654178461,14.42055752,9.907318944,9.665518966,11.69233585,13.44826182,13.36493123,12.93080214,10.9013748,11.26096146,0,12.29508439,12.29192694,12.25908428
1888,7,1888.541667,12.33373777,13.09741795,13.92538087,10.79708591,14.54556465,11.29389679,10.32678383,12.20672063,13.89231423,13.95850571,13.29411174,11.39274063,11.93709936,0,12.54969671,12.59708407,12.72394997
1888,8,1888.625,12.79721622,14.09339219,14.58020119,11.13262823,15.06514298,11.87434063,10.73388792,12.5397303,14.43352169,14.24629687,13.8950356,11.63469668,12.74644164,0,12.75274137,12.88401096,12.97157207
1888,9,1888.708333,11.16848596,12.19960443,13.01869731,9.507554347,13.5049397,9.732174221,9.665695975,10.77781305,12.94618561,12.53142904,11.83382563,9.839297914,10.86770746,0,11.44075138,11.3278375,11.30198074
1888,10,1888.791667,7.588340237,7.285583845,7.628385042,7.198578353,7.750460647,7.240267651,7.044799125,7.418953047,7.620265782,8.567862217,7.615988682,7.502773631,6.860511632,0,8.31152445,8.446735489,7.853810404
1888,11,1888.875,6.537605717,7.240214491,7.684430542,4.639618832,8.2110021,5.590560656,4.674669747,6.360042593,7.962560477,8.256166793,7.278419282,5.644219179,6.383285067,0,7.50265966,7.033658802,7.069802737
1888,12,1888.958333,4.332460762,4.238845542,4.28002631,3.160489142,4.641509983,3.255968421,4.074687999,4.247988192,4.735886918,5.585063994,4.303555166,4.199506515,3.767021712,0,5.950019074,4.944614485,4.624683204
1889,1,1889.041667,3.027601629,2.175172949,1.908336304,2.812118423,2.385896558,2.946734539,3.538910426,3.092772049,2.316912626,3.505148045,2.538934852,3.373894737,2.378200288,0,4.96172375,4.503318138,3.182210592
1889,2,1889.125,2.188410014,2.396358824,2.175067777,1.141835444,2.68309056,1.45281436,0.899357534,2.132476261,2.44473692,3.503913958,2.633553507,2.057492915,1.937192669,0,3.630591663,3.562600355,2.552768106
1889,3,1889.208333,3.855809277,4.325422133,4.430766416,2.65821765,4.808795405,2.789135541,2.776062547,3.517005108,4.50732857,4.947013861,4.384139434,3.436394365,3.352148614,0,5.105874633,5.407148391,3.819951784
1889,4,1889.291667,5.977327932,6.704840192,6.886079679,4.648287289,7.747200737,4.978259938,4.565465493,5.834016265,7.182578242,7.406113897,6.662255099,5.229394645,5.764459693,0,6.535164043,6.423372304,5.975634176
1889,5,1889.375,11.42706294,12.30301056,12.75338604,10.05490001,13.43293505,10.45048344,10.51118351,11.74199413,12.69412334,12.18536106,12.41639055,10.73489814,11.32678754,0,11.12303599,11.28883152,10.8872852
1889,6,1889.458333,13.96908941,15.3306635,15.16956797,12.63671657,16.26999544,12.93670556,12.14681473,13.92990225,15.52601968,15.30292573,15.14036486,12.90451394,14.28511817,0,13.60649851,13.74598414,13.88444328
1889,7,1889.541667,13.63171025,14.77641744,15.2263882,12.06875219,16.07117489,12.82003449,11.38062201,13.45812965,15.397157,15.26301052,14.74344481,12.53887912,13.66320235,0,13.46632854,13.51596859,13.91145636
1889,8,1889.625,13.37412555,14.70970374,15.1807336,12.00055387,15.66362785,12.79655351,11.46215536,13.19822942,14.90484667,14.52612635,14.26125753,12.14015441,13.65628255,0,13.47113396,13.03866448,13.41734716
1889,9,1889.708333,11.54690567,12.50813039,12.77579983,9.776303234,13.38550096,10.32831995,9.665444086,11.35690743,12.9058394,13.0943968,12.52960713,10.53058855,11.34258795,0,11.77581357,12.10181447,12.13290125
1889,10,1889.791667,7.626359645,8.240572708,8.972792163,6.016491236,9.24549886,7.098124812,6.212418186,7.534327498,8.887062377,8.795379538,8.189496834,6.75907932,7.478824151,0,8.252623235,7.844893485,7.851916015
1889,11,1889.875,6.083522702,6.199889652,6.287145086,4.760650692,6.710921862,5.014392959,5.450935198,5.795047274,6.556763988,7.525835612,6.442112377,5.727599333,5.406994746,0,7.091051375,6.9294144,6.473616391
1889,12,1889.958333,3.097683048,2.498248693,2.471530431,2.379193099,2.86833862,2.292583915,3.404924109,2.768508098,2.654600979,3.714340472,2.781785559,3.424984797,2.201388179,0,5.159142672,5.083823945,3.292582294
1890,1,1890.041667,4.806648281,4.926294011,5.199434873,3.477729194,6.034837484,4.141754956,3.648277884,4.849366401,5.673881847,6.280807021,5.32765053,4.294684692,4.288375862,0,5.827042655,5.328730697,5.304484946
1890,2,1890.125,2.679320555,2.92185804,2.925992598,1.646335185,3.330771062,2.044505157,2.562555181,2.304727855,2.967075354,3.503218991,2.541625479,2.147554584,2.460562837,0,3.822635455,3.881452152,2.402874764
1890,3,1890.208333,5.056714319,5.825849558,5.764500423,3.912645806,6.119301336,4.619306562,3.432453814,5.046576737,5.72420654,6.099801985,5.930636277,4.398014124,5.108180499,0,5.98026981,5.887015296,5.249587819
1890,4,1890.291667,6.234134037,6.518979583,6.849405099,5.159676367,7.686835355,4.957838745,5.088466077,5.980471391,7.228647559,7.678926324,6.781810498,5.704070261,5.508427312,0,6.687622876,6.986224713,6.511661421
1890,5,1890.375,10.51457052,11.27808299,11.55489291,8.985175643,12.15754655,9.295144591,9.279482241,10.70030699,11.62883093,11.71395038,11.27284719,9.847623132,10.30160256,0,10.75675946,10.8553167,10.59456008
1890,6,1890.458333,12.35774574,13.85253535,14.10704195,10.88377529,14.57249141,11.78358091,10.16125581,12.07103441,13.69980047,13.66399614,13.42168204,11.13919865,12.58894578,0,11.87423715,12.76664811,12.37363976
1890,7,1890.541667,12.99590721,14.37954606,14.79249795,11.42859604,15.31796136,12.49693344,10.39123363,12.85115501,14.74219485,14.48121031,14.12681271,11.77460424,13.2128504,0,13.35972112,13.2883314,13.17103456
1890,8,1890.625,13.07824519,14.24698826,14.71651647,11.65380071,15.335021,12.31328195,11.10029593,12.65312998,14.83635978,14.70255074,13.96070695,12.00190654,13.19080074,0,13.24230308,12.67086228,13.14210825
1890,9,1890.708333,13.59793766,14.81889783,15.03491077,12.39077255,15.35407428,13.21383105,11.91016768,13.69479741,14.65723735,14.33358697,14.52399435,12.5667297,13.93085436,0,13.55014568,13.56668876,13.69759039
1890,10,1890.791667,8.885695766,9.401910713,9.556213088,7.776008694,9.638277552,8.424477736,7.560604438,8.813293174,9.40102135,10.07658078,9.230324669,8.435014581,8.592235308,0,9.847544321,9.81896323,9.077848491
1890,11,1890.875,5.03264475,5.17621448,5.288927857,3.406216714,5.892172607,4.181358653,4.192403449,4.878374214,5.683829847,6.302206651,5.626810108,4.493431107,4.452496782,0,6.340058719,5.905563627,5.773709314
1890,12,1890.958333,-0.081924829,-1.380942158,-1.740521513,0.378078738,-1.511037834,-0.053268481,1.278802607,-0.510911207,-1.685381461,-0.122189447,-1.593008279,0.969054132,-0.529538464,0,2.430207453,2.634809505,-0.783274061
1891,1,1891.041667,1.28161896,0.535884066,0.165144782,0.983072083,0.892684203,0.703309386,1.633917601,1.175637442,0.602628039,1.730057452,0.95409435,2.101338018,0.563640898,0,3.315126286,2.83299069,1.422126764
1891,2,1891.125,4.378244615,3.914517877,3.552144175,4.015552891,3.65580015,3.83040404,4.9669333,4.570525528,3.61276589,4.521476774,4.345949904,4.432865569,3.688311763,0,5.280127462,5.879261128,4.666929308
1891,3,1891.208333,2.896460142,3.919428205,4.346607954,1.332406229,4.530621857,1.955999803,0.664121199,2.756743617,4.040722554,4.170181592,3.761445627,2.115004382,2.698731967,0,4.043432394,3.875476684,3.400281061
1891,4,1891.291667,5.117466582,5.51118798,6.01568419,3.695542957,6.700109158,3.968977968,3.732087769,4.742591199,6.273739791,6.740925967,5.875902443,4.398209229,4.5093698,0,5.517228205,5.654855644,5.623978485
1891,5,1891.375,8.236781975,8.946632323,9.337838885,6.672728725,10.13016609,7.138523342,6.46205131,8.363334537,9.672319229,9.584396635,9.275969325,7.671615934,7.877477711,0,8.499382933,8.587342672,8.553199187
1891,6,1891.458333,13.20278042,14.02862602,14.38269365,11.55506462,15.3894164,11.8740105,11.28187016,13.25526274,14.65652549,14.65230662,14.35297273,12.35234601,12.77940822,0,13.31519849,14.1515656,13.5490172
1891,7,1891.541667,13.70230535,14.50341207,14.89498187,12.9847727,15.36403759,13.46998247,11.80512947,13.5592333,14.85850056,14.74994081,14.39482328,13.28605322,13.610785,0,13.61728639,13.93149506,13.5542752
1891,8,1891.625,13.02426785,14.00588841,14.52854009,11.78669879,14.92272677,12.42773396,11.22855694,12.89092462,14.43166097,14.19242288,13.69980847,12.28682649,12.960275,0,13.2425511,13.27884727,12.86928758
1891,9,1891.708333,12.76255564,13.95777166,14.52108443,11.03568954,14.73123517,12.03513475,10.64871202,12.9071459,14.09848842,13.89664384,13.87569599,11.53329332,12.89375468,0,12.680829,12.98696523,13.26172626
1891,10,1891.791667,8.357140534,9.155112395,10.21400923,6.47235255,10.46631034,7.494751565,6.947418219,8.226484364,10.06984686,9.685989207,8.929806045,7.381798135,8.04382019,0,8.647405313,8.000948115,8.540808052
1891,11,1891.875,4.634340313,4.973595044,5.459675141,3.123510235,5.916808047,3.90534944,3.541201386,4.42780028,5.667675902,6.01791469,5.010945655,3.986767793,4.220650385,0,5.798782436,4.835476882,5.129045737
1891,12,1891.958333,3.482404823,3.069126813,3.794541565,1.679897958,4.532230494,2.120318601,2.552515866,3.223329015,4.335318967,5.324318334,3.526526331,3.538366331,2.352759988,0,5.412347376,4.91892521,4.061419584
1892,1,1892.041667,1.545495542,1.314295896,1.515947328,0.66567051,2.186627522,0.948381685,0.841690983,1.379860047,1.925504189,2.731469004,1.564890508,1.623444995,0.981949064,0,3.015600386,2.448487354,1.76215125
1892,2,1892.125,2.486431073,2.474323548,2.799137892,0.936144812,3.706748837,1.452792206,0.99959066,2.315688474,3.429925094,4.191258278,2.905776074,2.124509194,1.951903567,0,3.873904903,3.95453794,3.04954301
1892,3,1892.208333,1.883744929,2.242941556,2.240741052,0.86748052,2.851390919,1.07874578,0.81260606,1.689183089,2.581240542,3.159837646,2.406726678,1.489105507,1.604361895,0,2.530810263,2.418331581,2.09369487
1892,4,1892.291667,6.223922164,6.74499242,7.061526168,4.753538972,8.011750367,5.016940883,4.435376976,6.107920284,7.539269044,8.117219693,7.21557925,5.377084179,5.801274289,0,6.385560261,6.614713654,6.787612605
1892,5,1892.375,9.87760069,11.02268464,11.53819329,8.143531834,12.21048656,9.117484576,7.641284422,10.05111672,11.4660267,11.19132217,11.20920965,8.936767379,9.819404139,0,9.441659939,9.958425505,10.17213776
1892,6,1892.458333,11.72358006,12.837891,13.30517131,10.13988174,14.04975098,10.99932735,9.529019255,11.69534146,13.32480515,13.2699077,12.97842009,10.59008472,11.64995688,0,11.69290313,11.60583805,12.14209649
1892,7,1892.541667,12.78571613,13.38801337,14.26954005,11.44150178,15.14078852,11.81968159,10.88177047,12.59110233,14.42438527,14.70346492,13.57581007,11.9703604,12.31496961,0,12.79256894,12.43145432,13.16043801
1892,8,1892.625,13.61225119,14.93331383,15.66505261,11.82968269,16.30638396,12.78746496,11.1744162,13.48496703,15.69768547,15.20272882,14.78846531,12.21648347,13.81775751,0,13.48947578,13.20397752,13.93381791
1892,9,1892.708333,10.71687254,11.92077865,12.65555988,8.718096078,13.20230663,10.03463469,8.221623321,10.7997742,12.6983904,12.37742736,11.81331356,9.489390526,10.82115501,0,11.04000811,10.40802269,11.18891608
1892,10,1892.791667,6.022566253,6.664880632,7.262259661,4.622816985,7.3789057,5.310496305,4.492317288,5.922311928,7.139344804,7.306567267,6.459224618,5.273469819,5.904538723,0,6.452384327,6.334130728,6.270338353
1892,11,1892.875,5.763207275,5.871031128,6.401105787,3.963323689,6.844476049,4.579195433,5.202355243,5.399279346,6.64789542,7.167680003,5.93930828,5.103161945,5.147520112,0,7.13553336,6.52311678,6.337330704
1892,12,1892.958333,1.412113303,1.045825756,1.582504086,-0.482607206,2.124167152,0.236729855,0.290114851,1.058813659,2.053928522,3.325985672,1.624650358,0.956471484,0.659867427,0,3.443786872,3.169010076,2.424285391
1893,1,1893.041667,1.662317788,1.306782173,1.116023882,0.947198332,1.543143369,1.567392836,0.987492424,1.771275806,1.301073956,2.51537524,1.647813192,1.840996298,1.305305459,0,3.660721675,3.526831588,1.914155901
1893,2,1893.125,3.57578823,3.971210544,4.316086188,1.77895961,5.048851227,2.473934842,1.955579736,3.453966724,4.812893928,5.355581993,4.318490389,2.942259025,3.218552961,0,4.488306061,4.317338826,4.116648341
1893,3,1893.208333,6.223826365,6.992439741,7.14162978,4.615087041,7.508568622,5.363261247,4.431513675,6.297902422,7.190673084,7.644002216,7.409059322,5.119790809,6.068863359,0,6.532640282,6.966269307,6.893870179
1893,4,1893.291667,8.853930239,9.359311866,9.473204725,6.923255527,10.77667074,7.027631547,7.078267557,9.039119828,10.33589896,11.07362191,10.11122371,7.931531497,8.050239545,0,9.036883284,9.248976316,9.868639353
1893,5,1893.375,11.51508252,12.08316915,12.58183449,9.914532266,13.55414092,10.35598068,9.635988798,11.50272367,12.97572481,13.12120516,12.56652967,10.69682476,11.00679658,0,11.678666,12.01912556,12.19437114
1893,6,1893.458333,14.05751399,14.78136749,15.00152525,12.55668632,16.05295782,13.10753632,12.19507894,14.15970654,15.42199608,15.65998016,15.18645934,13.16398486,13.68134021,0,13.83554426,14.63168171,14.45201962
1893,7,1893.541667,14.79640968,15.83886011,16.45733462,12.80861015,17.27468058,13.56368071,12.86004448,14.72242947,16.56678808,16.43184809,16.17347193,13.47278706,14.48547549,0,14.71245131,14.81291695,15.40360927
1893,8,1893.625,15.74848224,17.23359232,17.67502465,13.97201369,18.2789172,15.25957003,13.27645346,15.71945034,17.50787568,17.15698024,17.18246272,14.26704543,16.19542965,0,15.10441138,15.45194762,16.08943572
1893,9,1893.708333,11.6112639,12.61639078,13.15037658,9.78471419,13.76768995,10.60487034,9.35713927,11.4180079,13.30162549,13.23666354,12.67906336,10.6179593,11.53086758,0,11.96273679,11.83855034,12.14571096
1893,10,1893.791667,8.725778738,9.66544339,10.28752559,7.108649249,10.55736289,7.942702388,6.934968582,8.637898247,10.17864333,10.13410371,9.588714366,7.845227586,8.394576323,0,8.967310074,8.429271679,9.194792472
1893,11,1893.875,4.120552694,4.638879633,4.988183031,2.534947034,5.111944361,3.986569857,2.262858654,4.155366189,4.74063388,5.436001586,4.491425381,3.650598734,4.351729326,0,5.709893001,4.962103332,4.686156076
1893,12,1893.958333,4.111498919,3.749410908,3.701553589,3.319735034,4.031302625,3.617876836,3.809759317,4.220615299,3.941112301,4.964704703,4.208746298,4.509891408,3.636549284,0,5.854404365,4.785868394,4.53797601
1894,1,1894.041667,2.435569527,2.509253036,2.579133224,1.078290253,3.118680417,1.505738932,1.748968636,2.330807083,2.960789145,3.787429157,2.874595898,2.109129242,1.927908501,0,4.036215534,3.035965346,2.906503208
1894,2,1894.125,3.797182138,4.230982133,4.37849226,2.012770264,4.948365888,2.751490059,2.006761065,3.742320132,4.733825048,5.487786001,4.720992524,3.116283032,3.406353111,0,5.397545311,5.068280414,4.544163257
1894,3,1894.208333,5.609192032,5.991087106,6.300231096,4.362260954,6.79224054,4.73387658,4.327557323,5.670585087,6.5778552,6.869445418,6.246839313,4.915397661,5.303222165,0,6.300596986,6.169306169,5.944164464
1894,4,1894.291667,8.51291874,9.046092406,9.577487097,6.740735225,10.50409126,6.918167548,7.493234459,8.424601786,9.892628976,9.782451314,9.445108017,7.73234115,8.05636852,0,8.616815305,8.741168671,8.901677709
1894,5,1894.375,7.862454259,8.63397703,9.307295645,6.204954458,9.992739942,6.659639972,5.947940891,7.722362956,9.613134687,9.47317183,8.599990362,7.030689757,7.598765892,0,8.386261529,8.075393234,8.187173569
1894,6,1894.458333,12.25658075,13.30756105,13.61630632,10.60529086,14.51066654,11.10914112,10.62825163,12.14338747,13.7697766,13.658761,13.45951009,11.21495469,12.15863011,0,11.70545795,12.11676132,12.53402377
1894,7,1894.541667,14.58497356,15.58513601,16.01206704,13.3223193,16.64620108,14.16180469,13.2572811,14.58331391,15.86836817,15.27260448,15.4501048,13.56863878,14.8222168,0,13.97852512,14.36525595,14.57635008
1894,8,1894.625,13.14132725,14.10958349,14.85141558,11.76567859,15.47561725,12.27814108,11.37436619,12.78815997,14.93234258,14.62568977,13.91141374,12.01132132,13.0293108,0,13.18486289,12.95731798,13.09767322
1894,9,1894.708333,10.61382527,11.29091824,11.8470259,9.327783314,12.34697677,9.603324518,9.127013668,10.34810494,11.96310331,12.06222844,11.2339184,9.776461164,10.39216952,0,11.02273815,10.62312528,10.81775271
1894,10,1894.791667,7.993391153,8.698665747,9.433881614,5.899288013,9.858331425,6.909028934,5.955808053,7.857701812,9.572229594,10.02237933,8.947886571,6.724239666,7.661684188,0,8.473117485,8.47591631,8.669471088
1894,11,1894.875,6.872890526,7.1685789,7.376447397,5.496332704,7.812051768,6.102125561,6.107433856,6.979351091,7.655893795,7.975167187,7.33535793,6.603312071,6.606414064,0,8.04557414,6.778489417,7.134766833
1894,12,1894.958333,4.247226373,4.428385158,4.544189595,2.378239589,4.94115592,3.048421028,3.149043431,4.231378103,4.772526041,5.804700108,4.701964768,4.103973465,3.938694688,0,6.067023904,5.120119363,4.961400998
1895,1,1895.041667,-0.693076973,-0.610429732,-0.079089701,-2.413056253,0.639238181,-1.462078759,-1.743404493,-1.130234614,0.294717089,1.003118579,-0.684128082,-1.35053962,-1.160636247,0,1.34577478,0.54648002,-0.420671908
1895,2,1895.125,-2.298830258,-2.406272193,-2.026469202,-3.457756034,-1.87195867,-2.429861689,-2.548341017,-2.544459573,-2.185056657,-1.609372837,-2.760620584,-2.458118311,-2.140386689,0,-0.275592925,-0.702571461,-2.815509821
1895,3,1895.208333,4.224472127,5.090144188,5.353578188,2.703673791,5.85368332,3.21426663,2.78510465,3.725289172,5.149250783,5.454229398,5.030815509,3.596329219,4.004694353,0,4.858033402,5.15512531,4.265591336
1895,4,1895.291667,7.14477642,7.995564249,8.228098337,5.888373062,8.918370501,6.080614839,5.791627691,6.903967666,8.18680953,8.331141036,8.088478969,6.384069594,7.090921692,0,7.103154297,7.261525808,7.266371881
1895,5,1895.375,10.85539824,11.55166376,11.79062969,9.440405185,12.72850626,9.612814528,9.46457061,10.9215429,12.11500403,12.20330693,12.01505037,10.16771267,10.57694103,0,10.38429117,10.98396534,10.94726573
1895,6,1895.458333,13.12025325,14.03704736,14.21860263,11.61826102,15.57705246,12.08208838,10.91066525,12.97136927,14.75950064,14.75702361,14.28438609,12.3743328,13.22146705,0,13.20903072,13.36988772,13.32412956
1895,7,1895.541667,13.6970661,15.17815065,15.85857881,11.96304703,16.61050694,12.94935332,11.20061051,13.34138445,15.78098168,15.26713203,15.00659466,12.19095575,13.95062419,0,13.30590674,13.27633353,13.93409009
1895,8,1895.625,14.33708247,15.67630287,16.1619777,13.05997254,16.57316945,14.10863735,12.46654925,14.21449142,15.85028347,15.19174949,15.23851324,13.21464074,14.91382719,0,14.00915858,13.80549215,14.18009142
1895,9,1895.708333,14.23321486,15.33104215,15.73580445,12.62643449,16.47367828,13.36557309,12.17054277,14.30966508,15.80603931,15.71626374,15.39376348,12.91021172,14.53302301,0,13.34032141,13.91656049,14.64583793
1895,10,1895.791667,6.177328735,7.048955263,7.542618176,4.527382638,7.725060801,5.164824722,4.487261841,5.772378672,7.551673589,7.939264535,6.772381157,5.185790054,5.901039342,0,6.928202561,6.407403864,6.499857902
1895,11,1895.875,6.124124005,6.932516125,7.529273848,4.03634579,8.11274414,5.137042066,3.737165018,5.997501263,7.962377213,8.494543073,7.003132923,5.019782044,6.021196215,0,7.064957021,6.090070517,6.755317579
1895,12,1895.958333,2.99477678,3.039400257,3.419108336,1.292701638,4.045821984,2.07437456,1.954771307,2.67549548,3.963982609,5.008006575,3.227001794,2.434537225,2.695987723,0,4.190118671,3.419547049,3.443619182
1896,1,1896.041667,3.888752368,4.052651216,3.941046988,2.720515903,4.374419294,3.4426046,2.785548924,4.001491569,4.166188311,4.978599511,4.190782642,3.702108271,3.783172786,0,5.480989696,5.178106768,4.146114746
1896,2,1896.125,4.209224802,3.740720725,3.694655222,3.734158549,4.246766921,3.483205471,4.360931894,3.873236694,3.969373607,4.712198405,4.010384791,4.48705709,3.503288567,0,5.558805957,5.982299723,4.173746504
1896,3,1896.208333,5.434689916,6.33464506,6.800936614,3.613770149,7.566119792,4.394076718,3.343842875,5.075931238,7.167306449,7.480292781,6.494642301,4.293876471,5.173550197,0,5.903099009,5.492145909,5.93962447
1896,4,1896.291667,7.907307237,8.379758185,8.32804901,7.040634336,9.074404254,7.414744393,6.166637571,7.778709632,8.800167672,9.446852737,8.714655748,7.260633721,7.545787817,0,8.586713848,8.515802334,8.354333116
1896,5,1896.375,10.98519201,10.97541387,10.88028517,10.30454328,11.99448699,9.902659361,9.824687774,11.17333034,11.55074943,12.53721187,11.61187235,10.85726196,10.34681458,0,11.80164747,11.67473768,11.27170549
1896,6,1896.458333,14.23280147,15.99040604,16.22169621,12.03588836,16.96451296,13.37695229,11.2676972,14.55628991,16.05134724,15.93503197,15.77603203,12.84026351,14.61239563,0,14.08598245,14.15440997,14.81294392
1896,7,1896.541667,14.53794809,16.1135772,16.87520385,12.55939713,17.79732007,13.88010311,11.80349012,14.36370017,16.84233824,16.48040106,15.92210516,12.76097418,14.86934854,0,13.85388063,13.6247578,14.99402746
1896,8,1896.625,12.97899924,13.79701354,14.50067022,11.40599464,15.14429937,12.32983141,10.76933052,12.85588871,14.71401741,14.82536254,13.80715416,12.07735146,12.97581155,0,13.78323381,12.7732304,13.23611031
1896,9,1896.708333,11.72856428,12.77137272,13.3708368,9.817705045,13.76339717,10.84864329,9.678375452,11.77735466,13.29957061,13.28258687,12.68589739,10.90115879,11.90204586,0,12.31864123,11.42445722,12.03241843
1896,10,1896.791667,5.909040608,6.824552469,7.60259862,4.145253227,7.725794928,5.097067328,4.046220721,5.685922134,7.504100228,7.423329053,6.559159173,4.995345895,5.87030576,0,6.473691887,5.999531397,6.025816535
1896,11,1896.875,4.188761405,3.992311421,4.134522832,3.766911137,4.27176715,3.869148845,4.795854296,3.833430046,4.007661178,4.199498839,3.693026445,4.360985848,3.985185126,0,5.423028188,5.156311904,3.599531838
1896,12,1896.958333,2.982425104,3.21256628,3.460741803,1.75292034,3.718598536,2.377803721,2.114791633,2.920208962,3.613741289,4.427994457,3.147810485,2.550355604,2.803975148,0,4.035450265,3.15407822,3.164074073
1897,1,1897.041667,0.878674134,0.719264969,1.108980083,-0.215248912,1.800739182,0.290070518,0.182167144,0.550570147,1.431562988,2.199316326,0.747503386,0.715227692,0.372377233,0,2.269242813,1.853248509,1.013615664
1897,2,1897.125,4.477324501,4.816640484,5.081912926,2.604156459,5.969362152,3.700888964,2.319169167,4.183764306,5.662439036,6.732349336,5.423507498,3.790493012,4.076832383,0,5.079263471,5.591318069,5.24904981
1897,3,1897.208333,5.149054832,6.392726646,6.74154696,3.002610703,7.194884641,4.03277602,3.103648485,4.979991108,6.761846,6.989292175,6.378697852,3.927145277,5.075350812,0,6.111310501,5.28705789,5.525503785
1897,4,1897.291667,5.793952693,6.671007659,7.030651472,3.973893681,7.87167991,4.572259564,4.027218742,5.638355389,7.384893867,7.62407182,6.821400555,4.751227957,5.497144542,0,6.173296842,5.586409179,6.435041612
1897,5,1897.375,8.638015541,9.531922331,9.97454722,6.859356121,10.82435649,7.354850965,6.642880509,8.64331532,10.18782424,10.36114937,9.679248688,7.851663183,8.289481292,0,9.144038527,8.871021076,9.055761101
1897,6,1897.458333,13.27822961,14.87716408,15.26105762,10.87721532,16.00916537,11.91518624,10.77154141,13.43326358,15.29676804,15.27474195,14.83377992,11.70929223,13.41177585,0,13.06468386,12.69129589,14.06636099
1897,7,1897.541667,14.91402217,15.77539592,16.37633779,13.18602624,17.52881727,13.75579871,12.90806239,14.66904605,16.76897895,16.82791933,16.15183509,13.58872436,14.46293609,0,14.50018183,14.83612741,15.57244127
1897,8,1897.625,14.90478489,16.17207264,16.77441791,13.45261879,17.15928922,14.59294488,13.33637635,15.01936212,16.31930848,15.82426728,15.73217589,13.72436117,15.28295583,0,14.40372032,14.06733942,14.89944697
1897,9,1897.708333,10.84955397,11.77377507,12.38334571,9.273165855,12.70460154,9.86878738,9.105945343,10.66816887,12.35586957,12.26073311,11.62379204,9.895574072,10.61877936,0,11.45542797,10.9075658,11.16231851
1897,10,1897.791667,9.10011214,9.086617596,9.72806868,7.456367521,10.32254223,8.444847525,7.753446074,9.221440331,10.18736708,10.8852568,9.457195506,8.434554619,8.603854146,0,10.47659283,9.734640797,9.675671618
1897,11,1897.875,6.626980727,6.665691633,6.675890702,5.490765694,7.069855557,6.360723291,5.422621844,6.929190911,6.918008696,7.764109344,6.803115723,6.624702422,6.499713481,0,8.345717216,7.614308118,6.957259736
1897,12,1897.958333,3.857235303,3.971803983,4.202219865,2.09497307,4.561644705,3.207212707,2.184670853,4.056742255,4.590659275,5.647760269,4.192548707,3.533495682,3.57742402,0,6.173027904,4.925099116,4.589060449
1898,1,1898.041667,5.668464753,5.519800601,5.550076513,4.778363866,5.859453664,5.55097607,4.968423932,5.976866242,5.775001409,6.617853345,5.588196143,5.823711668,5.42985925,0,7.628693306,6.671326977,5.662216666
1898,2,1898.125,3.572508265,4.042058519,4.254007922,2.02520069,4.79111194,3.027054867,2.006426844,3.535698374,4.575771729,5.109966507,4.135229803,3.112469437,3.305497205,0,4.649410887,4.109461108,3.983474977
1898,3,1898.208333,3.517228599,3.859548977,3.977279729,2.591821987,4.444599709,2.763817551,2.631839959,3.328046856,4.131249235,4.416787231,3.735853197,3.368839006,3.156302433,0,4.801633537,4.546520948,3.33472067
1898,4,1898.291667,7.335447817,7.810484921,8.045839971,6.17859433,8.746026089,6.49337792,6.28304657,7.331058631,8.037910175,8.29464956,7.896891195,6.952911801,6.859568548,0,7.885713429,8.04365865,7.525908227
1898,5,1898.375,9.113153405,10.10287935,10.84233492,7.190909551,11.75500793,8.008195972,7.027483898,9.09934529,10.86266255,10.58140809,9.709534552,8.332629146,9.231742522,0,9.618198319,9.420343404,9.281858815
1898,6,1898.458333,12.34050243,13.24140913,13.46948355,11.06373611,14.22040655,11.50243201,10.82687236,12.33201762,13.46791233,13.53361617,13.21106322,11.71589408,12.08794269,0,12.44828121,12.44651162,12.48954149
1898,7,1898.541667,13.82632585,14.81073437,15.16958821,12.46396518,16.42266545,13.08297407,11.37747402,13.5313848,15.77758837,15.8576404,14.93095456,12.6450418,13.52798741,0,14.15971003,13.66685552,14.32040835
1898,8,1898.625,14.72218131,16.18764741,16.87762932,12.60794639,17.85236331,13.9035834,12.29601988,14.70378426,16.94699574,16.51191512,15.94194405,13.14176642,14.82734641,0,14.50862479,14.23199661,15.0222528
1898,9,1898.708333,13.77553051,14.9863633,15.73304453,12.06134272,16.29710607,13.03067773,11.65693633,13.67019818,15.54371739,15.25633744,14.61165751,12.45373457,13.7980002,0,13.49957173,13.8496354,13.86718856
1898,10,1898.791667,10.1758132,11.03860516,11.68725979,8.487005885,11.8698201,9.707745719,8.627761119,10.20534441,11.49858843,11.57641096,10.67247191,9.244178455,10.24622315,0,10.87855212,9.866582358,10.3483656
1898,11,1898.875,5.949537742,6.537366831,7.148957465,3.874154203,7.530178843,5.168881235,4.215159663,5.849592832,7.31082265,7.678002622,6.505990207,4.878361676,5.880801266,0,7.303430775,6.463508547,6.622042539
1898,12,1898.958333,6.077615992,6.372468819,6.423447272,4.434970053,7.025095029,5.430677618,4.306421619,6.150011364,6.881626862,7.584533765,6.85347891,6.016081663,5.733383163,0,7.706207608,6.766203873,6.953657758
1899,1,1899.041667,3.437892754,4.290281791,4.974342546,0.945200969,5.65865848,2.627328868,1.114207949,3.485741603,5.238490515,5.436480232,4.303624504,2.356944323,3.350017218,0,4.712915722,3.551305614,4.318102023
1899,2,1899.125,3.981349636,4.467141147,5.000569207,2.105714628,5.502174063,2.924264914,2.479956513,3.737073558,5.240163938,5.808265522,4.490198596,3.027686345,3.62126719,0,5.181969525,4.522452254,4.641427166
1899,3,1899.208333,4.252690073,4.601904406,4.412623183,2.998223785,4.759843291,3.456395781,2.919956432,4.308462978,4.707487629,5.501136683,4.843517826,3.938616475,4.016792954,0,5.735342747,5.553878494,4.71009185
1899,4,1899.291667,6.501929816,7.531161656,8.057412752,4.652221025,8.654147057,5.658950638,4.198669456,6.45636375,8.074391862,8.070788551,7.635778688,5.410626729,6.395176678,0,6.993966083,6.805524093,7.059618006
1899,5,1899.375,8.52163764,9.372381874,10.02754638,6.341448177,10.79976852,7.49588619,6.473990639,8.487614659,10.18245597,10.30999731,9.553585498,7.33318675,8.165276864,0,8.764337758,9.06697491,9.063206323
1899,6,1899.458333,14.0083434,14.80576478,14.81892231,12.58811171,16.08188974,13.29308823,12.24442291,14.15599288,15.26955745,15.52570542,14.88354213,13.00503696,13.89736667,0,13.88652259,14.23849302,14.38754214
1899,7,1899.541667,15.52714546,17.14868921,17.77429183,13.72311114,18.89686042,15.21943836,13.04531405,15.30589987,17.94388235,17.12528497,16.66522837,13.63838984,15.92308629,0,14.67170077,14.78590357,15.43868843
1899,8,1899.625,16.29171768,17.27767119,17.77725143,14.07561055,19.13632638,14.94031023,14.44015535,16.0310339,18.37755608,18.30411594,17.56812771,14.57226523,15.87929381,0,15.61556044,16.07548416,17.07621736
1899,9,1899.708333,11.97609298,13.0993782,13.87742606,9.684510107,14.50510374,11.27660134,9.755700191,11.76583757,14.03417482,14.15416287,13.11086348,10.2096292,11.83479448,0,12.30057222,11.51709328,12.5963635
1899,10,1899.791667,8.570876033,8.557177207,9.196717204,7.449945937,9.58793083,7.773636998,7.769579467,8.279755399,9.434057589,10.23284506,8.582371249,7.757538197,8.110382573,0,8.57290875,8.875763285,8.867473756
1899,11,1899.875,7.761515858,7.801397989,7.909051046,6.451918701,8.370510265,7.256819359,7.016360836,7.999192798,8.219481565,8.60263938,7.912769868,7.706439332,7.663215648,0,8.905883695,8.369551037,8.077288611
1899,12,1899.958333,1.774450843,1.466659952,1.874223694,0.134812428,2.407326269,0.546141894,1.505105432,1.328599605,2.22177563,3.292305788,1.230109226,1.46997365,1.245488286,0,3.977486389,3.665657805,1.885934926
1900,1,1900.041667,3.496340649,3.494101884,3.658447468,2.16611828,4.298277629,2.598498084,2.598430334,3.381801454,4.073053108,5.062118033,3.596353931,3.160580468,3.014214588,0,4.940339218,4.223512934,4.04917591
1900,2,1900.125,1.222255248,1.967689371,2.633323641,-1.33522331,3.328185439,-0.195327964,-0.981816931,0.946583337,2.964698021,3.270826967,2.210420373,0.271006169,1.132551861,0,2.447767156,1.479664269,2.369540605
1900,3,1900.208333,2.696333719,3.165828394,3.452590234,1.32540928,4.066495921,1.900515544,1.585787508,2.738203689,3.682007621,3.728345725,2.752999868,2.380299561,2.681869317,0,3.786030702,3.519353132,2.482613373
1900,4,1900.291667,7.111527016,7.768861917,7.963131906,5.893734934,8.572639789,6.497309413,5.478141806,7.123210703,8.102370741,8.344718555,7.83255581,6.412532299,7.064728612,0,7.460137335,7.633525718,7.317261639
1900,5,1900.375,9.070430522,9.78398575,10.35392298,7.828649907,11.09067373,8.401341018,7.593553424,9.065947456,10.38820936,10.08028216,9.394973423,8.488441486,9.081955339,0,9.421871676,9.494848361,8.765338258
1900,6,1900.458333,13.23823347,14.71352317,14.85758141,11.38924998,15.41483055,12.24713473,11.65125467,13.61068004,14.47552828,14.04703368,14.04976475,12.53590184,13.52447539,0,12.88597187,13.33936066,12.98608607
1900,7,1900.541667,15.72467519,17.76792473,18.44618305,13.65715642,19.26193229,15.45836479,12.72210125,15.98069981,18.10932536,17.19078572,17.05801047,13.83760209,16.39378906,0,14.9676384,14.93345916,15.70592613
1900,8,1900.625,13.77220029,15.05976786,15.70412306,11.81281332,16.35377529,12.63086553,12.0827738,13.4636053,15.6521938,15.37146825,14.66340094,12.18241616,13.70528717,0,13.3095468,13.5474688,13.93814842
1900,9,1900.708333,12.36125802,13.37199547,14.38389329,10.51944644,14.63726755,11.73322635,10.57370851,12.37501582,13.83463217,13.75447743,12.9752617,11.11554,12.45370985,0,12.025461,12.1694853,12.53729128
1900,10,1900.791667,8.222862329,9.175224141,9.930909979,5.998451505,10.21927374,7.305868754,5.99648406,8.435792697,9.843524799,10.30474255,8.997439526,6.940123619,8.375285039,0,8.571581873,8.014678882,8.827040817
1900,11,1900.875,5.893314554,6.578891897,7.086293234,4.173608006,7.703441004,5.292669218,4.359147285,5.999995679,7.247865102,7.162304143,6.364177092,5.065915324,6.170012248,0,6.764388356,5.645310459,6.223451625
1900,12,1900.958333,6.045452529,6.483097908,6.449727577,4.60695657,7.051920111,5.659666816,4.619187739,6.419283225,6.771812817,7.207413689,6.336780428,5.920114604,6.155835896,0,7.356190188,6.181725378,6.531365757
1901,1,1901.041667,2.8843909,2.556042123,3.047666913,1.771162115,3.536666055,2.128056154,2.619834986,2.744882095,3.12224368,3.77163086,2.503902658,2.929620039,2.498389204,0,4.399233668,4.114138971,2.925803152
1901,2,1901.125,1.575333493,1.56547298,1.389463307,0.504746605,1.920904078,0.856280023,1.237979081,1.237834353,1.549055558,2.436763548,1.453242349,1.657948405,1.439143606,0,3.002748098,3.054963027,1.663664764
1901,3,1901.208333,3.391494293,3.671906991,3.73633455,2.474583685,4.458065764,2.945653187,2.462265563,3.598189295,3.971863191,4.329500615,3.487728111,2.982343124,3.373330966,0,4.230560225,3.992755184,3.410079626
1901,4,1901.291667,7.160803426,8.182805556,8.361952502,5.603728669,9.010830208,6.372042425,5.598825026,7.473026098,8.337155163,8.429678806,8.045883608,6.176219919,7.234059144,0,7.050030281,6.876550544,7.44721577
1901,5,1901.375,10.43494368,10.82025444,10.96508289,9.050968605,11.8743484,9.109115283,9.471527681,10.78401959,11.08696486,11.59820429,10.95360302,10.12574613,10.16723859,0,10.68159099,10.84457966,10.7332714
1901,6,1901.458333,12.33879555,13.69429528,14.05070779,10.65518979,14.99247135,11.84549426,10.34084912,12.34747683,13.99633288,13.77072209,13.25498252,10.95466622,12.83525906,0,11.64989809,11.8140792,12.39634959
1901,7,1901.541667,16.29448079,17.73061153,17.61723445,15.15522295,18.50079765,15.99013258,14.53877203,16.79753377,17.50877447,17.42797133,17.40065334,15.19470575,16.51563553,0,15.68115433,15.37090702,16.19473402
1901,8,1901.625,14.38276511,16.03345029,16.68199728,12.73555766,17.17858654,13.95200494,12.14590188,14.29771136,16.16716774,15.68253694,15.21738595,12.77565954,14.97333211,0,13.70989444,13.47757931,14.57509794
1901,9,1901.708333,12.75312361,13.65108871,14.37867877,11.21881685,14.65399437,11.93779603,11.6310701,12.76948442,13.92689107,13.85127222,13.27738544,11.9434244,12.74007667,0,12.9652825,12.20597013,12.67825189
1901,10,1901.791667,8.297285226,9.035370519,9.697681695,6.443511443,10.02316688,7.558385426,6.476799939,8.591485767,9.685140468,9.99725689,8.934166373,7.219197982,8.27416081,0,8.591913884,7.848834216,8.977331719
1901,11,1901.875,4.477509519,4.196893525,4.788800884,3.589286912,4.531006641,4.142281394,3.955789465,4.367615945,4.478228406,5.11841212,3.888394867,4.59173198,4.383949332,0,6.078696524,6.00474212,4.413307944
1901,12,1901.958333,2.485642207,2.585945364,3.13363177,0.81791119,3.658471642,1.478101595,1.345876075,2.430582135,3.294749037,4.077502992,2.543727579,1.993170097,2.13123164,0,3.699861188,3.161062614,3.153829909
1902,1,1902.041667,3.613102517,4.171015126,4.428007079,1.732733085,4.979320774,3.06216358,1.880040152,3.633451253,4.548752452,5.299875984,4.228576975,2.845709806,3.71802467,0,4.673941107,4.077814003,4.270979931
1902,2,1902.125,0.767344033,0.754043594,1.187605492,-0.610753982,1.75190357,-0.319737246,0.279787434,0.375116237,1.402060878,2.019278942,0.780729347,0.459669651,0.387154191,0,1.686194681,1.538894851,1.051417321
1902,3,1902.208333,5.544473532,6.437666363,6.36881076,3.92737045,7.017056137,4.56388337,3.677750625,5.484099793,6.688925252,7.123019173,6.50266406,4.682981887,5.453385076,0,6.254637853,6.198549678,6.004276081
1902,4,1902.291667,6.472620928,7.10597895,7.581751157,5.105545361,8.345206349,5.636563775,5.43658779,6.377635407,7.586905005,7.464538153,6.821295863,5.889849407,6.405352641,0,6.538595224,6.642322196,6.370904671
1902,5,1902.375,7.495253941,8.274232506,8.655549376,5.844614295,9.447602017,6.64102062,5.633782054,7.50733456,8.871973231,8.994118833,8.365554849,6.574574746,7.458026771,0,8.06872271,7.86006503,7.853498498
1902,6,1902.458333,12.15044965,13.47218478,13.87223895,9.987533899,14.65613143,10.61274316,10.42053303,12.51193819,13.54763791,13.27034136,13.17103539,11.31338495,12.1950973,0,12.40532985,11.99253897,12.58644718
1902,7,1902.541667,13.03452622,14.36536029,15.16184667,11.04054284,16.1228506,12.28645836,10.50196727,12.77599685,15.25200997,14.79677207,14.20741908,11.41959027,13.24347534,0,12.71991537,12.88298498,13.30825241
1902,8,1902.625,12.74860957,13.71350658,14.57494562,10.67443965,15.57462459,11.60879095,10.5478724,12.60532363,14.88056884,14.88816932,13.73580041,11.16577294,12.53182485,0,12.7439985,12.57995709,13.22794729
1902,9,1902.708333,11.82560122,12.57568437,13.21756857,10.1774809,13.80825082,10.82296218,10.62065526,11.7859849,13.0346113,12.96758623,12.11371795,10.88763793,11.95025958,0,12.17321021,12.14867958,11.83567593
1902,10,1902.791667,8.453337553,9.046659899,9.375168661,6.628652356,9.690325789,7.926328955,7.055359839,8.633126662,9.242836362,9.878241967,8.983396717,7.626120768,8.610607985,0,9.595632389,8.796392542,8.943204087
1902,11,1902.875,6.281260542,6.172922868,6.387906121,5.289394856,6.973894423,5.609642038,6.293221271,6.134265195,6.604603823,7.160979958,6.074035196,6.078030543,5.898456792,0,7.103505539,6.782366323,6.251088374
1902,12,1902.958333,3.827529331,4.153474477,4.227223601,2.353363443,4.84811785,3.512382842,2.753682171,3.933115411,4.22810299,4.80892289,3.774922598,3.536011507,4.079945628,0,5.639079753,4.855906987,4.017322312
1903,1,1903.041667,3.033365613,3.273860639,3.932775789,1.124822733,4.54653212,2.209823852,1.596925569,3.027702652,4.19538248,4.831263733,3.317223368,2.263893896,2.948303426,0,4.159066247,3.439126687,3.568751153
1903,2,1903.125,5.680020685,6.374000833,6.513700514,4.104641677,7.02790133,5.120666449,4.052978101,5.832447781,6.522916076,6.790557153,6.228210845,5.145003612,5.906867305,0,6.718537404,6.372987518,5.974811843
1903,3,1903.208333,5.530991262,6.600689581,7.147506172,3.552221078,7.704193599,4.829450561,3.472397124,5.72818079,7.175710409,7.144846394,6.392979276,4.2910413,5.957587891,0,6.064050251,5.041722429,5.999258349
1903,4,1903.291667,5.368414387,5.877508479,6.197152921,3.844413857,6.863419232,4.243108426,4.091926016,5.246799286,6.382672172,6.864497784,6.046215924,4.589477597,5.143916176,0,5.665773614,5.818343827,5.765151353
1903,5,1903.375,9.573617851,10.31997202,11.04069291,7.793332829,11.96945062,8.14065329,7.863779738,9.738771848,11.2021311,11.08039257,10.33761197,8.789938462,9.225624277,0,9.801029793,9.802028792,9.7543846
1903,6,1903.458333,11.6276437,12.58952565,12.61231875,10.48176387,13.31995563,10.7351789,10.0690617,11.88165194,12.6777014,12.66926492,12.11591627,11.2787432,11.78096226,0,11.99427998,11.82393572,11.35907347
1903,7,1903.541667,13.56518104,15.0700726,15.57565908,11.77956581,16.42894625,12.81648273,10.97828786,13.61701138,15.56381243,15.13416037,14.49434517,12.37330701,14.04684272,0,13.32791601,13.42000105,13.42032304
1903,8,1903.625,12.80799919,13.94132175,14.70018421,10.95268292,15.39879206,12.30323163,10.80802754,12.9993941,14.64412985,14.17949936,13.39111313,11.54508186,13.24211383,0,12.77338368,12.47185553,12.8439216
1903,9,1903.708333,11.82057134,12.68452309,13.63584301,9.997694691,14.26429158,10.64916044,10.59930706,11.6627922,13.41633365,13.0771415,12.25115879,10.67879247,11.77607419,0,11.7345076,11.71133544,11.78636544
1903,10,1903.791667,9.053803909,9.882122807,10.7570471,6.944083808,11.3180851,8.058999913,6.972151104,9.116177293,10.8790252,10.94715282,9.715045028,7.93211915,8.980856601,0,9.77696804,8.737365865,9.716863326
1903,11,1903.875,5.472594528,5.749291541,6.190007334,3.798143158,6.760295971,4.536901166,4.22203368,5.355997052,6.299636023,6.929868981,5.599194539,5.009707667,5.354252493,0,6.579946499,5.932756741,6.18995912
1903,12,1903.958333,2.490057339,2.499305686,2.898746436,0.846411976,3.544160003,1.730905121,1.304081247,2.531587125,3.183960052,3.871267855,2.557232885,2.251416379,2.317794004,0,4.104734675,3.221605096,3.205839636
1904,1,1904.041667,3.410030033,3.17845979,3.204473769,2.460533686,3.771260178,2.771958767,3.007830002,3.357501986,3.371279771,4.494767621,3.418352648,3.504400504,3.119853393,0,4.940044312,3.994586142,3.845223777
1904,2,1904.125,2.414811406,2.604440458,3.346091586,0.483719222,4.066284099,1.372816462,1.146046569,2.067099205,3.560683537,4.037661146,2.811204339,1.854469457,2.139527768,0,3.586852024,2.740952761,3.225475368
1904,3,1904.208333,3.440973444,3.882947806,4.256134856,1.987185006,4.840510335,2.543003125,2.554587587,3.133678617,4.313659914,4.590825964,3.873546734,2.64954694,3.283390502,0,4.072176947,4.043156565,3.70036297
1904,4,1904.291667,7.483527366,8.528418389,9.005543239,5.975515534,9.643393725,6.897353788,5.723018335,7.509097472,8.916375204,8.678466558,8.421334083,6.555970715,7.715276166,0,7.688585458,7.104035452,7.537564075
1904,5,1904.375,9.367761734,10.45308136,11.18408147,7.560124749,12.06129808,8.623122473,7.673005518,9.416412761,11.10729994,10.6034112,10.16328173,8.125943181,9.577368266,0,8.975398939,9.304243389,9.20448258
1904,6,1904.458333,12.20880538,13.0077324,13.39732397,10.88050322,14.49560189,11.36816438,10.81283754,12.27555789,13.5221511,13.19497773,12.71739877,11.5849401,12.19001329,0,11.96019348,12.55471251,11.9396217
1904,7,1904.541667,15.07840743,16.99597809,17.63496903,12.72941922,18.56430252,14.0857164,12.63209956,15.15022462,17.39228189,16.72442559,16.60842902,13.13704486,15.44185352,0,14.42396155,14.28425955,15.18154035
1904,8,1904.625,13.64948623,14.81567875,15.77987939,12.08490785,16.57671538,13.1185839,11.68165293,13.56974233,15.58561919,14.99966893,14.27966758,12.10049858,14.12496171,0,13.3752117,13.05834907,13.54346352
1904,9,1904.708333,11.55446999,12.31393248,12.69404396,10.05325058,13.13006955,10.72056087,10.38032883,11.76093489,12.4912679,12.65889212,11.88649373,10.65464474,11.99462469,0,12.11550083,11.47241353,11.65529005
1904,10,1904.791667,8.817487675,9.078720702,9.766925113,7.296041332,10.24400165,7.96974698,7.626835198,8.779042149,9.795618313,10.18226915,9.129257795,8.296151866,8.794575671,0,9.674270266,8.808366614,9.220509245
1904,11,1904.875,4.737142059,4.528400021,5.01238691,3.417152197,5.420948953,4.21610965,3.795701679,4.652176654,5.05771832,5.804539049,4.582957065,4.594444148,4.800765415,0,6.226348252,5.858432892,5.2621496
1904,12,1904.958333,3.470898949,2.894196178,3.549546592,2.149798081,4.606720692,1.999535609,3.076243633,2.523446513,4.407079056,5.501355144,3.1921988,3.26266886,2.629640147,0,4.291108015,4.198329409,3.994415613
1905,1,1905.041667,3.407088681,2.602204399,2.840395113,2.91203388,3.360811195,2.893823807,3.587879978,3.21605566,2.946296856,3.944446209,2.924521116,3.986387483,2.872148586,0,4.943266207,4.87441247,3.528467385
1905,2,1905.125,4.054784903,4.162249568,4.584649946,2.724361694,5.532094289,3.220956637,2.500581634,3.928703001,5.074102444,5.555023321,4.716161509,3.770023897,3.833100497,0,4.894817723,4.433974574,4.612503097
1905,3,1905.208333,5.606348808,6.361696573,6.716234575,4.011759057,7.233156,4.839311511,4.112346742,5.668577994,6.788411792,6.94252456,6.431695954,4.835845133,5.8247895,0,5.867364536,5.226956109,5.920853063
1905,4,1905.291667,6.015534131,6.67966097,7.24863176,4.173667125,8.25949234,4.778952635,3.974344724,5.925893456,7.60753745,7.972686773,6.782271069,5.065128558,5.963623444,0,5.721608616,6.091144871,6.70225913
1905,5,1905.375,9.666025891,10.09108499,10.58341145,8.609528676,11.62557275,8.71038165,8.148329167,9.629617167,10.92056346,10.69314915,10.01532361,9.360404766,9.573969974,0,9.733468296,10.1802813,9.65041798
1905,6,1905.458333,13.46634507,14.24672836,14.84793698,11.8826228,15.51591024,12.08302438,12.23045337,13.48582672,14.73661693,14.45413178,14.29737272,12.7378276,13.40266829,0,13.6283229,13.89654136,13.2431644
1905,7,1905.541667,15.62664589,17.2238986,18.16700475,14.0160459,18.79268946,15.30698039,13.05425647,15.48543613,17.75656475,17.16001758,16.75254438,14.1320792,16.31781513,0,14.76842257,14.91141731,15.02074415
1905,8,1905.625,13.3992785,14.51142767,15.45917692,11.92087191,15.87528425,12.73297176,11.52462908,13.28952267,15.15422577,14.72238856,13.83530334,12.11584488,13.7996983,0,13.11933947,12.82156066,13.32552721
1905,9,1905.708333,11.31935074,12.00968827,13.07961754,10.07417322,13.48054074,10.56393632,9.99308074,11.10680607,12.70176985,12.41336684,11.53014814,10.31330016,11.56649701,0,11.72867721,11.03804478,11.1268417
1905,10,1905.791667,6.435882643,6.441038179,6.849912489,5.403098954,7.265558392,5.534639792,5.489848325,6.197338681,6.907005187,7.668943919,6.586101606,6.176641995,6.365831261,0,7.404383522,7.011008031,6.827189819
1905,11,1905.875,4.250147478,4.313449049,4.826256034,3.015709579,5.234840859,3.486192482,3.554909458,4.26190876,4.807339783,5.036467904,4.186413876,4.159886309,4.204148029,0,5.433323985,4.55503248,4.578755268
1905,12,1905.958333,4.672718135,3.739231399,3.898408589,4.278874087,4.611505582,4.46071502,4.539111542,4.929473914,4.256749405,5.160876115,3.996013482,5.343149534,4.336202917,0,6.551917881,6.243845831,4.856919747
1906,1,1906.041667,4.325158327,4.391037709,4.694181022,2.952879953,5.397988017,3.694899725,3.038053018,4.464550737,5.034305312,5.733602072,4.574936867,4.164591001,4.15837487,0,5.59071252,4.642584096,4.926506008
1906,2,1906.125,2.205485446,2.385457427,2.985543918,0.735969523,3.6464447,1.250558615,0.62986451,2.069905267,3.10999337,3.800842109,2.514640176,1.81405896,2.042828035,0,3.049494498,2.688043344,2.886487441
1906,3,1906.208333,3.947269411,4.618339311,4.823246524,2.375978687,5.331057287,3.072050356,2.133799332,3.974393536,4.833601854,5.326828665,4.575669014,3.575197913,4.041601196,0,4.889694187,4.745146186,4.229212064
1906,4,1906.291667,6.107463587,6.560994374,6.87856645,5.106079416,7.713696614,5.102303513,4.537961224,6.318584707,7.07048984,7.412511442,6.723979767,5.90526866,5.94887222,0,6.466621284,6.178699038,6.205100882
1906,5,1906.375,8.875373119,10.21318838,10.90877158,6.961369852,11.58873932,8.07465125,6.319633287,9.19419094,10.71206939,10.35315075,9.871813176,7.79890988,9.419509825,0,8.584625533,8.667253413,8.88433521
1906,6,1906.458333,12.90269583,13.51319442,13.41985525,12.26607464,14.48855914,12.42261939,11.44678031,13.40895156,13.61301872,13.89594799,13.56203071,12.53492059,13.18831907,0,12.90245912,12.84723325,12.65695961
1906,7,1906.541667,14.04407791,15.81704158,16.38833876,12.36576561,17.25184173,13.44311653,11.5644135,14.01774234,16.13150119,15.42874992,15.1494341,12.43047687,14.85329604,0,12.94468614,13.20860939,13.84426216
1906,8,1906.625,15.17876391,16.77198855,17.47320828,13.11076288,18.05880534,14.25974711,12.70481257,15.24419504,17.07393657,16.72273371,16.5220845,13.67214733,15.68421898,0,14.63626382,14.75616667,15.2805228
1906,9,1906.708333,12.78306147,13.8135865,14.59516464,11.35223737,15.00992143,12.01143752,11.42892486,12.55670815,14.21325334,13.96958925,13.17066226,11.76061967,12.99814157,0,12.00935428,12.31547112,12.53985721
1906,10,1906.791667,9.527029696,10.56238546,11.70944861,7.579531544,12.11156394,8.588508331,7.482681424,9.544146509,11.38486157,11.06985345,10.0387,8.446487319,9.853502102,0,9.532327584,8.561432766,9.940906164
1906,11,1906.875,6.595055255,6.936922739,7.392057788,5.600713239,7.781155845,6.107697019,5.825066631,6.503800647,7.261345273,7.342867908,6.560778402,6.352097576,6.562742489,0,7.776052071,6.703292343,6.537233323
1906,12,1906.958333,2.545892508,2.122593585,2.036575478,1.383479084,2.744542622,1.524817456,1.872751039,2.364660524,2.48430255,3.919047263,2.6814934,2.639842435,2.05422922,0,4.045691803,3.848169641,3.531111071
1907,1,1907.041667,2.976461592,2.537617778,2.666009001,2.034962323,3.421641219,2.379933049,2.568645197,3.02567083,2.987636796,3.901106608,2.902317688,3.189874536,2.588485124,0,4.74644774,3.984028757,3.363269454
1907,2,1907.125,2.136252323,2.326926951,2.403423373,1.283030267,2.932971367,1.367333471,1.556825939,1.832622921,2.347928377,2.845788241,2.393952121,1.877628918,2.111819852,0,3.199014188,2.895199337,2.295811121
1907,3,1907.208333,5.422263481,5.957599881,5.977055072,4.328207522,6.538288012,4.672241839,4.15685377,5.356587938,6.076013085,6.544532435,6.005825585,4.913891147,5.506832994,0,5.807605284,6.058055397,5.512112656
1907,4,1907.291667,6.476547695,7.17853819,7.664037663,5.153896201,8.30925417,5.507105545,5.353539863,6.437812175,7.608596962,7.51286705,7.048507139,5.796879461,6.640724066,0,6.465977126,6.188174042,6.474058194
1907,5,1907.375,9.069575804,10.08230983,10.79506204,7.190076591,11.6209479,7.897598496,7.498045445,9.172572349,10.83934724,10.47298871,10.02011456,7.970656951,9.113489167,0,9.106757992,8.283516943,9.300041599
1907,6,1907.458333,11.10683728,12.39301196,13.16709544,9.50670183,13.85494468,10.59954288,9.13563495,11.13160447,12.83895837,12.26613469,12.04179025,9.935770258,11.65661221,0,10.78071898,10.33410884,10.95826365
1907,7,1907.541667,12.98055989,13.20581662,13.70704196,11.56654688,15.06941868,12.12060045,11.26174456,13.24043208,14.22300645,14.46601964,13.65781745,12.72339354,12.81948783,0,13.41220419,13.12006069,13.46749717
1907,8,1907.625,12.80067362,14.16394473,15.08722369,10.5473921,15.81720715,12.21211951,10.23750845,12.73668588,14.86803255,14.62170203,13.97618386,11.29985345,13.36137912,0,12.70937314,12.3050539,13.1150745
1907,9,1907.708333,12.50172467,13.23424367,13.83768123,10.83870324,14.71431657,11.42083698,10.75918854,12.66001858,14.03060703,14.11058208,13.28989065,11.40144646,12.38432564,0,12.44656573,12.18519686,13.17567103
1907,10,1907.791667,8.715072821,9.267950812,10.27542135,7.20240962,10.67047984,8.013904765,7.281183596,8.77151668,10.19530108,10.02759342,9.077549036,7.745057617,8.893577913,0,9.006655575,8.242198501,8.905616855
1907,11,1907.875,5.542142967,5.966389777,6.585230748,3.850272651,7.206089058,4.643886856,4.315392213,5.516149855,6.765694984,7.192757139,5.925934953,4.594710498,5.446252066,0,6.106661109,5.00764973,6.258697985
1907,12,1907.958333,3.793145409,3.853020229,4.449507075,2.066134127,5.310886376,3.022677942,2.63295285,3.786554865,4.899702365,5.425898573,3.971332508,3.262876275,3.457798869,0,5.192907101,3.987753836,4.433238652
1908,1,1908.041667,2.231827172,1.566672662,1.856597855,1.572566486,2.388798886,1.735227369,2.375783944,1.965503058,1.972932316,3.098130763,1.712106054,2.393596019,1.753660937,0,4.064816325,3.448431383,2.338096489
1908,2,1908.125,4.382152338,4.469639446,4.658874271,3.159791203,5.241685257,3.695516385,3.353417992,4.297445663,4.730797323,5.581916566,4.961603753,4.083272466,4.164466328,0,5.705373004,5.152420296,4.915742351
1908,3,1908.208333,3.341027983,3.675026959,4.039187108,1.811515985,4.723112254,2.299321414,2.360116516,3.159605118,4.15366754,4.517214065,3.706237062,2.788888132,3.182690138,0,4.07977978,4.045724152,3.715835227
1908,4,1908.291667,5.035044117,5.382829416,5.772156515,3.572140757,6.647465995,4.145435976,3.777832229,5.155201794,6.099061954,6.468892303,5.545308163,4.557834577,5.059572016,0,5.539965937,4.853899643,5.420180457
1908,5,1908.375,10.86054791,12.13779611,12.64284358,9.112412107,13.35461997,10.09638146,8.706160955,11.1559958,12.2987723,12.00327448,12.10882895,10.08534427,11.2232627,0,10.14860573,10.59192676,10.91001718
1908,6,1908.458333,12.79534562,13.62528583,14.38173965,11.49780222,15.60384364,11.71024477,10.94720264,12.91147899,14.60316408,14.28519327,13.54617029,12.19245608,12.77167334,0,12.3908456,11.97580391,12.78273721
1908,7,1908.541667,14.33128149,15.5137678,15.9782846,12.66132528,16.93651425,13.59174573,12.20169357,14.33610134,16.08494542,15.95366474,15.39397158,13.26764408,14.71181271,0,13.75071095,13.76296763,14.45672664
1908,8,1908.625,13.30282779,14.03236597,14.78048299,11.78934791,15.68523692,12.39289716,11.40845352,13.20518464,14.98671852,15.03631619,14.17328187,12.42359105,13.35379845,0,13.11793392,12.64475743,13.65327771
1908,9,1908.708333,11.76670217,12.57690351,13.09094102,10.37625381,13.51806044,11.37882071,10.28267382,12.07927302,12.7521673,12.74645761,12.29857451,11.10702224,12.20673347,0,11.82154019,11.18287449,12.01970178
1908,10,1908.791667,11.17378126,11.35926234,11.84362082,9.949200868,12.31899082,10.53558444,10.36367499,11.51914945,11.70839811,12.27850292,11.30026226,10.89659766,11.08008154,0,11.82299933,10.75537969,11.66995051
1908,11,1908.875,6.63366771,6.753685705,7.121674808,5.024458327,7.83746685,5.479402466,5.741865235,6.426670412,7.342979853,8.199314804,6.768885949,6.175598709,6.122361737,0,8.035614749,7.347321086,7.257587494
1908,12,1908.958333,3.630873654,3.066483572,3.422044203,2.441789067,4.14555969,2.137431253,3.436604305,3.151547549,3.813525505,5.423361417,3.649520198,3.316955034,2.606502806,0,5.116844842,4.607123386,4.440422698
1909,1,1909.041667,2.953569573,2.303840343,2.668836896,2.015239182,3.354058993,2.107423017,2.744061639,2.814747998,2.997932342,4.038446726,2.749759061,3.110733025,2.109860109,0,4.569805456,4.218431093,3.441508835
1909,2,1909.125,2.688528011,2.160238838,2.253588779,1.951368393,2.617841669,1.799033163,2.86590292,2.551641567,2.161948447,3.298009,2.34062982,2.923765342,2.200088288,0,4.405034862,4.462868558,2.88017342
1909,3,1909.208333,2.457414008,3.028690011,3.446943523,0.715288356,3.896611951,1.391625616,1.065683384,2.567635774,3.355586202,3.677353279,2.826481344,1.907137497,2.553847371,0,3.246453829,2.958318296,2.91696203
1909,4,1909.291667,7.342039756,8.357774491,8.833947168,5.48692697,9.461980061,6.479287041,5.472063672,7.562270232,8.649318582,8.838652369,8.252063213,6.463515821,7.669799621,0,7.4065426,6.972962202,7.670684804
1909,5,1909.375,9.450554813,10.24712012,10.62505546,7.781637124,11.51699494,8.496110638,7.77796983,9.604659888,10.76120313,10.9109984,10.28754613,8.86888742,9.484691205,0,9.129321271,9.208962175,9.767797454
1909,6,1909.458333,10.9556417,11.39701426,11.85052056,9.974729087,12.60516946,10.05013286,9.68971125,10.94347801,11.99445972,12.10664816,11.46971278,10.69882829,10.85341821,0,11.40254184,10.90528098,10.93703133
1909,7,1909.541667,13.33553033,14.44596632,15.02630111,12.10772749,15.8166141,12.84030579,11.36789616,13.32079297,14.94467945,14.75362788,14.31674292,12.19220788,13.64080734,0,12.75527999,12.62989079,13.2977513
1909,8,1909.625,14.10487315,15.24844532,15.75654588,12.63533472,16.79572518,13.56906287,11.687435,13.97264629,16.0042137,15.94380822,15.05223181,12.76110292,14.62275966,0,13.65277526,13.74784622,14.16053475
1909,9,1909.708333,10.88608383,11.69754438,12.30166747,9.181594368,12.80199258,9.662112755,9.433110455,10.77867266,12.31136426,12.35712623,11.37643512,10.06184462,10.92478191,0,11.72666912,10.62369415,11.19254033
1909,10,1909.791667,9.011490537,10.04274031,10.86649106,6.957330123,11.33129423,8.215766445,6.871973752,9.149015369,10.73190148,10.72781352,9.779267735,7.801736902,9.318758768,0,9.296008346,8.148394723,9.790392694
1909,11,1909.875,4.005494889,4.5083857,4.980241474,2.412194252,5.155736877,3.325852824,3.289317009,3.906788879,4.602563609,5.145569041,4.262176102,2.962413442,4.308561329,0,5.148391596,3.813009194,4.551141618
1909,12,1909.958333,2.628867296,3.021915924,3.665333146,0.626296619,4.310539456,1.866554018,0.660728394,2.717934523,3.766432703,4.447515876,3.274589386,1.693405161,2.49951479,0,4.004745438,2.856352433,3.867599762
1910,1,1910.041667,2.47175172,2.615699347,3.230926808,0.548801654,4.149699342,1.600955752,0.86110898,2.366655742,3.580886006,4.220787944,3.133028069,1.692934454,2.090659558,0,3.972562607,3.233104001,3.413025205
1910,2,1910.125,3.757934805,4.328544903,4.700654299,1.788268571,5.439028276,2.59549864,2.03145886,3.76502254,4.92126579,5.666210437,4.612632165,2.875207822,3.75770009,0,4.747603903,3.770350701,4.659972568
1910,3,1910.208333,5.215469087,5.455270276,5.558851097,4.244266965,6.12714137,4.635441397,4.501298507,5.412621374,5.686687597,6.085578571,5.455031575,4.848049756,5.409271231,0,5.867136034,5.10298008,5.524609942
1910,4,1910.291667,5.906026901,6.828653681,7.545243052,4.253535757,8.218167486,5.085576331,3.8069648,5.954066085,7.498794377,7.2105164,6.990007754,4.902810071,6.027995583,0,6.131615699,5.834403769,6.289385837
1910,5,1910.375,9.861663373,10.56446235,11.17316529,8.237601286,12.08490174,8.412312914,8.245408916,10.10220406,11.32595185,11.27883206,10.8922132,9.23779933,9.747799748,0,10.03477799,9.469797924,10.17441338
1910,6,1910.458333,13.09533797,14.44258849,14.90706604,11.2159647,15.93041955,12.2323639,10.95646467,13.49206793,14.89524582,14.1770983,14.33627527,12.32918549,13.37875501,0,12.71717321,12.39917887,13.31731397
1910,7,1910.541667,13.07630227,13.81510674,14.26593455,11.66589503,14.98860162,12.19775371,11.29121042,13.28128243,14.30837347,14.31677301,14.03331016,12.63321355,13.1417697,0,13.21866893,12.77019918,13.42954108
1910,8,1910.625,13.98293746,15.08970155,15.79258448,12.55411146,16.18172523,13.32309467,12.44451826,13.90459684,15.35810415,15.05610788,14.623475,13.01400696,14.51649412,0,13.6522869,13.45547604,13.77455649
1910,9,1910.708333,11.60479871,12.18906333,12.93442194,10.36962962,13.48666144,10.4684927,10.16971229,11.44124174,12.86064606,12.91520634,12.27673995,10.89192954,11.45471557,0,11.96292535,11.38970331,11.84920438
1910,10,1910.791667,9.668858266,10.377557,11.33802797,8.086326985,11.90357153,9.010160945,7.96478404,9.550815264,11.13384307,10.90190029,9.977970198,8.727058138,9.94137955,0,10.19684971,9.86665894,9.708004334
1910,11,1910.875,2.668252954,2.616054725,3.298118016,1.020967985,3.750924366,1.50461508,1.544778794,2.263395763,3.403305672,4.669408955,2.845646523,1.461653519,2.272811408,0,4.274407897,3.468733691,3.81901522
1910,12,1910.958333,5.300297256,5.633509615,5.970504123,3.970226995,6.624530518,4.626254363,4.096334429,5.414354074,6.212314807,6.615960266,5.82177745,4.741173681,5.204815855,0,6.091539636,5.265025476,5.715014483
1911,1,1911.041667,3.302838835,3.02344101,2.998843427,2.665966143,3.377458455,3.093136038,3.280156203,3.410214865,2.950724647,3.664861207,3.254015512,3.533972555,3.079113728,0,4.926435316,4.016063907,3.526401157
1911,2,1911.125,3.799980116,4.23864165,4.326526817,2.418110464,4.788013184,3.288905673,2.941278833,3.681369487,4.293635484,4.843481193,4.367665409,3.201147918,3.913670124,0,4.957980996,4.183100379,4.074949027
1911,3,1911.208333,4.152939959,4.479172643,4.902471248,2.727745014,5.618059869,3.233012416,2.93440615,4.228206867,5.188395286,5.28408622,4.807668769,3.688716369,3.969090309,0,5.133345748,4.406836107,4.541275186
1911,4,1911.291667,6.489600469,7.314622226,7.712581634,5.467034538,8.079053154,5.899917218,5.141665378,6.509998486,7.168984908,7.226177893,7.247912393,5.799990325,6.793532319,0,6.532546154,6.773194118,6.348185743
1911,5,1911.375,11.36244716,12.17026322,12.50963382,10.02541688,13.63389585,10.7047528,9.343109458,11.88604242,12.75481105,12.68952353,12.49169839,10.73516009,11.63334084,0,11.46542242,10.669726,11.63764155
1911,6,1911.458333,12.98100971,14.07727034,14.5973114,11.59881163,15.58158308,11.94031452,11.00291885,13.0704629,14.66415144,14.52142833,14.15091185,12.05476357,13.07035248,0,12.63565997,11.88871766,13.27792956
1911,7,1911.541667,15.99902387,17.7715395,18.38216899,14.11919356,19.64651097,15.19160944,12.74365061,16.13898017,18.63460562,18.02613672,17.81695727,14.23533385,16.52997737,0,15.1024934,14.75520117,16.3831762
1911,8,1911.625,16.32381472,18.0525274,19.02960769,14.02570427,19.89828772,15.05936025,13.4381541,16.44836507,18.87889674,18.22335123,17.9692121,14.62104817,16.79310059,0,15.7156044,14.87744053,16.89075873
1911,9,1911.708333,12.49186216,13.73945345,14.936607,10.41907128,15.69563023,11.34747996,10.09410008,12.22203698,14.88913804,14.43092756,13.57040145,10.64542675,12.66043302,0,12.46718031,11.71498705,13.00681191
1911,10,1911.791667,8.234312004,8.851515739,9.811436478,6.012297441,10.28070202,7.339805105,6.167512318,8.280471405,9.749266572,10.20279404,8.844591842,6.986117128,8.313830815,0,9.123460791,8.347138924,9.125103141
1911,11,1911.875,4.938242418,5.500095013,6.025355356,3.388409603,6.57966325,4.465533422,3.181253706,4.996933694,6.02472659,6.130520528,5.424108445,4.192697811,5.140781268,0,5.805404576,5.101866485,5.589603942
1911,12,1911.958333,5.079324793,5.185096667,5.584923317,3.354502477,6.653371713,4.158765627,4.052819484,5.224536891,6.26234783,6.784214596,5.596672944,4.526121527,4.777434443,0,6.141623058,4.496447482,5.87741982
1912,1,1912.041667,2.822198661,2.587703534,3.45462586,1.358869686,4.390455567,1.873617676,1.946143907,2.646882259,3.879959768,4.375011221,2.726308355,2.036905586,2.299473468,0,4.175284881,3.717310339,3.31099992
1912,2,1912.125,4.081903409,4.624429442,5.279952828,2.29061177,6.119505414,3.166200157,2.428660289,4.071465636,5.432494979,5.699925611,4.603797819,3.052141935,3.988991971,0,4.596170527,4.440714718,4.62099628
1912,3,1912.208333,6.026715285,6.722330405,7.379901879,4.46533189,7.965480142,5.393030566,4.384647361,5.95723317,7.391992173,7.391670812,6.765792541,5.041073359,6.076748657,0,6.218534415,5.930306753,6.410740992
1912,4,1912.291667,7.776921216,8.076644981,8.454231971,6.655839329,9.436847986,6.965632587,6.365418183,7.921864568,8.845239174,8.970396489,8.486606407,7.28122234,7.643515202,0,8.419380839,7.952580248,8.161158373
1912,5,1912.375,10.40140888,11.55762798,12.49988398,8.657793602,13.4211104,9.411206071,8.061760031,10.32214566,12.44258398,11.89689569,11.51799152,9.206610072,10.52434498,0,10.01844254,10.0458882,10.61598204
1912,6,1912.458333,12.41764737,13.66582098,14.46915784,10.71475258,14.90373031,11.90678874,10.36952821,12.74774777,13.9231781,13.36145329,13.26777285,11.62693182,13.0224461,0,12.11111445,11.98735613,12.32709171
1912,7,1912.541667,14.37969217,15.63625927,16.66375371,12.82844218,17.47814778,13.44448582,12.08635952,14.83990606,16.51095803,15.82857321,15.61091956,13.41134811,14.63465573,0,13.98401614,12.25313589,14.7859795
1912,8,1912.625,11.65596812,12.69112035,13.68164423,10.18317178,14.0421317,11.02114238,9.820738983,11.65971485,13.26087348,12.73549774,12.36623175,10.7538616,12.08621459,0,11.75119843,10.75229022,11.77737576
1912,9,1912.708333,10.18857487,10.84086666,11.40576958,8.957832628,11.78819771,9.485854018,8.705599715,10.12809937,11.17154733,11.44150114,10.66037705,9.274756481,10.3450858,0,10.94012506,10.29522894,10.4735378
1912,10,1912.791667,7.463242132,7.814270286,8.270101447,6.190992948,8.711363835,7.183538562,6.340246672,7.741429679,8.210509679,8.533057161,7.586604769,6.781844759,7.561221612,0,8.637966045,7.574984705,7.811900947
1912,11,1912.875,5.293430693,5.518223873,5.784914315,3.843043828,6.320297142,4.743642325,3.828708058,5.458356156,5.87141988,6.649574828,5.760262638,4.638662456,5.35314431,0,6.546349061,6.006883173,6.109187381
1912,12,1912.958333,5.287059338,5.871064857,6.378001698,3.028929458,7.289596416,4.318672369,3.061906849,5.548167714,6.813135941,7.215557661,6.209869587,4.331811844,5.189171253,0,6.389680113,5.448792708,6.505381869
1913,1,1913.041667,3.41024957,3.276188529,4.158475652,1.429132381,5.096709004,1.865789462,2.495678242,3.068756526,4.801616477,5.304593539,3.728759609,2.470130382,2.574984338,0,5.000628955,4.12068231,4.303098336
1913,2,1913.125,3.939151506,4.001474983,4.516169897,2.732683846,5.00626209,3.385013376,3.024298857,4.124010605,4.4967106,4.728181264,4.171249811,3.491503237,3.963683245,0,5.202638964,4.699900596,4.25043782
1913,3,1913.208333,4.800044245,5.595085229,6.408735798,2.957659025,7.068365459,3.81452265,2.900437212,4.762321224,6.516116866,6.341371863,5.648504902,3.764100379,4.774261099,0,5.133389555,4.52916165,5.361788005
1913,4,1913.291667,6.706874741,7.388660416,7.816201558,5.278741757,8.411517872,6.045109773,5.030715254,7.031422661,7.884167331,7.872081553,7.575470513,5.999845371,6.848379287,0,6.944711145,6.535965168,7.089350953
1913,5,1913.375,9.967362054,11.26152213,12.21119799,8.179583516,12.88169192,9.129515938,7.941033943,10.04586476,11.82726024,11.29895198,10.99475994,8.788348517,10.35499501,0,9.234196241,9.241735915,9.855630836
1913,6,1913.458333,12.66373394,13.94367187,14.44044513,11.52246462,15.25295586,12.31915088,10.84184967,12.83220605,14.19317094,13.53443824,13.90473665,11.68476227,13.12622786,0,12.03752363,11.49322708,12.57825238
1913,7,1913.541667,13.50519018,13.93419381,14.19678416,12.7833941,15.22419034,12.77998491,12.02252761,13.77471232,14.67944836,15.10960351,14.54205512,12.78882349,13.3775685,0,13.33031488,12.42103831,13.90754931
1913,8,1913.625,13.94815685,14.68783151,15.27432086,12.71551943,16.160341,13.58088493,11.896102,14.05168331,15.41944648,15.79059877,14.97257213,12.69738585,13.98947246,0,13.90336695,13.23468109,14.42827226
1913,9,1913.708333,12.60244214,13.81811596,14.4003966,10.67489803,14.93170503,12.11676951,10.28363518,13.01809965,14.22486765,14.07604448,13.50247295,11.26508542,13.21150593,0,13.12225305,12.06728508,13.12405815
1913,10,1913.791667,9.896984266,10.42604508,11.26111215,8.267511943,11.96770058,9.102207063,8.249197546,9.921151161,11.45376278,11.47509007,10.36904399,8.768483501,9.756404784,0,10.7536397,9.794995614,10.47831348
1913,11,1913.875,7.143088217,7.402829697,8.014159075,5.546743375,8.684927565,6.399107843,5.702565043,7.319070424,8.2390396,8.534669866,7.61741852,6.318319197,7.161597834,0,8.273583709,7.186812284,7.945345562
1913,12,1913.958333,4.093273126,4.196784618,4.516884726,2.383496417,5.201748911,3.336411123,3.182325134,4.261405009,4.730994628,5.317625677,4.532364373,3.571119306,3.945670872,0,5.195343507,4.375220245,4.969688958
1914,1,1914.041667,2.816458215,2.84743131,2.798523603,2.013722645,3.187535239,2.513560284,2.15207375,3.050840127,2.55316915,3.35814292,3.046900866,2.620070029,2.860485857,0,4.407887235,3.942946598,3.073055715
1914,2,1914.125,5.504797867,6.210645208,6.386619228,4.024674473,6.942950476,5.085757051,3.919789046,5.905295246,6.278131969,6.699836095,6.144387576,4.689722541,5.949407457,0,6.081470578,5.433635957,5.980179557
1914,3,1914.208333,4.791016883,5.593923556,6.100328445,2.888991287,6.631707174,3.886919561,2.909415187,4.888922517,6.150043175,6.521078563,5.8085094,3.695071716,4.998090652,0,5.348672736,4.399093715,5.520979953
1914,4,1914.291667,8.558830794,9.111909666,9.454952346,7.345993474,10.21952061,8.169810471,7.12183891,8.694948527,9.612188413,9.750318005,9.373156319,7.793846361,8.768013435,0,8.715949349,8.211420602,8.898838393
1914,5,1914.375,9.420966098,10.17315222,10.93074865,8.230569006,11.82938369,8.723533208,7.386933112,9.280987234,11.04011956,10.94320797,10.1315104,8.384923611,9.388841141,0,9.357596103,9.419821683,9.621666477
1914,6,1914.458333,13.05519983,13.98465393,14.38398181,11.99952268,15.4010034,12.46740695,10.89947927,13.18766495,14.54179658,14.40341088,14.15329082,12.27995595,13.18016548,0,12.84187497,12.6449714,13.25185155
1914,7,1914.541667,14.54671467,15.82903403,16.62263344,13.32184276,17.19322432,13.90295624,12.56929026,14.72383352,16.06646549,15.41719356,15.46603092,13.5148333,14.91479907,0,14.14190303,13.81729263,14.60483622
1914,8,1914.625,14.74174454,15.90138191,16.7597864,13.08835707,17.39308442,13.9527857,12.65706466,14.8516473,16.50260202,15.91318954,15.64361824,13.59002734,14.99898404,0,14.88077902,14.18045713,15.12454817
1914,9,1914.708333,12.17199186,12.96279762,13.79449476,10.66251417,14.37350016,11.35003883,10.3111372,12.2371345,13.62310418,13.57583858,12.69911116,11.20570904,12.26491518,0,12.79498342,11.74480391,12.72843297
1914,10,1914.791667,9.352581274,10.00861537,10.57110043,7.861173527,10.97640802,8.690092478,7.871076496,9.361760708,10.36438064,10.3832505,9.891057845,8.527042319,9.430339687,0,10.46412696,9.709712033,9.717616741
1914,11,1914.875,5.749308266,6.22478703,6.72053486,4.394880325,7.282083263,5.348348052,4.276858249,5.844419692,6.725849329,6.777788311,5.96041577,5.254665673,5.928654773,0,7.135769893,5.85793666,6.127780809
1914,12,1914.958333,3.366479734,3.946646179,4.717492674,1.362935549,5.552359256,2.773657207,1.324161331,3.53177203,5.061296349,5.146566257,3.870897307,2.558272222,3.514878863,0,4.815695471,2.766764693,4.151028002
1915,1,1915.041667,2.944632603,3.408113118,3.60923845,1.412201356,4.070473928,2.232462565,1.576671484,3.037704587,3.688892616,4.393365116,3.643917085,2.212270706,2.981822669,0,4.258675922,2.830756621,3.727910786
1915,2,1915.125,3.079740563,3.604587798,4.093531433,1.594812021,4.692739674,2.26977162,1.751384732,3.146833003,4.203580275,4.31343013,3.67525965,2.443125187,3.06127606,0,3.88498383,2.724200362,3.549995387
1915,3,1915.208333,4.20796114,4.760124681,4.961482422,2.983261973,5.344271654,3.714006257,2.885270213,4.285360808,4.920777314,5.175202348,4.824686739,3.639954484,4.320009708,0,5.086306614,4.774843381,4.393698749
1915,4,1915.291667,6.771572028,7.049397142,7.469601214,5.652601127,8.151316731,6.113543612,5.291295106,6.808127932,7.543708162,7.856242821,7.450456984,6.263394901,6.760120084,0,7.432525522,7.428601799,7.209111947
1915,5,1915.375,9.269387902,10.07151014,10.73263768,7.003984788,12.13011889,7.749283352,6.802619553,9.44183931,11.38566867,11.53257675,10.55556746,8.448332196,8.937369255,0,9.642890623,8.727417491,10.25435888
1915,6,1915.458333,12.75485553,13.66331288,14.23601154,11.26142539,15.26956461,12.02690292,10.59999231,13.10411274,14.20829949,13.92375611,13.91458339,12.0910655,12.89060856,0,12.71304127,12.40030961,13.20496354
1915,7,1915.541667,13.36887547,14.27921451,15.33262115,12.05587688,15.98365337,12.90103243,11.65381441,13.24313155,14.98647712,14.31722484,13.96756336,12.45997852,13.63261983,0,12.92611666,12.82991024,13.35123728
1915,8,1915.625,14.06727255,14.89118466,15.7187217,12.7765739,16.52286513,13.4326996,12.46183607,13.91576961,15.74168812,15.33292841,14.90131208,13.14253586,14.21686215,0,14.10267774,13.16944227,14.10298575
1915,9,1915.708333,12.18198149,13.06460435,13.73077025,10.53512458,14.23683905,11.13663972,10.44688586,12.28678253,13.42981242,13.40656866,12.84680255,11.25367813,12.33668945,0,12.74113543,12.15236917,12.68607441
1915,10,1915.791667,8.238541147,8.707252206,9.405928689,6.520779917,9.794881907,7.36204059,7.159781787,8.12095107,9.252516731,9.495618191,8.403416361,7.54326,8.216019441,0,9.564516026,8.429112688,8.596759192
1915,11,1915.875,2.563586348,2.877571824,3.659829671,0.976233131,3.893256366,1.610975984,1.857769008,1.732910098,3.336062525,3.644763491,2.403343522,1.597355105,2.62273847,0,4.328447199,3.909793325,2.628650284
1915,12,1915.958333,3.832260708,4.488154614,5.379619822,1.290166203,6.342909317,2.562323577,1.29942353,3.75272881,5.896728782,6.246910728,4.787854757,2.582532393,3.677735608,0,4.879387049,3.757567184,5.121586818
1916,1,1916.041667,6.253311509,6.679514939,6.723347364,4.80065962,7.412031542,5.732453564,4.750020259,6.578065607,6.985873434,7.612551398,7.047216764,5.712197487,6.498809213,0,6.980406356,6.211359393,6.911014606
1916,2,1916.125,2.740891329,2.987544207,3.513227017,1.275216382,4.123859747,1.970725467,1.500122456,2.766060352,3.666218572,4.023869277,3.172221023,2.222372722,2.675074881,0,3.841145566,2.815078201,3.314198322
1916,3,1916.208333,2.435375136,2.838337622,3.56769876,0.770639391,4.177800417,1.23678138,1.140134667,2.321177258,3.740350017,3.667152132,2.829940039,1.880777516,2.244498734,0,3.230532744,2.888230813,2.759249296
1916,4,1916.291667,7.018852029,7.806350579,8.387634542,5.534314788,9.09990183,6.144452723,5.44787924,7.023275414,8.480036459,8.148585191,7.884809047,6.286402244,7.107810943,0,6.837818826,6.794167721,7.154913394
1916,5,1916.375,9.857777919,11.09703614,12.13640162,7.912124053,12.94909749,8.983453287,7.582352051,10.00717746,12.05491702,11.35131037,10.94820334,8.679748509,10.21812185,0,9.401580555,9.043336822,9.88424868
1916,6,1916.458333,10.58821723,11.21934392,11.67697151,9.474830351,12.40592485,9.81339332,9.090267144,10.78272022,11.658134,11.53758296,11.35131142,10.28719428,10.63039416,0,10.69354278,10.32087456,10.73534281
1916,7,1916.541667,13.93615294,14.63290654,14.99539365,12.74778225,15.83846225,13.36168265,12.20148174,14.13047382,15.14150974,15.23330669,15.03287157,13.19485219,14.14693873,0,14.09417674,13.52543133,14.17910908
1916,8,1916.625,14.92317452,16.07748898,16.58771621,13.03136188,17.49746295,14.05755811,12.3226846,15.0716285,16.7293887,16.4105319,16.01416887,14.07519444,15.41898143,0,14.80000282,15.12695471,15.1358726
1916,9,1916.708333,11.92986217,12.44159417,12.91312328,10.35203157,13.61939737,10.93302331,10.28345627,12.04472864,13.17408239,13.3828399,12.5573805,11.07802055,11.87503657,0,12.70202409,12.39328712,12.48148658
1916,10,1916.791667,9.308472916,10.14749763,10.79064495,7.00851317,11.60371737,7.893821047,7.207812889,9.251811488,11.12851326,11.37167338,10.19508679,7.996846073,9.212176786,0,9.867137852,9.575129444,10.1061371
1916,11,1916.875,6.023290521,6.111852845,6.404711197,5.146124706,6.69310341,5.843312161,5.510562496,6.195807826,6.254869688,6.575131496,5.843540311,5.849176767,6.094617257,0,7.475872866,6.436268225,6.083085387
1916,12,1916.958333,1.922864742,1.29917584,2.215793139,1.220000334,2.651967349,1.407160061,2.05521426,1.72065221,2.129840137,2.302466216,1.186072243,2.193240785,1.555833067,0,4.159640225,2.506186773,1.968712409
1917,1,1917.041667,1.06644916,0.974056636,1.372406515,0.388295146,1.720781707,0.720533451,0.521702817,0.98893278,1.158469292,1.497367699,0.998123944,1.078433737,1.073757055,0,2.540485352,2.166207141,0.844159232
1917,2,1917.125,1.009572277,0.338947239,0.766353538,0.478700985,1.583625345,-0.004981231,1.441147448,0.395088595,0.930642715,1.469600422,0.451033195,1.255874564,0.248397812,0,2.300723924,3.016415213,0.665288667
1917,3,1917.208333,2.451301894,2.360533125,2.663711526,1.031973016,3.467468046,1.561998456,1.679604436,2.230567386,3.044374644,3.858827769,2.803167879,1.897130231,2.048844808,0,3.485171478,3.759381505,2.797659337
1917,4,1917.291667,4.260717217,4.627261533,4.926862673,3.092357534,5.745793117,3.342595627,2.71925287,4.175788191,5.3077469,5.800025245,5.191555725,3.686714141,4.072787785,0,4.815659209,4.341042188,4.700515716
1917,5,1917.375,10.76870646,12.02123851,12.99982079,8.341068611,14.17360763,9.478725687,8.211377431,11.28673355,13.10405232,12.4462878,12.27460612,9.369713154,10.81565707,0,10.38406557,10.21275052,11.3383055
1917,6,1917.458333,13.1870905,14.83277316,16.13961705,11.16740141,16.97519236,12.35490541,10.61647996,13.20492381,15.72605186,14.53464896,14.2974598,11.6832618,13.72924934,0,12.06238296,12.16637795,13.04659952
1917,7,1917.541667,14.62600619,15.60463745,16.31675184,13.0891365,16.91528693,14.02740349,12.75862866,14.97769237,15.9189808,15.54661262,15.57975877,13.83220884,14.92093924,0,14.50032626,14.2905576,14.91869848
1917,8,1917.625,14.41246545,15.41171011,15.94769892,13.20994589,16.3331813,13.78531335,13.1010599,14.37117472,15.52001229,15.08976842,15.01539481,13.81307072,14.81840314,0,14.10061756,14.12335453,14.12175779
1917,9,1917.708333,12.66105056,13.73581241,14.34909102,10.95099749,15.04565375,12.09446222,10.3440903,12.99368906,14.25041123,13.89098887,13.56356479,11.67986434,13.24508332,0,12.96255331,12.42859384,12.95975674
1917,10,1917.791667,6.516840761,6.959468076,7.683167115,4.68718808,8.387902613,5.689467987,4.561686369,6.592626682,7.928108949,8.319381057,7.221701439,5.587437644,6.508422231,0,7.415677737,6.542233246,7.340259804
1917,11,1917.875,6.903464079,7.362850229,7.329812704,5.533423555,7.908674789,6.537897336,5.198123276,7.147580331,7.562439708,8.164704627,7.710113908,6.451496207,7.049112287,0,8.098806583,7.355628306,7.532073193
1917,12,1917.958333,1.944505863,1.618738146,1.693577121,1.021681709,2.039877844,1.552091177,1.630335536,2.141492892,1.708395413,2.515186548,1.857180335,1.90942979,1.924258967,0,3.910897568,2.969899215,2.450312866
1918,1,1918.041667,2.572421251,2.814637268,2.961658458,0.494124598,3.908156399,1.677532999,0.688672358,3.075969303,3.412714711,4.341492342,3.586756875,1.846613136,2.660759566,0,3.683849229,3.228199429,3.774717062
1918,2,1918.125,5.445491339,5.560502791,5.719102272,4.199437851,6.24932324,4.587485561,4.231019104,5.729675621,5.756191772,6.675798059,6.235468221,5.157000584,5.25149477,0,6.476359217,5.945475147,6.206565366
1918,3,1918.208333,4.886683594,5.374479415,5.645996968,3.421644222,6.447300617,3.999919217,3.666946327,4.742706939,5.83327625,6.141675551,5.571390598,4.031798631,4.972267879,0,5.317258975,5.508762558,5.126632236
1918,4,1918.291667,5.859063883,6.173530808,6.387653192,4.455999102,7.115009695,4.829968868,4.617616178,6.155037895,6.675690433,7.145271808,6.490914318,5.528267141,5.73865769,0,6.654150867,6.095392162,6.274611694
1918,5,1918.375,11.2717121,12.18193826,12.48135898,9.739262195,13.59618362,10.68680675,9.467232224,11.65193392,12.91700915,12.58676174,12.44064369,10.34875845,11.72142364,0,10.86340719,10.68318077,11.24289484
1918,6,1918.458333,11.91364751,12.77397059,13.04949092,10.77837586,14.08885795,11.54720315,9.973006524,11.86937679,13.17576392,13.18948723,12.67694771,11.12601949,12.08912954,0,11.89908232,12.26040584,11.9017122
1918,7,1918.541667,14.02330723,15.22069743,15.82215134,12.54389467,16.57390689,13.3601403,11.87357642,13.98151126,15.75520561,15.4556445,15.14539342,12.97276672,14.43185618,0,13.68302691,13.30359624,14.12200413
1918,8,1918.625,14.62844464,15.93297625,16.45585482,13.09750585,16.94598361,14.09541237,12.45296158,14.82741834,16.1474837,15.68454676,15.80664639,13.58872335,15.06292505,0,14.57957776,14.24892226,14.76061948
1918,9,1918.708333,10.33335631,11.64373644,12.5846973,7.916984344,13.3674023,9.260081962,7.41176965,10.46325267,12.80237964,12.4845525,11.61436947,8.860591577,10.67307559,0,10.76663972,9.329595868,11.17140221
1918,10,1918.791667,8.248897733,8.750867232,9.098218026,7.091401529,9.710661978,7.810913159,6.927597418,8.390102629,9.257632309,9.375601031,8.729178427,7.614674762,8.520800407,0,8.885516645,7.781330404,8.563249387
1918,11,1918.875,4.839141868,4.636324444,5.483983663,2.964415215,6.120775931,3.833291034,3.929758166,4.649609346,5.831530406,6.43812561,4.836526168,4.228833585,4.426355497,0,6.623128865,5.837075961,5.44525405
1918,12,1918.958333,5.535453838,6.131362396,6.550625654,3.070943619,7.443253282,4.230490681,3.368123488,5.700483563,7.038712455,7.557846532,6.582100358,4.592694356,5.360448776,0,6.610213419,5.957146535,6.812146057
1919,1,1919.041667,2.320754347,1.989774285,2.456472821,1.136367172,3.055755142,1.469807933,1.684400025,2.270879416,2.765248468,3.558808349,2.317958462,2.23712237,1.799414547,0,4.021090345,3.038036172,2.839638068
1919,2,1919.125,1.132688499,0.876209981,1.349660851,-0.431973929,2.078022905,0.514096646,-0.210445296,1.241640283,1.788415872,2.808102978,0.833193835,0.923373546,1.075657299,0,2.972656958,2.720155762,1.426189723
1919,3,1919.208333,2.492716009,2.999684561,3.783695138,0.528054845,4.584024734,1.427550222,0.94164546,2.190914385,4.151119282,4.417319656,3.017171173,1.532754943,2.360938776,0,3.494834413,2.668646321,2.756126308
1919,4,1919.291667,6.204689404,6.713590406,7.000969589,5.308559567,7.576955149,5.809468407,4.787419938,6.182092568,6.973493254,7.075076381,6.726274069,5.725900748,6.448447565,0,6.779532058,7.053672334,5.938505327
1919,5,1919.375,11.61962829,12.56512604,12.75146317,9.667552465,13.84614672,10.37354195,10.07950547,12.37044345,12.96137377,12.60643325,12.83219542,11.19446558,11.72097626,0,11.27538335,11.23019909,11.98832158
1919,6,1919.458333,12.51292004,14.01213099,14.297053,11.16706552,15.14128298,12.18898194,10.12689266,12.7547197,14.12170005,13.75535494,13.81444412,11.16135803,13.26239965,0,11.57537435,11.84049006,12.56161232
1919,7,1919.541667,12.88108997,13.33100639,13.62668354,11.9117305,14.48902176,12.03854333,11.3937295,12.94427804,13.90446287,14.35361184,13.73596234,12.27430189,12.8368598,0,12.80800408,12.69576577,13.20315243
1919,8,1919.625,14.24028945,15.36832584,16.40782664,12.50905144,17.59066943,13.6359723,11.52733431,13.89282863,16.66610312,16.34226526,15.46642122,12.52849152,14.40718516,0,13.77257575,13.87206029,14.42327331
1919,9,1919.708333,11.53918195,12.32190853,13.34597254,9.966258453,14.17820731,10.86300237,9.5671934,11.62821638,13.36148814,13.0201893,12.17265982,10.30998902,11.84234466,0,11.54944985,10.99807245,11.81395519
1919,10,1919.791667,7.144582359,6.923148872,7.256019894,6.477511424,7.568489512,6.643712898,6.519918809,7.112823478,7.150108635,7.950651099,6.99346707,7.16652239,6.902340492,0,8.469845747,8.017460053,7.538887802
1919,11,1919.875,2.288097483,2.768786195,3.143742933,0.41411263,3.762896836,1.564516637,0.932724814,2.307706739,3.254252355,3.626359933,2.744057664,1.515954293,2.42355163,0,3.920596754,2.683392461,2.888140111
1919,12,1919.958333,4.134594964,4.518725012,4.767234485,1.94483827,5.686009692,2.903152153,2.380295871,4.300144667,5.343224893,6.285096339,5.060392739,3.291502428,3.823661834,0,5.42882051,4.291054394,5.33208378
1920,1,1920.041667,3.815688474,4.289372276,4.677520127,1.857842852,5.462967094,2.770295381,1.985978261,3.901472925,4.951599065,5.616943782,4.698837435,2.944925451,3.794895979,0,4.876744333,3.915030628,4.728804218
1920,2,1920.125,4.990038784,5.005620919,5.449989532,3.722655522,6.165538122,4.026497676,3.722755502,5.074655867,5.771393422,6.35973807,5.484403783,4.425432887,4.780490439,0,5.608945969,5.362893094,5.601376842
1920,3,1920.208333,5.793029037,6.727610404,7.353690484,4.238155812,8.055589863,4.99099897,4.070780827,5.869064952,7.35409088,6.977390855,6.684685857,4.664270895,6.057932247,0,5.753260311,5.106365258,5.945520647
1920,4,1920.291667,6.823001155,7.68887551,8.603347809,5.025026026,9.270981297,5.60112423,5.051407443,6.788348108,8.661849275,8.474043886,7.757954157,5.635914265,6.810124611,0,6.60454621,6.119826023,7.257352438
1920,5,1920.375,10.23419715,11.37098808,12.35633155,8.607720257,13.06335583,9.378516993,8.074316269,10.36306311,12.1067939,11.55349299,11.27120083,9.128173656,10.40841445,0,9.956852446,9.688936741,10.31736404
1920,6,1920.458333,12.90973217,13.83029849,14.611244,11.19411342,15.45943467,11.9884606,11.18175704,13.11062139,14.54007161,14.06454344,13.69396745,12.21772992,12.98488911,0,12.52937239,12.46718073,13.103898
1920,7,1920.541667,12.87332085,13.87947603,14.78143964,11.40748599,15.33811986,12.25191223,11.11381003,12.90947135,14.4091425,13.95890204,13.62802232,11.80946444,13.24373146,0,12.84181081,12.24433213,13.02376448
1920,8,1920.625,12.50876749,13.19947095,13.69045829,11.33998317,14.35722812,12.03247172,10.90143822,12.5681409,13.68176778,13.66039436,13.29079844,11.73947858,12.68428204,0,12.63598429,12.14287618,12.80688143
1920,9,1920.708333,11.75500512,12.41090042,13.40238227,10.07059278,14.06109053,11.03250479,9.919930934,11.77156364,13.31967844,13.0706231,12.3390049,10.9125802,11.80623364,0,12.20668806,11.88691532,11.9750658
1920,10,1920.791667,9.667739694,9.953565356,10.54788644,7.811411399,11.26867321,8.66432045,8.507992043,9.90776611,10.88558193,11.1547098,9.759834081,9.105046401,9.454836905,0,11.0463238,10.00649532,10.03467753
1920,11,1920.875,6.414421876,5.940237164,5.976736592,5.66569615,6.397390669,5.922093357,5.953019131,6.688211597,6.270005086,7.16159526,6.218298375,6.636994217,6.138372387,0,8.30128792,7.612085931,6.85754215
1920,12,1920.958333,3.41013422,3.60774004,3.876565909,1.781022102,4.620022752,2.852011532,2.442333341,3.399040815,4.225074141,4.642012161,3.765498807,2.915648278,3.441620902,0,5.150845716,3.640442132,3.848074112
1921,1,1921.041667,5.740959258,6.474406456,6.885830156,3.550773369,7.538300811,4.826969667,3.537288309,6.012585153,7.023526609,7.553959298,6.841485548,4.84190927,5.799025248,0,6.673500132,6.021459149,6.646396405
1921,2,1921.125,4.207155847,4.074392949,4.448895245,3.206676691,5.036980184,3.263458685,3.889206626,4.043537268,4.552584833,5.008442584,4.254901997,3.838574547,3.941958597,0,5.43369696,5.215856683,4.348381322
1921,3,1921.208333,5.835312727,7.006210695,7.385811076,4.073976026,7.907117287,5.050545723,3.737416894,5.898530361,7.220188877,7.07398194,6.903168571,4.747785229,6.296665306,0,5.936024924,5.634850225,6.404477739
1921,4,1921.291667,7.267063007,7.744834486,8.290987398,5.953448124,9.155660616,6.438551178,6.157475553,7.150517993,8.518007337,8.399840003,7.750051784,6.663703726,7.201769233,0,7.815645531,7.129412719,7.386686203
1921,5,1921.375,9.939364076,11.06082687,11.84149645,8.516225763,12.66430306,9.300061955,7.841545222,9.930640213,11.75840114,11.35687097,10.76604789,8.813716322,10.32061003,0,9.696020958,9.301250834,9.891385729
1921,6,1921.458333,13.02396457,13.74522979,14.11364507,11.45591157,15.47619934,12.22047543,10.63839925,13.14767475,14.74727226,14.99648742,14.11722901,12.08446779,13.07606383,0,12.93635328,13.15423138,13.50030021
1921,7,1921.541667,16.1925685,17.81197468,18.44048154,13.92971108,19.7574826,15.00951622,12.82848456,16.39070024,18.6235696,18.2586278,18.14170422,14.58187155,16.43906806,0,15.60777771,15.80293279,16.972218
1921,8,1921.625,13.74242941,15.38860617,16.60626318,11.58810641,17.10136099,12.55264251,11.02617167,13.78067281,16.13809999,15.29490774,14.92222421,12.2093499,14.24990634,0,13.44537473,12.79114212,14.0534463
1921,9,1921.708333,12.75580202,13.92546387,14.83739534,10.99155532,15.59557763,11.79387321,10.19395968,12.74254448,14.7510981,14.54356812,13.5946963,11.58634452,13.17794864,0,13.28177082,12.22043924,13.03358349
1921,10,1921.791667,11.58068488,12.4923891,13.21086682,9.693674803,13.92410334,10.97738352,9.275754953,12.00706787,13.17167978,13.08402513,12.24066677,10.57843476,12.0149593,0,11.78655308,11.31516735,12.16829962
1921,11,1921.875,4.371783066,3.890785313,4.08804291,2.692917514,4.512148714,3.107355383,3.370580197,4.047362747,4.689477862,6.59090413,4.049341498,4.108517559,3.616389206,0,6.465061104,6.732391183,5.109868039
1921,12,1921.958333,5.675238327,5.801743875,5.955230637,4.443038078,6.566272395,5.183033531,4.408599704,5.808850444,6.03444478,6.741437226,5.918524789,5.503855958,5.631209768,0,6.882004879,6.704479509,6.163012936
1922,1,1922.041667,2.888470528,2.636956446,3.201614963,0.982476101,4.335795485,1.295140788,1.871837847,2.48068083,3.945427847,4.894908185,3.117018564,2.315831284,2.08087979,0,4.406269264,4.107238683,3.804876564
1922,2,1922.125,3.637595691,3.660673443,4.282207713,1.891416749,5.131771188,2.070416602,2.555179352,3.380049835,4.69596309,5.303669666,3.845883718,3.073903359,2.889471744,0,4.823656321,4.902193845,4.257455136
1922,3,1922.208333,4.007451205,4.078318793,4.730416855,2.875609071,5.358555562,2.920211348,3.201337171,3.722752663,4.931890145,5.093791187,4.05700682,3.924997022,3.466964022,0,4.799891774,4.500357822,4.128766597
1922,4,1922.291667,4.548054609,5.086056646,5.752085728,3.039364911,6.463950258,3.715761833,3.086583986,4.526537917,5.918152113,6.02336038,5.158546704,3.917956488,4.591487522,0,4.951191851,4.018560062,4.843631663
1922,5,1922.375,10.84460094,12.51966876,13.14051825,8.818161343,14.05756143,10.14353392,8.00518798,10.80147354,12.9040432,12.40891462,12.42770408,9.070015335,11.56942536,0,10.08433202,10.73847675,11.05531879
1922,6,1922.458333,12.15279759,13.42614081,14.1153895,10.44211297,15.24540884,11.70350144,9.625598915,12.20413547,14.25473035,13.8494224,13.25025636,10.88400972,12.46443991,0,11.98431155,11.61540427,12.27892037
1922,7,1922.541667,12.26948173,13.20789779,14.15426896,10.84821614,14.85319957,11.73241086,10.35454036,12.16860562,14.05796782,13.55633782,13.06799745,11.25580333,12.5203651,0,11.98030694,11.65036496,12.32199152
1922,8,1922.625,12.24587896,13.05032499,14.06009261,10.77812274,14.6643027,11.51253432,10.53385246,12.25302568,13.93863075,13.40412904,12.68979633,11.31303726,12.55455115,0,12.6186309,11.86170668,12.27108056
1922,9,1922.708333,10.93807879,11.76709418,12.33372836,9.205729281,12.74839807,9.750641115,9.251566123,11.00584697,12.35416653,12.51553313,11.68393176,10.0639418,11.05028567,0,11.57596207,10.62164885,11.3609588
1922,10,1922.791667,7.58795097,8.095202714,8.701590574,6.200509064,8.773828509,6.989701778,6.486881283,7.669995838,8.232083755,8.441703453,7.685795184,7.07062916,7.705870055,0,9.160349746,8.109726724,7.734392476
1922,11,1922.875,5.279458385,5.117235744,5.207790107,4.323591785,5.644226771,4.886097778,4.674658483,5.522373156,5.164629167,5.886795459,5.129987996,5.282106397,5.246302812,0,6.800181805,6.676240153,5.570081781
1922,12,1922.958333,4.7834329,4.974802537,5.233725358,3.276964467,5.855924992,3.796577997,3.763384715,4.913380991,5.423779988,5.983429662,5.16292042,4.472833689,4.67847714,0,5.872221945,5.03248681,5.475127261
1923,1,1923.041667,4.856399661,4.787050663,4.556467811,4.139041278,5.027483385,4.530613867,4.423234456,5.120051949,4.607818365,5.472910633,5.226902138,4.980588303,4.813833195,0,6.050221225,5.293556813,5.205196044
1923,2,1923.125,4.514888933,4.523145684,5.297638984,2.503440533,6.225998231,2.946220155,3.222798466,4.163502011,5.943236399,6.589164731,5.215515505,3.409141784,3.735728522,0,5.318949443,5.499600987,5.437919177
1923,3,1923.208333,5.617865028,5.833023414,6.255805056,4.130799546,6.975756756,4.746628249,4.581947795,5.90523166,6.57799878,6.722476143,6.023722108,5.232440202,5.364516234,0,6.683175831,6.143352184,5.894651866
1923,4,1923.291667,6.327407787,7.033753535,7.764066057,4.332219447,8.508782699,4.95368817,4.671707518,6.376663394,7.962507561,7.868092282,7.200793457,5.42945421,6.183746704,0,6.631186765,6.250197643,6.921470782
1923,5,1923.375,7.953737214,8.834503611,9.991813593,6.130202554,10.82330079,6.887853305,5.612030974,7.61990493,9.974921986,9.78564776,8.936066527,6.930075449,7.885605088,0,7.861449095,7.758642606,8.291940227
1923,6,1923.458333,11.24524673,11.85772132,12.18003506,10.19479522,13.14827511,10.58525391,9.130365451,11.21093491,12.5714169,12.86139487,12.18522363,10.32923072,11.36168718,0,11.19670278,11.73055765,11.51513255
1923,7,1923.541667,15.60623593,17.19240743,18.12854873,13.69884112,19.01630056,14.98666662,12.82182807,15.87933307,17.84358347,17.09973907,17.1504839,14.15472031,16.18658685,0,15.07064503,14.7250081,15.6981824
1923,8,1923.625,13.62173928,14.81972708,15.91696769,11.71266925,16.75034268,12.8418121,11.25740334,13.48758614,15.81664584,15.36596174,14.6587406,12.16716853,13.9695096,0,12.98211715,12.89733597,13.83467674
1923,9,1923.708333,11.1004148,12.02603971,12.88346562,9.386768793,13.63257171,10.43286191,9.075848953,11.18654911,12.83383257,12.52246381,11.832382,9.96360138,11.48705617,0,11.35822046,10.80224567,11.29425557
1923,10,1923.791667,8.554105996,9.08148868,9.975880931,6.886508778,10.6964558,7.508707413,6.66572956,8.531931234,10.13703227,10.16583129,9.063970993,7.852823874,8.40778417,0,9.015662961,8.509663915,9.084176616
1923,11,1923.875,2.705270121,2.682970586,3.123274069,1.558582738,3.506178384,2.171498446,1.886429121,2.837370279,3.074428006,3.659927752,2.766581287,2.45792281,2.606939785,0,4.491757482,2.925402405,3.312016647
1923,12,1923.958333,3.034377957,2.594925142,2.642276096,1.404221742,3.702467335,1.699815735,2.316950812,2.88070266,3.549809453,4.856314567,3.38528815,2.60797833,2.217155651,0,4.583371174,4.256882845,4.238927132
1924,1,1924.041667,3.808173005,3.609650363,3.870272136,2.238697458,4.878880061,2.387016675,3.158008704,3.568832363,4.569718557,5.486871962,4.046636259,3.342079414,3.101489836,0,4.729647134,4.844728363,4.454271477
1924,2,1924.125,2.848404488,2.614692421,2.446809423,2.329487554,2.892047544,2.372497101,2.730771718,2.780839002,2.608547161,3.291527668,2.711380149,2.979524066,2.685163007,0,4.116963219,4.062307044,2.934057327
1924,3,1924.208333,3.152781556,3.349993765,3.928267021,1.158374766,4.868230506,1.773679533,1.896620138,3.132984849,4.460701362,4.93937219,3.714293444,2.503751423,2.484269588,0,4.104090312,3.723802085,3.856228511
1924,4,1924.291667,5.978003707,6.627265103,7.3033071,4.658963027,8.009829853,4.885456045,4.765064486,5.676028923,7.291016895,7.268016189,6.770390556,5.151815619,5.817206756,0,5.856487464,5.778197208,6.0484811
1924,5,1924.375,9.70573951,11.08970337,12.17416695,7.25917538,12.91924169,8.594405122,7.096876274,9.981426635,11.86746572,11.15780189,11.01749718,8.379217268,10.07206342,0,9.048174425,9.454233293,10.16458745
1924,6,1924.458333,12.33972284,13.67496672,14.60372002,10.58847325,15.24172753,11.61597102,9.776874404,12.51263302,14.15560171,13.61656275,13.4424624,11.18179603,12.81819708,0,11.69366375,12.23866943,12.4313827
1924,7,1924.541667,13.84137757,15.17718472,15.98544715,12.36907304,16.54259914,13.24066108,11.99061137,13.88029585,15.40027604,14.71522455,14.76692526,12.75793821,14.35060404,0,13.20665187,13.17533939,13.75860819
1924,8,1924.625,13.02339383,13.85994727,14.75497454,11.58831561,15.15679915,12.34735137,11.65797633,12.88400018,14.38287419,14.00500367,13.55771526,12.0714591,13.16989825,0,12.78116439,12.91604769,12.9687857
1924,9,1924.708333,11.85101671,13.20932538,13.91634373,9.848010611,14.2287851,11.22702567,9.556651214,12.18083999,13.59663398,13.22226193,12.87988295,10.62807107,12.46346464,0,12.19010203,11.05425383,12.21466938
1924,10,1924.791667,9.03990386,9.766086806,10.63229616,7.134415093,10.96033399,8.303531659,7.324791717,9.134012478,10.51697218,10.56919768,9.50627917,8.153690203,9.134501373,0,9.81561385,8.683057083,9.532306602
1924,11,1924.875,6.399942386,6.452132433,6.872215268,5.137753633,7.427084963,5.396977764,5.883304856,6.170192259,7.028404054,7.195515304,6.456790423,6.147022737,6.11511145,0,7.683394275,7.437112226,6.467837963
1924,12,1924.958333,6.017221068,5.953622353,5.869282883,5.084856448,6.405268321,5.557468528,5.281831855,6.413071138,6.10841253,6.974411769,6.251805615,6.086803791,5.858655097,0,7.43010105,6.111845688,6.6746368
1925,1,1925.041667,4.544691816,4.314094528,4.773402574,3.129248719,5.383474997,3.571577422,3.714004486,4.532661877,5.14453888,5.992894432,4.790500166,4.340797173,4.010132263,0,5.828011375,5.185638777,5.207683737
1925,2,1925.125,3.860999323,4.479538554,4.959557206,2.084240963,5.637948868,2.763819709,2.228483621,3.778180016,5.22821198,5.633804033,4.749713499,2.973576658,3.786132513,0,4.577350616,3.632016052,4.453888738
1925,3,1925.208333,4.144696206,4.425786314,4.614975559,2.971640312,5.12203899,3.665381207,2.911903871,4.188798909,4.709465976,5.102762548,4.592482282,3.925885952,4.176499729,0,5.331628846,4.968773022,4.353824817
1925,4,1925.291667,6.27054683,6.898402485,7.544908108,4.609027606,8.179695223,5.299694932,4.963603707,6.465352049,7.369217331,7.526153096,7.089164273,5.506008914,6.390865397,0,6.405357285,5.93202573,6.619431279
1925,5,1925.375,10.07290359,11.35378739,12.23908413,8.476812359,12.69000874,9.320078064,8.397003906,10.3396701,11.64326146,10.80439059,11.24708976,9.085038614,10.52117203,0,9.436546946,9.06911212,10.008036
1925,6,1925.458333,13.37137614,13.9437768,14.4551268,12.0481529,15.89376369,12.31483346,11.1766945,13.80669548,15.10555827,15.11410272,14.64350988,12.75001021,13.26155172,0,13.39425056,12.94915373,13.7069824
1925,7,1925.541667,15.33067762,16.55327864,17.1712586,13.9039363,17.88092677,15.01832611,13.35591358,15.80732431,16.90911387,16.15687565,16.53535624,14.39269857,15.92225269,0,15.06679848,14.44711255,15.25596003
1925,8,1925.625,14.23300553,15.30767962,15.96987227,12.73118299,16.34177362,13.46508377,12.10010579,14.3760369,15.6285074,15.53703535,15.28121678,13.31953563,14.70036787,0,14.10168232,13.88310848,14.43689055
1925,9,1925.708333,10.39511457,11.05060051,11.71169026,8.785918911,12.22138352,9.446770716,8.636235181,10.32284471,11.68700972,11.85542684,11.12211457,9.576850638,10.41193181,0,11.23969318,10.6061447,10.80259204
1925,10,1925.791667,9.401594742,9.957286685,10.65810034,7.769702374,11.30244633,8.500334826,7.571562168,9.229941106,10.82250051,11.08781714,10.07543436,8.57073878,9.206316071,0,10.20773293,9.719842523,9.850927389
1925,11,1925.875,3.339393205,3.327441486,4.373884659,1.610385801,4.735728359,2.02025046,3.134241585,2.450151653,4.186895956,4.405864325,3.069148265,2.818298572,2.70073562,0,4.989790699,4.837098779,3.250917559
1925,12,1925.958333,2.021714416,1.969606159,2.53689306,0.004217478,3.375951242,0.95861857,0.649168584,1.811467026,3.013121367,3.945904606,2.277358906,1.287658873,1.531952131,0,3.839316408,3.371478631,2.908073055
1926,1,1926.041667,3.848998719,3.336264146,3.521515707,2.578279782,4.515588012,2.893917309,3.305806959,4.04814202,4.054559477,5.162492724,4.023150139,3.851365765,3.297435729,0,5.313692456,4.723645198,4.630947453
1926,2,1926.125,5.461483886,6.02353274,6.654097081,3.288775182,7.464977934,4.249526716,3.669853132,5.475859871,6.931952275,7.308238791,6.313932196,4.448767754,5.411498443,0,5.761945819,5.951126263,6.092931786
1926,3,1926.208333,5.419709696,5.960594931,6.4548969,4.229905017,7.03731131,4.740753726,3.973406455,5.22433873,6.440143347,6.481681202,5.985445166,4.814070528,5.393605432,0,6.065037813,5.806433949,5.645850047
1926,4,1926.291667,8.105138315,8.776331814,9.390163184,6.584839427,9.76923488,7.232446458,6.981550382,8.274867948,8.934294549,8.844317649,8.688427731,7.52987703,8.127749456,0,8.250972232,8.385539147,8.319886321
1926,5,1926.375,8.849585292,9.447511088,10.26305746,7.136854167,11.08028402,7.707593974,7.247153389,8.854005323,10.41734082,10.29929463,9.628228761,8.171448321,8.633408555,0,8.96569425,8.807369402,9.136034769
1926,6,1926.458333,12.24535011,13.05470908,13.58633885,10.98504583,14.25322705,11.68515312,10.7569273,12.47681468,13.43258224,13.15579544,12.99476403,11.70895578,12.58054532,0,12.16059165,12.04148772,12.03597416
1926,7,1926.541667,15.34691242,16.25073618,16.53509739,13.92372997,17.45121178,14.90754076,13.02539068,16.02482049,16.73769891,16.74982031,16.48619622,14.52197072,15.86629284,0,15.48173042,14.8122143,15.80496626
1926,8,1926.625,14.84085593,15.91109908,16.59099836,13.1741335,17.38735687,14.18468227,12.74805997,14.96106879,16.52736277,16.41664499,15.8881826,13.60317404,15.22956468,0,14.60366463,14.29489979,15.05198031
1926,9,1926.708333,12.95678836,14.03459129,15.15270389,10.75117925,15.83522776,12.00692349,10.26322073,12.90949168,15.2034137,15.17389333,14.0229162,11.61450616,13.07995627,0,13.15923952,12.50129753,13.44272322
1926,10,1926.791667,6.90317884,7.687839289,8.463337441,4.837775762,8.829855575,6.075524103,4.661550068,6.962692564,8.412014536,8.721537895,7.511394861,5.784811602,7.011387048,0,8.165423081,7.353418735,7.581388095
1926,11,1926.875,5.005912473,5.373059758,6.492604028,3.229078198,7.096109853,4.066576387,3.549126128,4.735200399,6.603686411,6.529176997,5.202806953,4.124469819,4.741136192,0,6.312365804,5.311241419,5.280073072
1926,12,1926.958333,3.769248487,3.662513726,3.769926136,3.080135105,4.058499254,3.461807238,3.608013224,3.776143458,3.676598922,4.300457562,3.704086543,3.750599939,3.607400072,0,5.238637276,4.234756586,3.925781403
1927,1,1927.041667,3.72668183,3.783294174,4.009999383,2.294848805,4.730511728,2.957723754,2.571264433,3.840093554,4.272490729,5.064866972,4.151924757,3.502245988,3.528580606,0,5.126821272,4.236037246,4.423409781
1927,2,1927.125,3.659998646,3.490509526,3.867233844,2.58680237,4.389564331,2.805902389,3.315576506,3.400882434,3.927379064,4.505140231,3.592266726,3.483532448,3.365797952,0,4.716682136,4.881799688,3.766513301
1927,3,1927.208333,6.103829583,6.846765003,7.319656357,4.569338398,7.840049846,5.284293166,4.738609529,6.008367535,7.252960928,7.372755859,6.820357867,5.21197535,6.097874855,0,6.234506472,6.278766138,6.297623916
1927,4,1927.291667,6.656296664,7.825973261,8.346205261,4.929314255,8.914487297,5.669451658,4.51376855,6.517919407,8.277952743,8.05046407,7.662531297,5.578588626,6.903782273,0,6.803059636,6.809018551,6.95145109
1927,5,1927.375,9.399195717,10.19229987,11.05320952,6.900079733,12.3932177,7.734535501,6.620292602,9.531806697,11.76788376,11.87126351,10.62635813,8.37483677,9.095542719,0,9.564184319,9.537585007,10.27917583
1927,6,1927.458333,10.83180814,11.96106748,12.90950878,8.881849604,13.77052064,9.863308982,8.558418813,10.77124788,12.95447834,12.73718405,11.9312206,9.500867284,10.9756007,0,10.63405774,9.85009315,11.33665853
1927,7,1927.541667,14.47885401,14.94985441,15.51893874,13.35011794,16.28016695,13.63558389,13.27261246,14.95881658,15.58869375,15.53020943,15.17141657,14.228885,14.46793611,0,14.6469649,13.68018793,14.59981531
1927,8,1927.625,14.34438491,15.4078191,16.18774649,12.81072958,16.6035881,13.5445699,12.57497033,14.46212383,15.76791872,15.39489,15.08447306,13.54122031,14.59006121,0,14.4226481,13.9946094,14.40989857
1927,9,1927.708333,11.17586472,12.12865692,12.95223086,9.225146364,13.35401685,10.38370972,9.148796904,11.36186929,12.77447612,12.68732564,12.01091854,10.17646743,11.50955408,0,11.77013439,10.75833563,11.59648306
1927,10,1927.791667,9.253389946,9.978058353,10.45107616,7.50274451,10.82871046,8.504445151,7.115604176,9.473462994,10.42098844,10.73040533,9.935288275,8.582604342,9.351716325,0,10.42470728,9.767470366,9.88539481
1927,11,1927.875,5.222771284,5.494271512,5.877215014,3.713255431,6.236355719,4.424724227,4.040376135,5.155102348,5.89670651,6.660191938,5.564148324,4.721311773,4.92922881,0,6.663292831,5.773770376,5.826604285
1927,12,1927.958333,1.47587684,1.138304819,1.763585052,-0.01535088,2.200938865,0.773804857,0.411262876,1.261400009,1.938250806,3.009189186,1.202135223,1.030956533,1.127353743,0,3.238218871,3.654401402,1.801315861
1928,1,1928.041667,4.151550407,4.387231823,4.526190653,2.586262988,5.320350623,3.292850186,2.890553983,4.276158623,4.871159856,5.729724717,4.642711398,3.787750399,3.952254708,0,5.189511815,4.524235453,4.76082568
1928,2,1928.125,4.774870706,5.128051237,5.542558799,2.98275992,6.355457069,3.813511273,3.221866926,4.984818519,5.806823159,6.34042294,5.286230819,4.286146119,4.646875846,0,5.410465321,5.280077876,5.369729117
1928,3,1928.208333,4.851626974,5.631548188,6.089273822,2.905474277,6.88594134,3.615580742,3.575925574,4.857503753,6.293196467,6.309302848,5.5854145,3.912257356,4.691201458,0,5.189687172,4.952702721,5.10948709
1928,4,1928.291667,7.0480982,7.500831593,8.004420095,5.499745453,8.743295211,6.083735617,5.739338773,7.478716398,8.118687225,8.334214866,7.841396402,6.565450834,6.958549079,0,7.486065554,6.62178897,7.540770488
1928,5,1928.375,9.558691374,9.612394873,10.25516415,7.744851707,11.35808062,8.253469686,8.162430651,9.833223409,10.83489745,11.23832518,10.32479844,9.382295932,8.89417992,0,10.40226087,9.847333841,10.17743345
1928,6,1928.458333,11.23148909,12.44334258,13.3679179,9.036328153,14.09304679,10.15809582,8.737642813,11.17773114,13.25248646,13.11990584,12.48810979,9.826511435,11.39449467,0,10.98002049,10.88540055,11.84468717
1928,7,1928.541667,14.31817586,16.17568721,17.33062789,12.39142267,18.42375198,13.5784958,11.24741702,13.82982656,17.14668463,16.07728621,15.80972755,12.16636525,14.95535008,0,13.35555186,13.74240056,14.26830541
1928,8,1928.625,13.89995639,15.08255303,15.81866324,12.1465897,16.45205195,13.43026042,11.83410633,14.10441403,15.70469931,15.24799932,14.87504804,12.88294244,14.4658222,0,13.60683287,12.83429874,14.01911015
1928,9,1928.708333,11.43568104,12.52195596,13.31537551,9.564968644,13.79968563,10.65221883,9.399953112,11.53054035,13.10648765,12.98354302,12.09388588,10.24552047,11.78345041,0,12.03640659,11.03833492,11.71586884
1928,10,1928.791667,9.018933048,9.610679311,10.49547437,6.912670194,10.9922575,7.801876937,7.284741908,8.896196952,10.50181471,10.78958605,9.560512563,8.063014732,8.885876069,0,9.923733541,9.239779894,9.730331483
1928,11,1928.875,6.631436813,7.096252096,7.68590504,4.982540674,8.309303033,5.926835376,5.063361997,6.519964064,7.879689433,8.164068605,7.076753466,5.888876555,6.70204175,0,7.424310821,6.516362877,7.27425279
1928,12,1928.958333,3.05911559,2.719704849,3.239054729,1.744622322,3.697074543,2.04180851,2.692913939,2.830290749,3.29818065,4.137623318,2.771546937,2.84739868,2.559443136,0,4.937156026,4.433737947,3.564789213
1929,1,1929.041667,1.057046664,1.051850955,1.161680008,-0.09842197,1.496345821,0.555916883,0.200618394,1.076774432,1.062404707,1.885290891,1.063591791,0.6190935,0.898757492,0,2.916948356,2.834194789,1.526136959
1929,2,1929.125,0.322491555,-0.735150837,-0.643110067,-0.68744224,0.086653855,-0.972090477,0.933204571,0.06377706,-0.177588725,1.403471463,-0.40883257,0.348374185,-0.761841926,0,2.158714004,3.416120384,0.489620004
1929,3,1929.208333,5.630529001,5.739906796,5.703075386,4.754031562,6.602249901,5.297154987,5.22164139,5.750959995,6.003726175,6.356038945,5.718170681,5.038351839,5.702552658,0,6.687871863,6.416129617,5.581513268
1929,4,1929.291667,5.598468459,6.001395413,6.180645954,4.070193354,7.106952352,4.403069762,4.515533623,5.615169119,6.426811215,6.962875384,6.269026827,4.985313583,5.448258682,0,6.078118731,6.026296041,6.077284722
1929,5,1929.375,9.909231402,10.5518009,10.96842284,8.427666585,12.08689195,9.202755007,8.506034315,10.41834177,11.17909046,10.82561704,10.71499299,9.198419182,10.11351774,0,10.04995405,9.717023699,10.14225266
1929,6,1929.458333,11.82812872,12.84601407,13.48088937,10.47982032,14.35206135,11.30213676,9.839360321,11.93769785,13.36575785,12.94781845,12.55458969,10.93296032,12.17203791,0,11.71254584,11.68476046,11.82872676
1929,7,1929.541667,14.42618278,15.83903631,16.41137374,12.6618462,17.44084064,13.75952647,12.30417012,14.46692646,16.36539774,15.72573201,15.40806913,13.14066174,15.00350766,0,13.97170686,13.89505929,14.40439884
1929,8,1929.625,13.74434658,14.97061073,16.06473004,11.92214215,16.78796311,13.08284357,11.50871539,13.74561295,15.87844608,15.11279764,14.62965057,12.34681641,14.24453366,0,13.48287977,13.26574504,13.68288013
1929,9,1929.708333,13.8458473,15.25031437,16.53817516,11.61261332,17.59247662,12.71258247,11.0705434,13.42360327,16.64105432,16.00507778,14.87139419,12.08908494,13.95734885,0,14.41694846,13.44979383,13.99685095
1929,10,1929.791667,8.361431066,9.11722247,9.870935592,6.477503544,10.29706691,7.543360043,6.413596499,8.414003493,9.754010667,9.956899443,9.027600561,7.446244946,8.5073618,0,9.253457991,8.272934619,8.964914097
1929,11,1929.875,5.706732569,5.851489356,6.419055306,4.054955154,7.257823402,4.916772046,4.432661591,5.804876764,6.855188582,7.196583349,6.029100013,5.091233363,5.524869222,0,6.92502366,5.82410723,6.375195821
1929,12,1929.958333,4.685762291,4.916092153,5.518715042,3.034124899,6.172798827,3.574924101,3.57491099,4.655227888,5.874746489,6.325187315,5.130842444,3.995959694,4.310752893,0,5.750209072,4.322866785,5.504761964
1930,1,1930.041667,4.221311016,4.935827652,5.587494251,2.255414114,6.402813299,3.170653034,2.556287803,4.24578378,5.944616025,5.926737103,4.898911859,3.228950682,4.287835463,0,4.876219796,3.615977358,4.784821121
1930,2,1930.125,1.723750084,2.309729207,3.041171043,-0.150396336,3.397148245,0.993385943,1.020577785,1.472780324,2.876141894,2.737579772,1.856470057,0.782529628,1.859640293,0,2.939798619,1.923310067,1.729570717
1930,3,1930.208333,4.033353463,4.804635438,5.416724822,2.152804563,6.112049332,3.148555676,2.028384936,4.020931377,5.466951261,5.53432755,4.599078317,3.22445353,4.216587864,0,4.655717676,4.455102811,4.500071839
1930,4,1930.291667,7.132631782,7.62417797,8.06210245,5.653628395,8.8051854,6.113270198,6.066362291,7.189937541,8.208992635,8.368009368,7.750046473,6.638443122,7.049056754,0,7.077639725,7.192457499,7.190609758
1930,5,1930.375,9.453228551,10.05948783,11.00315244,7.734527055,11.72333881,8.252922065,7.750579155,9.595414234,10.88171393,10.74415847,10.17763375,8.933839619,9.221793653,0,10.21909656,9.863796179,9.576823096
1930,6,1930.458333,13.62376912,14.86189187,15.46967703,12.04209718,16.22451747,13.01232135,11.77374138,13.80663684,15.38622603,15.09217889,14.69241107,12.35424398,13.86437223,0,13.29841453,12.7111067,13.62113143
1930,7,1930.541667,13.95804231,14.85491654,15.71869692,12.70422171,16.38859767,13.32309541,12.34252031,13.88017683,15.51734205,14.9973428,14.57731241,13.16177198,14.1564714,0,13.59888835,13.4533748,13.88384685
1930,8,1930.625,14.32056673,15.59803873,16.38601,12.83743909,17.13907428,13.81739778,12.44769646,14.30623515,16.2320658,15.55234363,15.27657011,13.09041848,14.80190531,0,13.92933139,13.21924983,14.15857619
1930,9,1930.708333,12.34791233,13.27625516,14.03466784,10.65530345,14.59300362,11.37781046,10.52269342,12.36217801,13.88295925,13.90446664,13.04493122,11.30638221,12.54296882,0,12.63147134,11.87038742,12.68231317
1930,10,1930.791667,9.237980628,9.953343987,10.62656093,7.444930999,11.33988354,8.281143785,7.364557815,9.276003928,10.7234276,10.90126618,9.905724695,8.386071052,9.299226587,0,9.85364456,8.870534249,9.902696605
1930,11,1930.875,5.084099996,5.551678016,6.190411637,2.894018429,7.074101768,4.111353852,3.148698802,5.088226847,6.624887621,6.984449457,5.723642054,4.069192131,5.13140568,0,6.36686241,5.295411442,6.036803964
1930,12,1930.958333,3.751821369,3.394847968,3.787318661,2.519254843,4.519945226,2.811665775,3.21634325,3.640552745,4.249107221,5.098141105,3.892152477,3.490298529,3.115714726,0,5.407998022,4.281261275,4.47945643
1931,1,1931.041667,2.602072687,2.594680754,3.066457803,1.111767995,3.67308192,1.561464504,1.866309187,2.208809824,3.21667134,3.943398708,2.740659106,2.200812458,2.42341362,0,4.123446937,3.095222213,3.2199296
1931,2,1931.125,2.939739738,3.06974526,3.404994663,1.280183108,4.034646204,1.831364599,1.787711872,2.860714126,3.679033233,4.541275131,3.499072909,2.521374639,2.632141097,0,3.99701748,3.499922541,3.637260356
1931,3,1931.208333,3.051820831,3.253792613,3.794872705,1.041705742,4.816591036,1.909832468,1.612186784,3.027011773,4.307473466,4.509509946,3.573386105,2.574262482,2.622513601,0,3.976487946,4.251463095,3.632362735
1931,4,1931.291667,6.590532496,7.356077454,7.935270089,5.113928446,8.376411928,5.737027855,5.251745414,6.56145909,7.715997094,7.638959316,7.154492009,5.81569843,6.747459468,0,6.833302838,6.806629686,6.614667146
1931,5,1931.375,9.9104654,10.78733955,11.56373487,8.546611028,12.15697243,9.023459853,8.428229132,10.10171621,11.24070713,10.75830992,10.55540283,9.187789377,10.12284188,0,9.497474729,9.758807873,9.767257863
1931,6,1931.458333,12.52359068,14.09947365,14.88901273,10.22813389,15.73776154,11.38346273,9.906432785,12.59570107,14.67037957,14.08674561,14.10279809,10.84918842,12.90070316,0,12.164042,12.40202865,12.92478306
1931,7,1931.541667,13.99331803,15.33874063,16.00588256,12.77173242,16.32219501,13.48318938,12.26814711,14.01902522,15.31301818,14.62420339,14.80419447,12.99878052,14.73758483,0,13.58278836,13.46308697,13.75069843
1931,8,1931.625,13.11478452,13.68500537,14.53628788,11.25778113,15.45893702,11.93844625,11.49447691,13.08647572,14.86371553,14.65303368,13.83330432,12.46100348,12.94772271,0,13.60899838,12.88159958,13.4890686
1931,9,1931.708333,10.72007351,11.47421682,11.78501717,9.340556079,12.17145176,9.727288963,9.719938752,10.58316318,11.52299157,11.86385337,11.22215401,9.791417304,10.95597189,0,11.46566879,10.66756599,10.97994889
1931,10,1931.791667,8.119462074,8.27974793,9.08075152,6.850057496,9.658417332,7.414923767,7.168192183,7.936363976,9.070999927,9.395086843,8.133735304,7.616082052,8.005369401,0,9.336670436,8.220373991,8.297311734
1931,11,1931.875,6.816210117,6.980578031,7.500000175,5.420682245,8.128703248,5.7505863,6.078066249,6.807119244,7.674305502,8.082623327,7.124307007,6.252236295,6.599805135,0,8.269598918,6.682712586,7.259563115
1931,12,1931.958333,4.970880729,4.573117117,4.865020957,4.090902056,5.406474015,3.94013588,4.801041709,4.797818343,4.971756648,5.681857391,4.834090831,5.232597186,4.286994632,0,6.804690282,6.216033593,5.330405275
1932,1,1932.041667,5.444897452,5.412330358,5.567209453,4.393079189,6.371434252,4.612557387,4.749826522,5.392235461,5.89851046,6.478229041,5.632342847,5.201180376,5.180471552,0,6.623999664,6.214598633,5.787645353
1932,2,1932.125,3.113469118,2.801255198,2.776445432,2.99544372,2.977425982,3.041368524,3.781792193,2.862098943,2.514494872,3.010196335,2.557935583,3.347441728,3.238070563,0,4.551066463,3.914511001,2.636776919
1932,3,1932.208333,4.078099265,4.183640255,4.407262428,3.186300759,4.924932122,3.384253865,3.385343436,4.02320035,4.390873226,4.945863146,4.130847623,3.930052368,4.049771645,0,5.42485595,4.805513809,4.098952025
1932,4,1932.291667,5.600061487,6.174838722,7.034885332,4.059805604,7.599836267,4.71386576,4.032928837,5.536297554,7.006275731,6.878252949,6.127719299,4.892986077,5.65974461,0,6.15720392,5.623239495,5.773356023
1932,5,1932.375,9.081664086,9.692498872,10.66115509,7.566705377,11.31841222,8.028096661,7.638683504,9.19502287,10.34374022,9.972407321,9.677859668,8.651268499,9.016235343,0,9.200077864,9.41371263,8.965400038
1932,6,1932.458333,12.73914487,13.17905548,13.72995795,11.1170466,14.80359499,11.60100926,11.02504901,13.17305588,13.89906156,13.99627709,13.48982711,12.48764913,12.53281524,0,13.72447267,13.17015239,13.17620982
1932,7,1932.541667,14.56616869,15.87809656,16.62736426,13.06530232,17.06971023,14.03148773,12.63097809,14.78456774,15.99270057,15.36059879,15.58451645,13.55778604,15.14947689,0,14.34599251,14.08500783,14.51831134
1932,8,1932.625,15.3483128,16.88684379,18.06465405,13.14300126,19.09867677,14.16330241,12.73468904,15.28927592,17.88541703,17.26511789,16.84947177,13.55934078,15.6861835,0,15.0136415,13.90835123,15.86857732
1932,9,1932.708333,11.71929815,12.66314427,13.70656347,9.921280932,14.29864599,10.76920099,9.601415081,11.67172545,13.61545097,13.53952895,12.56855056,10.40159262,12.0067252,0,12.1322059,10.75094873,12.26198158
1932,10,1932.791667,7.66847204,8.125307229,9.024964613,5.6853147,9.608216667,6.724149447,6.081090206,7.584366321,9.052477904,9.294523159,8.184817802,6.820010249,7.663186895,0,8.6004178,7.775994283,8.233273464
1932,11,1932.875,5.677667558,6.012429021,6.53018941,3.833840774,7.002589993,4.942711041,4.540339403,5.764562518,6.457684707,7.045026442,6.089370041,4.852885157,5.808638677,0,7.027185091,6.148256308,6.156974472
1932,12,1932.958333,4.822342284,4.879571509,5.046044798,3.835694411,5.719094719,4.755740027,3.784218182,5.116509113,5.146501482,5.606490527,4.960814837,4.604779329,4.929952633,0,6.149853014,5.311066142,5.289513344
1933,1,1933.041667,1.872107856,1.70460629,2.187819494,0.4725808,2.799112064,1.133155373,1.638692428,1.782992373,2.175853043,2.747159422,1.757569811,1.599383642,1.68877544,0,3.682491907,2.736663491,2.045092715
1933,2,1933.125,3.228063577,3.635591609,4.029395623,2.005887424,4.724470817,2.572994704,1.863808038,3.207945369,4.030831543,4.317296237,3.604381635,2.930468054,3.301258228,0,4.252353735,3.64900704,3.343861117
1933,3,1933.208333,6.314590637,6.806753595,7.160849333,4.81301424,7.939519486,5.490661504,5.373058459,6.305097353,7.305341659,7.547371087,6.918518061,5.550464049,6.200033873,0,6.727073754,6.318021663,6.592207934
1933,4,1933.291667,7.871597148,8.632515607,9.077807504,6.851848174,9.787972351,7.309960069,6.541598594,7.846069545,8.787272208,8.455930611,8.411704644,7.26645861,8.197528977,0,7.784802373,8.315354037,7.657605005
1933,5,1933.375,10.4652341,11.38231984,11.79864453,8.702642409,13.02541033,9.549170415,8.616917719,10.98447904,12.14811761,11.82442004,11.64691499,9.706809106,10.59648723,0,10.26514347,9.756125193,10.72520065
1933,6,1933.458333,13.95701188,14.75735826,14.88320479,12.92903765,16.18124514,13.33031559,12.46695644,14.44919904,15.30712226,15.00973119,14.86556403,13.46017156,14.11193301,0,13.92345433,13.14747237,13.88677279
1933,7,1933.541667,16.25278201,17.64946396,18.0665417,15.1251714,19.06000503,15.8983688,14.52112248,16.28679644,17.87992473,16.97428116,17.32138588,15.05157008,16.80045851,0,15.75914847,15.44814243,15.98577109
1933,8,1933.625,15.84727372,17.4501602,18.23643059,14.07852696,19.19262126,15.39533438,13.27342029,15.97040469,18.03066842,17.17543379,17.01608395,14.11956113,16.8033441,0,15.81702139,14.86226237,15.95576652
1933,9,1933.708333,13.62470827,14.72867865,15.49248498,11.84777437,16.16321716,12.7377169,11.55826335,13.69239558,15.34093794,15.02050753,14.47857557,12.46581678,14.0550214,0,14.52497662,12.88449165,14.06193447
1933,10,1933.791667,9.154423964,9.726513386,10.47723957,7.654729941,10.87884019,8.47703784,7.631077531,9.165133769,10.22095508,10.42780424,9.430755807,8.385967811,9.403580398,0,10.22557818,9.227441498,9.438930849
1933,11,1933.875,5.015023263,5.448144384,5.761027095,3.821441704,5.929691632,4.581116961,4.299886121,4.724062187,5.389407285,5.985253208,5.112681061,4.288311514,5.280387784,0,6.511836265,5.446333582,5.070385157
1933,12,1933.958333,1.840189173,1.379536464,1.128048133,1.936599762,1.317733787,1.926140092,2.676649691,1.565706612,0.727274536,1.258652613,0.885249502,2.408834287,1.805888469,0,4.068317125,4.078108699,1.046480996
1934,1,1934.041667,3.935573328,3.58241551,3.562979686,3.4567557,4.05409817,3.423916255,3.808847102,3.828413102,3.549230005,4.484902297,3.757998423,4.215155976,3.698862888,0,5.631053318,4.98937284,4.109265437
1934,2,1934.125,3.834313306,3.367088496,3.182478342,4.121067211,3.417760374,4.041221689,4.585051874,3.809310347,2.913916544,3.349267526,3.248718004,4.508257319,4.043193137,0,5.124531933,4.698832704,3.150779085
1934,3,1934.208333,3.957587372,4.338216182,4.776273519,2.531987735,5.614499626,3.270166898,2.65083664,3.825187012,5.005523901,5.326076453,4.404221389,3.313041868,3.902605809,0,4.955754778,4.255928899,4.269322857
1934,4,1934.291667,6.489597721,7.526136025,8.215759625,4.836171083,9.019930235,5.689987972,4.510735808,6.640753663,8.187795121,7.709729395,7.376763898,5.557186596,6.893058541,0,6.622104503,5.913709397,6.645513768
1934,5,1934.375,9.829780436,10.90436485,11.45290989,8.375900308,12.49024107,9.202774896,7.61085205,9.701436452,11.59931043,11.2624849,10.92560023,8.732356523,10.23684396,0,9.549628419,9.646184413,9.870902841
1934,6,1934.458333,13.40735319,14.25647559,14.75738354,11.66314799,16.09869867,12.47940005,11.19534739,13.55126265,15.19974852,15.18856467,14.59633951,12.59805702,13.36817907,0,13.41542309,13.2170316,13.74718962
1934,7,1934.541667,16.33119162,17.66146297,17.63220613,14.80798293,19.04078712,15.71878866,13.71565846,16.70050385,18.0668704,17.88796445,17.82098591,15.19071321,16.9124481,0,16.31401561,15.71833369,16.78593448
1934,8,1934.625,13.91142628,15.15178704,16.04979489,12.37634992,16.51909462,13.14271403,12.4088253,13.8069441,15.5188883,14.86701601,14.62309799,12.70311747,14.4551307,0,13.94698791,13.0021531,13.7702564
1934,9,1934.708333,13.00692332,14.27337274,15.1631757,11.18572414,15.86453509,12.18943968,11.14770766,13.19191324,14.83985884,14.13731361,13.80141502,11.81280179,13.59722592,0,13.21151757,11.96214748,13.13657043
1934,10,1934.791667,9.105616201,10.00816043,10.78878049,7.269738794,11.33804119,8.476318771,7.042575569,9.327920259,10.58105073,10.6164197,9.862494967,8.051542105,9.544929642,0,9.748007361,8.561177809,9.620245485
1934,11,1934.875,5.275755035,5.559363434,5.945449928,3.861452148,6.547240367,4.841871186,3.968690382,5.280613565,6.010191091,6.40094006,5.650783401,4.720853701,5.543968478,0,6.670819478,5.788441462,5.624618625
1934,12,1934.958333,6.828750373,7.213730305,7.736082025,5.051025052,8.441378588,5.813588095,5.387052046,6.940731574,7.947158864,8.330418589,7.358414808,6.064503632,6.6768283,0,7.906875278,7.26119685,7.469021835
1935,1,1935.041667,3.981913207,4.008567799,4.108541658,2.895899071,4.671632316,3.156697702,3.610097918,3.700200341,4.252574779,5.019521804,4.229718088,3.5644641,3.73379668,0,5.30337699,4.742394355,4.219548471
1935,2,1935.125,4.561663993,5.334066799,5.596592332,2.746079926,6.164437927,3.813468224,2.701539028,4.765033738,5.531887993,5.959508923,5.475645442,3.76664644,4.815717924,0,5.521470033,4.914277185,5.155943207
1935,3,1935.208333,5.654478889,6.105051477,6.277407258,4.598253648,6.905521039,5.280922687,4.6174675,5.87082966,6.135908482,6.169054296,6.056810318,5.392322956,5.827147084,0,6.662873208,6.222953795,5.708923651
1935,4,1935.291667,6.7959496,7.615448315,8.022893732,5.037573247,8.645998647,5.69547954,4.952044471,7.008953194,8.035758658,8.246027375,7.705136314,6.155130928,6.900822789,0,7.292808075,6.869519269,7.194370679
1935,5,1935.375,8.987244522,9.253808713,9.911446726,7.166265818,10.85035962,7.474551635,7.637752385,9.167635207,10.16304798,10.29817165,9.414266627,8.915424297,8.421399904,0,10.09440659,9.666409404,9.495912407
1935,6,1935.458333,13.23917225,14.87531312,15.3986725,11.35978357,16.04607461,12.62425321,10.83638633,13.67343407,14.97930498,14.27466308,14.56271564,12.13405322,13.98210091,0,12.72832445,12.40299989,13.39424635
1935,7,1935.541667,15.38994846,16.99423245,17.70627834,13.5112309,18.79432864,14.78396345,12.7448186,15.4342721,17.76495493,17.074524,16.9106943,13.77938176,16.033144,0,14.94061836,14.1520405,15.53827017
1935,8,1935.625,15.11381813,16.76542703,17.34276475,13.71681146,17.8917611,14.69776263,12.9466093,15.12440284,16.79074886,16.10293277,16.21417826,13.75913932,16.00289048,0,15.02750136,14.23246764,14.87260339
1935,9,1935.708333,12.11573143,13.16212747,14.08478565,10.05831796,14.74567857,10.99989403,9.871753037,12.09162807,14.05710758,13.86848257,13.01344051,10.9476507,12.38141935,0,12.68797301,11.59552386,12.60102715
1935,10,1935.791667,8.314228669,9.04153115,9.75412231,6.51297971,10.35650342,7.451982065,6.334243942,8.296744084,9.752324251,9.905810275,8.961107471,7.538677148,8.386799051,0,9.636497547,8.274234012,8.840290202
1935,11,1935.875,5.60296222,6.259666926,7.045171933,3.840502467,7.52911763,4.881470057,4.264087903,5.82989004,6.916509268,6.68995419,6.143619594,4.821183578,5.775132439,0,6.781492677,5.019481982,5.931529133
1935,12,1935.958333,2.114742496,2.214973724,2.7987744,0.450544527,3.73358937,1.294105971,0.762887852,1.702157033,3.298215973,3.794032703,2.476360753,1.284773025,1.94906102,0,3.756146577,2.533601666,2.91179518
1936,1,1936.041667,2.575741031,2.764433708,3.817814498,0.596764778,4.787843437,1.627894161,0.80714655,2.359646078,4.406181487,4.864462718,2.746157704,1.612794189,2.385397371,0,3.805581769,2.352324203,3.264294428
1936,2,1936.125,1.891527768,1.432150355,2.182218082,0.444407519,2.991952407,0.761720837,1.207555547,1.616529068,2.656158562,3.427454226,1.783680804,1.588309969,1.193760648,0,3.222762611,2.953613575,2.504326559
1936,3,1936.208333,5.783465137,6.37395183,6.916120547,3.90879732,7.601934022,4.660718424,4.542965313,5.901663893,6.890439153,7.038438104,6.418313285,5.180253754,5.660085788,0,5.85333511,6.064800723,6.12591424
1936,4,1936.291667,5.406342758,5.944309614,6.424177655,4.134529305,6.955022873,4.587478124,4.22319632,5.322720338,6.35069718,6.342806246,5.772599405,5.018823974,5.478953307,0,6.094756154,5.584335994,5.518299341
1936,5,1936.375,10.09739494,10.44758448,11.2745596,8.511569742,12.40079439,9.00173123,8.675836067,10.50296665,11.66846533,11.44782837,10.72018715,9.676795988,9.752517635,0,10.32389284,9.744852152,10.4033242
1936,6,1936.458333,13.1531203,14.00878012,15.00060924,11.62601509,16.09092555,12.24680401,11.3823162,13.4483265,14.92361513,14.18231263,13.94111435,12.46972623,13.11547549,0,12.95630836,12.60953318,13.22711071
1936,7,1936.541667,14.06916093,14.98575418,15.80912913,13.13642192,16.24615625,13.94213011,12.69781822,14.17450431,15.22870492,14.67817778,14.5369861,13.16128771,14.5792707,0,13.83350517,13.43631955,13.79912427
1936,8,1936.625,14.75294649,15.61773603,16.17673467,13.58906997,17.15217242,14.42608829,12.90725919,14.75837211,16.24726211,15.8094606,15.60087366,13.69995082,15.14888404,0,14.70306012,14.66363338,14.70563702
1936,9,1936.708333,13.06859648,14.17464304,14.70242472,11.38399084,15.20881237,12.55599306,11.09956186,13.33645389,14.49036913,14.35435547,13.81699512,12.12137847,13.61663481,0,13.71553851,12.53089246,13.24690634
1936,10,1936.791667,8.526890866,9.075810362,9.157892114,7.190206649,9.655164185,7.920300924,7.22475622,8.65993193,9.01353351,9.472449179,8.839951827,8.161927888,8.758686726,0,9.958094833,9.080496661,8.941783136
1936,11,1936.875,4.903759712,4.961084883,5.609825324,3.406790477,6.267110284,4.258141838,4.208086059,4.832027028,5.602544844,6.143731243,5.015758029,4.280935629,4.796303306,0,6.475972327,4.670983489,5.604491529
1936,12,1936.958333,4.443138323,4.474737554,4.698482606,3.031827925,5.35990912,3.663186878,3.470811793,4.533799869,4.866972451,5.7616708,4.862789608,4.098950924,4.233776611,0,5.871551101,4.76574576,5.304285556
1937,1,1937.041667,4.238647082,4.21690855,4.566795099,2.864954628,5.504975449,3.375402837,3.291747505,4.319558319,5.127431651,5.669775454,4.521941183,3.83899652,3.883175837,0,5.42055907,4.530060748,4.762405333
1937,2,1937.125,4.017549601,4.667907387,5.413132693,1.619030777,6.327422878,2.822790191,1.71019306,3.925032878,5.892632173,6.353464733,4.990837202,2.887764501,3.947373716,0,4.542728959,3.94351456,5.036051451
1937,3,1937.208333,2.396930799,2.869543201,3.671825984,0.445018146,4.298713997,1.233549211,0.786125871,2.309127122,3.826923545,4.035328459,2.841358551,1.699013355,2.225598119,0,3.355826837,2.6794645,2.920301164
1937,4,1937.291667,7.86979458,8.143574173,8.592825101,6.266597015,9.591511525,6.767595261,6.570115191,8.080769508,9.141001498,9.399198341,8.761981307,7.221904695,7.512548175,0,7.837406232,7.926885884,8.432078556
1937,5,1937.375,10.69960213,11.39547898,12.15968384,9.127134574,13.09808456,9.946319129,9.192222137,10.96436789,12.21848063,11.71462219,11.38427389,9.992653245,10.88848569,0,10.40174688,10.43976867,10.76538848
1937,6,1937.458333,12.63866731,13.69414369,14.48660016,11.33590095,15.56362889,12.11823643,10.52512953,12.62754591,14.43225519,13.92615961,13.37112467,11.48713224,13.03077568,0,12.3498811,12.2249323,12.60738594
1937,7,1937.541667,14.44470561,15.67867433,16.44475866,13.00737834,17.20216655,14.34765909,12.24969204,14.69427229,16.19136064,15.49655007,15.48720216,13.17952734,15.30384962,0,13.67932299,13.49365748,14.42535613
1937,8,1937.625,15.1458207,16.26343784,17.27323532,13.21707193,18.52774615,14.50167436,12.72418194,15.36151846,17.37528033,16.62036985,16.26519265,13.81412694,15.45203399,0,14.85433082,14.51426427,15.43034756
1937,9,1937.708333,12.02499745,12.96153719,13.75940562,10.43609897,14.36547439,11.17287403,10.10839596,12.03142475,13.54702306,13.4394011,12.73534782,10.9801699,12.31665492,0,12.53726838,11.4860205,12.40619141
1937,10,1937.791667,9.142144195,9.95748964,10.92738436,7.479442532,11.40302446,8.606444249,7.626836077,9.135966825,10.74089301,10.49691146,9.514580043,8.0354177,9.52448454,0,9.838940044,8.059831528,9.45041834
1937,11,1937.875,4.856794679,4.857933547,5.379055661,3.879893574,5.547866174,4.474977256,4.260676866,4.557041519,5.079680996,5.619884113,4.506203512,4.421496882,4.749049834,0,6.763113973,6.059882845,5.013062404
1937,12,1937.958333,2.144246636,2.373361813,2.827828556,0.276429543,3.480983222,1.295316001,1.147672499,1.853280782,3.000903603,3.596664841,2.317609953,1.239705483,2.026583247,0,3.899917895,2.861460167,2.933505004
1938,1,1938.041667,4.655169147,5.066863306,5.242405121,3.120041777,6.086293048,4.058257042,3.304705266,4.702227174,5.54811953,6.064283942,5.377948608,3.833568022,4.710640508,0,5.495176602,4.727408542,5.348777103
1938,2,1938.125,4.139099916,4.550012962,4.692550133,3.068580791,5.019312523,3.806033149,2.939436279,4.305120037,4.444032884,4.936666778,4.539313848,3.701770816,4.380283264,0,5.128120439,4.762652579,4.442943257
1938,3,1938.208333,7.992765948,8.874740998,9.101839474,7.196023262,9.798786102,8.064637084,6.590655029,7.976582721,8.815513942,8.419218189,8.587306083,7.132784328,8.532507401,0,8.221187438,8.561246102,7.553519394
1938,4,1938.291667,6.824199287,7.046552929,7.056306599,6.298842832,7.882353211,6.418551534,6.089453616,6.83632211,7.202054227,7.59200573,6.980195902,6.501858148,7.003917404,0,7.773631055,7.059705649,6.799793546
1938,5,1938.375,9.267159157,10.29078846,10.54089893,7.740601686,11.08170614,8.614995279,7.458713944,9.557897169,10.26722615,10.28157306,10.15301047,8.454689422,9.727842251,0,9.585137849,9.144531899,9.687392379
1938,6,1938.458333,12.64116599,14.22942098,15.20894405,10.98572394,15.9447681,12.1404362,10.20929047,12.50990792,14.6879037,13.84722469,13.71840848,11.17523387,13.2661409,0,11.82647126,12.00051053,12.48330966
1938,7,1938.541667,13.61095444,14.87934198,15.7716531,12.37328918,16.46016961,13.15872337,11.68660291,13.43160561,15.31293819,14.47808568,14.44964834,12.49991799,14.07875568,0,13.09303053,13.12338522,13.29610114
1938,8,1938.625,14.46586679,15.55797879,16.61923193,12.79174308,17.40824044,13.54532162,12.66580854,14.65844226,16.46060854,15.64420227,15.21398117,13.37181295,14.70641119,0,14.52180252,13.6479144,14.33338372
1938,9,1938.708333,12.50409798,13.30144865,14.35133686,11.05809348,14.98806861,11.78487444,10.6424973,12.48240472,14.05231519,13.51753156,12.91515766,11.78390855,12.76816411,0,13.16913477,12.5239605,12.45993288
1938,10,1938.791667,9.283541305,9.735522975,10.01964131,7.836087286,10.69167694,8.690428611,7.707206713,9.461171976,10.21363928,10.72288888,9.836907284,8.679576715,9.339535311,0,10.26085573,9.193090249,10.01882434
1938,11,1938.875,7.781622444,8.406685336,8.902558121,5.79910256,9.776872413,7.040461271,5.812821853,8.116946837,9.167048391,9.343227635,8.670782174,7.042021668,7.845439389,0,8.651007038,7.567113863,8.647020344
1938,12,1938.958333,3.508456652,3.447183532,3.512262646,2.222374735,4.21627356,2.96472505,2.838090231,3.648274707,3.762119171,4.630724736,3.773550888,3.221760146,3.387267566,0,5.026156626,3.738326036,4.315526417
1939,1,1939.041667,2.95517342,3.595756947,4.320985797,0.879124535,5.192451402,2.011737176,0.823471966,2.802239085,4.628672775,5.033471826,3.561411726,1.974027331,2.922694121,0,4.202378725,2.914178418,3.724505238
1939,2,1939.125,4.820251565,4.878343266,5.269204096,3.90653308,6.010162977,4.172055391,4.053214828,4.485786631,5.351283133,5.815003849,4.985107001,4.483868861,4.454359637,0,5.627002156,5.717548094,4.919641709
1939,3,1939.208333,5.038518115,5.233043776,5.487859175,3.828202011,6.214156053,4.319511338,3.977420905,4.924715211,5.731248505,6.274179899,5.424410475,4.683973413,4.860277294,0,5.763472298,5.691983745,5.302319237
1939,4,1939.291667,7.335630053,8.124133963,8.707718532,5.511708559,9.387119735,6.606058936,5.599379412,7.494655172,8.646665567,8.498026478,8.060938219,6.494478265,7.546530707,0,7.619425404,7.662015927,7.659338933
1939,5,1939.375,10.13299918,10.47329995,10.77326349,9.016185266,11.77202638,9.679095414,8.723567863,10.53164768,11.04072598,11.24956625,10.69810581,9.708771969,10.13183171,0,10.61669837,10.35097747,10.34132374
1939,6,1939.458333,12.89430637,13.24404004,13.89168534,11.93859122,15.02676924,12.38677494,11.02451336,13.04798307,14.2548712,14.32844468,13.56068389,12.32094641,12.78659119,0,13.1394085,12.77478519,13.18653165
1939,7,1939.541667,13.87762168,15.19897896,15.99231681,12.59312991,16.34800489,13.77117137,11.70043347,14.27342056,15.33337427,14.51457031,14.59144219,12.91025977,14.61182153,0,13.69483982,13.4986756,13.69436581
1939,8,1939.625,15.0205741,16.06804354,16.83185735,13.6065937,17.38506445,14.54231346,13.14855499,15.33671352,16.49041847,16.05106356,15.80096701,14.11196517,15.36586194,0,15.24026712,14.24121271,15.1925678
1939,9,1939.708333,12.95687598,14.05254418,15.16578934,11.34926952,15.5047078,12.05225027,11.25831351,12.85630427,14.62480658,14.10617685,13.36665646,11.90081886,13.26339464,0,13.48856592,12.30740057,12.98070093
1939,10,1939.791667,7.477466243,7.790260952,8.679234819,6.0862849,9.173561715,6.913965186,6.299976118,7.234192356,8.572671208,8.645896437,7.449245088,6.637328046,7.533395684,0,9.141828398,7.791854334,7.747825261
1939,11,1939.875,7.228091172,7.724274271,8.404350868,5.063074538,9.198010993,6.2491364,5.298680118,7.280126405,8.714847505,9.140809028,8.049169711,6.363047431,6.965653789,0,8.415019784,7.419400672,8.124229437
1939,12,1939.958333,2.806244121,2.8941491,2.810164188,1.804296572,2.96737914,2.309258234,2.686253772,2.704900485,2.573891149,3.320497138,2.570680916,2.574540202,3.002987973,0,4.540864747,3.535345843,3.164698278
1940,1,1940.041667,-1.072496143,-1.987425059,-1.503957507,-2.05107034,-0.790959355,-2.045408221,-0.531536648,-1.947113219,-1.261779739,0.084227169,-2.0928245,-1.396006289,-2.098469641,0,1.412642187,1.317905781,-0.746914947
1940,2,1940.125,2.00175187,1.150064513,1.479295371,0.689646895,2.846686607,0.841209702,1.53739716,1.587387934,2.54998515,4.014484643,1.827490042,1.591649477,0.82415408,0,2.927032009,3.804710232,2.823219714
1940,3,1940.208333,4.841454351,5.505207217,5.858979191,3.268588843,6.531244128,4.272160177,3.160675518,4.856650408,5.887504854,6.205060301,5.602376547,3.868424563,5.033936691,0,5.168603926,5.243633031,5.284543457
1940,4,1940.291667,7.216895378,7.756485146,8.454512289,5.262870124,9.383647832,5.938411427,5.604759188,7.315185418,8.709142921,8.739423952,8.164826667,6.176573618,6.807328458,0,7.43337588,7.774168297,7.852719418
1940,5,1940.375,11.22419073,11.9663138,12.27507992,9.856236246,13.42834972,10.27655936,10.08310377,11.5186335,12.5685739,12.28562049,11.9230907,10.61026011,11.21826883,0,11.17154307,10.91411958,11.09568047
1940,6,1940.458333,14.88023875,15.90011764,16.09310468,13.59090449,17.20751574,14.61523467,12.88170185,15.20586677,16.37692812,16.01369908,15.71676176,14.15643985,15.40444517,0,14.84124833,14.43447168,14.92178336
1940,7,1940.541667,13.57482063,14.88821499,15.47216384,12.21346789,16.07084287,13.00227742,11.58143774,13.64332575,15.1781061,14.60017235,14.39295717,12.5331584,14.1704849,0,13.49743522,12.87038584,13.56230409
1940,8,1940.625,14.07504727,15.05456651,15.77826031,12.45528041,16.81460692,13.10994198,11.70230099,13.93091564,15.9524188,15.78669699,15.13182135,12.72264881,14.23046955,0,14.23018936,14.17122166,14.46469313
1940,9,1940.708333,11.36748689,12.39290117,13.34056243,9.36728905,14.08722129,10.37214742,9.097786562,11.16537429,13.29286925,13.19457265,12.18495157,10.03688469,11.53667304,0,11.9299856,11.24699657,11.80200466
1940,10,1940.791667,8.677712504,9.23536858,9.743637327,7.258753585,10.08807243,7.854618936,7.52890099,8.674882622,9.727553992,9.863655287,9.020877832,7.943632508,8.713191264,0,9.613185409,8.605728126,8.953262333
1940,11,1940.875,5.822839059,6.07643239,6.706716948,4.200374993,7.270168865,5.209920328,4.275326815,5.933523582,6.907607774,7.33404541,6.140924482,5.183638803,5.857211627,0,7.00664047,5.830074059,6.575320494
1940,12,1940.958333,3.305225712,3.278060319,3.296967821,2.3720829,3.775975927,2.992660764,2.483294118,3.427352826,3.347389166,4.148701405,3.305945623,3.096256874,3.407362556,0,4.772024355,3.940603634,3.944894189
1941,1,1941.041667,-0.17068633,-0.039699785,0.438945614,-1.939899195,1.104655281,-1.150010903,-0.940381607,-0.550891057,0.718386481,1.595392631,-0.335991724,-1.00382024,-0.418295524,0,1.404996682,0.785307498,0.006833228
1941,2,1941.125,2.250835156,2.630747232,3.156763924,0.32952482,4.010782067,0.746944181,0.71667638,1.899155222,3.586482336,4.072979439,2.968242878,1.51666066,1.774042596,0,3.375231518,2.949411492,2.973384788
1941,3,1941.208333,3.894121612,4.379095666,4.948453226,1.786455575,5.687691629,2.617341938,2.209876134,3.940909794,5.348227692,5.51299014,4.504486204,2.981181569,3.698005882,0,4.563030983,4.774944451,4.5318688
1941,4,1941.291667,5.452003316,6.11731783,6.697972178,4.012064241,7.11692161,4.58994058,4.046681757,5.363374122,6.644775362,6.476294331,6.107533797,4.704239368,5.410477735,0,5.861444497,5.583693121,5.7850745
1941,5,1941.375,8.183112593,8.466880106,9.032850326,7.154110274,9.601565939,7.343383205,6.988894846,8.518594734,8.929621665,8.787420712,8.63273559,8.105827579,8.1075651,0,8.994850285,8.545558985,8.359521321
1941,6,1941.458333,13.28843155,14.41622341,14.93225205,11.60439687,16.04748884,12.49933699,11.0363744,13.66009981,15.07706395,14.34618117,14.5646338,12.31907961,13.52030309,0,12.73935471,13.31647972,13.49406545
1941,7,1941.541667,15.43139025,17.33015756,18.24971596,13.63375954,18.90040639,15.10800908,12.84283624,15.72095167,17.62359055,16.32166511,16.69800265,13.83342882,16.59841128,0,14.61481623,14.15435046,15.26581479
1941,8,1941.625,13.38849786,14.32750955,14.93039252,11.89715483,15.45895109,12.87503926,11.47209901,13.50356352,14.80880803,14.66233064,14.11879645,12.35008185,13.96080863,0,13.47756789,13.12393277,13.54133995
1941,9,1941.708333,13.54038729,14.08567198,14.70160481,12.26300714,15.28935302,12.92570542,12.09896405,13.86392009,14.45104766,14.21884719,13.81090695,13.0246438,13.81606044,0,14.15188161,13.89780683,13.85341269
1941,10,1941.791667,9.337502916,9.911614863,10.24688755,7.538791442,10.79161456,8.549776222,7.595541662,9.619958347,10.29247064,10.61948484,9.814687876,8.691521878,9.55778881,0,10.55565111,9.963796701,10.01433376
1941,11,1941.875,5.625458139,5.678433621,6.09803488,4.138800796,6.869108014,4.768877576,4.584345622,5.552008139,6.474097866,7.13018693,5.998178717,4.926588437,5.36905826,0,7.132963603,5.917714348,6.370733189
1941,12,1941.958333,4.856532864,4.813692962,4.790079723,3.626451172,5.360353623,4.305549449,4.238548783,4.998325272,4.919884294,5.890860305,4.971827996,4.582898875,4.785922897,0,6.209482316,5.378946384,5.664575711
1942,1,1942.041667,0.977979008,0.026133159,0.048710385,-0.325642443,0.752973158,-0.229606512,1.051546431,0.552340634,0.446384859,2.38012257,0.427629348,0.98382489,0.143677466,0,3.285490067,3.658672385,1.939987038
1942,2,1942.125,0.135560507,-0.404211211,-0.282172972,-0.841664643,0.206673792,-1.119854544,0.543281952,-0.531637763,-0.192460503,0.71343406,-0.287929634,0.197610613,-0.642575939,0,1.919289874,2.581486749,0.358986662
1942,3,1942.208333,4.041267003,4.137006277,4.381604393,2.004213914,5.467212289,2.922458337,2.731050366,4.009283641,5.074520301,5.991980154,4.675081971,3.162484608,3.414721336,0,4.358190911,5.070257316,5.156581401
1942,4,1942.291667,7.823756138,8.267809982,8.784162907,6.058312112,9.784302172,6.650433963,6.458085497,7.992258462,9.125037391,9.165628434,8.707413077,7.104338155,7.504435533,0,8.008470496,7.934088964,8.509840348
1942,5,1942.375,9.624377791,10.52246986,11.18282257,7.951064892,12.07554577,8.815201699,7.775864087,9.839014894,11.08281128,10.55984412,10.6311941,8.771083197,9.754547782,0,9.716706004,9.634386389,9.998761413
1942,6,1942.458333,12.603565,13.99223658,14.26764787,10.95438347,15.68666695,12.18204153,9.663752218,12.83735834,14.55744756,14.02337285,14.0332287,11.22460288,13.25289933,0,12.25095795,12.65970549,12.95668441
1942,7,1942.541667,13.96228977,15.09608961,15.89649254,12.64535832,16.56824585,13.38393712,11.90870677,13.91246921,15.70602838,15.15958941,14.84520576,12.67750941,14.36319315,0,13.74897293,13.55809403,13.99458366
1942,8,1942.625,14.81199379,16.19001839,17.20263769,13.26469964,17.6047761,14.2899146,12.55587229,15.04621792,16.58337356,15.7348976,15.84376291,13.4609085,15.33078881,0,14.60394734,14.04972612,15.00880143
1942,9,1942.708333,12.20845435,13.4252895,14.34765527,10.34308534,14.87876634,11.35610103,9.942168915,12.21348992,14.14608709,13.70312158,13.11592989,10.90479064,12.54591889,0,12.38994085,11.55888289,12.62041662
1942,10,1942.791667,9.232812504,10.18494589,11.10152124,7.54218265,11.58879446,8.747379261,6.97381265,9.368638084,11.00799498,10.54602857,9.909260656,8.336798491,9.623641352,0,9.600801516,8.64214294,9.637048257
1942,11,1942.875,4.662107794,5.063119777,5.347308284,3.393289674,5.450312367,3.957500021,4.237434815,4.231165434,4.959197738,5.251994027,4.481390198,4.275521306,4.88824685,0,6.158667098,5.29583609,4.82929729
1942,12,1942.958333,5.703491627,5.866594413,5.913566404,4.157943304,6.581097479,4.643474065,4.57172402,5.747439004,6.326636158,7.293807502,6.357336858,5.182087637,5.319717908,0,7.006565227,6.145647068,6.679983759
1943,1,1943.041667,3.888619227,3.971605582,4.36716666,1.819182851,5.344294715,2.413523312,2.442146764,3.555742544,5.044783774,6.123707988,4.535107764,3.124901643,3.113038732,0,5.145294941,4.893443921,4.923252338
1943,2,1943.125,5.191905194,5.263591166,5.279885793,4.339297965,5.717745346,4.718717659,4.195028742,5.459881599,5.343263667,6.029294578,5.586083655,5.015710061,5.129964678,0,6.350131651,6.028292587,5.566123563
1943,3,1943.208333,5.891162349,6.14464963,6.397955503,4.865706183,7.08397104,5.328478028,4.907551656,5.830687285,6.558663286,6.834644269,6.124031622,5.494710576,5.818328689,0,6.638026875,6.468285164,6.102514886
1943,4,1943.291667,9.119055165,10.37488367,11.04392147,7.631678485,11.70793099,8.455754217,6.751654162,8.972704868,10.78427465,10.35209075,10.09863061,7.860285696,9.679042148,0,8.926369773,9.191078675,9.236594322
1943,5,1943.375,10.3166735,11.58333223,12.5237222,8.470961693,13.43610963,9.370475556,8.140684108,10.21433259,12.38834472,11.65211602,11.35641786,9.055010428,10.54235827,0,9.990034268,9.939351931,10.40836388
1943,6,1943.458333,12.89163212,13.96952385,14.69050764,11.56185346,15.36684953,12.40410012,10.81754215,13.05995739,14.42141841,13.781836,13.7818748,11.92773071,13.42480184,0,12.66024239,12.88919627,12.75510177
1943,7,1943.541667,14.55204269,15.77946378,16.56935768,12.62699032,17.46764583,13.50203875,12.08110605,14.67647545,16.48670473,16.08968865,15.89293204,13.33451247,14.80601792,0,14.30818495,14.32146692,14.90087481
1943,8,1943.625,14.03298692,15.7257348,16.80380129,11.71577739,17.37164152,13.17307752,11.04181932,14.23400401,16.39068453,15.52502706,15.442174,12.54584148,14.54231437,0,13.90351302,13.4839642,14.37406315
1943,9,1943.708333,11.79920906,13.0142419,13.88812818,10.0559059,14.29773974,10.85659778,9.863233582,11.84704814,13.38741876,12.82507317,12.5126436,10.73579394,12.12558319,0,12.22719656,11.65024952,11.91085803
1943,10,1943.791667,9.744292333,10.14094847,11.15563755,8.344221788,11.75447771,8.801499854,8.728220527,9.624298251,11.09670562,10.72835958,9.937791787,9.110123519,9.610074556,0,10.50265403,9.628328997,9.80998724
1943,11,1943.875,5.489667094,5.502760339,5.746878524,4.091500043,6.230993144,4.598697833,4.409374778,5.565554202,5.842365908,6.722983168,5.812339948,5.26488199,5.295107744,0,7.030675859,6.315301822,6.294603191
1943,12,1943.958333,3.368423037,3.137676468,3.442750172,2.32267222,3.938393249,2.936299606,3.043556669,3.08958886,3.527398366,3.961901492,3.019631508,3.453181143,3.246273978,0,5.326547793,4.760074084,3.386206625
1944,1,1944.041667,5.081879545,5.149076169,5.511282729,3.554728219,6.162154912,4.353179731,3.670235946,5.081994116,5.745469104,6.426474347,5.551045168,4.794452033,4.784331428,0,6.243960914,6.17840522,5.766291303
1944,2,1944.125,2.949514563,2.897312078,3.104373992,2.020920243,3.474998293,2.537882759,2.245538433,3.082735223,2.983682563,3.694687931,2.95116847,2.763430414,2.904844051,0,4.339412534,4.000262356,3.252388596
1944,3,1944.208333,4.462416831,4.749272409,4.794710472,3.543712261,5.298577342,3.996200914,3.441537894,4.397156865,4.726997714,5.31950944,4.891903309,4.296298526,4.535501533,0,5.309139757,5.080061539,4.681975784
1944,4,1944.291667,8.727062317,9.50262086,9.830178707,7.225406053,10.72378811,7.852248507,7.179907417,8.856819866,9.910427055,9.752599908,9.592174956,7.853191977,8.752150168,0,8.7238781,9.284942457,8.984001159
1944,5,1944.375,9.800781894,10.70340704,11.28291354,8.11163927,12.32360158,9.027357911,7.672226219,9.898861794,11.32812901,11.10286556,10.82412,8.859811672,10.02637178,0,9.947581672,10.21571278,10.01063252
1944,6,1944.458333,12.10928174,12.84231515,13.64642149,10.71159402,14.52092604,11.3283776,10.16993194,12.10098369,13.70628851,13.57509305,12.90088585,11.31435299,12.05749502,0,11.91990122,12.0351941,12.24493286
1944,7,1944.541667,14.85360578,15.98314669,16.71880387,13.25232338,17.38784942,13.96296935,13.08676611,14.98308901,16.41607935,15.72352901,15.87017157,14.00749382,15.12789929,0,14.33420965,14.52404622,14.92644766
1944,8,1944.625,15.4231018,16.63251,17.93465703,13.32946618,18.70329657,14.51019161,13.34453451,15.38708819,17.6663523,16.85476751,16.38206649,14.11587754,15.60514524,0,14.90114,14.79640013,15.45132057
1944,9,1944.708333,11.17754887,12.14154375,12.88094954,9.258269047,13.35005447,10.17547078,9.410758433,11.17982483,12.71230871,12.5581641,11.90504361,10.00830787,11.4212523,0,11.71760484,11.20101045,11.48636802
1944,10,1944.791667,8.21770461,8.955790551,9.50209257,6.618545884,9.801847312,7.353866364,6.887783503,8.111170729,9.356932315,9.448811538,8.670208875,7.425359256,8.260214543,0,9.079930929,8.294011372,8.458623908
1944,11,1944.875,4.996979747,5.742113532,6.138558706,2.695055245,6.720870876,4.016224857,2.794216575,5.042652362,6.251315865,6.880353129,5.890733998,3.955644275,5.168171431,0,6.347155689,5.557406374,6.071486517
1944,12,1944.958333,3.229302093,2.84664244,2.917274327,2.101099233,3.523138415,2.570264796,2.524201055,3.374317901,3.338303746,4.310877432,3.138398209,3.297588474,2.865586787,0,5.244353545,4.309577959,4.081124053
1945,1,1945.041667,-0.220641856,-0.031307263,0.150527659,-1.677599756,0.60268979,-0.766372425,-1.399414114,-0.383524908,0.137018056,0.999754002,-0.087331704,-0.595264037,-0.225124531,0,1.727249317,0.666212132,0.549792468
1945,2,1945.125,5.879856847,6.691881161,7.031272292,4.180831999,7.636838395,5.208369154,4.078959592,5.916663823,6.911446106,7.058015234,6.716271927,5.099109364,6.118162399,0,6.382433877,6.677006266,6.119416963
1945,3,1945.208333,7.167573452,7.75638675,8.042508376,6.231286123,8.484805689,6.639949899,6.446415554,7.034482211,7.654856488,7.378951132,7.454529999,6.734486915,7.391834142,0,7.277804289,8.115726666,6.845287126
1945,4,1945.291667,8.60775803,9.580407306,9.911649901,6.777477991,10.99733694,7.706100018,6.516144511,8.690921641,10.18350143,10.05726633,9.715064982,7.405069571,8.771721575,0,8.210409134,8.922482222,9.176434676
1945,5,1945.375,10.48374757,11.73573521,12.63543804,8.461798986,13.54706111,9.448759255,8.320995681,10.53769517,12.53464057,11.80466253,11.52905183,9.275033577,10.61404687,0,9.694930707,10.29763141,10.6721253
1945,6,1945.458333,12.94176892,14.29566937,15.07267996,11.33240454,15.55799182,12.39196329,11.02597972,13.17153014,14.51433129,13.75500982,13.87111411,11.84775945,13.52350303,0,12.64984173,12.51965395,12.82117422
1945,7,1945.541667,15.15197571,16.55630667,17.28315249,13.99280622,17.74075156,14.91749431,13.39388317,15.38739498,16.67588981,15.65179983,15.95130476,14.098956,15.95103606,0,14.18608288,14.51635966,14.58006045
1945,8,1945.625,14.5286548,15.30627799,15.98702186,13.03575384,16.67766901,13.59392995,12.87005914,14.76799687,15.96976044,15.68756973,15.36362682,13.83894901,14.53152558,0,14.54588037,14.43470011,14.6123142
1945,9,1945.708333,13.09762182,13.83348919,14.71889926,11.61542343,15.12525696,12.14891516,11.55202656,13.11311392,14.47024853,14.26392173,13.49668718,12.42520252,13.24029086,0,13.43333552,13.05035343,13.12312883
1945,10,1945.791667,10.58555986,11.23470279,11.89348124,8.843152997,12.3306956,9.868881163,9.097443355,10.79819558,11.76419879,11.92847109,11.12500876,9.680551336,10.7761636,0,11.12892963,10.44658282,11.00021439
1945,11,1945.875,6.659552642,6.912551142,7.359663305,5.50178472,7.649168588,6.215174283,5.744186481,6.637899713,7.059389397,7.52200879,6.539904385,6.403099912,6.77291043,0,8.396876742,7.370224971,6.677396177
1945,12,1945.958333,4.510927534,4.265144956,4.585688137,3.098899443,5.117446598,3.385462196,3.91485015,4.014500189,4.903275399,5.999964195,4.568838879,4.016514474,3.995202401,0,6.320865967,5.873130824,5.267494564
1946,1,1946.041667,2.532608426,2.631667409,3.110101962,1.016264946,3.264532977,1.363897841,2.265775326,1.994652093,2.689558967,3.65154882,2.372602355,2.296763543,2.208362938,0,4.31971402,3.581015392,2.733577768
1946,2,1946.125,4.802843925,5.432927779,5.77219612,2.915728231,6.373487751,3.983390541,2.734271878,4.817081318,5.963757847,6.528035727,5.764317242,4.173560685,4.828573718,0,5.578324927,5.301635936,5.449440786
1946,3,1946.208333,4.496017832,4.734931613,4.926315949,3.366736041,5.355606696,3.918870153,3.707166661,4.476019247,4.91810672,5.376131186,4.747344978,4.169843514,4.423102206,0,5.300081186,5.426301653,4.502665846
1946,4,1946.291667,8.486642886,9.492592092,9.777141322,7.280221017,10.52333584,8.081203648,6.524368636,8.734998597,9.630001801,9.516496191,9.429389967,7.527977889,8.956380164,0,8.64538028,8.286243943,8.750454234
1946,5,1946.375,9.466998042,9.660225988,10.38136891,8.05740915,11.20085609,8.371670847,8.397905954,9.717042549,10.53785921,10.57217943,9.771244988,9.499051681,9.099406502,0,9.904296751,9.428274434,9.687475025
1946,6,1946.458333,11.76074878,12.86257558,13.44032158,10.68213357,14.11545212,11.33843132,10.20432839,11.66853279,13.10242388,12.37726005,12.35706722,10.96986299,12.24064283,0,11.46399917,11.67767419,11.36314981
1946,7,1946.541667,14.50917858,16.27066221,16.7782979,13.17635631,17.38458355,14.16485655,12.1800184,14.49853093,16.33748709,15.4866761,15.77630157,13.15326507,15.33485551,0,13.79800095,13.71098463,14.11400197
1946,8,1946.625,13.14898794,14.35670259,15.19017322,11.57521009,15.82051171,12.51560563,11.336664,13.17713663,14.8927745,14.25260129,13.83866239,12.09373793,13.62579517,0,12.91256944,12.49761497,12.94214595
1946,9,1946.708333,12.59452187,13.57344911,14.309088,10.9652031,14.71268246,11.50131063,10.9197464,12.74462501,14.00725245,13.65550113,13.45343188,11.71979448,12.74086322,0,12.79128197,12.41264736,12.76938487
1946,10,1946.791667,8.735489493,9.534467157,10.22561379,6.656919449,10.61564075,7.786279545,6.923935595,8.689147559,10.08664594,10.4066331,9.215440238,7.755689084,8.84497574,0,9.96125507,9.1932982,9.112243387
1946,11,1946.875,6.866621244,7.519922472,7.717379814,5.021679822,8.454738721,6.301299477,4.95117362,7.258218789,7.908812635,8.413385316,7.706059134,6.034596416,7.029090084,0,7.858276944,6.944743554,7.720903476
1946,12,1946.958333,2.570160492,2.457991205,2.474692471,1.317687055,2.85999058,2.098695789,2.152839413,2.622850973,2.532357863,3.507836926,2.522644121,2.304264271,2.597315576,0,4.43983227,3.244932519,3.229148637
1947,1,1947.041667,1.751503335,1.271963529,1.367104413,0.973442155,1.921188087,1.276332897,1.593653672,1.675831212,1.617653344,2.721866315,1.507212763,1.708278439,1.372737482,0,3.330110099,2.933072582,1.98047208
1947,2,1947.125,-2.082473548,-2.468232542,-2.254864949,-2.928891266,-1.471775187,-2.240614138,-2.442225964,-2.054457889,-1.84006483,-1.342166495,-2.687652107,-2.027361552,-2.162955058,0,-0.478286815,-0.594426472,-2.349726423
1947,3,1947.208333,2.126654111,2.93861751,3.656286688,-0.687223623,4.707106678,0.432797111,0.121135752,1.923207693,4.159140642,4.627911821,3.13007528,0.785979102,1.601670646,0,2.701254776,2.464922543,3.037000653
1947,4,1947.291667,7.155956214,8.206400081,8.760255021,5.586995564,9.568832571,6.374391251,5.361369588,7.123269321,8.601554139,8.342097679,8.023440605,5.951591443,7.519744481,0,6.517631864,7.234849634,7.287378628
1947,5,1947.375,11.40911776,13.0802771,13.69951143,9.138619994,14.30888506,10.06555462,9.614981181,12.06238129,13.16634437,12.08924119,12.66946953,10.35770278,11.7305842,0,10.44341934,10.96040695,11.41700912
1947,6,1947.458333,13.64159531,15.49580863,16.21882314,11.78699432,16.82275037,12.93599111,11.21988897,13.84390432,15.67334161,14.48906149,14.91293634,12.29379287,14.43690333,0,12.46161681,13.03118572,13.49707917
1947,7,1947.541667,15.16527995,16.8512423,17.78427331,13.53109842,18.55065104,14.64952262,13.1244497,15.26528011,17.40883293,16.01533515,16.33304076,13.79111994,15.85557422,0,13.57758357,13.92143294,14.68650324
1947,8,1947.625,16.98336515,18.03883911,18.60695753,15.12962287,19.78438326,15.6367481,15.0425796,17.19062797,19.01216466,18.47674475,17.94841815,16.0779273,16.9682149,0,17.01968691,16.51735096,17.2158671
1947,9,1947.708333,13.25840722,14.8353202,15.72057969,11.14492586,16.28187706,12.47419667,10.63254526,13.3957258,15.37474847,14.70967061,14.27004483,11.73685606,13.9166507,0,13.25593504,12.69106727,13.54347397
1947,10,1947.791667,9.891220537,10.55043239,10.88031068,8.595916939,11.11305722,9.442099662,8.64485439,10.01972517,10.46557001,10.59483911,9.989504281,9.358822913,10.3478203,0,11.17350894,10.64356597,9.895693664
1947,11,1947.875,5.976822903,6.493984446,6.97640348,4.03567025,7.624681075,4.835846417,3.894851411,5.934907077,7.192431018,7.996277629,6.63270706,5.153434237,5.86137083,0,7.119086717,6.634968399,6.831242193
1947,12,1947.958333,4.32570595,4.668599453,5.001341667,2.765641272,5.42889751,3.621016977,3.156108972,4.278081536,4.960260519,5.56174701,4.804247725,3.813961576,4.230102025,0,5.56574686,4.850126681,4.861885076
1948,1,1948.041667,3.727084196,4.793931368,5.416171084,1.096371649,6.166947725,2.628113361,1.091555555,3.816069101,5.628312863,5.957145477,5.027529408,2.472914502,3.830019604,0,4.543717494,3.465890994,4.761535214
1948,2,1948.125,3.812305386,4.113191711,4.431568772,2.562802695,4.925195228,3.184797377,2.754122276,3.913368244,4.375858656,4.772439425,4.177476577,3.501267292,3.707219757,0,4.524914051,4.514972732,3.949463572
1948,3,1948.208333,7.260685413,7.771085056,7.986111992,5.69837227,8.792872928,6.29102306,6.140714477,7.439101076,8.072169109,8.396176602,7.910823844,6.581271259,6.893656166,0,7.18053914,7.862061003,7.808348911
1948,4,1948.291667,7.804094483,8.630681836,9.226181475,6.346179394,10.14652159,7.051711867,6.24195102,7.928975219,9.189805585,8.680575648,8.360515333,7.108587543,7.982064887,0,7.900505294,8.104754066,7.697337562
1948,5,1948.375,9.880739892,10.65264728,11.15969715,8.072984244,12.32281734,8.564125394,8.160516895,10.11103061,11.62160472,11.49644489,10.64485802,9.194788711,9.776577545,0,10.0365002,9.557341211,10.18100658
1948,6,1948.458333,12.21095122,13.02659122,13.93313952,10.70468931,14.80690136,11.18395818,10.57801086,12.2326767,14.00235304,13.46890562,13.06727035,11.44446276,12.15654333,0,11.94560209,11.80611676,12.10210335
1948,7,1948.541667,14.21554581,15.16664836,15.50254188,12.90378605,16.55704245,13.7203132,12.37919874,14.52371404,15.76499963,15.3339734,15.21716952,13.43054299,14.61193108,0,13.93727288,13.67938186,14.19730957
1948,8,1948.625,13.53069362,14.56554187,15.44197989,11.71002718,16.12918248,12.63987523,11.23337645,13.67947412,15.22912273,14.92328177,14.43245788,12.56697572,13.80613246,0,13.71616908,13.56152098,13.77910465
1948,9,1948.708333,12.41657562,13.58278495,14.30513933,10.64125926,14.8951926,11.59721391,10.1637545,12.5663323,14.0895006,13.752952,13.52364404,11.25889514,12.706417,0,12.3897992,12.3067753,12.66248814
1948,10,1948.791667,8.94414264,9.616740329,10.07187242,7.147198842,10.54648353,8.334363022,6.93946186,9.314761605,10.00672226,10.30620367,9.48096432,8.246395893,9.27144224,0,9.889538995,9.411820646,9.538885229
1948,11,1948.875,6.689191054,6.291540993,6.398471725,5.300515931,7.437624682,5.664827035,5.808865039,6.770371668,7.231250688,8.395549623,6.792423567,6.543807074,5.987016861,0,8.532072724,7.826331286,7.477987076
1948,12,1948.958333,4.89729651,5.168014997,5.689353966,3.385676293,6.290908267,3.51956913,4.313337883,4.596971675,5.742854617,6.089834295,4.947783348,4.478070866,4.484127349,0,6.424084939,5.279934428,5.166439234
1949,1,1949.041667,4.524971652,4.613879323,4.662231784,3.060581793,5.53751105,3.63580806,3.198213782,4.569604094,5.17865808,5.913160049,4.998554035,4.279773118,4.230831621,0,5.981574513,5.658850266,5.167760344
1949,2,1949.125,4.80118412,5.165349114,5.283941469,3.549788735,5.885170174,3.962093543,3.694715737,4.833844526,5.328138859,5.789293482,5.17809653,4.540462836,4.630812337,0,5.861780203,5.630518465,5.117251274
1949,3,1949.208333,4.340096353,4.253514473,4.410099946,2.970259067,5.294574706,3.398235862,3.328759917,4.320997368,4.886670208,5.628940873,4.620453398,4.139508964,3.807622204,0,5.459133749,5.726573434,4.936779598
1949,4,1949.291667,8.635996683,9.830069956,10.41044072,7.188227981,11.10799224,8.267261878,6.591642526,8.746775267,10.06893734,9.604160797,9.5131115,7.463999339,9.16525417,0,8.213424351,8.695885003,8.613510398
1949,5,1949.375,9.693913219,10.43031163,10.51802652,8.57321564,11.66681399,9.144915007,7.9649441,10.07408522,10.80611273,10.7283418,10.62477817,9.100898866,9.939739517,0,9.710221523,9.62055046,9.879734854
1949,6,1949.458333,13.35881834,14.26019521,14.42090593,11.43565796,15.89101082,12.50581051,10.92141184,14.00115509,14.80523663,14.87706441,14.71377223,12.71373898,13.51708416,0,13.39237764,13.75288501,13.86452291
1949,7,1949.541667,15.54323535,16.78018075,17.33502161,13.55486277,18.75811144,14.81024264,12.99971361,15.68112337,17.72379174,17.32069883,17.08209438,14.11465667,15.78764294,0,14.98994911,14.80154564,16.16876615
1949,8,1949.625,15.15685123,16.53354509,17.147195,13.31292541,18.20848196,14.37773972,12.67470443,15.45532419,17.21757139,16.6068854,16.36316612,13.9338178,15.63044914,0,14.86374384,14.58057346,15.2905088
1949,9,1949.708333,14.59281496,16.08852407,17.1780664,12.35778511,17.93046628,13.79874224,11.95595501,14.78950664,16.92531069,16.0588004,15.6991973,13.20534352,15.06437682,0,14.3605246,13.77859203,14.86432554
1949,10,1949.791667,10.60082856,11.1061207,11.95748999,8.828723974,12.77908365,9.622191659,8.834024885,10.53421468,12.20796458,12.23101951,11.13491363,9.742859254,10.59757775,0,11.14709506,10.48389584,11.17357403
1949,11,1949.875,5.854907006,5.876988286,6.136452392,4.433840153,6.738054209,5.013407596,5.01145672,6.029533996,6.413685555,7.022970664,6.078776743,5.644159878,5.580134713,0,7.477522197,6.288135794,6.425649793
1949,12,1949.958333,4.642955682,5.174844301,5.455634554,2.793763737,6.20611147,4.057549618,2.639391396,5.035300677,5.734843573,6.116081802,5.196480032,4.166348898,4.755744354,0,6.065155845,5.016183728,5.442492659
1950,1,1950.041667,3.83876258,3.738273683,3.896590414,2.677441554,4.478073281,3.103892283,3.697532922,3.66143858,3.976787913,4.488951437,3.645672073,3.665018883,3.568569791,0,5.214569062,5.237758118,3.937964205
1950,2,1950.125,3.950640252,4.860766885,5.624575521,1.492676291,6.419467015,2.760881876,1.56695216,3.983038644,5.860274492,6.098489235,4.879008301,2.735791435,3.927565865,0,4.794861303,3.930320207,4.846786981
1950,3,1950.208333,6.500980977,7.016616163,7.324945433,5.194676498,8.195189677,5.821967407,5.089475121,6.542487036,7.528098627,7.605730337,7.021496989,5.746747131,6.549233877,0,6.761830327,7.07188961,6.78089439
1950,4,1950.291667,6.331903876,6.996284902,7.664232584,4.635547485,8.507264566,5.390305133,4.534417741,6.30493237,7.903729011,7.90325257,7.094662569,5.280092861,6.291405104,0,6.66923707,6.516673126,6.749532316
1950,5,1950.375,9.925033801,10.18429114,10.75187998,8.247808811,11.94227537,8.685144079,8.253413905,10.36420427,11.30438016,11.38259317,10.56802273,9.523610592,9.513340129,0,10.56962512,10.39194001,10.50691685
1950,6,1950.458333,14.3317949,15.85202783,16.70241759,12.77738355,17.53301256,13.90646124,11.46945936,14.64402188,16.31448198,15.50776527,15.60863434,12.99287325,14.99371463,0,13.68171693,13.91942992,14.37147579
1950,7,1950.541667,14.54459643,15.8434451,16.54809302,12.94981396,17.18140304,14.1217802,12.76704409,14.6905116,16.20541175,15.37829507,15.35439021,13.42028954,15.07438501,0,14.1463423,14.03459116,14.40746043
1950,8,1950.625,14.22840763,15.64885623,16.45403379,12.60003974,17.01817633,13.55739876,12.72351682,14.23686272,16.02102337,14.97826225,14.86208085,13.02746909,14.76096339,0,13.8469295,13.48117396,13.87080838
1950,9,1950.708333,11.5962489,12.67781301,13.46648713,9.666638878,13.91485406,10.82549473,9.550860809,11.79739915,13.30427237,13.06503804,12.40251515,10.4522926,11.87878549,0,11.7316776,11.23392141,11.85109023
1950,10,1950.791667,8.702892459,9.371935883,9.986543123,7.20435161,10.3970875,8.15846037,7.115980036,8.835692514,9.780050593,9.924810088,9.126922826,7.834076654,8.933052444,0,9.434982545,8.757675591,9.010309377
1950,11,1950.875,4.634197055,5.277675927,5.811561872,2.740810167,6.529027881,3.97606365,2.988344243,4.692187233,6.102693998,6.339312771,5.010344589,3.67821805,4.675665112,0,5.674176171,4.337221673,5.220446497
1950,12,1950.958333,0.618952169,0.602207914,0.890480739,-0.7849464,1.466132258,-0.263983082,-0.175694697,0.450199538,1.012904275,1.911812942,0.669461319,0.192223391,0.411654119,0,2.527302252,1.359153061,1.368292386
1951,1,1951.041667,2.843472676,3.171031063,3.768976967,0.849048263,4.651530772,1.629160892,1.373713957,2.717472985,4.148907179,4.65434039,3.295512516,2.269354535,2.392285031,0,4.042318995,3.29375706,3.497005855
1951,2,1951.125,2.562895993,3.094587553,3.506725517,0.875280618,4.216902474,1.713729886,1.074455332,2.616838398,3.825977462,4.164347248,3.129472133,1.748765411,2.558677163,0,3.201961805,2.409847931,3.099436038
1951,3,1951.208333,3.169996372,3.654965828,4.429748313,1.38079001,5.132321674,2.014296998,1.81600325,2.880061696,4.593774321,4.772154614,3.58080016,2.348645551,2.779092054,0,3.687488398,3.752175099,3.415569015
1951,4,1951.291667,5.508933755,6.475185189,6.813350406,3.752682253,7.624380325,4.658712963,3.37566408,5.636453637,7.0149679,6.965793227,6.420440797,4.527577932,5.806955385,0,5.706132358,5.836990653,5.866166544
1951,5,1951.375,8.653994658,9.319836961,10.20157794,6.704934401,10.91038868,7.231386888,7.294892153,8.958839536,10.20506124,9.727454623,9.265691618,8.093538256,8.445276117,0,8.580359497,8.600152622,8.940657978
1951,6,1951.458333,12.22612481,13.09448944,13.7057964,10.34037437,14.82140594,11.18042302,9.9837155,12.65360324,13.85586348,13.63299429,13.21037747,11.50935314,12.31662915,0,12.13228616,12.31773825,12.73645258
1951,7,1951.541667,14.68133557,16.05487663,16.78572939,13.24240723,17.66572665,14.29649959,12.10042637,14.79346691,16.57604968,16.02749112,15.74829094,13.34554563,15.19125543,0,14.11769092,14.17942132,14.8073104
1951,8,1951.625,13.49156404,14.69492933,15.56604529,11.91136488,16.09275635,13.02260595,11.41839864,13.59866249,15.18618284,14.46589172,14.22679626,12.47051098,13.88452401,0,13.12274115,13.24370645,13.45975144
1951,9,1951.708333,12.77166856,13.91049399,14.6646544,10.87885205,15.1482779,11.92094406,10.73699385,13.06028305,14.41594678,13.98192436,13.53784986,11.72933756,13.08762507,0,12.91751835,12.50911642,13.08012449
1951,10,1951.791667,9.157867739,9.128395087,9.790576334,8.180887574,10.09222731,8.561232659,8.411701632,9.258641088,9.576610359,9.934933491,8.897721372,9.041985541,8.946363447,0,10.26413316,9.898486857,9.299991164
1951,11,1951.875,7.2065345,7.781083915,8.21871633,5.655382168,8.990026404,6.580900443,5.605840751,7.399186867,8.480431494,8.52535039,7.708240462,6.594542006,7.326934773,0,8.14475059,7.04531944,7.540240734
1951,12,1951.958333,4.630703989,4.709479579,5.27124876,3.033052265,6.083642571,3.505762249,3.267528091,4.556192517,5.74869034,6.324950478,4.958500409,4.209184728,4.142678933,0,5.897753586,5.051848644,5.355180027
1952,1,1952.041667,1.619759164,2.150905261,2.722398123,-0.80643009,3.453747589,0.310196207,-0.263658003,1.580742185,3.011679374,3.575239961,2.318918899,0.535191058,1.556849775,0,3.145935572,2.199251488,2.718803285
1952,2,1952.125,2.75054972,2.735471645,2.727820791,1.670007866,3.326893309,2.22207017,2.001042677,2.713772177,2.948584275,3.70795095,2.87314863,2.532770346,2.690313777,0,4.019026668,3.798885482,3.148817722
1952,3,1952.208333,5.530770684,5.994124011,6.185300995,3.888506411,7.0393359,4.483717924,4.161775553,5.626547402,6.520836012,6.852829363,6.355935338,4.918186478,5.27908889,0,5.859586074,6.192887558,6.055867665
1952,4,1952.291667,8.281948085,9.088336493,9.542538209,6.914245802,10.52230803,7.408718751,6.883554564,8.373652925,9.638460426,9.032671584,9.062534182,7.621030671,8.329904042,0,8.013712412,8.483757461,8.232221499
1952,5,1952.375,11.58519411,12.66917579,13.02658234,9.963016956,14.28851326,10.79287797,9.595418595,12.16068724,13.19720625,12.62633899,12.65303069,10.62189062,12.00063374,0,11.01430503,11.17220886,11.83091823
1952,6,1952.458333,12.50429922,14.05806127,14.91317333,10.73352805,15.84432421,12.16297521,9.506587055,12.69280282,14.73229825,13.94219255,13.66488874,11.02425676,13.22960149,0,12.11019415,12.21071304,12.52314585
1952,7,1952.541667,14.98670469,16.24343957,17.07647333,13.31426039,18.04313077,14.57669563,12.28064152,15.1811538,17.04194489,16.46475405,16.31607991,13.6441024,15.34348125,0,14.71079151,14.68352044,15.14383294
1952,8,1952.625,14.43362538,15.9535241,16.84019021,12.54371855,17.3613898,13.94491683,11.90290423,14.41543339,16.49780891,15.82300124,15.52335151,13.05994535,14.85332945,0,14.1484891,13.94470634,14.52642442
1952,9,1952.708333,9.868835793,10.71051629,11.35537875,8.324309965,11.89704186,9.064209627,8.002314346,9.875958629,11.27548252,11.163205,10.31648317,9.055793832,10.09559543,0,10.52008233,9.922668428,10.14116835
1952,10,1952.791667,8.013894844,8.489728859,9.062514991,6.357374012,9.595074598,7.266863711,6.401157982,7.955881943,9.195105229,9.603957089,8.458366554,7.138157237,8.023783442,0,8.891445791,8.458320988,8.458718198
1952,11,1952.875,3.429949593,3.618583014,3.8538822,1.903090899,4.375334484,2.782978263,2.108768147,3.387518678,3.946381596,4.856646248,3.68074472,2.798294343,3.399348416,0,5.005096264,4.558537942,4.073671891
1952,12,1952.958333,2.588148584,2.509634148,2.484478653,1.132099191,3.117745921,1.781548844,2.034315731,2.468605907,2.852116913,4.028283037,2.645153763,2.347295212,2.163999807,0,4.277795683,3.309727049,3.322883688
1953,1,1953.041667,3.221941323,2.926001528,2.673293983,2.825318599,3.244425507,3.162489434,3.531621955,3.241371713,2.696356796,3.302995194,2.844773546,3.421152424,3.143505872,0,4.842114132,4.249235136,3.193925182
1953,2,1953.125,3.81515075,3.861950017,3.839354159,3.24515623,4.276744552,3.653941886,3.382796676,3.941538935,3.638617357,4.037028125,3.739007145,3.731042179,3.845733478,0,4.651628846,5.280926617,3.612261614
1953,3,1953.208333,5.098786399,5.156993671,5.180434248,4.441794518,5.971116413,5.256455572,4.847323019,5.242342682,5.364278323,5.531753916,5.122301205,4.681050811,5.178879417,0,5.553716117,5.15329175,5.189421989
1953,4,1953.291667,6.070550295,6.705301786,7.541898383,4.301382662,8.533036718,4.935665401,4.157295944,6.050382763,7.891861329,7.693881879,6.72599774,5.186211309,5.953741017,0,6.530446441,6.157714547,6.447565469
1953,5,1953.375,11.20683126,12.13497932,12.40426222,9.714672553,13.41552449,10.64489342,8.942176713,11.76201816,12.56604282,12.22394796,12.1797758,10.54218839,11.64063477,0,10.95906859,11.56703919,11.43906332
1953,6,1953.458333,12.94035521,13.44484948,13.81089011,11.65741661,14.95086503,11.79854398,11.51495429,13.53254669,14.22826493,13.90202142,13.67849386,12.88484277,12.86442949,0,13.29732189,12.76422981,12.9716526
1953,7,1953.541667,14.08119557,15.20895545,15.81058597,12.66021163,16.38174745,13.56267056,12.0029157,14.34174411,15.51193849,15.19566804,15.00817643,12.97352303,14.67281145,0,13.93372842,13.71771519,14.23961163
1953,8,1953.625,14.57390692,15.81333429,16.42947581,12.94826495,17.23322705,14.03219315,12.34635558,14.81724332,16.44401028,15.85845753,15.54488258,13.28314212,15.15205994,0,14.26222868,13.93505485,14.75459106
1953,9,1953.708333,12.84280806,13.60588893,13.95264328,11.69778667,14.53020831,12.29435846,11.47769214,12.95656718,13.86804847,13.55964409,13.34105078,11.98717596,13.0821277,0,12.93689337,13.26345373,12.90420409
1953,10,1953.791667,9.179362843,9.209958604,10.37605504,8.107783708,10.96923981,8.24444452,8.583538011,8.90583027,10.33681032,10.08304368,8.897951445,8.768545379,8.660144876,0,10.16102226,9.334776117,9.157136533
1953,11,1953.875,7.444953444,7.737817225,7.915917226,6.046257373,8.629015687,6.869541957,6.183224671,7.907707169,8.180247195,8.532049159,7.871654183,7.134456854,7.445124927,0,8.594291508,7.463010742,8.057503108
1953,12,1953.958333,6.021697239,6.301024868,6.855797973,4.116193319,7.557743641,5.123290031,4.359672873,6.046425136,7.032979674,7.599803397,6.410923374,5.382157122,5.831172913,0,7.531657751,6.76739564,6.956171635
1954,1,1954.041667,2.56369458,2.250396537,2.575790344,1.732618417,3.068604395,1.749240361,2.243826242,2.413607149,2.472239323,3.358854858,2.400731557,2.425073437,2.103923986,0,4.164886447,3.963496491,2.862672044
1954,2,1954.125,1.809148429,1.61466743,1.935070594,0.345330118,3.162517159,0.429558049,0.875587397,1.385579112,2.665986775,3.429668131,2.275289074,1.262175379,1.121567134,0,3.345677627,3.188346324,2.431035133
1954,3,1954.208333,4.7095642,5.099518949,5.70769675,2.831629025,6.680171476,3.591040316,3.017972567,4.693974817,6.185110777,6.262971407,5.431807358,3.941922788,4.418444003,0,5.393656531,5.446258553,5.272374216
1954,4,1954.291667,6.664361057,7.036586271,7.103616497,5.676123437,7.768500614,5.941683781,5.67959706,6.866149671,7.153322359,7.467732633,7.1207616,6.289143411,6.689902193,0,7.268366471,7.249231753,6.819434177
1954,5,1954.375,10.08296371,10.84423149,11.33894772,8.725468699,12.13874242,9.133849584,8.73216631,10.47250858,11.26622095,10.84195319,10.55849897,9.650470256,10.23888994,0,10.11235332,10.03584611,10.09240472
1954,6,1954.458333,12.10546432,13.01314025,13.89894342,10.68967313,14.48108021,11.27728259,10.33570126,12.26022995,13.53250162,13.06149976,12.8751254,11.39429911,12.28536851,0,12.17869494,11.85912932,12.14763102
1954,7,1954.541667,12.84395544,13.87488564,14.63800481,11.64748812,15.29624179,12.38130893,11.0530937,12.81368163,14.42014099,13.78577728,13.68064195,11.72891338,13.17916175,0,12.90097891,12.52552787,12.72998838
1954,8,1954.625,13.20521062,14.23343332,15.1403805,11.78128359,15.67517375,12.41786267,11.40297937,13.29913273,14.852925,14.27494906,13.95388021,12.23184413,13.38679007,0,13.13832757,12.80571907,13.13303699
1954,9,1954.708333,11.26622972,12.44475029,13.1221809,9.185393102,13.87731946,10.28434414,8.967880048,11.41897449,13.14424249,12.91353079,12.33123987,9.910726783,11.58596658,0,11.45451636,10.83131416,11.87183138
1954,10,1954.791667,10.33874497,11.61630276,12.20288663,8.169484164,12.78191263,9.660100733,7.58187453,10.71136953,12.14064314,12.00304097,11.46962685,9.066178572,10.82452607,0,10.71761605,10.15895986,11.02415068
1954,11,1954.875,5.834590967,6.25709144,6.794939369,4.077150307,7.691222192,5.126000229,4.121701103,5.937564017,7.214312802,7.525224049,6.245761143,5.037148382,5.786828606,0,7.175788548,5.72972403,6.598991441
1954,12,1954.958333,5.551764025,5.896896295,6.121875725,3.819886397,6.972236134,4.629341101,3.888054461,5.787666617,6.518868366,6.9704612,6.196726321,5.058281563,5.490072586,0,6.60991618,6.372618127,6.240798123
1955,1,1955.041667,1.773256439,1.836494553,1.972347307,0.157594561,2.931141862,0.93960127,0.291457354,1.907558546,2.531515337,3.642660163,1.979941343,1.422746407,1.611705214,0,3.398786895,2.441093655,2.533404377
1955,2,1955.125,0.306602649,0.496952532,1.154648586,-1.551927815,2.117694661,-0.661709963,-1.496821351,0.257668971,1.646642474,1.908700077,0.659858001,-0.100676193,0.178201788,0,1.932761721,1.124176444,0.871810916
1955,3,1955.208333,2.568651394,2.56419512,2.948541916,1.536607717,3.786583857,1.66843104,2.126188001,2.494263652,3.13922367,3.233615018,2.675587809,2.222888212,2.369525227,0,3.583283186,3.360578123,2.656290119
1955,4,1955.291667,8.216566347,9.037058439,9.264126095,7.186680951,9.976167118,7.653895062,6.849744608,8.130646764,8.944417451,8.849255657,8.980428225,7.629481058,8.471591984,0,8.013621349,8.77839549,8.135903418
1955,5,1955.375,8.438512156,8.93305757,9.784028098,7.002227111,10.75846577,7.349931132,6.586366189,8.558756485,9.864308515,9.764708986,9.040451208,7.895436844,8.189074955,0,8.770665469,8.875636472,8.715208514
1955,6,1955.458333,12.31571014,13.0486223,13.91939488,10.77579549,15.0543022,11.04916598,10.58582351,12.19361961,14.15369894,13.70726196,13.22276475,11.42255142,12.0550532,0,11.91685555,11.99393652,12.68751356
1955,7,1955.541667,15.93997989,16.71324345,16.72940069,14.72389919,18.15163378,15.35818842,13.9649341,16.49091207,17.2823834,17.27461551,17.07338757,15.12313515,16.26112463,0,15.99846156,15.51503073,16.3596996
1955,8,1955.625,16.3510468,17.44194876,17.81673072,14.60462503,18.71785064,15.4385222,14.20153222,16.63366125,17.88991708,17.86279642,17.60897266,15.12049317,16.5303187,0,15.99356631,16.0499986,17.01833247
1955,9,1955.708333,13.06511935,14.01324838,14.47491653,11.61501165,14.92450413,12.36851542,11.41979601,13.16755406,14.11482516,14.15234739,13.71423235,12.20428566,13.32743965,0,13.44787205,13.20023517,13.20267436
1955,10,1955.791667,8.197475811,9.027496658,9.293638167,6.567686264,9.585738774,7.535749613,6.497140755,8.300597345,9.091674525,9.494792077,8.850310888,7.232492308,8.489353065,0,9.04512912,8.513176348,8.761863756
1955,11,1955.875,6.532488799,6.670048063,7.187395233,5.517805709,7.551125886,5.958469128,6.043233041,6.42963846,6.936722207,6.976419663,6.255017791,6.465102324,6.497990577,0,8.244881552,7.4621679,6.269425956
1955,12,1955.958333,4.493124501,4.860121954,5.415930556,2.352014502,6.201651102,3.439873827,2.258222795,4.479717183,5.814534185,6.771181645,5.179237323,3.565519309,4.239994142,0,6.070197924,5.258211167,5.61568889
1956,1,1956.041667,2.634847894,2.668901535,3.21942771,0.705382124,4.201529673,1.449928146,0.998273704,2.734563493,3.795198778,4.575259131,3.206002147,1.970817656,2.305735493,0,4.104760605,3.096260041,3.704888588
1956,2,1956.125,-0.173468288,-0.891229273,-1.139302103,-0.480693856,-0.558248235,-0.607326117,0.605652107,-0.157883533,-1.106141535,-0.36969363,-0.771168197,0.651170743,-0.587156399,0,2.041817689,1.751449146,-0.450175026
1956,3,1956.208333,5.261743684,5.481088209,5.71899038,3.522899639,6.672119717,4.148590894,4.327173536,5.472443737,6.021931987,6.343215047,5.665929476,4.938768494,4.825327947,0,5.886369003,6.393346545,5.727729126
1956,4,1956.291667,5.756600824,5.841444471,6.047463211,4.502382572,7.078044086,4.580112282,4.405770392,5.844667254,6.567628219,6.994809061,6.322854312,5.552041453,5.378435607,0,6.513631871,6.84402493,6.277130138
1956,5,1956.375,10.50769326,11.51236636,12.1236511,9.399552119,12.99768293,9.848102326,8.753748429,10.4325849,11.87471499,11.377667,11.15869949,9.6029095,10.8055005,0,10.28706425,10.59844285,10.37870329
1956,6,1956.458333,11.71587788,12.29083249,12.80985473,10.46818647,13.83108953,11.10936453,9.694695605,11.96042214,13.14945541,13.22806133,12.6411568,10.92878119,11.8612542,0,11.91027221,11.64835287,11.98509421
1956,7,1956.541667,14.22882464,15.36299163,16.07360227,12.58793216,16.77443034,13.65635788,11.91455798,14.49554707,15.93876799,15.46913324,15.42810817,13.22259781,14.49987593,0,14.19891723,13.90890441,14.43839623
1956,8,1956.625,12.12689789,13.11226117,13.98496413,10.25875392,14.85908494,11.0458551,10.11479101,12.01214994,14.08216624,13.66927807,13.08543838,10.73310047,12.22972208,0,12.24124069,11.99654312,12.48974669
1956,9,1956.708333,12.90795465,13.78993651,14.60480229,11.16345179,15.31409881,12.0677121,10.93546574,13.28257506,14.59890861,14.09571886,13.65239617,11.93586608,13.1429958,0,13.1683478,12.57221385,13.3125004
1956,10,1956.791667,8.658586248,8.925796586,9.443917592,7.409177428,10.04946382,8.246006741,7.36250219,8.78379882,9.496065579,9.805351987,8.789747487,8.095814474,8.722868844,0,9.551502497,9.128168388,8.929959323
1956,11,1956.875,5.626626643,5.514533612,5.639589763,4.58354631,6.182775738,4.958285415,5.302683761,5.559017233,5.621406823,6.381123358,5.502400459,5.396001473,5.502545321,0,7.064555636,6.770486119,5.930005316
1956,12,1956.958333,5.195141166,5.075716419,5.656469992,4.192256419,6.331423256,4.477900345,4.326494264,5.085773383,5.746320305,6.207896893,4.963210391,5.188764599,4.748770762,0,6.630102049,6.030242204,5.52806303
1957,1,1957.041667,4.459181602,4.800464332,5.184349114,3.082465121,5.865147589,3.987301767,3.310497804,4.660053286,5.216733178,5.482822477,4.884868817,3.818404153,4.634256317,0,5.455223091,4.57244082,4.854985277
1957,2,1957.125,3.849597334,4.517519545,5.246607874,1.624786378,6.206076701,2.631875157,1.790294294,3.762671148,5.630513523,5.839743105,4.646338488,2.748168648,3.658275423,0,4.574765114,4.135313386,4.60841093
1957,3,1957.208333,7.881654172,8.41045094,8.880663646,6.063048996,9.885329239,6.920199465,6.312227823,8.070443042,9.0955134,9.288141644,8.788424859,6.989125556,7.766514439,0,7.799384119,8.161869261,8.629929581
1957,4,1957.291667,7.636473745,7.930965485,8.378934905,6.502318275,9.412338443,6.636316111,6.281709306,7.607893768,8.825471738,8.954827091,8.305524636,7.082581408,7.381424341,0,8.130712478,7.614215961,8.114012456
1957,5,1957.375,9.235544014,9.708968753,10.18546857,7.720268891,11.09355629,8.207590219,7.60287597,9.536822995,10.36606923,10.57069314,9.854721419,8.641411362,9.226961917,0,9.964851405,9.547633492,9.708975526
1957,6,1957.458333,13.41212729,14.50280218,15.11399598,11.6846037,16.56741655,12.37291909,10.77339134,13.53661428,15.55381336,15.06609576,14.65456414,12.27214335,13.57519912,0,13.45606074,13.25264375,13.85712048
1957,7,1957.541667,14.714572,15.90923521,16.86942652,12.9855536,17.98672212,14.29517402,11.92707149,14.93149389,17.02320975,16.24996228,15.96301634,13.57934191,15.19748838,0,14.64877865,13.79344515,14.96136696
1957,8,1957.625,14.0216951,14.87078249,15.66653403,12.3953378,16.51679213,13.23091684,11.88682967,14.20714712,15.79143089,15.41256209,14.92103643,13.1793996,14.15625025,0,14.39526418,13.65659448,14.3769181
1957,9,1957.708333,11.19208414,12.02802029,12.8159908,9.241941401,13.70998057,10.15108953,8.98233577,11.21564988,13.05830362,13.01149209,12.0493535,9.935081729,11.3031747,0,11.90395231,11.23992277,11.69689993
1957,10,1957.791667,9.629532599,10.26470511,11.00861239,8.046888042,11.70765412,8.804713508,7.902750334,9.726336142,11.09635025,11.04904643,10.22133005,8.685367855,9.676956338,0,10.2939741,9.322219428,10.17931171
1957,11,1957.875,5.700479762,5.905384891,6.459892146,4.846778898,6.869270203,5.378725372,4.884823453,5.96084941,6.187398805,6.068295949,5.591670151,5.516595764,5.897571739,0,7.020535533,5.91092614,5.756286706
1957,12,1957.958333,3.822268795,3.717621698,4.006328108,2.573882608,4.582315526,3.106229952,3.056059762,3.83474008,4.13981832,4.766596593,3.741263007,3.828614511,3.547752094,0,5.707255111,4.88051449,4.283279505
1958,1,1958.041667,2.528337678,2.66050602,3.116615305,0.714478218,4.073412455,1.242033019,1.10770115,2.406788384,3.537162461,4.114242776,3.017073664,1.918716041,1.910552646,0,4.114003195,3.521647767,3.550811587
1958,2,1958.125,3.457886509,4.06477452,4.608509844,0.959291298,5.661589851,1.862503986,1.12244655,3.255757557,5.187110935,5.932866507,4.493546058,2.253729749,3.09836772,0,4.461186991,4.301239832,4.63380491
1958,3,1958.208333,2.599579935,3.035324002,3.510116711,0.625072512,4.367959957,1.252452685,0.925660884,2.735656111,3.88357871,4.170814835,3.252745767,2.106999618,2.244133804,0,3.517719375,3.318850911,3.250595654
1958,4,1958.291667,6.388827793,6.812219357,7.159671742,5.279529937,7.933092097,5.614092872,5.17697388,6.495920893,7.167826513,7.12498866,6.981928244,5.956720195,6.426576315,0,6.782414948,7.088260205,6.486868978
1958,5,1958.375,9.437689711,10.97391816,11.60928366,7.459967777,12.35995752,8.279707684,6.786686387,9.54109126,11.34017846,10.9193751,10.88144361,8.095141121,9.935252752,0,9.034251094,8.996695428,9.883610704
1958,6,1958.458333,12.28852341,13.19648982,13.73910302,10.66024763,14.77888697,11.13382797,10.70881302,12.52962696,13.86714615,13.38981866,13.29225291,11.4104891,12.27478975,0,12.16695572,12.12940955,12.45275555
1958,7,1958.541667,14.40244439,15.55333792,16.16722151,12.99418914,17.05598659,13.69980067,12.31435196,14.5465579,16.02855196,15.34777488,15.41113194,13.63877969,14.67356513,0,14.2501789,14.25061385,14.36096045
1958,8,1958.625,14.35947558,15.58087667,16.26175009,12.70778116,16.85673511,13.97563102,12.36890436,14.64171782,15.93204289,15.43541273,15.26751086,13.28851523,15.01034377,0,14.0164063,13.81709688,14.30748291
1958,9,1958.708333,13.80118156,14.60259851,15.26421314,12.32329827,16.02844065,12.78411508,12.34892086,14.03012286,15.21244484,14.71594457,14.35549414,13.14306248,13.88519244,0,14.11301252,13.61533812,13.91025274
1958,10,1958.791667,9.823587793,10.16702641,10.93549363,8.543788667,11.68430404,9.106957034,8.405768331,9.918721947,11.052912,11.0233665,10.21147964,9.185699675,9.757338362,0,10.79431679,9.938613922,9.997710292
1958,11,1958.875,5.883725433,5.76773738,6.395792299,4.308398575,6.913323699,4.820106905,5.203675753,5.586807343,6.452825077,6.824688536,5.938747188,5.662032903,5.347725715,0,7.572262891,7.281267137,6.394243997
1958,12,1958.958333,3.704015397,3.911266585,4.660203552,1.82368362,5.535384148,2.924765429,2.326678401,3.56420946,4.995005121,5.146300471,4.029206384,2.929933606,3.683699488,0,5.302536062,4.095365836,4.341038546
1959,1,1959.041667,0.873238671,0.7184518,1.276794922,-0.964075265,2.307756364,-0.198006458,-0.723174588,0.662438111,1.967186423,3.140949147,1.163474025,0.181159429,0.405152371,0,3.068067612,1.421162159,2.132701045
1959,2,1959.125,3.759115432,3.908960312,3.90847748,2.226832739,4.312946109,3.312509753,2.895081708,3.964421296,3.631482572,4.546892574,3.895161042,3.528174119,3.975438682,0,5.173155228,5.156673071,4.361108675
1959,3,1959.208333,6.213929534,6.658733744,7.113758928,4.706690386,7.969926777,5.345034843,4.921765583,6.282679896,7.252673718,7.28938875,6.782084069,5.66911366,6.077880759,0,6.677832477,6.754882908,6.530327607
1959,4,1959.291667,8.022488365,9.095146852,9.589067088,6.553691281,10.30165248,7.22200994,6.152847186,7.999122556,9.517345145,9.177637459,8.911887732,6.942693261,8.451155183,0,7.66876085,7.786955156,8.201858847
1959,5,1959.375,11.18266422,11.66076604,11.68124533,9.604995982,12.83411561,10.00426058,9.469969491,12.06351438,12.23026262,12.24073049,12.09931838,11.13642045,11.22358094,0,11.86096634,11.46519164,11.69205673
1959,6,1959.458333,13.49213414,14.82303262,15.26331995,11.91448355,16.12624709,12.71212041,11.35522649,13.75266692,15.13129763,14.61866292,14.55422708,12.32383806,13.96844775,0,13.4034054,13.30699884,13.57414146
1959,7,1959.541667,15.37595958,17.16631395,17.73143821,13.61621969,18.69538047,14.67855178,12.84874304,15.33614982,17.57186905,16.59825386,16.80214955,13.70842321,16.18680011,0,14.69051934,14.66319688,15.32079293
1959,8,1959.625,15.68918408,17.20835488,17.88272189,14.3075299,18.64305195,14.98324037,13.44228897,15.75594772,17.57004097,16.71574393,16.7166799,14.43943303,16.37237036,0,15.52743596,14.93810534,15.53984379
1959,9,1959.708333,13.4998838,14.48740482,15.32008916,11.56495523,16.36140005,12.30733125,11.38604356,13.53378664,15.54149696,15.17917916,14.37420805,12.21933705,13.75787572,0,13.99090864,13.17916482,13.80192358
1959,10,1959.791667,11.34568024,12.02027038,12.55937016,9.725151,12.97943351,10.52599737,9.778418907,11.78004855,12.30249263,12.53682569,11.96011511,10.75113539,11.40995293,0,12.34593977,11.29140363,11.76504048
1959,11,1959.875,6.20188687,6.014060845,6.467781578,5.183714629,7.38342255,5.848953247,5.15130001,6.426329466,6.915931295,7.48657837,6.32333054,6.015609382,5.888414491,0,7.606882758,6.04625335,6.876668277
1959,12,1959.958333,4.756773159,5.259076078,5.631314412,3.01992508,6.319884737,4.087541561,2.919970849,4.958679666,5.907497901,6.370786097,5.263416549,4.273811667,4.814686273,0,6.079409846,4.754774668,5.427963694
1960,1,1960.041667,3.080887432,3.38540423,3.666328119,1.56906491,4.345022838,2.356832567,1.61217884,3.04052509,3.764644101,4.51485464,3.546413375,2.4655177,2.997218628,0,4.41399547,3.823663697,3.779841938
1960,2,1960.125,2.635398763,3.36183699,3.983937609,0.551998138,4.835593707,1.760612166,0.438939979,2.807654228,4.164874132,4.295838151,3.432901123,1.75475527,2.879224125,0,3.61964929,2.807484024,3.2333085
1960,3,1960.208333,5.276435288,5.437639283,5.937379274,3.528874445,6.874668878,4.028440432,4.218511287,5.356099068,6.368730116,6.791906181,5.805771043,4.759632489,4.722691689,0,5.661751152,5.894450108,5.763372227
1960,4,1960.291667,7.963006417,8.473773376,8.708626704,7.116696666,9.435705632,7.44848801,6.738625622,8.081794642,8.717175323,8.702923884,8.41560247,7.677666513,8.153028273,0,8.233566074,8.35265926,7.754222969
1960,5,1960.375,11.4351195,12.19343976,12.51686177,9.932375759,13.46553008,10.25755256,9.916268368,11.73351744,12.52659268,12.42475198,12.28790549,10.77430117,11.55028639,0,11.23156772,11.77448003,11.7270848
1960,6,1960.458333,14.36245101,15.54978936,15.55561866,12.99170581,16.5058812,13.62987694,12.21072413,14.75965809,15.60809879,15.45987568,15.67559572,13.64498828,14.872169,0,14.33246319,14.21845071,14.55885013
1960,7,1960.541667,13.79041852,14.82454448,15.28848239,12.39373847,16.05508966,13.01950032,12.01693272,13.79785588,15.23122063,14.87563937,14.75609444,12.96357596,14.14382665,0,13.85354728,13.52830691,13.78306432
1960,8,1960.625,13.64657785,14.61468832,15.2470458,12.27433897,15.96990955,13.05218762,11.71166387,13.70557576,15.11829621,14.69859643,14.38621238,13.05847516,14.07345113,0,14.03702443,13.15977971,13.68812959
1960,9,1960.708333,11.86312597,12.68942427,13.45204604,10.36349013,14.11707196,11.28608934,9.996213658,11.96265778,13.30969933,13.05984703,12.39519928,10.92965132,12.29311347,0,12.73245179,11.73532097,11.96260784
1960,10,1960.791667,9.240588691,9.74318529,10.5694677,7.966223888,11.09509646,8.696897135,7.67792487,9.358672162,10.48706956,10.31304912,9.44163736,8.796238741,9.43845039,0,10.3780365,9.267398369,9.171842062
1960,11,1960.875,5.958635605,6.65268049,7.318189852,3.934695968,8.138644837,4.777277896,4.194863901,5.868332575,7.54599385,7.611218332,6.503857686,5.097536471,5.871469728,0,7.175504718,6.174274289,6.471155787
1960,12,1960.958333,2.931159141,3.523324813,4.098753024,1.134402642,4.66485661,2.420898796,1.502402023,2.932354363,4.06751996,4.080169474,3.387883537,2.160214105,3.177180166,0,4.410958881,2.837053837,3.43355927
1961,1,1961.041667,2.692467261,2.699682109,3.268421996,1.139258845,4.156819725,1.831258788,1.409439546,2.501473528,3.727699047,4.27316329,3.040597712,2.164893905,2.318565478,0,4.051399004,3.444101641,3.212972615
1961,2,1961.125,5.762673223,6.262397399,6.590683448,4.121757245,7.621886951,4.851965787,4.005862886,5.670853846,6.963404043,7.280661733,6.516331777,5.100096576,5.563573452,0,6.341416316,6.606908745,6.222948553
1961,3,1961.208333,7.249668528,7.89695307,7.922579014,6.44831786,8.545082314,6.831216372,6.183302219,7.343986401,7.735637787,7.589999067,7.740781091,6.652347958,7.587102671,0,7.50253121,8.19052551,7.07812799
1961,4,1961.291667,8.418904264,9.315816117,10.03051921,6.572427089,10.86421939,7.531454247,6.321657243,8.683244101,10.19212134,10.02388163,9.417023023,7.44298762,8.425900105,0,8.20007191,8.071780241,8.848313195
1961,5,1961.375,9.669790861,10.1493206,10.83242028,8.366710473,11.82755926,8.870616108,7.896985702,9.811341089,11.05289413,10.92829129,10.3327828,9.136007789,9.637431182,0,10.10868653,9.806612294,9.866171598
1961,6,1961.458333,12.7699357,14.24074078,15.01144461,11.1695067,15.87040744,12.22580757,10.35757671,12.70882624,14.69502463,13.98576946,13.78354509,11.38365672,13.5972352,0,12.44366689,12.44121487,12.56360119
1961,7,1961.541667,13.54318092,14.58529555,15.60214761,11.99093573,16.72809365,12.71742836,11.3207447,13.39935908,15.78469564,15.25490432,14.64220401,12.10515538,13.76936735,0,13.36524054,12.69296007,13.64980932
1961,8,1961.625,13.87711965,15.0176213,15.95549845,12.15797624,16.82796743,13.11428287,11.70959489,13.71469549,15.99875479,15.46380676,14.98914431,12.41146861,14.23126336,0,13.44810624,13.08777312,14.0639113
1961,9,1961.708333,13.48389154,14.74737454,15.52842678,11.62157895,16.26070824,12.89985949,11.12279813,13.86400566,15.47520996,14.84264086,14.49192909,12.22513936,13.97488401,0,13.52276729,12.48806808,13.9156632
1961,10,1961.791667,9.607436681,10.2833404,11.10188334,8.091147852,11.65115334,8.757427839,8.071975337,9.820958451,11.07069072,10.7804478,10.12063462,8.813023201,9.743808852,0,10.27332634,9.107622414,9.847968866
1961,11,1961.875,5.169074098,5.558165194,6.058954109,3.480474695,6.671222897,4.705128308,3.397561994,5.653784959,6.110575648,6.430128926,5.483754636,4.632256389,5.368123142,0,6.862605355,5.592750219,5.775978767
1961,12,1961.958333,1.575521338,1.599508807,2.674847575,-0.203616152,3.508011362,0.514430773,0.080531831,1.167349353,2.922239983,3.456332361,1.567765051,0.875890432,1.184804758,0,3.425942559,2.281724357,2.144215998
1962,1,1962.041667,3.511990475,3.563686242,3.996888082,2.011235006,4.873083283,2.719189223,2.594489534,3.5062363,4.253916998,4.885612195,3.801327056,3.088526386,3.409628848,0,4.658176156,3.69209187,4.030019563
1962,2,1962.125,3.711780427,3.908801784,3.91025893,2.723153487,4.552602635,3.197410268,2.774834448,3.817078975,3.964997334,4.457953889,4.021481274,3.53602813,3.698881734,0,4.639568705,4.640972811,3.977096001
1962,3,1962.208333,1.838498959,2.102648023,2.391743313,0.630363754,3.18334678,0.811311034,0.588321057,1.804149574,2.68988951,3.008862843,2.17374835,1.43665604,1.774130196,0,2.87542363,2.643978401,2.049673539
1962,4,1962.291667,6.459154821,7.020962595,7.61209482,5.076462483,8.438257449,5.557793392,4.780840888,6.54659169,7.653256513,7.60643436,7.133201265,5.974121465,6.491569798,0,6.767175644,6.84119617,6.614183179
1962,5,1962.375,8.932478845,9.492800155,10.01999091,7.888763499,10.82161909,8.428372006,7.339039083,9.250367198,9.865412328,9.766034876,9.612519079,8.460744705,9.146060822,0,9.192822046,9.15833959,8.919572146
1962,6,1962.458333,12.15918898,13.10450512,13.32378681,11.20149125,14.24079565,11.55473289,10.57892574,12.21170596,13.34214833,13.22017318,13.12391829,11.11911265,12.62084199,0,11.74202739,11.74473176,12.16244622
1962,7,1962.541667,13.21715054,14.11928455,14.64167428,11.38073383,15.82507391,12.20313043,11.12513426,13.48162952,15.05325195,14.73784098,14.3908418,12.15984157,13.367725,0,13.22708838,12.94825315,13.68439701
1962,8,1962.625,12.97142834,14.03393069,14.97187783,11.30803706,15.7896829,12.35628117,10.69644006,13.00731157,14.90590557,14.28944989,13.79511589,11.87922698,13.3668358,0,13.17023803,12.71755467,13.01333457
1962,9,1962.708333,11.34229991,12.27115231,12.78887111,9.811427734,13.49715428,10.72456883,9.44052975,11.55077512,12.76455306,12.54108078,12.25851315,10.37748796,11.67307943,0,11.80434768,11.00745638,11.61828635
1962,10,1962.791667,9.593578697,9.854332488,10.61435776,8.416894417,11.27632854,8.901054201,8.662404235,9.471495693,10.54702359,10.42686054,9.737142361,9.123888028,9.660052582,0,10.21490117,9.899621547,9.55484626
1962,11,1962.875,4.716697322,4.772370926,5.280211669,3.296123301,6.118321503,3.725732779,3.796514357,4.680352157,5.479828695,5.624960311,4.810999565,4.399404391,4.522652634,0,6.278818879,5.67956062,5.122556335
1962,12,1962.958333,2.01900682,0.937143103,1.311316596,1.339297807,2.003914368,1.038832522,2.495527107,1.664392143,1.648621216,2.914614831,1.245219277,2.413577635,0.940923965,0,4.338239221,3.997996515,2.347350707
1963,1,1963.041667,-1.854994792,-2.40549031,-2.49724701,-1.795349067,-2.014730655,-1.239409234,-1.337779093,-1.590184727,-2.790437796,-2.604249994,-3.124228847,-0.993017406,-1.379943501,0,0.644255723,-0.286166187,-2.648804236
1963,2,1963.125,-1.08603003,-1.529051481,-1.387059224,-2.238736213,-0.423550389,-2.156772912,-0.869522807,-1.224555858,-0.993982445,-0.104820039,-1.495645841,-1.215549324,-1.711910458,0,0.410470455,0.619379392,-1.177810619
1963,3,1963.208333,4.931487174,5.181282286,5.653823181,3.358005433,6.585907917,3.892928145,4.232514456,4.960471648,5.671836514,5.935912915,5.390375095,4.320813593,4.528714855,0,5.227362855,5.820055735,5.179702436
1963,4,1963.291667,7.185297244,7.90202912,8.384821749,5.741706093,9.257528708,6.310354921,5.69548648,7.408114412,8.405316555,8.243299682,8.169821805,6.416893981,7.063980253,0,7.021148395,7.300772822,7.376952458
1963,5,1963.375,9.089209748,9.965744064,10.4633084,7.543291687,11.27791315,8.284044129,7.347320618,9.307261011,10.39906841,10.26471651,9.977665692,8.209433832,9.425192735,0,9.018400383,8.923941561,9.313213678
1963,6,1963.458333,13.2900441,14.1773582,14.64418494,11.70749663,15.5193363,12.25763862,11.54642057,13.66852018,14.57948054,14.36445634,14.45025673,12.67103442,13.38082325,0,13.21187645,13.02967227,13.61613329
1963,7,1963.541667,13.53277058,14.58714634,15.14988487,11.93444059,16.01838575,12.90123305,11.6069693,13.79216536,15.13607306,14.6528366,14.58334797,12.44613949,13.91557325,0,13.08023842,13.18324779,13.72465635
1963,8,1963.625,12.92475888,13.56414469,14.51442941,11.45264412,15.38998047,12.12869394,10.99119778,13.0502915,14.59652783,14.22282477,13.71279283,11.98347756,13.08124959,0,13.2239865,12.83793047,13.12939624
1963,9,1963.708333,11.71888476,12.54361889,13.21011467,10.28123423,13.83347476,10.87972723,9.968396195,11.65391554,13.17153904,13.00700163,12.47985987,10.75142984,12.03898345,0,11.83044195,11.50954329,11.88642363
1963,10,1963.791667,9.684230399,10.19923843,10.61543756,8.136130075,11.31134344,8.900255408,8.059791265,9.870433769,10.74656303,11.05859434,10.35312903,8.950017731,9.774246096,0,10.25709285,10.0022225,10.12390355
1963,11,1963.875,6.542253621,7.284846459,7.914872415,4.394041602,8.884368679,5.718149243,4.188559236,6.690472625,8.407173188,8.573072437,7.333302809,5.336056594,6.774947673,0,7.385977145,6.369007465,7.370984219
1963,12,1963.958333,2.322357785,2.190196091,2.240866052,1.787871767,2.562496831,2.110072548,2.060482367,2.322677764,1.929201124,2.678266213,1.942457073,2.556589656,2.426285768,0,4.36092606,3.290389212,2.310177252
1964,1,1964.041667,3.168522632,2.174989739,2.006142444,2.826181432,2.997662284,2.899580653,3.587534182,3.149422079,2.676176794,3.613220314,2.694587676,3.632100665,2.601146595,0,5.026368806,4.788729733,3.330602465
1964,2,1964.125,3.655107066,3.841601642,4.088472697,2.561278807,4.705113429,2.736343535,2.983106377,3.664456151,4.168355562,4.494551367,3.926435836,3.298260725,3.553237686,0,4.424868163,4.232757202,3.803445748
1964,3,1964.208333,3.613729573,3.347446967,3.64889562,2.417890728,4.685530105,2.328895531,3.401191047,3.445029592,4.243229081,4.778730117,3.654470611,3.311863521,2.85382417,0,4.294439532,4.564058533,3.956165605
1964,4,1964.291667,7.549813448,8.320873072,8.59213492,6.567589254,9.006561597,7.154906527,6.120236962,7.792207097,8.265003857,8.003874627,8.137792978,6.975046649,8.088946481,0,7.713844026,7.885901781,7.550442032
1964,5,1964.375,11.51171923,12.81631781,13.39701984,9.712911758,14.27589108,10.55275768,9.327165616,12.01020685,13.11618123,12.34196742,12.61506214,10.60781595,12.09021548,0,11.19605679,11.25358883,11.74723451
1964,6,1964.458333,12.30939259,13.26480477,14.08694799,11.00338928,14.87264943,11.66023923,10.05630325,12.32840778,14.04692871,13.65967878,13.22553334,11.30849993,12.61357576,0,12.19291714,12.05569506,12.37255394
1964,7,1964.541667,14.30872872,15.61557536,16.54807414,12.83294424,17.6277455,13.59615487,11.71851614,14.24208288,16.55436779,15.77316823,15.42004975,12.83737402,14.78534099,0,13.91802999,13.82882735,14.31015149
1964,8,1964.625,13.80354995,15.20297104,16.16741631,12.03857394,16.9259511,13.19150238,10.81811593,13.8843691,16.04450732,15.29798433,14.91523743,12.52288226,14.43383586,0,13.72676725,13.43302144,13.96903399
1964,9,1964.708333,12.56985025,13.54957779,14.3936174,10.58388097,15.23075767,11.78321075,10.05208445,12.6647179,14.53988137,14.35275402,13.52538958,11.39373732,12.87665964,0,13.02945694,12.40153938,13.02735577
1964,10,1964.791667,7.944843881,8.142914902,8.589425726,6.686453951,9.16395679,7.386220451,6.952214208,8.174354932,8.624106018,8.957559619,8.036206452,7.516711014,7.916184867,0,9.224757891,8.463289051,8.111938501
1964,11,1964.875,6.415503596,6.74556915,7.253097252,4.566706586,8.077262875,5.571571133,5.006009347,6.453830125,7.498823556,7.890472954,7.005248174,5.745577802,6.350794882,0,7.706859292,6.709762191,7.071906658
1964,12,1964.958333,2.69920062,2.63315478,3.210424948,1.204851887,3.867305772,1.754796732,1.733546631,2.630991834,3.369414805,3.90304145,2.635167717,2.458171874,2.382620094,0,4.367752944,3.627470446,3.281301221
1965,1,1965.041667,2.410003065,2.746509088,3.199324835,0.793128764,3.892832116,1.639727217,1.015708331,2.387328555,3.330022282,3.775614025,2.940682332,1.7750379,2.508930014,0,3.56966713,2.570881593,3.056646482
1965,2,1965.125,2.638456918,2.868943536,2.911053994,1.924176274,3.279138815,2.375381583,2.409252719,2.746834563,2.616582229,2.912876408,2.619435751,2.289121198,2.976302009,0,3.573132869,3.297197492,2.346798223
1965,3,1965.208333,4.125297557,4.562592664,5.093485176,2.354880014,6.174740124,2.768718956,2.907132718,3.9988671,5.442579425,5.586657548,4.753800037,3.277606558,3.842547349,0,4.191784011,4.565291645,4.591243289
1965,4,1965.291667,6.889519938,7.664545947,7.960776363,5.507803749,8.813213477,6.163124495,5.281649706,6.902000162,8.026518876,7.977098256,7.641692026,6.135441124,7.125400235,0,7.039279132,7.184246571,7.080800792
1965,5,1965.375,10.0342076,11.06325288,11.68804958,8.30133907,12.46203046,9.133159814,8.053825939,10.31535943,11.44571225,10.99383203,11.03056578,9.219283657,10.3975376,0,9.801294078,10.21682679,10.2289899
1965,6,1965.458333,12.80733027,13.92803547,14.13592726,11.58824745,14.95486387,12.41144859,11.03743461,13.29012282,13.91122112,13.54848956,13.92957704,11.93846317,13.40089204,0,12.52060901,12.64663109,12.66904684
1965,7,1965.541667,12.4489548,13.32949068,14.1618724,10.4152004,15.12712439,11.43709588,10.34006429,12.65931008,14.29999133,14.04919049,13.46951585,11.30442692,12.74458798,0,12.75034264,12.2160193,12.87250567
1965,8,1965.625,13.39145489,14.32291075,15.17952249,11.58360483,16.07582852,12.51487179,11.37906639,13.52138499,15.20544858,14.85730307,14.45059994,12.12132905,13.62782607,0,13.46066002,12.95718924,13.78560513
1965,9,1965.708333,11.18589514,12.11150558,12.6696971,10.07764422,13.10676635,10.75166165,9.848825546,11.30239904,12.3035326,11.85460949,11.70943264,10.47974093,11.69977632,0,11.38777471,10.74265258,10.89899277
1965,10,1965.791667,9.820374482,10.31515631,10.9575814,8.027339734,11.61047429,9.158100017,8.276460045,10.06526758,10.9954206,11.17847238,10.15439762,8.899254763,10.09463339,0,10.68217599,10.089476,10.27088778
1965,11,1965.875,3.591016232,3.958962459,4.541821125,1.879597541,5.193527035,2.533377844,2.140248992,3.353738804,4.802441572,5.38592037,3.998353025,2.816333583,3.32363742,0,4.825736744,3.88146936,4.157145798
1965,12,1965.958333,3.267042492,3.597050518,3.987587587,0.829245786,5.167459065,1.949105593,1.101918934,3.354759571,4.756793436,5.511008104,4.146419653,2.562916945,2.928361982,0,4.793296641,3.88292308,4.596378369
1966,1,1966.041667,2.15108431,1.994303168,2.260080837,0.906062619,2.951194643,1.391854099,1.263579517,2.192818689,2.499765339,3.487824662,2.262070245,1.865859821,1.793036758,0,3.301598129,3.357415756,2.571010173
1966,2,1966.125,4.00318268,4.957110591,5.512293454,1.123918985,6.779464739,2.473131876,1.338875142,4.034406416,6.192426509,6.535170389,5.288796053,2.639974077,3.771076953,0,4.330322737,4.458163247,5.068057606
1966,3,1966.208333,5.615073583,5.9451928,6.07196653,4.587543005,6.901923921,5.085869286,4.164644421,5.706709034,6.268882162,6.610421519,6.015252271,5.27432971,5.718653961,0,6.255144044,6.557408739,5.833105195
1966,4,1966.291667,5.782236372,6.522315522,7.577706399,3.461451589,8.670697439,4.363175701,3.702348259,5.631136334,8.011664338,7.938427691,6.642997648,4.487201928,5.417072063,0,5.659622412,5.782197951,6.375429994
1966,5,1966.375,9.689171545,10.57514008,11.0956478,8.214038083,11.90882584,9.059556253,7.744031597,9.917990607,10.99880214,10.76420332,10.55178318,8.812516066,10.10416216,0,9.574164406,9.843159669,9.886772226
1966,6,1966.458333,13.7561107,14.84535457,15.57687047,12.15374122,16.51697242,12.97982875,11.99399345,14.05727831,15.4360053,14.67913436,14.7033218,12.65273292,14.13019608,0,13.31615124,13.55832982,13.65552067
1966,7,1966.541667,13.52469277,14.32171727,14.92939324,12.1716138,15.93250261,12.89145721,11.47468635,13.67260545,15.10081813,14.89710127,14.41300055,12.63245913,13.84568348,0,13.83926753,13.32493673,13.64938913
1966,8,1966.625,13.21814641,14.36319259,15.00777425,11.17856442,15.79408992,12.39864066,11.11272434,13.31640896,14.99629502,14.80167671,14.26114224,11.98488094,13.64696184,0,13.23613916,12.84454283,13.50503423
1966,9,1966.708333,12.7320445,13.40347714,14.22220721,11.49319129,14.9405772,12.08076523,10.94645912,12.76252468,14.08742019,14.04456258,13.16379108,11.81755134,12.88609982,0,12.97761792,12.75399558,12.82234006
1966,10,1966.791667,8.859279151,9.744828313,10.94409325,6.821139654,11.54081647,7.95460368,6.846795491,8.816083722,10.80830242,10.4219353,9.541692122,7.552260992,9.067519146,0,9.408425757,8.403933874,9.28945356
1966,11,1966.875,4.445553246,4.882944645,5.344225968,2.898609543,6.028046456,4.161834967,2.849105479,4.90501867,5.337541423,5.452228935,4.804610567,3.858474191,4.765774839,0,5.859633147,4.639547077,4.961699564
1966,12,1966.958333,4.142550103,4.35958051,4.607485681,1.927502918,5.748653781,2.87772127,2.291413608,4.271539333,5.359819358,6.294286242,5.074311084,3.395342467,3.79580703,0,5.441438555,4.672484847,5.474157867
1967,1,1967.041667,3.661757333,3.643679622,3.87515271,2.506585095,4.773943401,2.765605177,2.868438774,3.636190454,4.131040361,4.668925267,3.936332346,3.398442986,3.196496012,0,5.007413925,4.695422673,4.085626285
1967,2,1967.125,4.500424686,4.845497143,5.197099846,3.268629467,5.956784017,3.830961132,3.597514953,4.510447956,5.307359032,5.458340874,4.750323757,3.955526587,4.597710359,0,5.195960631,4.72829824,4.65533433
1967,3,1967.208333,5.80392283,6.944702043,7.303568513,4.318283379,7.881612917,5.181877294,3.857642864,5.909491516,7.169435807,6.903859034,6.680516338,4.769306721,6.250933246,0,6.158993636,5.680629841,5.990675898
1967,4,1967.291667,6.813487911,7.200921791,7.424753147,5.914864089,8.21207136,6.277013695,5.251009258,6.851979787,7.680095595,8.010847162,7.371397029,6.137385088,6.963433591,0,7.227259633,7.380637711,7.034824801
1967,5,1967.375,8.840689894,9.759288527,10.8043243,7.059335315,11.62772146,7.647446013,7.018719728,8.854878163,10.79260115,10.23110639,9.713941909,7.791072998,8.806286771,0,8.505901423,8.319740315,9.054195443
1967,6,1967.458333,12.66774867,13.55610272,13.84024764,11.40029435,14.91423003,11.90394681,10.80905251,12.97592909,14.02522674,13.92495126,13.82742977,11.77314692,12.97952019,0,12.43413285,12.32352599,12.8406342
1967,7,1967.541667,14.7607095,16.82150248,17.60689159,12.71599777,18.31462182,13.94046992,12.12088507,14.78675966,17.10960537,16.00817856,16.33553882,12.67531531,15.63024627,0,13.75863187,13.88363224,14.81605613
1967,8,1967.625,14.13473165,15.46749626,16.10609398,12.58220311,16.8560507,13.54702506,12.01763426,14.32502049,15.92295798,15.24775469,15.24464872,13.00166718,14.61220422,0,14.01185861,13.33803366,14.15590323
1967,9,1967.708333,12.3654129,13.27103374,14.00998329,10.8102947,14.60934155,11.46335583,10.8037035,12.36307808,13.89415339,13.52192253,13.12561362,11.39570747,12.49425727,0,12.65384093,12.0230651,12.44872878
1967,10,1967.791667,9.239953453,10.44687815,11.15531442,7.284130673,11.88645232,8.468536208,6.718683088,9.486016614,11.22937323,10.803317,10.25733608,8.071897254,9.619269716,0,9.763702961,8.655622294,9.709782453
1967,11,1967.875,4.818496097,4.72416878,5.316274244,3.768873432,6.02423315,3.974868185,4.343448849,4.369434543,5.451847726,5.806021531,4.828252037,4.685689169,4.257056248,0,5.926953105,5.404275418,4.966465359
1967,12,1967.958333,3.634094239,3.313056141,3.524930415,2.675210729,4.322844731,2.955492267,2.863373862,3.520480311,3.785587678,4.854286487,3.71962204,3.547087692,3.176893733,0,5.078531338,4.622369904,4.314361584
1968,1,1968.041667,3.468676227,3.590643639,3.610931255,1.862956914,4.261025759,2.740351864,1.997127032,3.647390361,3.740320941,4.955042554,3.987888924,3.229121715,3.356154945,0,4.974800156,4.73558862,4.273843814
1968,2,1968.125,1.089641222,1.453255817,1.994016305,-0.567013007,2.720332236,0.280217931,-0.095961775,1.084207117,2.114339793,2.264241063,1.265001341,0.471203892,1.098068185,0,2.417104795,1.639708773,1.43577833
1968,3,1968.208333,5.225344872,6.150313876,6.570899347,3.845663789,7.220462775,4.623028943,3.521594381,5.230237935,6.427813342,6.219119461,5.978612919,4.31520832,5.58314904,0,5.800704159,5.46364773,5.257966217
1968,4,1968.291667,6.87381939,7.900003099,8.28788779,5.357327961,8.785546638,6.184823237,5.598956446,7.243215518,7.912797541,7.372777704,7.519527248,6.224901312,7.304803444,0,6.5658655,6.931904453,6.718767544
1968,5,1968.375,8.340173814,9.374349102,9.978257951,6.351934859,10.82380793,7.131050742,6.309631216,8.675865877,10.04387246,9.734137471,9.337288758,7.553399804,8.50460189,0,8.3894739,8.12748135,8.640185104
1968,6,1968.458333,13.22395509,14.31702559,14.6914488,11.70604023,15.59742218,12.48779587,11.28437997,13.62843748,14.70438311,14.32645224,14.40546487,12.34045291,13.58600714,0,13.00049701,12.87315197,13.31758638
1968,7,1968.541667,13.46543267,14.32472899,15.01154168,11.86826432,16.18566722,12.41235043,11.37108076,13.6711391,15.27356018,14.86877115,14.61808656,12.56791595,13.53125789,0,13.31027717,12.97891051,13.90659161
1968,8,1968.625,14.06756996,14.93240054,15.50874496,12.38510654,16.31687925,13.13259847,11.97640316,14.3725367,15.63859806,15.47758523,15.09673066,13.05218916,14.32727025,0,14.39929472,13.88431444,14.56272721
1968,9,1968.708333,12.50640665,13.47756383,14.24957389,10.68994149,14.85309271,11.60267382,10.70049079,12.67025892,14.11196008,13.77057194,13.27837498,11.47811425,12.79926747,0,12.72334905,12.20612954,12.73237689
1968,10,1968.791667,11.11029306,12.09622715,12.63654612,9.064010888,13.37076785,10.49170909,8.692761873,11.4319149,12.74096734,12.54780762,12.07780347,10.15346696,11.37616555,0,11.55819191,11.34016215,11.6988823
1968,11,1968.875,5.536322484,5.949763467,6.563393384,3.935292835,6.981463525,5.03446405,3.846732651,5.500681648,6.425252432,7.028494103,5.803618812,4.796113582,5.613666032,0,6.737959171,6.123345601,6.098169569
1968,12,1968.958333,2.626605729,2.271059214,2.497954604,1.701822314,3.044182718,1.88571634,2.06507922,2.446993942,2.668142483,4.018413175,2.4581265,2.396975023,2.34842603,0,4.275802605,3.761394461,2.960254774
1969,1,1969.041667,4.343483105,4.933197006,5.280451948,2.759794943,6.16168571,3.460397272,2.765406044,4.281676497,5.605620611,6.063775315,5.102436836,3.536847867,4.133843862,0,5.091913553,4.124430813,4.886951149
1969,2,1969.125,0.159181009,0.074993055,0.659553932,-1.290623973,1.753173621,-0.868555862,-0.952573351,-0.160164174,1.253824446,1.736102391,0.237649362,-0.028320255,-0.320339748,0,1.407305183,0.831919504,0.52979516
1969,3,1969.208333,2.567920833,2.553244264,3.281201113,0.851349783,4.408877504,1.216380818,1.617929321,2.163802874,4.041812481,4.451746599,2.861256749,1.754775595,1.893763348,0,2.855841062,3.023929957,3.083132028
1969,4,1969.291667,6.298077007,6.824684528,7.551230392,4.571721917,8.487798749,5.178627412,4.703049433,6.217035502,7.729077778,7.854709658,7.055757779,5.532448311,6.153521802,0,6.363446874,6.471982673,6.638254158
1969,5,1969.375,9.652674114,10.83683837,11.76829913,7.62677601,12.47875241,8.417473011,7.680478495,9.840238991,11.45491938,10.75833006,10.6783503,8.769221508,9.782674309,0,9.329693526,9.421711232,9.818645349
1969,6,1969.458333,12.60626073,13.1896774,13.63219056,11.52090113,14.68946628,11.89709621,11.29304871,12.72755472,13.89697636,13.72774249,13.3706157,11.88901521,12.68277461,0,12.44289061,12.23414923,12.62394417
1969,7,1969.541667,15.09346418,16.64400976,17.3251793,13.79215572,18.38386839,14.64265808,12.66037674,15.03759976,17.23651236,16.16685647,16.45888132,13.51558181,15.74133181,0,14.47895802,14.48063105,14.84156201
1969,8,1969.625,14.93025356,15.77911448,16.3900188,13.87600154,17.25490632,14.46531005,13.3701877,15.22277257,16.48210048,15.73939592,15.75005004,14.14518341,15.27829525,0,14.73681396,14.28950505,14.65971445
1969,9,1969.708333,12.55799339,13.28718858,14.36980507,11.06075579,15.13366082,12.00016475,10.4277347,12.90309289,14.31277157,13.78231655,13.09162727,11.6620636,13.00778851,0,12.86336058,12.13159063,12.70995492
1969,10,1969.791667,11.71475332,12.24742332,13.06173045,10.38016654,13.63703361,11.09560595,9.974537444,12.01084427,12.79053466,12.67395417,12.29605062,11.13104497,11.78503883,0,12.15659943,11.82507752,12.1178313
1969,11,1969.875,3.97812198,4.68347001,5.558116445,1.717200441,6.327172801,2.866052281,1.637612157,4.006023716,5.802595261,5.99137714,4.870349849,2.903484637,3.88478112,0,5.103061412,3.888360012,4.947942861
1969,12,1969.958333,2.719739753,2.698384722,2.827815676,1.387085764,3.639638009,1.778118821,2.209098937,2.433554392,3.108083402,3.788744465,2.797734893,2.483368684,2.480882769,0,4.479678757,3.822403914,3.007518243
1970,1,1970.041667,2.889354178,2.948921718,3.291551221,1.189328553,4.352772642,1.668775537,1.727749369,2.676494372,3.942242681,4.717383174,3.353115956,2.321409696,2.345592573,0,4.092251056,3.462717648,3.635776526
1970,2,1970.125,1.813289626,2.37497514,2.78923666,0.028415065,3.777710918,0.884650022,-0.347137184,1.789983733,3.221538929,3.719024672,2.592180323,0.879795177,1.697112675,0,2.903062701,2.271223512,2.621370923
1970,3,1970.208333,2.960855272,2.950612472,3.204024842,1.990132379,4.10249862,2.373401154,1.60911475,2.958273589,3.632499116,4.147151148,3.22685749,2.749364324,2.917646254,0,4.014186003,3.958828609,3.242666285
1970,4,1970.291667,5.470885218,6.308926795,6.605804233,3.985181564,7.307388041,4.614730655,3.749793174,5.422211651,6.607304377,6.724622767,6.291427405,4.723463914,5.670033364,0,5.747821074,5.942763502,5.593797994
1970,5,1970.375,11.20102197,12.48031589,12.8089593,9.474587764,13.79791017,10.05430581,9.144611439,11.8303157,12.70446269,12.0120938,12.58967818,10.28169806,11.54882395,0,11.12049767,11.19926705,11.4060018
1970,6,1970.458333,14.60297436,15.62935231,16.12074824,12.54009031,17.37874649,13.29547591,12.91434669,15.19217641,16.2174918,15.61724473,15.70576663,13.94140184,14.71217371,0,14.80739584,14.4554834,14.83526575
1970,7,1970.541667,13.45150902,15.09220152,15.71351999,11.66433458,16.44401115,13.2128666,10.65720252,13.63973092,15.44408795,14.89160268,14.76633886,11.86404095,14.29316819,0,13.13361194,12.8104211,13.5793841
1970,8,1970.625,14.6004342,15.55011578,16.13791321,13.23852626,16.99638813,14.16393012,12.79120492,14.95349075,16.07093438,15.4884164,15.37809773,13.77376239,15.18117247,0,14.48308909,14.17163204,14.55035289
1970,9,1970.708333,12.88648173,14.03455148,14.80456176,11.10511922,15.49233285,12.31514516,10.5522644,13.14345081,14.66388342,14.30504476,13.97030019,11.56160116,13.4158915,0,12.70656221,12.23388165,13.31231958
1970,10,1970.791667,9.454596225,10.25055739,11.08312729,7.593450891,11.59148784,8.64041322,7.612530496,9.661203994,10.86019701,10.63120885,10.05432994,8.700631374,9.696331748,0,10.15152273,9.591547039,9.735538074
1970,11,1970.875,6.278364772,6.94481309,7.524372601,4.023261168,8.56020525,4.96535575,3.919672226,6.375005769,8.046216822,8.48699894,7.369084176,5.340857008,6.027050307,0,7.166293603,6.230445433,7.385582932
1970,12,1970.958333,3.636995047,3.649026565,3.836462284,2.628166627,4.267203412,3.21438984,3.012136784,3.817241521,3.724774136,4.18783669,3.669130585,3.571651616,3.701492097,0,5.065771349,4.466836008,3.907879994
1971,1,1971.041667,3.875638826,3.728636854,4.146414048,2.68962891,5.041356131,3.11380911,3.249210811,3.727456054,4.437717184,5.069234093,3.930996784,3.509387168,3.468810048,0,5.226255361,4.59556464,4.25646069
1971,2,1971.125,4.021702804,4.066757241,4.363538226,3.094764026,5.049142944,3.517720451,3.380894515,4.084464851,4.343938387,4.602440966,4.079816511,4.026720503,3.895207634,0,5.14961621,4.869610676,3.965949473
1971,3,1971.208333,4.387669183,4.67666932,4.727731818,3.39665481,5.405426454,3.669731621,3.708056731,4.295760192,4.794467561,5.009057261,4.810834948,4.128295979,4.39269867,0,5.11692171,5.112960881,4.470906569
1971,4,1971.291667,6.701912052,7.017595704,7.452331707,5.527466322,8.119722599,5.925524034,5.567877019,7.024866952,7.544080879,7.539975439,7.203754652,6.342371917,6.544386962,0,7.264938531,7.019866955,6.984342817
1971,5,1971.375,10.24639275,10.78122499,11.505429,8.855099398,12.53378031,9.471501898,9.048986199,10.44898598,11.59633159,11.27482762,10.93736677,9.437620533,10.30338786,0,9.882598051,9.839836642,10.38630101
1971,6,1971.458333,11.12494583,11.80160535,12.60897256,9.569793341,13.6575793,9.992066875,9.206541831,11.19137746,12.85956066,12.48436036,11.8817318,10.45039957,11.12087737,0,11.19029706,11.11073036,11.36157331
1971,7,1971.541667,15.11014798,16.49613341,16.83800595,13.27489889,17.9915275,14.51299511,12.32088361,15.44910513,17.11408152,16.88156687,16.64391256,13.71685423,15.71245823,0,14.63154273,14.3823214,15.59238117
1971,8,1971.625,14.1690946,15.26887463,16.34043275,12.47294565,16.95473236,13.28119177,11.87093949,14.21271775,16.1392791,15.66833907,15.20211993,13.00562518,14.41394197,0,14.12756601,13.57631172,14.32007642
1971,9,1971.708333,13.06594442,13.72549632,14.05389914,11.68098862,14.65093134,12.33102752,11.35265916,13.17780584,14.03286636,14.54264017,13.80222464,12.18230906,13.22970361,0,13.49455162,13.04582912,13.69925472
1971,10,1971.791667,10.27427828,10.82960419,11.35651795,8.548493832,12.13722376,9.560072691,8.401784807,10.50560416,11.50738881,11.69183471,10.77640097,9.522587608,10.37982827,0,11.63124473,10.80952142,10.79614578
1971,11,1971.875,5.323725459,5.424495659,5.850978939,3.939558759,6.464579039,4.553527255,4.180444287,5.415886659,5.803082928,6.168530339,5.565445353,4.986738267,5.238908714,0,6.933187286,6.393583331,6.006958321
1971,12,1971.958333,5.967943187,5.766816307,5.920943931,5.448941668,6.739260632,5.773948173,5.452233172,6.156906295,6.140766665,6.483190084,6.014201028,6.11963812,5.808570571,0,7.116143608,6.386630004,6.062220223
1972,1,1972.041667,3.119103605,3.193474269,3.317664124,2.152315805,4.120736365,2.591038586,2.261996314,3.218405937,3.646019158,4.254631504,3.360767722,2.884775251,2.948759174,0,4.356933918,3.149400871,3.529893455
1972,2,1972.125,3.435619549,3.642628773,4.187459557,1.95924653,5.076894203,2.537631453,2.184329598,3.442391405,4.539172551,4.822652322,3.756304172,2.984559772,3.124041323,0,4.350390756,3.911414319,3.751724039
1972,3,1972.208333,5.343647606,5.876471437,6.461488383,3.691519383,7.488803649,4.29167935,3.949640199,5.380006237,6.870547266,6.923935999,6.064734794,4.524248285,5.071594652,0,5.57343856,5.041969667,5.735360055
1972,4,1972.291667,7.268683152,7.90261438,8.27791392,6.316972826,9.066061562,6.800261723,5.636482472,7.368904059,8.381729712,8.254728399,7.875726659,6.690003212,7.476361215,0,7.683335816,7.431455302,7.216985175
1972,5,1972.375,9.385868968,10.2798613,10.96145094,8.194897458,11.51433397,8.816939437,8.3009847,9.612548792,10.54388144,9.893568846,9.830922826,8.88634452,9.749341097,0,9.389808688,8.92102002,8.902164799
1972,6,1972.458333,10.51053706,11.69354352,12.32978096,9.494237419,12.88835298,10.19479963,8.941700828,10.60296095,11.81314935,11.05180884,11.15811145,9.596548558,11.17039679,0,10.54333346,10.08029226,10.01226779
1972,7,1972.541667,14.084077,14.74181758,15.64246462,12.70487693,16.8581056,13.36733935,12.17293528,14.39423993,15.79355908,15.21856566,15.0117016,13.26252956,14.22301452,0,13.91059358,13.76062481,14.25919868
1972,8,1972.625,13.48740667,14.71844589,15.47822751,11.97418788,16.34581765,12.95034125,11.23177756,13.54185496,15.39382889,14.959944,14.55568589,12.1743076,13.97729354,0,13.38834205,12.64743562,13.54642469
1972,9,1972.708333,10.64218924,11.23941134,11.98736386,9.348878477,12.66252105,9.772594389,9.06593702,10.66311016,11.96495346,11.8795257,11.0463627,9.88548091,10.70938738,0,11.55949547,10.79999364,10.69538957
1972,10,1972.791667,9.55156432,9.981561473,10.65836693,8.302162581,11.34831988,8.787257646,8.338638683,9.596215273,10.611726,10.53558533,9.8594283,8.957994822,9.440006661,0,10.55216033,9.860919813,9.630398739
1972,11,1972.875,5.193136461,5.957851792,6.107465514,3.384015726,6.667078769,4.266906834,3.700423558,5.313751613,6.120791987,6.501578447,6.064761965,4.278772244,5.330983765,0,6.300797958,5.282406508,5.946782302
1972,12,1972.958333,4.805931214,4.673729751,5.300227245,3.085086009,6.225013571,3.81051805,3.686073426,4.909793547,5.780449627,6.339041874,5.087505792,4.55033511,4.189925031,0,6.192018378,5.324073379,5.615945033
1973,1,1973.041667,3.874860422,3.886885425,4.082405898,2.626073944,4.769129778,3.161854636,3.249981487,3.779936803,4.187487695,4.699146449,4.11085425,3.460764729,3.754974485,0,5.251758932,5.020644597,4.226818781
1973,2,1973.125,3.389912654,3.869089964,3.869420562,1.970551461,4.469520943,3.036411694,1.810644132,3.764413129,3.914738786,4.568392908,4.051527199,2.812879168,3.741112282,0,4.56361366,3.846474738,3.957370689
1973,3,1973.208333,5.370551868,5.822753478,6.142666753,4.46822846,6.722613916,5.193822598,4.428109582,5.571657541,5.786078695,5.973768524,5.62340123,4.817542596,5.838197322,0,6.008570837,5.55925179,5.302525767
1973,4,1973.291667,5.91832031,6.604331093,7.078094862,4.546943683,7.957274484,4.972452101,4.045649327,5.897208596,7.201275964,7.245540729,6.610863977,5.313173449,5.991045352,0,6.511910105,6.404980859,6.073658656
1973,5,1973.375,9.829398788,10.84482523,11.52097189,8.045313411,12.37484624,9.006751519,7.771208924,10.35787464,11.41984802,10.99855224,10.93117765,8.765345321,10.11649484,0,9.7074919,9.506261235,10.21363135
1973,6,1973.458333,13.30989188,14.6133133,15.23514922,12.1010358,16.14206193,13.15581838,10.85947252,13.72806609,14.97759403,14.27986195,14.41646454,11.99009392,14.10985373,0,12.98523635,12.86096339,13.27425141
1973,7,1973.541667,14.28761202,15.3410396,15.90310569,13.14208055,16.76790345,13.85621847,12.34885305,14.46275828,15.79300157,15.15638872,15.17758439,13.36152062,14.7872032,0,13.90223215,14.02642179,14.16899183
1973,8,1973.625,14.8541297,16.0123624,17.02396779,12.74499629,18.14382956,13.58014951,12.55882877,14.82863304,17.26174356,16.60406783,16.07543332,13.35659151,14.86758804,0,14.40981727,14.28411155,15.34686894
1973,9,1973.708333,12.7342459,13.91972594,14.75584264,10.79322824,15.54646455,11.66378169,10.29090718,12.87783989,14.74614327,14.37280149,13.86791643,11.46205945,12.93689899,0,12.80006549,12.49678623,13.04685193
1973,10,1973.791667,8.158900838,8.5401291,9.166856598,6.680463584,9.894074429,7.377154582,6.471132137,8.32410029,9.183571465,9.487600834,8.599484667,7.597252419,8.211564605,0,9.523847396,8.528478631,8.648505507
1973,11,1973.875,5.056009344,5.12475374,5.337388449,3.260881922,6.372290713,3.830849963,3.563327686,5.06796271,5.99666464,7.130200053,5.76219625,4.250134202,4.630419698,0,6.440768104,5.631066592,6.251368717
1973,12,1973.958333,3.946471986,4.23171054,4.504725234,2.259623463,5.455850633,2.89407001,2.444418949,3.962664781,4.930474385,5.446647815,4.67295995,3.306752852,3.584797212,0,5.295427088,4.7332641,4.766466149
1974,1,1974.041667,5.052966772,5.090834286,5.562937531,3.776423111,6.596153143,4.187350686,4.046597202,5.09086996,6.04648978,6.388832641,5.322321616,4.619083243,4.664827476,0,6.119103014,5.406931072,5.394154061
1974,2,1974.125,4.506700897,4.951224184,5.312477315,3.227012042,6.06509106,3.862768365,3.165288057,4.636414296,5.372877646,5.619909337,4.967339222,4.026432217,4.575815766,0,5.302868732,4.718460148,4.755343259
1974,3,1974.208333,4.645203673,5.000768577,5.59338849,3.07779427,6.395926099,3.647172594,3.713549159,4.857012007,5.72682948,5.704285028,5.039520972,4.009366161,4.497041955,0,5.306690842,4.937355347,4.795708779
1974,4,1974.291667,7.108683095,6.958135396,7.845979022,5.643776989,8.910467215,5.179507306,6.49145063,7.329783348,8.287125784,8.106552818,7.447452767,6.890803904,6.329876988,0,7.896111428,7.604987951,7.533348348
1974,5,1974.375,9.712821723,10.43126359,10.91044239,8.544858199,11.77972013,9.133164475,8.461854966,10.07408011,10.81977747,10.34469891,10.36268682,9.180531103,10.0132222,0,9.633537894,9.5110132,9.499125594
1974,6,1974.458333,12.27234404,13.15260315,13.84136968,10.85322683,14.87421124,11.21037903,10.45042376,12.36584819,13.96762931,13.54019667,13.1924507,11.46406606,12.37312836,0,12.39865217,11.76792708,12.42421133
1974,7,1974.541667,13.4919961,14.74212127,15.48494776,11.89303786,16.38569577,12.90557402,11.28426778,13.56519906,15.34008313,14.77550749,14.63952925,12.17890341,14.05396459,0,13.37793689,12.972041,13.47764556
1974,8,1974.625,13.72068586,14.90791506,15.78654317,12.16133498,16.43039549,13.06041862,11.88837833,13.84695419,15.43578851,14.67442653,14.45568287,12.62979795,14.25308376,0,13.85323475,13.31222968,13.45507138
1974,9,1974.708333,10.69765804,11.65738162,12.48701919,9.060699718,13.16577549,10.0604628,8.996002657,10.83961277,12.3725218,11.78520093,11.40125689,9.679412312,11.07115444,0,11.14974239,10.12930159,10.70415388
1974,10,1974.791667,6.85971885,7.23511904,7.46999479,5.749864616,7.955461237,6.116067665,5.847498805,6.792606816,7.339487917,7.903490322,7.305356243,6.326524034,6.859176783,0,7.991317874,7.311084585,7.14528216
1974,11,1974.875,5.539175238,5.838213679,6.52874477,3.961510976,7.737801255,4.758738158,4.10865163,5.548024796,7.137785661,7.301054251,6.102936676,4.685148581,5.201964214,0,6.420272801,5.062926125,6.010168566
1974,12,1974.958333,6.513272218,7.266826713,7.621474353,4.769366101,8.345761787,5.802327896,4.480706469,6.824038453,7.687567832,7.885530802,7.517566042,5.798739571,6.660857068,0,7.075539467,6.642296507,7.150865695
1975,1,1975.041667,5.304941444,5.940841709,6.428570791,3.437701382,7.390719012,4.774940219,2.985380766,5.715762246,6.737080233,6.868712653,6.255803474,4.551076864,5.488491632,0,6.066456866,5.356046691,6.066446009
1975,2,1975.125,3.821831018,3.710958253,4.333870866,2.263576644,5.406211426,3.002375804,2.793622508,3.776464239,4.73757957,5.317598674,3.855626274,3.453453748,3.331599206,0,4.892970112,4.697707684,4.229128867
1975,3,1975.208333,3.855885358,4.221891215,4.656044521,2.470657129,5.419539981,3.0317971,2.504000248,3.897250737,4.846447466,5.065762309,4.281079452,3.32301714,3.83917124,0,4.749119808,4.408776929,4.124651707
1975,4,1975.291667,7.081838418,7.929049434,8.110799881,5.808390584,8.942734983,6.523880029,5.170636951,7.27082964,8.071806154,8.111170896,7.998386725,6.541050505,7.400997469,0,7.368218282,7.50262295,7.225041613
1975,5,1975.375,8.585408215,9.115997823,9.740908956,7.105810444,10.62283845,7.025310671,6.785474507,8.547053444,9.9258301,10.26725771,9.390215128,7.87252289,8.299216271,0,8.935875143,8.925272277,9.094690455
1975,6,1975.458333,13.00825245,13.75655475,14.07717835,11.59074564,15.33942632,12.20212188,10.77030606,13.29437201,14.55238082,14.7283576,14.16254758,12.12106096,13.1409343,0,12.91623349,12.84107301,13.4999504
1975,7,1975.541667,15.47284399,16.89347375,17.41924531,13.77618195,18.35774369,14.96096627,12.74907127,15.68329856,17.26989105,16.97899018,16.99392887,14.13721431,16.0351117,0,15.11984064,15.01268462,15.78476239
1975,8,1975.625,16.67607167,18.36149799,18.87052886,15.26947287,19.6404521,16.37968242,14.1361333,17.15660622,18.48728312,17.7192068,18.0744865,15.45227403,17.59701365,0,15.7212645,15.57850527,16.4119663
1975,9,1975.708333,11.74692088,12.97759816,14.09318433,9.79941123,14.65870829,10.85628386,9.486750268,11.79114361,13.74990047,13.13544373,12.67707994,10.3957694,12.22738049,0,11.95180966,11.26155429,11.85848011
1975,10,1975.791667,9.177691482,9.46674838,9.91850956,8.023436528,10.37286183,8.219649385,8.312495073,9.042916842,9.895066709,10.18304092,9.458082039,8.759042606,8.79815403,0,10.28056677,9.848457865,9.303373974
1975,11,1975.875,5.38487518,5.367851303,5.714222006,3.960305933,6.486188936,4.527836769,4.471021515,5.239516775,5.991092561,6.908664809,5.630206141,4.889667374,5.032234572,0,6.783722182,6.073228516,5.940234135
1975,12,1975.958333,4.64198117,4.541997468,4.176961614,4.15655871,4.593811943,4.360212417,4.5633053,4.920900778,4.025922228,4.839258812,4.723974357,4.783744185,4.631022042,0,6.199072306,5.352038837,5.028462249
1976,1,1976.041667,4.578395329,5.036934088,5.177630957,3.008174592,5.922321263,4.037116073,2.812002084,4.908566419,5.287114847,5.753192975,5.366903194,4.326537578,4.641643025,0,5.621263282,5.249117368,5.122575339
1976,2,1976.125,3.769650437,3.973260047,4.054111628,2.95063338,4.778486887,3.408461679,2.87193472,3.940293879,4.17605243,4.438615282,3.946518329,3.686747339,3.719279763,0,4.632163252,4.555940498,3.671014265
1976,3,1976.208333,3.97593438,4.26594788,4.582497736,2.648977302,5.437026233,2.996172184,3.243654142,3.763767512,4.743146749,4.992605657,4.192647096,3.439323219,3.755923322,0,4.802397914,4.929728982,4.01832155
1976,4,1976.291667,7.043356729,7.45715927,7.919778126,6.066286646,8.747814722,6.130211167,5.930072294,7.069131376,7.850086317,7.704026374,7.537483859,6.779296263,6.910807948,0,7.513377762,7.59321151,7.060639083
1976,5,1976.375,10.33062543,11.41095147,12.31902945,8.68375044,13.52868984,9.435193685,8.456447418,10.42459924,12.38140631,11.40556176,11.4311731,9.21786103,10.53469661,0,9.769935369,9.635814786,10.34939531
1976,6,1976.458333,14.86768379,16.60089677,17.47754115,13.08390723,18.69622335,14.16483904,11.95916354,14.8269876,17.39119361,16.51302614,16.40517761,13.04116715,15.44990873,0,13.37856336,14.25898905,14.74478483
1976,7,1976.541667,16.45645027,17.86410545,18.54995834,14.76010129,19.87203306,15.3899965,14.21366184,16.65606974,18.79947284,17.83127568,17.93102133,15.25377701,16.67531677,0,15.94761768,15.36199476,16.4212693
1976,8,1976.625,15.71342089,16.63915891,17.27374726,13.83173001,18.36353904,14.61438613,13.54924327,16.11821732,17.53491292,17.49531333,16.92364984,14.47553156,15.83490826,0,15.98677503,15.14199661,16.26794861
1976,9,1976.708333,12.01917241,12.9173482,13.87866064,10.43144491,14.60679069,11.05004941,10.13254443,12.05395389,13.69267415,13.16960799,12.60836481,11.35232367,12.13737219,0,12.47111227,11.90341084,11.96549462
1976,10,1976.791667,9.31507463,10.09699694,11.06521845,7.729233624,11.68867012,8.896534869,7.756530567,9.535077886,11.02453582,10.36950771,9.747392094,8.518022438,9.679288175,0,9.913763231,8.47649439,9.19874189
1976,11,1976.875,5.214938175,5.302310435,6.08244876,3.606437012,6.736726795,4.245049367,4.143698388,5.283110577,6.182735193,6.554050671,5.485528366,4.830802011,4.827338105,0,6.773792025,5.269675566,5.828282539
1976,12,1976.958333,1.250448406,1.367249243,1.906041517,-0.284714106,2.645087497,0.611478747,0.055398373,1.189060206,2.121536091,2.640918681,1.29672838,0.66392775,1.182065651,0,3.204937351,1.69441552,1.865326727
1977,1,1977.041667,1.878754828,1.922693657,2.588080289,0.264175441,3.553405228,0.782052175,0.963053041,1.628060052,3.001915552,3.351798468,2.076005544,1.251868008,1.542388355,0,3.234660891,2.303005928,2.323043807
1977,2,1977.125,3.58307441,4.084090146,5.077406751,1.127247965,6.229702944,2.385327665,1.252136611,3.450376828,5.68601405,6.014202191,4.53394275,2.448205059,3.31307315,0,4.13879801,3.424090297,4.64712137
1977,3,1977.208333,5.819868438,6.292405537,6.832469267,4.217895644,7.643809872,5.00755594,4.418692175,5.865871708,7.056969662,7.15883284,6.421025396,4.962275599,5.723986846,0,6.105809888,6.11688089,6.24411741
1977,4,1977.291667,5.994119607,6.655566713,7.18276193,4.772718288,7.863795956,5.491252829,4.049453496,6.094139702,7.107288588,7.112055511,6.68581822,5.401746026,6.238840853,0,6.612920304,6.378359895,6.154682032
1977,5,1977.375,9.239496735,9.683329046,10.38779337,7.695476215,11.41692539,8.031523174,7.835303327,9.42909999,10.61105323,10.44262699,9.973956615,8.627025255,9.166903311,0,9.680323997,9.153189958,9.622231954
1977,6,1977.458333,11.20706964,11.72178615,12.32094361,10.20586663,13.11590428,10.63022466,9.379204835,11.57625462,12.29086299,12.01495056,11.76776604,10.99981134,11.28594919,0,11.73155924,11.41723235,11.39785099
1977,7,1977.541667,14.57546406,15.17846754,15.83207054,13.24851412,16.92815499,13.5662597,12.58996658,14.73714627,16.0252162,15.78852337,15.46014476,14.14651854,14.49956075,0,14.71835368,14.81640772,14.85061486
1977,8,1977.625,13.89829206,14.85580554,15.43555559,12.25829757,16.15039939,13.14674815,12.01701273,14.17672882,15.32801141,15.09527872,14.73289883,13.06649593,14.24954848,0,14.38506553,13.61161749,14.13605736
1977,9,1977.708333,11.66936852,12.95403771,13.66064521,9.997401214,13.98900819,11.09179777,9.344479432,11.89463951,13.17086814,12.89709629,12.62560631,10.6062547,12.16968957,0,12.23949445,11.33124773,11.87328957
1977,10,1977.791667,10.63535081,10.98185199,11.86662285,9.173361868,12.45011195,9.878552309,9.200932605,10.89854483,11.78724565,11.79131595,10.95219767,10.12974013,10.44502194,0,11.25650088,10.74126821,11.00037916
1977,11,1977.875,5.06833937,5.850993947,6.62974918,3.21453088,7.368848587,4.47317105,3.23319616,5.222754002,6.637161952,6.537091949,5.679005016,4.04314081,5.315485949,0,6.056438359,4.440398024,5.584449694
1977,12,1977.958333,5.108662083,5.412768178,6.040095046,3.601474279,6.582942619,4.373247113,3.692800144,5.049114589,6.092723311,6.515736625,5.507809725,4.52199954,4.944398048,0,6.02504234,5.519082433,5.561951999
1978,1,1978.041667,2.279011763,2.427563245,2.755027631,0.449171242,3.598808596,1.194940528,0.879639295,2.300561509,3.192234487,3.975088394,2.868225156,1.631217962,1.938080399,0,3.768590745,3.017511088,3.215967501
1978,2,1978.125,1.391562613,1.655582481,2.33951105,-1.136413368,3.326434923,0.057263805,-0.260876491,1.573992611,2.61433023,3.032856556,2.059664327,0.806160977,1.090165871,0,2.75897682,2.746153336,2.12382305
1978,3,1978.208333,5.455229472,6.358288437,6.614869428,4.065103124,7.298356789,4.930641703,3.740711162,5.566513251,6.534290203,6.547051848,6.327308995,4.621908148,5.748407927,0,5.578615461,5.442981932,5.720020608
1978,4,1978.291667,5.46419532,5.69403092,6.220699273,4.138581957,7.08408037,4.629902257,4.328202136,5.8052401,6.454546184,6.350681229,5.88741319,5.130218197,5.324897225,0,6.006779805,5.982186791,5.620248674
1978,5,1978.375,10.38110181,10.43521485,10.66908751,9.345698441,12.09363485,9.506079757,9.181710112,11.03612366,11.3178784,11.34708874,11.14774276,10.30833839,10.17593983,0,10.74229068,10.52771337,10.61937373
1978,6,1978.458333,12.31484958,13.16458359,13.86496638,11.1866928,14.81947607,11.59794546,10.59191429,12.42971072,13.83405359,13.32614726,13.08846844,11.58536482,12.56359962,0,12.06901272,11.85905385,12.19489886
1978,7,1978.541667,13.28656277,14.20656658,14.88147943,11.85751624,16.02299312,12.57826834,11.11227883,13.38770363,15.1365629,14.47927762,14.50682815,12.34569057,13.52429192,0,13.01031407,13.11188173,13.36315406
1978,8,1978.625,13.68848128,14.54530571,15.17021714,12.53021238,16.01690394,13.06011729,11.84599636,13.81817874,15.17760627,14.80310803,14.54586136,12.82991191,13.91216265,0,13.65949456,13.53229106,13.56319873
1978,9,1978.708333,12.61049955,13.70796957,14.34358401,11.0214312,15.01906549,11.9563393,10.41016071,12.84031755,14.13878534,13.72415898,13.49936657,11.68731986,13.027415,0,12.86299378,12.68985222,12.67311929
1978,10,1978.791667,10.7087788,11.35827719,11.71842858,9.408632427,12.24276578,10.20570379,8.64468743,11.09005685,11.5971408,11.89270902,11.26527079,10.2673196,10.96948923,0,11.52396415,11.14225034,11.14294657
1978,11,1978.875,7.253735163,7.705470127,8.117990349,5.813499226,9.011577058,6.779104158,5.201456891,7.622501011,8.37187645,8.612135087,7.782985651,6.738861833,7.496917495,0,8.313655909,7.464125394,7.865949035
1978,12,1978.958333,3.309174602,3.140656932,4.152279597,1.791368583,5.089499067,1.919636356,2.425568965,2.690686038,4.685382971,5.161150251,3.302538044,2.573250754,2.487393592,0,4.447162383,3.784645796,3.892175535
1979,1,1979.041667,-0.539702007,-0.976052319,-0.624530877,-1.695776277,0.498968697,-1.291609474,-1.234354326,-0.648091775,-0.04758145,0.71133755,-0.844284344,-0.663420098,-1.036488612,0,1.815331608,0.410714519,0.176578769
1979,2,1979.125,0.615760334,0.452257309,0.917755005,-0.691180958,1.817099199,-0.000185888,-0.268391777,0.631165236,1.302458559,1.799253893,0.587343627,0.309697452,0.301390296,0,1.924087254,1.909820253,0.723211478
1979,3,1979.208333,3.364778094,4.15818336,4.747618832,1.635964049,5.448066756,2.52954148,1.40322956,3.53988119,4.814260554,4.844441477,4.172228286,2.455853213,3.535580784,0,3.897647974,3.469587275,3.660681408
1979,4,1979.291667,6.396725844,7.296861331,7.812141954,4.843345125,8.613144491,5.391453585,4.745209891,6.483497884,7.8759512,7.658764126,7.343946232,5.465502339,6.604658733,0,6.295627288,6.07338354,6.575001189
1979,5,1979.375,8.343619578,9.79777933,10.84107019,6.926442417,11.40399487,7.609390131,6.222528405,8.354896711,10.21028605,9.17736906,9.355566706,7.091295154,8.842369142,0,7.584052513,7.693609195,8.113078423
1979,6,1979.458333,12.65536078,13.61782228,14.13505134,11.72237746,14.90755373,12.18768089,10.97777023,13.13936827,13.82980218,13.27449378,13.52177479,11.94037602,13.19360857,0,12.21657463,12.22404041,12.39146328
1979,7,1979.541667,14.3677796,15.6734948,16.35849786,12.8704941,17.48299171,13.88986366,11.73232365,14.28244966,16.50170261,15.93409692,15.79141171,12.680082,14.94741083,0,13.66471566,13.98017082,14.50572136
1979,8,1979.625,13.32914207,14.72568692,15.54482755,11.67010496,16.06409647,12.69570762,11.08854153,13.54617698,15.04401258,14.42947239,14.42050753,12.09545493,13.87263538,0,13.05741687,12.81604684,13.31913421
1979,9,1979.708333,11.91780798,13.08838338,13.99495989,10.29691632,14.4036921,11.15675162,9.882595571,12.06944309,13.41406869,13.02590753,12.68722877,10.70115215,12.46635567,0,11.95014851,11.6416409,12.03783336
1979,10,1979.791667,10.10744528,10.54568514,11.42208772,8.567458183,12.17191501,9.32928391,8.547418546,10.34859678,11.46600208,11.36043569,10.56694758,9.389822538,10.13667199,0,10.79557703,10.15152274,10.33387203
1979,11,1979.875,5.586536607,5.910633108,6.136080551,3.876046132,7.026393919,4.991556382,3.689849004,5.839170926,6.580219439,7.213665712,6.30650071,4.869036702,5.508332529,0,6.864138579,6.2220458,6.538106283
1979,12,1979.958333,4.411630936,5.024490808,5.587765017,2.385199666,6.466528309,3.586740568,2.435346471,4.515412074,5.912225429,6.194006188,5.183872342,3.499801106,4.470713772,0,5.322324829,4.202428719,5.284828509
1980,1,1980.041667,1.668767839,1.634613181,2.248137617,0.520285506,2.896373419,1.060776549,1.054566864,1.534502874,2.203657095,2.449647261,1.670728501,1.285724024,1.460132386,0,3.467626132,2.361861549,1.910034913
1980,2,1980.125,4.538037388,5.029177016,5.397250471,2.718429626,6.285448415,3.642384842,2.781827907,4.583082142,5.806665375,6.420165102,5.405635541,3.686870675,4.2947763,0,5.108076456,4.615563293,5.353008014
1980,3,1980.208333,3.665626652,4.197108062,4.830843111,1.961666643,5.610229682,2.554093363,2.276702657,3.485280497,4.947512926,5.042666912,4.257284342,2.856372809,3.499600104,0,4.516400428,4.070984328,4.052988914
1980,4,1980.291667,7.660175634,8.045601403,8.216460005,6.688044224,9.238984318,6.970084284,6.332318556,8.007628719,8.627079197,8.631592149,8.280768195,7.277517398,7.738754827,0,8.07381907,7.921972631,7.674539561
1980,5,1980.375,9.969684905,10.17937287,10.58213568,8.57080301,11.57498451,8.646456119,8.823242775,10.42278116,10.94820684,10.84518576,10.72210909,9.879824338,9.622376973,0,10.6422613,10.44640352,10.35518899
1980,6,1980.458333,12.53186319,13.58942865,14.40431677,11.40862403,15.07328591,11.7889874,10.95553913,12.56398924,14.0138148,13.3267383,13.38102239,11.44678306,12.89116499,0,12.10063302,11.98562799,12.34385697
1980,7,1980.541667,13.30712434,14.06478158,14.71796845,12.00363017,15.59561143,12.75686613,11.71107853,13.67170377,14.70956449,14.16507939,14.09383855,12.45629683,13.64738701,0,13.3914029,12.97431178,13.37851879
1980,8,1980.625,14.36170292,15.45378306,16.41379765,12.81744236,17.21314035,13.57104738,12.37429495,14.32963649,16.3084734,15.56708153,15.4578655,12.97014968,14.57984769,0,13.88470877,14.07481101,14.32260497
1980,9,1980.708333,13.26061833,14.44073511,15.11424295,11.54838023,15.60518534,12.51466706,11.18888352,13.42610734,14.89427451,14.48083441,14.19145652,12.0909023,13.76128803,0,13.30118193,12.96943373,13.41921405
1980,10,1980.791667,7.782648962,8.401075833,9.10307515,6.048680682,9.774412048,6.946719619,5.973699091,7.83345143,9.1722147,9.130553969,8.34590662,7.01647256,7.844119992,0,8.637986388,8.141535939,8.14966333
1980,11,1980.875,5.534053159,6.063075856,6.253730789,4.193271172,6.760023295,5.23980186,4.013843305,5.815725338,6.077149491,6.348851659,5.992111319,5.086745028,5.843452032,0,6.773514944,6.339979576,5.846313631
1980,12,1980.958333,4.662882225,4.861935899,4.814455345,3.532801422,5.64330734,4.37074325,3.395476164,4.889374291,5.116875462,5.760394747,5.062271542,4.342132224,4.721186489,0,5.823282487,5.211711411,5.208773847
1981,1,1981.041667,3.793289602,3.994710849,4.135008342,2.187233422,4.981567079,2.981919523,2.307378721,3.757849983,4.472597417,5.171178054,4.388127221,3.488586186,3.570131034,0,4.952449703,5.03623928,4.420721729
1981,2,1981.125,2.523541323,2.392488189,2.699513212,1.657703905,3.339977636,2.012979544,2.036361243,2.386579985,2.767063187,3.314081526,2.379917015,2.285880164,2.300655973,0,3.798854091,3.737422828,2.554266662
1981,3,1981.208333,6.298019074,7.34194757,7.91414457,4.215758689,8.889565191,5.287823976,3.7462703,6.369569706,8.135770557,8.121834612,7.561867679,5.076046466,6.295057846,0,6.441648479,6.529403319,7.023941788
1981,4,1981.291667,6.782305172,6.95398246,7.518355978,5.551360083,8.527852091,5.862410276,5.348968383,6.883499393,7.87035829,7.886740527,7.397460558,6.362653188,6.44225525,0,7.129312307,7.494439526,7.177461914
1981,5,1981.375,10.22874111,10.94567421,11.40794803,9.14040058,12.07570704,9.540425308,9.151712799,10.67585813,11.23964056,10.66676354,10.80037378,9.821877096,10.57873927,0,9.982243705,9.95439844,9.96866486
1981,6,1981.458333,12.00441472,13.08996591,13.60935613,10.83335271,14.26053913,11.49521108,9.974846302,12.06885377,13.27909359,13.06926923,12.93029249,11.13586382,12.50114682,0,11.80335901,11.8346701,11.95490355
1981,7,1981.541667,14.06844339,15.4571404,15.91015077,12.60250539,16.89848159,13.55892645,11.83962427,13.98275311,15.93467854,15.42603443,15.30926458,12.67843525,14.6854541,0,13.75026372,13.39650471,14.09063578
1981,8,1981.625,14.80099501,15.78125001,16.41468718,13.48614111,17.48781797,14.15429631,12.49917334,14.71296677,16.71443458,16.31715862,16.00974723,13.49990974,15.04561937,0,14.30018832,14.4165271,15.05962054
1981,9,1981.708333,13.09426706,14.35950057,14.97797326,11.46198861,15.33663087,12.51153695,11.01734102,13.36790876,14.58331515,14.25942245,13.95246853,11.8988048,13.77707421,0,13.2776084,12.57862235,13.20592175
1981,10,1981.791667,6.821632555,7.881692109,8.622798103,4.642227915,9.243679805,5.9067594,4.523271402,6.909666707,8.604952577,8.595231147,7.803557433,5.548913542,7.18730432,0,7.681596968,6.444357281,7.431071766
1981,11,1981.875,6.472674775,6.8830224,7.287430077,4.788051165,8.101993529,5.939936954,4.622158508,6.803012522,7.456271099,7.884719461,7.151624199,6.042996323,6.484501894,0,7.571739131,6.748136775,7.155028124
1981,12,1981.958333,-0.0671978,-0.7141998,0.088976636,-2.028229112,1.378703273,-1.326575942,-0.948993118,-0.573556989,1.083073942,2.217685103,-0.456485091,-0.760250928,-0.806200535,0,2.2244552,1.499552056,0.75920221
1982,1,1982.041667,2.136839541,2.015574993,2.563739087,0.066685739,3.59711455,0.717405376,1.275707534,2.077262116,3.093397343,3.888001371,1.929598226,1.649123301,1.731180199,0,3.881438064,3.441065347,2.711559768
1982,2,1982.125,4.153222635,4.120733119,4.280111778,3.091601357,5.178732552,3.601074722,3.323461698,4.226861646,4.59777892,5.383697879,4.408889902,3.908570048,3.879544868,0,5.010279035,4.707558652,4.475160683
1982,3,1982.208333,4.99539431,5.602362351,5.823596954,3.709194933,6.612647783,4.32580398,3.563263318,5.119734377,5.935330431,6.122063487,5.615962267,4.249493567,5.134632783,0,5.628719508,5.323338889,5.258055357
1982,4,1982.291667,7.559233106,8.08832754,8.122926286,6.591758585,9.201247221,7.150954388,6.096658343,7.757497226,8.471098872,8.52394034,8.128372278,7.14260782,7.755597165,0,7.953920622,8.015333547,7.513015282
1982,5,1982.375,10.05624846,11.03754161,11.6921174,8.272826772,12.50875348,9.238293016,8.23280356,10.31318564,11.68571581,11.17930716,11.02207563,9.130894926,10.41868509,0,9.813897245,9.773463618,10.19517149
1982,6,1982.458333,13.62441099,15.02563257,15.61549381,11.35911594,16.78464949,12.23992639,11.25631994,13.81993416,15.8941596,15.10309125,15.16430691,12.45195602,13.70427633,0,13.05367382,13.19049865,14.06262454
1982,7,1982.541667,15.07409096,16.10146287,16.69674279,13.77767492,17.7428248,14.08447231,13.17315324,15.24231591,16.88629758,16.16727593,16.03830285,14.26545807,15.24598284,0,14.92465453,14.48858017,15.08920685
1982,8,1982.625,14.34380853,15.58676494,16.53624866,12.87738752,17.13203261,13.81545044,12.24452009,14.28864731,16.28292837,15.48817815,15.3095183,13.18069275,14.8082162,0,14.29327067,13.56936724,14.16961607
1982,9,1982.708333,12.60200556,13.90134229,14.83110979,10.55787704,15.57498069,12.05078274,9.803910898,12.9043309,14.78244742,14.4022882,13.68884613,11.07245339,13.29486139,0,12.47948477,11.86128197,12.97450896
1982,10,1982.791667,9.128784105,9.616504793,10.26892656,7.741220189,10.80778638,8.442776914,7.807534686,9.245952545,10.24552611,10.23950063,9.560899543,8.558486884,9.183683086,0,9.837412252,8.916027295,9.389685008
1982,11,1982.875,6.499349692,7.287460982,7.940092034,4.516318735,8.79701119,5.754393331,4.455107643,6.769299071,8.250363207,8.247589327,7.335502143,5.504947764,6.574978888,0,7.330493329,5.709439845,7.242132713
1982,12,1982.958333,3.34648601,3.49814198,3.914938274,1.622018996,4.875191017,2.438223822,1.931747898,3.434882909,4.451443128,4.900768563,3.823013782,2.902286884,3.065083969,0,4.931137855,3.754810038,4.05190808
1983,1,1983.041667,5.377358327,6.002940541,6.27211474,3.886758597,7.123360644,4.803543523,3.571865045,5.523807596,6.559556095,6.787571301,6.247705932,4.771411795,5.392872756,0,6.128175831,5.272042514,5.870467686
1983,2,1983.125,1.282275714,1.073703699,1.652600772,0.042710376,2.333038882,0.488292772,0.594437159,1.211939726,1.821459329,2.236330875,1.100204666,1.243767275,0.897485249,0,2.579671045,2.599000525,1.388707091
1983,3,1983.208333,5.525424133,6.047945395,6.235141249,4.525513928,6.873820435,4.863992117,4.284998846,5.456289271,6.124223448,6.469040745,6.118417947,4.903848329,5.50546415,0,5.932977514,6.208257477,5.749096382
1983,4,1983.291667,5.484646321,6.343426828,7.088220892,3.977696911,7.866484831,4.574117863,3.581987291,5.5248462,7.12089854,6.707447041,6.346512874,4.755732429,5.448762078,0,5.639974278,5.313605963,5.648807176
1983,5,1983.375,8.884933013,9.645663203,10.30408719,7.167227482,11.26049854,7.793204723,7.160515056,9.273681752,10.45386313,9.96632514,9.85766962,8.275874569,8.797145496,0,9.011642511,8.901237643,9.043030594
1983,6,1983.458333,12.64407941,13.63931802,14.5064501,10.80054973,15.78821,11.65438106,10.21522017,12.84518345,14.85570641,14.26903589,13.96662069,11.50372648,12.66090044,0,12.37121756,12.35420185,12.90721124
1983,7,1983.541667,17.12627039,18.46865283,19.02413568,15.10523452,20.86882543,16.19576899,13.77682013,17.49218975,19.79628587,19.42819004,19.12044666,15.53683143,17.30657887,0,16.44038812,16.3670056,17.8117135
1983,8,1983.625,15.8568412,16.83270501,17.5619627,14.52534215,18.58020149,14.86515017,13.56622402,15.79081165,17.70001327,17.42924619,16.87247678,14.72539503,15.98097635,0,15.56337216,15.78748259,16.00967194
1983,9,1983.708333,12.12420651,13.32008569,14.13094478,10.10749626,14.881787,11.34857708,9.596574836,12.20735392,14.10589565,13.76795274,13.19734579,10.76722805,12.42564791,0,12.42815812,11.93728602,12.56176385
1983,10,1983.791667,9.204176993,9.995389812,10.62287605,7.506839058,11.2157365,8.443369778,7.405922892,9.28682259,10.57423624,10.42814379,9.88687744,8.311155109,9.386562987,0,9.96918325,9.319306658,9.589222834
1983,11,1983.875,6.598287812,7.105680896,7.415091389,5.034032641,8.102161341,5.665983516,5.493356888,6.573208217,7.461149137,7.747294499,6.947329379,6.051870028,6.539083368,0,7.718609538,7.115001021,6.887222013
1983,12,1983.958333,5.044818618,4.896270183,5.094455916,3.903913292,5.923630017,4.343962467,3.947096579,5.028250119,5.551374178,6.177230372,5.234400252,4.910409156,4.721905722,0,6.548678145,6.181925622,5.695968492
1984,1,1984.041667,2.254475695,2.78012633,3.406765065,-0.247348731,4.680679217,1.306251437,-0.330413651,2.499199279,4.197811888,4.513890958,3.226256607,1.369890297,2.156185149,0,3.563171408,2.306610644,3.438231206
1984,2,1984.125,3.140350354,2.779660764,3.247949828,2.046890639,4.196216396,2.23744938,3.013713068,2.878150654,3.683328375,4.10494686,2.903789621,2.938642157,2.559723326,0,4.221455046,4.222152024,3.244434454
1984,3,1984.208333,3.873007061,4.212401285,4.594534022,2.630050273,5.46909986,3.230372297,2.695235383,3.99475186,4.824118562,4.728706735,4.290009556,3.526576716,3.808131171,0,4.634067683,4.324450615,4.039209015
1984,4,1984.291667,7.182178114,7.271221688,7.396441715,5.979483885,8.513288848,6.098650385,6.249471617,7.40537222,7.867213827,8.291832895,7.766198091,6.87622759,6.932400793,0,7.628062024,7.734691205,7.650172924
1984,5,1984.375,8.924037386,9.142638365,9.277635767,7.962793053,10.36471003,7.966561581,7.770723461,9.318047657,9.732720159,9.891245744,9.534452844,9.085284264,8.722825633,0,9.652078548,8.926874269,9.088093611
1984,6,1984.458333,13.06646115,13.98259928,14.13815751,11.87832178,15.57420397,12.1822128,10.96427304,13.0029616,14.6956652,14.6091573,14.18407124,12.16398178,13.21551885,0,13.02011732,13.12837535,13.19162236
1984,7,1984.541667,15.17577655,15.9996847,16.20873449,14.25238845,17.58272513,14.78316249,13.06950614,15.39278259,16.62976297,16.44487472,16.39286502,14.27052911,15.48583183,0,14.80180124,14.71833197,15.38547881
1984,8,1984.625,15.80125622,17.0407046,17.5624322,14.06339327,18.49766175,14.72977541,13.50384064,16.1599199,17.57674245,17.1795306,17.26999649,14.58292988,16.11397677,0,15.59407918,15.19802859,16.23888932
1984,9,1984.708333,12.04390558,13.2991167,13.76706148,10.0931498,14.31381097,11.34956347,9.350473142,12.22901888,13.81406324,13.77932539,13.31976303,10.78651716,12.52996724,0,12.37157671,11.80713924,12.58291829
1984,10,1984.791667,9.69456001,10.68840614,11.36141257,7.786965432,11.92736367,9.221763498,7.540072017,9.992381777,11.2660496,11.15495164,10.59972287,8.698879573,10.08663659,0,10.27692135,9.097177207,10.16213752
1984,11,1984.875,6.80765323,7.58076965,8.473001983,5.447455002,9.298411507,6.382699299,5.165613762,7.008259871,8.573439356,7.931900488,7.24363504,5.968846729,7.0328856,0,7.483359249,5.653510721,6.900384384
1984,12,1984.958333,4.616764198,4.571904687,5.009297577,3.565646382,5.728923813,3.746968804,3.892123557,4.647832108,5.289279025,5.709725828,4.602126566,4.450353733,4.186571398,0,6.233686675,4.900715737,4.971137684
1985,1,1985.041667,0.339775562,0.419421302,0.249365836,-0.394717017,0.945011934,0.160436219,-0.235033652,0.429388363,0.273314083,1.115203494,0.341398779,0.108778311,0.508269002,0,2.488294624,0.732757991,0.629042259
1985,2,1985.125,2.042571446,1.604899294,1.650556962,1.28261826,2.774194787,1.423036074,1.690645764,1.928680279,2.030460282,3.140694771,1.636556143,2.029556708,1.742934285,0,3.189219107,3.355660949,2.265744266
1985,3,1985.208333,3.744440893,4.221358389,4.46926632,2.373720943,5.17485373,2.941463752,2.422037351,3.781957883,4.538549117,4.924574325,4.253858005,3.183438545,3.80261561,0,4.580545629,4.328409615,4.029217587
1985,4,1985.291667,7.178978896,7.926474874,8.57022372,5.685514667,9.422473361,6.441770971,5.207829344,7.208700649,8.563147218,8.367957078,7.997980337,6.379313175,7.289957056,0,7.29794231,7.635358456,7.416884512
1985,5,1985.375,9.599992683,10.1520194,10.75359026,8.25150285,11.81187513,8.78222935,7.846177712,10.05027836,11.13937736,10.85911814,10.32854219,9.126053551,9.567484992,0,9.650766666,9.211153727,9.776907054
1985,6,1985.458333,11.33020972,11.95228965,12.78762579,9.875306359,13.89083108,10.40133038,9.588468808,11.30562762,13.10146599,12.76773658,12.02277299,10.53617598,11.30090023,0,11.37676882,11.17354909,11.37556426
1985,7,1985.541667,14.50316888,15.84749334,16.64579908,12.74912431,17.51781549,13.67183121,12.28737621,14.70101313,16.51229463,15.73870852,15.76003633,13.00137078,15.03730678,0,13.93646441,13.82972746,14.67806925
1985,8,1985.625,13.23408198,14.44463646,15.21179212,11.62901244,15.74098321,12.76276387,11.35582281,13.32966141,14.93023854,14.36610289,14.28730914,11.93041559,13.7294092,0,12.79658424,12.50379454,13.23302677
1985,9,1985.708333,12.79691655,14.28635864,14.76533742,10.47344475,15.43937885,12.20402598,9.751811936,13.35387542,14.58737208,14.23176945,14.3008478,11.3182743,13.53466703,0,12.86104303,12.88904893,13.60897658
1985,10,1985.791667,9.912937899,10.77084921,11.40287751,8.466953118,11.89072657,9.642212958,8.285485167,10.12971771,11.10340214,10.75207065,10.37729534,9.135387479,10.39983212,0,10.75324583,9.917166901,9.797848582
1985,11,1985.875,3.100026464,3.438174976,3.77449391,1.433039953,4.500779552,2.198774589,1.603207133,2.931718815,4.069624935,4.725173303,3.590853395,2.366943095,2.961801965,0,4.613007131,3.675535978,3.858103289
1985,12,1985.958333,5.0975178,5.801831849,6.556615439,3.132389869,7.487647777,4.095010876,2.756351926,5.156627896,6.811492437,6.956784299,5.812610194,4.334025646,4.964735704,0,6.003843551,5.229325425,5.762553701
1986,1,1986.041667,2.519359304,2.704087785,3.26770256,0.796532222,4.036177002,1.552442827,1.061983071,2.423072268,3.56652781,4.361842953,2.941702787,1.775831431,2.21069746,0,3.869773231,2.98314773,3.253612088
1986,2,1986.125,-1.130709361,-1.757223515,-1.433307145,-1.805605686,-0.825776875,-1.517818388,-1.049757817,-0.957667506,-1.396316011,-0.848923853,-1.668530707,-0.617554866,-1.372515733,0,0.742533392,0.571544966,-1.51157783
1986,3,1986.208333,4.251490572,4.66063113,4.937806489,3.048929485,5.618087209,3.511535482,3.492703134,4.185927401,4.860136394,5.231305288,4.649292119,3.690761198,4.032218275,0,4.633675507,4.694033134,4.378189168
1986,4,1986.291667,4.765382523,5.481142262,6.152370042,3.457116906,6.786024571,3.985439163,3.385707432,4.83673465,6.041606595,5.566015528,5.430367702,4.18703846,4.794418929,0,5.19064309,4.811364682,4.671145732
1986,5,1986.375,9.792035458,11.04175337,11.61383282,8.49177363,11.93956209,9.325183281,8.123690583,10.1171476,10.8742265,10.39930619,10.74684382,8.695924216,10.49915948,0,9.386474886,9.311119237,9.759850302
1986,6,1986.458333,13.22918675,13.97968251,14.68716587,11.59938646,15.85858213,12.18869309,11.40657487,13.51989603,15.00630767,14.37984755,14.29131005,12.23005909,13.28329772,0,12.7681015,13.0327047,13.70323674
1986,7,1986.541667,14.23856776,15.63267607,16.6207542,12.71824894,17.57933549,13.87484685,11.85193869,14.09824757,16.45725164,15.42538482,15.51849266,12.59389965,14.78762883,0,13.37168833,13.59165949,14.14963816
1986,8,1986.625,12.221689,13.35384933,14.49626819,10.65783005,15.29451547,11.26500196,10.18689875,12.17496661,14.39583029,13.38678097,13.06111373,11.17854063,12.31487427,0,12.16006501,11.40066786,12.21880695
1986,9,1986.708333,10.31302084,10.97956407,11.59597095,9.326475064,12.20587666,9.800549803,8.775928793,10.29175746,11.46251772,11.15897738,10.72434508,9.49660861,10.66806157,0,10.99916949,10.55903731,10.22126036
1986,10,1986.791667,9.668701499,10.29740829,11.23559456,7.992046297,12.14043596,8.839597818,7.961969017,9.692685527,11.3778987,11.05435633,10.20706218,8.7459355,9.682136549,0,10.12882798,9.417535696,9.979669738
1986,11,1986.875,6.667947847,7.128204072,7.617226453,5.178704415,8.546782738,6.177586203,5.073916377,6.939072002,7.955965374,7.901799305,7.157340532,6.127443528,6.75380277,0,7.587095179,6.441152762,7.098185433
1986,12,1986.958333,4.746193868,5.315156103,5.535814145,2.763885085,6.399309762,4.047464096,2.718611923,5.181410334,5.8903683,6.51114289,5.619006235,3.939958988,4.827096332,0,5.976419994,4.842481453,5.739536337
1987,1,1987.041667,0.663387485,0.370337352,0.382733825,-0.190229792,1.06520394,0.115333774,0.564387097,0.425156047,0.443698898,1.182990565,0.274714921,0.541499697,0.492823093,0,2.372218682,2.549452092,0.809460604
1987,2,1987.125,2.865395657,3.12186697,3.466429971,1.5808459,4.188753268,2.203583964,1.71735485,2.748264629,3.581934062,4.092041457,3.310504396,2.365714295,2.763599726,0,3.593712608,3.51895171,3.112480926
1987,3,1987.208333,3.303073377,3.583551045,3.653881611,2.009993373,4.673063125,2.608450466,1.84022876,3.378001084,4.129798482,4.735463501,3.7616232,2.775313964,3.154274844,0,4.154933236,4.204465124,3.737889251
1987,4,1987.291667,8.704823218,9.749650282,10.15018319,7.131023762,10.93986298,7.841974842,6.818384337,9.0348968,10.02420981,9.71770567,9.957616651,7.544155434,9.074722654,0,8.388700073,8.568530769,9.132666248
1987,5,1987.375,8.993483505,9.480719663,9.973130161,7.765215774,11.10336175,7.80167807,7.320480496,9.08021541,10.3810959,10.25402922,9.649881006,8.538639262,8.801249799,0,9.402488518,9.327107523,9.230478164
1987,6,1987.458333,11.29916856,12.44531244,13.27279062,9.559932237,14.24795025,10.26820683,8.967671571,11.35991588,13.40204744,12.81992829,12.44188641,10.33548099,11.36521826,0,11.21904876,10.8171534,11.42133021
1987,7,1987.541667,14.51708999,15.49776672,16.02327871,13.09849682,17.078813,13.76915083,12.36947752,14.75665848,16.25177118,15.77699172,15.46515831,13.62022759,14.83580073,0,14.43614875,14.41025439,14.56522438
1987,8,1987.625,14.13566235,15.27059127,15.94913457,12.57173505,16.86096114,13.38573705,11.73046051,14.19381929,16.01302951,15.73969363,15.32006791,12.67945106,14.47145816,0,13.82701331,13.88587923,14.40984583
1987,9,1987.708333,12.19213477,13.23957732,14.32374773,10.17796969,15.08836171,11.18321952,10.03391966,12.22808902,14.30081866,13.88240419,13.11977712,10.85922677,12.47006186,0,12.32270551,11.45060916,12.51506286
1987,10,1987.791667,8.306996125,9.199818579,10.33981313,6.248586937,11.07725769,7.413126132,6.087176943,8.533009473,10.43415969,9.929920579,9.060572924,7.139181264,8.48583982,0,9.085278541,7.608710985,8.754804504
1987,11,1987.875,5.784722341,6.045669443,6.491923234,4.333458567,7.036566008,5.080426922,4.554947901,5.85023648,6.484560071,7.006922322,6.086107702,5.372276223,5.764399038,0,7.053705638,6.335758881,6.156575633
1987,12,1987.958333,4.777498934,5.339854144,5.706385374,3.31549436,6.274487763,4.555169275,3.143847012,4.821319485,5.605212078,5.927904298,5.11010504,4.155212384,5.097158331,0,6.178350346,5.415635311,4.990589283
1988,1,1988.041667,4.088804485,4.642553682,5.072681916,2.250847424,5.993581533,3.356893247,2.00000989,4.376421307,5.509847164,5.934465678,4.919502242,3.259352396,3.987478536,0,5.240051177,3.879023239,5.007456695
1988,2,1988.125,3.899655648,4.314149347,4.530710519,2.691397545,5.320584167,3.41507999,2.585169829,4.110418146,4.692198424,4.860310862,4.427454724,3.483251895,3.89423538,0,4.808811276,4.082228576,4.29232393
1988,3,1988.208333,5.107109186,5.733806286,6.155532033,3.328212048,7.230891574,4.135871008,3.016623115,5.015499407,6.649915796,6.790859315,6.132685598,4.130195427,4.971079839,0,5.751402471,5.769182347,5.748747072
1988,4,1988.291667,7.117334575,7.678284002,8.118779744,5.719310059,8.951129916,6.329193569,5.454668453,7.415076061,8.136489639,8.022872972,7.758566087,6.519211438,7.196273112,0,7.271958511,7.879185559,7.461339191
1988,5,1988.375,10.46724428,11.17008607,12.06742601,8.706769673,13.07416648,9.079043998,8.986276663,10.78980527,12.21904213,11.58231174,11.37841353,9.714094138,10.29503722,0,10.57442408,10.13551432,10.65562211
1988,6,1988.458333,13.33874519,13.70974763,13.79642306,12.51583702,14.91034608,12.56071224,11.80376823,13.73179393,14.17876189,14.42303675,14.1296123,13.03442925,13.47245113,0,13.93061544,13.45538655,13.62922372
1988,7,1988.541667,13.52952023,14.74238951,15.45242865,12.31051713,15.86954824,13.07433776,11.85347749,13.61584325,14.94987263,14.2084903,14.32209587,12.49907159,14.01082668,0,13.66881763,13.08446284,13.30021193
1988,8,1988.625,13.89425377,15.20355053,16.07692308,12.61580182,16.62061595,13.49509724,11.85292002,14.0046753,15.63388559,14.75403999,14.66584141,12.78844402,14.48526501,0,13.7637523,13.28376608,13.57237364
1988,9,1988.708333,12.08667186,12.88170561,13.66601353,10.80661338,14.45315535,11.33285814,10.51536237,11.94543825,13.74730754,13.33530825,12.76005706,11.01259192,12.14691998,0,12.22103633,11.75752584,12.03231412
1988,10,1988.791667,9.347636525,10.07685825,10.98216713,7.546489005,11.85239814,8.59091745,7.353438019,9.480831516,11.19933048,10.82921742,9.862047886,8.470583681,9.372907088,0,10.10726181,9.24299498,9.607907203
1988,11,1988.875,4.948903513,4.627072253,5.116567836,3.919014147,5.844762563,4.321255309,4.48369772,4.873744159,5.389851451,6.150099354,4.621733696,4.846169032,4.63560946,0,6.640914383,5.488712659,5.167485393
1988,12,1988.958333,6.5980308,6.672689061,6.521133746,5.533146447,7.531027698,6.042388486,5.484071012,6.749167757,7.035473006,7.722722893,7.134706445,6.410996801,6.496747899,0,7.740700128,7.13906583,7.223672212
1989,1,1989.041667,5.803827117,5.470030089,5.423696293,5.429569504,6.232267788,5.622245584,5.572720362,5.9727629,5.830233493,6.311284241,5.743823939,5.97888428,5.486768418,0,7.019908946,6.39422683,5.860682948
1989,2,1989.125,4.85189276,5.232451812,5.565246846,3.414073613,6.389260149,4.327736058,3.060029686,5.307843981,5.933417014,6.261470981,5.447042849,4.242439446,5.069291825,0,5.773131561,4.944814305,5.386670653
1989,3,1989.208333,5.96581632,6.927150932,7.706694398,4.024032529,8.587623273,5.09893109,3.757832438,6.079262883,7.887456788,7.65350023,7.011733707,4.575166686,6.237827524,0,6.183467151,5.668108715,6.405738742
1989,4,1989.291667,5.535679453,5.879484172,6.578455131,4.387201639,7.525777963,4.819118185,4.180821777,5.753860498,6.818689678,6.500893746,6.048538311,4.998997112,5.398269629,0,6.218076581,5.610567272,5.62119801
1989,5,1989.375,11.3267944,12.35458325,12.99626684,9.370662393,14.54902978,10.1972141,8.596488609,11.55976969,13.58496757,13.41034264,12.71286536,9.964355609,11.52895199,0,10.954981,10.74494339,12.03359588
1989,6,1989.458333,12.891521,14.03948818,14.48497799,11.26405435,15.78587185,12.06203514,10.4305928,13.12428377,14.85563452,14.43038026,14.16271478,11.62126862,13.40562968,0,12.75195449,12.63487599,13.10484378
1989,7,1989.541667,16.41521139,17.46133154,18.15507093,14.8029403,19.53075031,15.59969877,13.66440005,16.45588493,18.62173732,18.26529292,17.76056563,15.09430958,16.66087127,0,16.16121587,16.30962366,16.69685676
1989,8,1989.625,14.80660464,16.36275037,17.28150302,12.89475391,18.12013716,14.27625732,11.85336628,14.85982163,17.16967193,16.54635572,16.17271215,13.09678209,15.39632712,0,14.76547352,14.02973976,15.05017468
1989,9,1989.708333,12.83134781,14.50604696,15.56061958,10.5709963,16.17879196,11.92629268,9.988196804,12.87418609,15.34434307,14.59359005,14.02263241,11.02848397,13.53588463,0,12.86576859,11.9640488,13.08501133
1989,10,1989.791667,10.45464113,11.32000481,12.23880033,8.711872333,12.96302442,9.781687888,8.101105963,10.60594167,12.2270091,11.90932423,11.17984745,9.531258606,10.58884775,0,11.15822993,10.37556679,10.86612355
1989,11,1989.875,5.691413935,5.773406635,6.239326353,4.382410848,6.880913619,5.30940458,4.330172382,5.826515923,6.441420171,7.161350536,5.826962759,4.96193534,5.771815079,0,7.360410255,6.040901099,6.353407411
1989,12,1989.958333,3.586384855,4.584058527,5.384078969,1.175588659,6.42007256,2.670490621,1.380683828,3.227745118,5.736092665,5.625389513,4.371349891,2.105011576,3.850809085,0,4.838402492,3.5844141,4.012749139
1990,1,1990.041667,5.447777464,5.961630298,6.343136679,3.824001028,7.14911827,4.731722644,3.576514051,5.722002651,6.669392992,7.022434516,6.178094741,4.853135184,5.453866968,0,6.627953161,5.2999253,6.109733044
1990,2,1990.125,5.905119445,6.952370205,7.544004381,3.990392667,8.410649502,5.262009576,3.39667844,6.257791724,7.757398339,7.639861759,7.056628116,4.678913356,6.204708029,0,6.217652981,5.087076782,6.718833263
1990,3,1990.208333,7.186669029,8.133957867,8.420228984,6.019961439,9.010208626,6.832820951,5.19770162,7.37996561,8.254192205,8.111174197,7.977875466,6.29090439,7.626479846,0,7.528604426,7.514084241,7.375609273
1990,4,1990.291667,6.993984869,7.530787014,8.129111053,5.916577298,8.907576885,6.380306212,5.424345886,7.158946131,8.169996641,7.950904647,7.566183824,6.245112207,7.189850613,0,7.3851854,7.12815642,7.133803582
1990,5,1990.375,11.23784318,11.94577819,12.54023084,9.415170238,13.73941068,10.01284007,9.163615007,11.55559662,12.85967774,12.83292231,12.28959212,10.38847096,11.2729088,0,11.13740109,11.28493564,11.7700344
1990,6,1990.458333,12.35277619,13.34312631,13.90726871,11.07894329,14.55785952,11.75145674,10.59879809,12.64022563,13.66725509,13.28310081,13.32054197,11.50201721,12.73164902,0,12.22425216,11.93774005,12.33455908
1990,7,1990.541667,15.17997641,16.299348,16.87131206,13.28871074,18.02385586,14.08885021,12.93753333,15.23016978,17.05241866,16.81031149,16.7335493,13.81932106,15.27802787,0,14.68071417,14.73451541,15.8377924
1990,8,1990.625,16.07241813,18.17948751,18.80672564,13.95554287,19.64304635,15.73843353,12.85814649,16.19953974,18.57858135,17.59025775,17.87417419,13.97304274,16.96930921,0,15.56145011,15.03571198,16.43108153
1990,9,1990.708333,11.68010258,12.87689922,13.42599489,9.991170302,14.19534466,10.78191035,9.512394687,11.60450326,13.50299586,13.39269316,12.71550173,10.36946741,11.97268839,0,12.16802943,11.18433898,11.8667945
1990,10,1990.791667,10.49524745,11.68426693,12.42669611,8.555122263,12.91004111,9.651036674,8.172271241,10.62031393,12.21687435,11.93009917,11.43969007,9.410711226,10.76446639,0,11.02064326,10.14740599,11.00664127
1990,11,1990.875,5.791328891,6.463356436,6.923070016,4.207494201,7.638863043,5.322067943,4.147261016,5.794390973,7.030371111,7.106088868,6.323333184,4.78348849,6.067509202,0,6.764221441,5.928637912,6.139662145
1990,12,1990.958333,3.707912101,4.070330604,4.352489929,2.569956489,4.906415723,3.305135608,2.853767096,3.701722425,4.29105078,4.438077545,3.863096041,3.347892267,3.894636525,0,4.789704714,3.855458297,3.909838967
1991,1,1991.041667,2.521484316,2.63873485,3.561422807,0.920791477,4.507686684,1.544930352,1.651817353,2.230237263,3.902299483,3.794249269,2.653832878,1.920516477,2.029234223,0,3.767650842,2.850774931,2.699037772
1991,2,1991.125,1.331131857,1.34305794,1.215851075,0.660245118,1.767214838,1.047193922,0.846260325,1.422824408,1.238522294,1.833608826,1.27412508,1.322133731,1.296935713,0,2.546718044,2.4701258,1.303550867
1991,3,1991.208333,6.614054328,7.559458384,7.962355771,4.830321305,8.733767899,5.985361579,4.92884324,6.826408692,7.908149053,7.773152714,7.515701417,5.650560384,6.903073544,0,6.553890976,6.675047105,6.82921985
1991,4,1991.291667,6.956183731,7.45851012,7.915247781,5.769114914,8.700360541,6.216603024,5.722437322,7.247725019,7.941490451,7.701527424,7.584737413,6.353708853,6.972163445,0,7.437719807,7.180689124,7.137564504
1991,5,1991.375,9.91418914,10.38066094,10.31251103,9.138931094,11.15036265,9.210782249,8.417006043,10.08409137,10.54588842,11.10661002,10.7133683,9.581793824,9.849578194,0,10.37711209,10.33667374,10.10701792
1991,6,1991.458333,10.94647718,11.75128012,12.58075106,9.722558062,13.28166817,10.33811505,9.120167026,11.03437494,12.35614925,12.07147722,11.60844773,10.11122481,11.11874034,0,11.02346857,10.88623108,10.90986618
1991,7,1991.541667,15.92553942,17.35636258,17.68311121,14.55565168,18.23489965,15.23398532,14.27866511,16.42252852,17.18491538,16.1973927,17.01396981,15.11119491,16.60066788,0,15.55397989,15.54430485,15.724658
1991,8,1991.625,15.60129678,16.96135587,17.90082969,14.11313526,18.63448587,15.03238093,13.48302925,15.58565297,17.60372378,16.58252069,16.56787336,14.2759606,16.22889103,0,15.30506192,15.01354038,15.33896381
1991,9,1991.708333,13.05492849,14.38642362,14.86821852,10.94695142,15.75281067,11.92964607,10.41155876,13.19772821,15.05846556,14.95530966,14.31025732,11.6308451,13.45635719,0,13.36719704,12.83281167,13.58933314
1991,10,1991.791667,8.98069485,9.823000429,10.28802449,7.566332109,10.73423393,8.440910683,7.260388504,9.294392111,10.08970753,9.98992449,9.635479123,8.216495448,9.407517376,0,9.996332899,8.809231393,9.175160335
1991,11,1991.875,5.711304572,6.070599096,6.492919913,4.284403002,7.291209931,4.754244979,4.529255612,5.785576185,6.703000846,6.989239421,6.172929777,5.012746375,5.543431106,0,6.823854177,5.844666819,6.22681427
1991,12,1991.958333,4.246013081,4.010188994,4.05771847,2.900930739,4.806891031,3.400883395,3.887192573,4.418660504,4.367702222,5.146832254,4.154890548,4.259211632,3.973054896,0,6.486935774,5.517486823,4.636381549
1992,1,1992.041667,3.388445443,3.062583423,3.712111899,2.346626227,4.415653779,2.939053556,3.5626344,3.119980351,3.639374491,3.703701071,3.102798878,3.226717512,2.958291314,0,5.067079408,4.526844605,3.333732044
1992,2,1992.125,4.756919271,5.176457086,5.045297037,3.469732953,5.79676609,4.349234912,3.96473377,5.123053606,5.055573175,5.389779293,5.277144058,4.323418374,4.893714307,0,5.780089508,5.115761372,5.200436325
1992,3,1992.208333,6.142837818,6.957564556,7.326834396,4.647682091,8.215550143,5.450218846,4.086059029,6.233794387,7.452990826,7.386408896,7.057294882,5.357915827,6.268109991,0,6.773728243,6.567887958,6.529080616
1992,4,1992.291667,7.403347997,8.350350911,8.729063646,5.827797304,9.476411679,6.870661091,5.620905762,7.708268923,8.693484772,8.389522414,8.447512052,6.43296577,7.787670982,0,7.685675997,7.290078183,7.69511145
1992,5,1992.375,11.92967427,13.00753783,13.69275657,9.995249216,14.74612359,10.58826124,10.0432181,12.39602158,13.75191224,13.10009671,13.16587582,11.07100156,11.89522844,0,11.81620097,11.3051146,12.34215123
1992,6,1992.458333,14.27535014,15.49226946,15.75037165,13.00503955,16.4950711,13.66036304,12.06985359,14.73567452,15.59644902,15.24302873,15.35170399,13.6946376,14.73882441,0,14.43367829,14.09421298,14.18951716
1992,7,1992.541667,14.67538422,16.04039051,17.0901432,12.75908787,17.81857245,13.99978501,12.096835,14.71903154,16.83561953,16.22884092,15.88362503,13.06320229,15.10174888,0,14.25798173,14.11532951,14.98197353
1992,8,1992.625,13.82226013,15.3591297,16.5713627,11.79429048,17.23594566,13.1930425,11.33295997,13.78079387,16.25595901,15.24728125,14.87749437,12.3164475,14.41524342,0,13.74014508,12.94742515,13.67805003
1992,9,1992.708333,11.86148122,13.02955485,13.8877736,10.10490873,14.52354302,11.00937497,9.764374293,12.15412784,13.83796988,13.30492003,12.85283009,10.60272371,12.19214793,0,12.03672146,10.85568888,12.08452802
1992,10,1992.791667,6.669717062,7.286028238,8.060198225,4.883454892,8.653928041,5.841033634,5.235654248,6.622696492,8.051899566,7.969476774,7.215128445,5.576031082,6.691724266,0,7.58752749,6.81692775,7.061710772
1992,11,1992.875,6.116926653,6.638105819,7.194545256,4.015463693,8.268641834,5.145932106,4.055332195,6.212113052,7.754985307,8.09309148,6.967424882,5.141900417,5.993852654,0,7.0706522,6.234254533,7.006352278
1992,12,1992.958333,3.063819072,2.937272972,3.708149307,1.526962883,4.49456766,2.315000827,2.040160732,2.981446451,3.924631774,4.384027803,3.044255498,2.877272464,2.748591628,0,4.959601395,3.727415409,3.464763213
1993,1,1993.041667,4.709653105,5.076984591,5.670241857,2.940221593,6.752615297,3.853508507,2.774679085,4.806956326,6.143365198,6.55534347,5.45403628,3.971892773,4.37665967,0,5.649782285,4.96487743,5.445654249
1993,2,1993.125,4.652302948,4.308640398,4.130156856,4.459297234,4.70979573,4.386878881,4.580350882,4.656066605,4.157610286,5.030822536,4.310486647,4.905817215,4.39335044,0,5.790092892,6.057650012,4.620034906
1993,3,1993.208333,5.550547588,6.164355094,6.463303026,4.217561363,7.215709154,4.966635912,4.256589588,5.701413451,6.423839766,6.566591437,6.271294298,4.808521699,5.581101539,0,5.854687398,5.822371749,5.768962735
1993,4,1993.291667,8.164980908,9.04374225,9.647309317,6.312144786,10.51013279,7.067351546,6.262119921,8.58126589,9.594116971,9.328823637,9.047220273,7.310494127,8.391909725,0,8.282468397,8.250006696,8.647541119
1993,5,1993.375,9.992443014,10.98816091,12.02229026,8.132722599,13.0509434,8.807232439,7.794514213,10.14631451,12.12859001,11.22663584,10.94486272,9.105919844,10.02062211,0,9.849253564,9.637040882,10.28828936
1993,6,1993.458333,13.32785708,14.35360329,15.04176466,11.60831784,16.34456752,12.46345873,10.89604856,13.67576399,15.35759866,14.71336126,14.64555812,12.32120621,13.51855663,0,12.95557894,13.01292853,13.65005564
1993,7,1993.541667,13.67049502,15.00224176,15.78106472,12.10567638,16.70143012,13.29694201,10.98659781,13.7371904,15.70807909,15.1172093,14.93959523,12.20789663,14.29487454,0,13.58536262,13.20671982,13.78573229
1993,8,1993.625,13.12950995,14.1531585,15.21429143,11.55506356,16.06500707,12.48072682,10.90469407,13.00963774,15.18954614,14.64347912,13.98649701,11.88097913,13.4049094,0,13.24175795,12.71059484,13.10847116
1993,9,1993.708333,11.2099781,12.09455615,12.92172866,9.525071386,13.24955513,10.29769288,9.444766285,11.24786348,12.53129039,12.41603179,11.78391806,10.42506398,11.45117009,0,11.76223992,11.23705572,11.37318355
1993,10,1993.791667,7.236647539,8.063913473,9.207479676,5.621501489,9.795145665,6.527551538,5.734045558,6.964313041,9.001877602,8.3149484,7.570983579,6.216435222,7.409705239,0,7.819711042,6.922433597,7.159342485
1993,11,1993.875,4.078817889,4.312319703,4.923463391,2.306305961,5.407427063,2.879361372,3.376932894,3.617807344,4.818349086,5.439824111,4.136228074,3.463213588,3.677845953,0,5.774896508,5.070439882,4.412034748
1993,12,1993.958333,3.841322681,4.69978335,5.405643691,1.233392683,6.36979097,2.743198835,1.153425934,3.844328292,5.763036512,6.09811086,4.942334849,2.567974573,3.878542154,0,4.840589447,4.027063109,5.054100852
1994,1,1994.041667,3.963277003,4.537390527,5.015855457,2.018665099,5.966624986,2.908424955,2.091966746,3.984150139,5.418303649,5.740601557,4.850024755,3.067527402,3.758938934,0,4.991566521,4.153943577,4.751246755
1994,2,1994.125,2.370191671,2.485403883,3.09033198,0.670715662,4.133557276,1.086518002,1.287928128,2.122172348,3.653207217,4.257028672,2.736822216,1.56267301,1.770110862,0,3.226491685,2.905604706,2.81713835
1994,3,1994.208333,5.961875046,7.293480771,7.772891673,3.851142874,8.590074618,5.24503445,3.101637475,6.006141462,7.878904078,7.768356159,7.356522392,4.529324724,6.462018463,0,6.208819068,5.991714534,6.559818475
1994,4,1994.291667,6.847967444,7.982921979,8.371995859,5.305447511,8.944544627,6.156848296,5.021454519,7.008967194,8.134369897,7.823186055,7.794588984,5.765375719,7.445689263,0,6.667034784,6.779268084,7.008545414
1994,5,1994.375,9.303813409,10.00699253,10.98970734,7.403882438,11.79713557,7.992475914,7.445440787,9.482309778,10.98046266,10.60306766,10.19307879,8.609221615,9.17201773,0,9.455159956,9.254857954,9.767328347
1994,6,1994.458333,12.73202001,14.43313089,15.052636,11.40651965,15.8323088,12.36354201,10.2915454,12.67307237,14.71235074,13.94866555,14.07381325,11.01106275,13.49901796,0,11.83533699,11.7601243,12.63531267
1994,7,1994.541667,15.94827196,17.93777913,18.94709492,13.90610772,19.94871485,15.05809412,13.56826203,15.91727885,18.66852932,17.12735031,17.54106357,14.06035956,16.71729334,0,14.46658533,14.53969804,15.61470174
1994,8,1994.625,14.29599706,15.75054812,16.88516578,12.38804941,17.74101614,13.2236961,11.87470662,14.1213499,16.8459118,15.82549528,15.44812012,12.71183917,14.74677717,0,13.92352554,13.44464767,14.28592007
1994,9,1994.708333,11.45015096,12.32634875,13.26229466,9.891899867,13.89401619,10.45140735,9.511403802,11.31278683,13.18041229,12.78519686,12.21572387,10.37776386,11.50287204,0,11.76133829,11.3807359,11.680466
1994,10,1994.791667,8.988204326,9.392011274,10.22104878,7.228135979,10.97462714,8.290262992,7.023322468,9.209619394,10.36268668,10.50982073,9.572062776,8.168136391,8.961456247,0,9.913119085,9.426442252,9.57012594
1994,11,1994.875,8.823447434,9.185314895,9.728134734,7.122987333,10.79727942,7.772990245,7.141411322,8.881982935,10.30174332,10.43884601,9.618724695,8.211721896,8.47226068,0,9.575148508,8.765884928,9.571254383
1994,12,1994.958333,5.304160923,5.598451764,6.132985959,3.396407606,7.138028724,4.432781407,3.503581199,5.466569195,6.585396389,7.071904049,5.990954621,4.567537346,5.14799659,0,6.669989899,5.43333147,6.315924707
1995,1,1995.041667,3.529503142,3.869450413,4.422208573,1.593881664,5.283159376,2.305180073,1.750842492,3.460124923,4.845252702,5.526744387,4.345994125,2.579821489,3.091272215,0,4.483960357,3.86913679,4.619253099
1995,2,1995.125,4.966064539,5.807222453,6.28480752,2.718133903,7.466641577,4.231818932,2.271344708,5.222239772,6.91630617,6.954805409,6.078677775,3.80421152,5.217683154,0,5.857005834,5.087857325,5.852453436
1995,3,1995.208333,4.186785413,4.98959515,5.607899808,2.410854232,6.490066917,3.308672445,2.080065306,4.158095722,5.787050231,5.767913807,5.115110962,2.995773123,4.30999391,0,4.941911844,4.441828726,4.726583822
1995,4,1995.291667,7.615273119,8.473276422,9.07080455,6.038633046,10.15636558,6.76692705,5.297533123,7.782285489,9.275509714,8.740170732,8.731506713,6.810355552,7.722863247,0,7.957361547,8.018168506,8.020999605
1995,5,1995.375,10.17792257,11.28764261,11.87476543,8.445393401,12.89905988,9.46587782,7.988047454,10.51750138,11.95379393,11.32602835,11.23810839,9.183641957,10.6522306,0,10.15689841,9.912545548,10.36402729
1995,6,1995.458333,12.90439638,13.46111096,13.77553307,11.60334026,15.16026938,11.71933704,10.97118752,13.20000166,14.39366373,14.25805351,13.92873971,12.51011572,12.65802598,0,13.27510235,13.2318714,13.15348807
1995,7,1995.541667,16.6036441,18.37703698,19.09104713,14.39385066,20.07464193,15.59764423,13.83728888,17.00545358,18.86412259,17.93291316,18.24017459,14.97876529,17.37547235,0,16.17851924,15.86138498,16.92743863
1995,8,1995.625,17.25923566,18.22508578,18.95750407,15.27803478,20.34958939,16.10282824,14.65031183,17.43763689,19.4991587,19.18459498,18.7537264,15.93416359,17.19790722,0,17.35845636,16.99299125,17.94404445
1995,9,1995.708333,12.36266722,13.28558357,13.9387355,10.84285204,14.53146431,11.69161992,10.43950048,12.50060709,13.79067899,13.58229899,13.11952225,11.40082016,12.66204193,0,13.00376255,12.38996605,12.45101416
1995,10,1995.791667,11.6251699,12.44385339,13.14409352,9.838503149,13.8929679,11.14540026,9.306879307,11.96461439,13.18048226,13.07103897,12.43012841,10.6883616,11.96795147,0,12.25283371,11.40272478,12.27470782
1995,11,1995.875,6.834892418,7.180600782,7.649383361,5.451813636,8.312345971,6.254486621,5.454481526,6.926298881,7.760634872,7.942758045,7.044396242,6.356514174,6.847113955,0,8.392826354,7.498425715,7.097169757
1995,12,1995.958333,1.60689702,1.752266591,2.141439481,-0.121795715,3.140935497,0.950407178,0.058258523,1.66079689,2.605476149,3.258766396,1.708727809,0.850330296,1.632448735,0,3.904109217,2.785549147,2.108058504
1996,1,1996.041667,3.989692364,3.381592053,3.659795213,3.183579338,4.90578601,3.167870216,3.641713658,3.984600238,4.45346637,5.07306275,3.816851662,4.076851787,3.189068334,0,5.215083263,5.360897296,4.065051418
1996,2,1996.125,2.021520606,2.055829363,2.192287967,1.081567643,3.074666685,1.540620258,1.12397429,1.852297882,2.507016111,3.083095928,2.08496063,1.720594029,1.980038055,0,3.268693961,2.898375656,2.170717598
1996,3,1996.208333,3.729471573,3.634058101,3.857736076,2.382351878,4.961885809,2.561364463,3.02533633,3.773632191,4.507112261,5.026943759,4.118023748,3.301647155,3.20156513,0,4.542666002,4.612454026,4.168293073
1996,4,1996.291667,7.463400365,8.00877256,8.421629994,6.185073806,9.375747179,6.585906455,6.411653409,7.544577001,8.589211826,8.300743067,8.282383034,6.611581116,7.419153544,0,7.273101345,7.761138911,7.534228781
1996,5,1996.375,7.960623669,8.671359082,9.124651946,6.563734142,10.012795,7.275552787,6.343827634,8.177111825,9.215542917,9.001879943,8.772594897,7.307340666,8.191810224,0,8.315340256,7.943534953,8.06505792
1996,6,1996.458333,12.85160487,13.90864984,14.78514143,11.63340771,15.9195512,12.1596362,10.80296409,12.76717238,14.66806089,13.97370261,13.94340189,11.63918996,13.03083001,0,12.21592922,12.48985641,12.82697583
1996,7,1996.541667,14.71071153,16.24966737,16.78971307,13.1485138,17.79620295,14.10971794,12.08330499,14.65962,16.7324689,16.18661678,16.24414226,13.12141424,15.27143986,0,14.24114083,14.13701117,14.86633066
1996,8,1996.625,15.1073014,16.43093427,16.96588552,13.90165399,17.59804061,14.61680507,13.16974521,15.48438615,16.65127186,15.95576392,16.23213916,14.08392379,15.74404852,0,15.21964458,14.05072599,14.9411485
1996,9,1996.708333,12.56120187,13.16042124,13.75282183,11.38796881,14.2813206,11.73746478,11.21082444,12.52177124,13.60761342,13.49575484,13.16394534,11.95423893,12.54799594,0,13.40485887,12.72679022,12.66892757
1996,10,1996.791667,10.34752508,10.98706125,11.44688781,8.852364061,12.17380716,9.722334337,8.628893679,10.60316836,11.55846614,11.63148724,11.03822569,9.56493402,10.45000567,0,11.30157093,10.30331331,10.80464823
1996,11,1996.875,4.6604702,5.186153208,5.733352822,2.723805549,6.418876363,3.860010819,2.625277506,4.746247182,5.873303386,6.370788826,5.418416303,3.821573968,4.672429899,0,6.278598743,4.958393696,5.600970649
1996,12,1996.958333,2.424319864,2.44488454,2.773439469,1.407996572,3.63000525,2.037324205,1.350268174,2.512301362,3.03371277,3.148110188,2.419637235,2.292333238,2.36466121,0,4.213790837,3.460661336,2.607127423
1997,1,1997.041667,2.155064345,1.758649527,1.743858583,1.518192938,2.467009472,2.019207528,1.961543007,2.164480995,1.822346443,2.462375951,1.92284183,2.295095628,2.048172904,0,3.639098066,3.944713587,2.136029077
1997,2,1997.125,5.30310631,6.30664749,6.429993598,3.572505567,7.153651948,4.729763063,3.256489496,5.570253001,6.450177572,6.687355158,6.343059568,4.45490163,5.697043327,0,5.914375809,5.265022389,5.771603839
1997,3,1997.208333,7.132262534,8.00628068,8.313122068,5.805251759,9.239455816,6.590163976,5.571450318,7.195644895,8.3749761,8.107396346,7.968122595,6.180057508,7.373618552,0,7.287000285,7.180508308,7.257352098
1997,4,1997.291667,7.943465967,8.406783804,8.550745302,6.978015299,9.630314168,7.322587058,6.258735841,7.965157028,8.833305868,8.979645043,8.763309461,7.490534454,7.858285611,0,8.236331532,8.465801662,8.410415167
1997,5,1997.375,10.16298214,10.9603156,11.78140105,8.394442516,12.78616783,9.011398798,7.968220732,10.53277425,11.78913863,11.52401733,11.11360181,9.358405965,10.12453365,0,10.17695929,10.26431639,10.68409313
1997,6,1997.458333,12.63068651,13.63497588,14.5823513,10.9256152,15.55976812,11.52041295,10.55464612,12.85030041,14.64458791,13.84728106,13.6447817,11.81206921,12.74234631,0,12.47989083,11.9743895,12.82845568
1997,7,1997.541667,15.31274845,16.39349976,16.91019686,14.03452475,17.89264227,14.79994418,13.63195285,15.57119629,16.90178294,16.09953812,16.36921998,14.25880122,15.74343842,0,14.83441544,14.81109187,15.18484336
1997,8,1997.625,17.13630407,18.8194701,19.9058978,15.20895379,20.6599699,16.08661373,14.86011778,17.1638328,19.45644405,18.24068869,18.6019521,15.61595141,17.4968818,0,16.2815605,16.06423603,17.15630698
1997,9,1997.708333,12.70041104,13.7393169,14.8026965,10.86225555,15.6148252,11.69708491,10.46053602,12.77970591,14.65845754,14.21498175,13.63805057,11.33242519,12.86010174,0,13.26981853,12.31562144,13.08160986
1997,10,1997.791667,9.23053362,9.544011074,10.34851261,7.705051388,11.19202726,8.261271609,7.497841617,9.10452821,10.59831593,11.03553925,9.575489591,8.395400731,8.972758548,0,10.62708436,9.670452991,9.711308956
1997,11,1997.875,7.68391159,7.901672144,8.285262038,6.322114452,9.017143378,6.975253053,6.651979739,7.797122775,8.521917658,8.890583915,8.11336257,7.113668736,7.500863523,0,8.805538187,7.787365673,8.174109746
1997,12,1997.958333,5.129187237,5.317287104,5.73093896,3.766470844,6.487980445,4.444257545,3.951909845,5.153516762,5.9324405,6.28605804,5.342808518,4.599737703,5.067758343,0,6.672688602,5.837330661,5.520128536
1998,1,1998.041667,4.273091462,4.562712758,5.088371264,2.758510594,5.957792866,3.609075228,3.000496312,4.326660572,5.339229841,5.501123898,4.619662983,3.727060293,4.172196293,0,5.626182797,4.540975206,4.666042276
1998,2,1998.125,6.78405475,7.110932934,6.941855413,6.340710174,7.340288135,6.572772689,6.080391711,7.035456948,6.531925082,6.969207674,7.095929651,6.678167653,7.073975695,0,7.508878496,7.558913388,6.790750618
1998,3,1998.208333,6.671612236,7.545707132,7.928677396,4.888859691,8.708147864,6.021316266,4.24494085,6.901921608,8.064066944,7.973685478,7.704733982,5.879710772,6.89648905,0,7.521942967,7.200139454,7.376133797
1998,4,1998.291667,6.611293656,7.612351331,8.332707999,4.809969566,8.980823916,5.946941357,4.612053333,6.846352258,8.168168934,7.668128585,7.3384167,5.790199747,6.974873211,0,6.867886006,6.634093632,6.770787217
1998,5,1998.375,11.50336885,12.2877681,12.98091001,9.634290631,14.30754526,10.56944469,9.07944482,12.05328439,13.52836228,13.24905321,12.67318702,10.44794859,11.66267416,0,11.90220188,11.07685543,12.05976398
1998,6,1998.458333,12.65098887,14.03254478,14.99851276,10.80877465,15.57640585,11.86679826,9.891536105,12.85461537,14.59698977,14.05678523,13.88344616,11.41310674,13.18555646,0,12.32840621,12.20903861,12.96978194
1998,7,1998.541667,14.05282679,15.3654943,16.09093404,12.48433423,16.80730293,13.49703953,11.6917161,14.14789818,15.85808384,15.21013311,15.20814547,12.88209712,14.65505374,0,13.99118566,13.63285118,14.08538119
1998,8,1998.625,14.44254558,15.6861011,16.52004034,12.78743911,17.44287578,13.68981336,12.14258253,14.50425513,16.46983848,15.67225589,15.56102835,13.09117428,14.74672819,0,14.52434129,14.1885703,14.55786757
1998,9,1998.708333,13.43525091,14.32363434,15.15319808,11.82146193,16.06234135,12.58534174,11.48963769,13.54587539,15.24213316,14.70729258,14.37381453,12.47086869,13.53777567,0,13.67931624,13.07333649,13.59596127
1998,10,1998.791667,9.054081011,10.08454168,10.67208146,6.763796835,11.35695656,8.167515823,6.399748781,9.304211641,10.79006875,10.89490303,10.07845099,7.919021551,9.349999101,0,10.06301777,9.369038584,9.77976098
1998,11,1998.875,5.253392042,5.065067146,5.214459235,3.659984611,6.234460098,4.396979126,4.039260542,5.410218227,5.865425462,6.824547968,5.681881839,5.021938444,4.798032923,0,7.18783305,6.294933149,6.121198428
1998,12,1998.958333,4.880187402,4.815823781,5.452433238,3.417495583,6.443779048,4.069640728,3.965622175,4.823912667,5.82455277,6.051416362,4.954433171,4.622908552,4.449870497,0,6.306254927,5.500807163,5.316788101
1999,1,1999.041667,4.481223635,4.976874023,5.54911929,2.622321945,6.522425443,3.827070717,2.75241167,4.626081735,5.911562095,6.140223121,5.169695792,3.590191307,4.568048869,0,5.652131699,4.190247775,5.159436602
1999,2,1999.125,4.201236936,4.69355122,4.738666093,2.560339639,5.604871479,3.661748419,2.296152863,4.463262083,5.009313403,5.592931868,4.901272763,3.686895926,4.303386982,0,5.404178167,5.075674306,4.913086065
1999,3,1999.208333,6.153317841,7.130850034,7.538742751,4.582812147,8.337971878,5.564134889,4.299186491,6.279735806,7.43570979,7.183133365,6.950525869,5.179068972,6.523961475,0,6.667995711,6.355757496,6.429624989
1999,4,1999.291667,8.311202794,9.253353725,9.643764711,6.890668946,10.39137792,7.403901988,6.647072497,8.490496001,9.521782661,9.242102348,9.155107606,7.541045341,8.533625892,0,8.553714867,8.421683628,8.485188495
1999,5,1999.375,11.46141594,12.69520821,13.27888631,9.455355338,14.14250515,10.58487003,9.033929732,11.89522637,13.21856502,12.77190058,12.64326199,10.50186094,12.01739617,0,11.39955385,11.235757,11.78219208
1999,6,1999.458333,12.39738178,13.51162355,14.0931303,10.96486602,15.1465133,11.7857943,10.24262047,12.73246521,14.1835283,13.50134413,13.4808808,11.27631198,12.89382012,0,12.08270303,11.86310483,12.51489157
1999,7,1999.541667,15.9017278,17.38050918,18.07389969,14.09362113,19.11125267,15.08544777,13.21802073,16.17187547,18.02729267,17.16095701,17.36795784,14.40404953,16.54183743,0,15.73962881,15.43589182,16.24484247
1999,8,1999.625,14.76690573,15.98380339,16.84566557,12.67102759,17.79097577,13.7291517,12.52788392,14.88440224,16.84411252,16.32606929,15.80395807,13.47982688,15.12676714,0,14.81315405,14.24884581,15.07037273
1999,9,1999.708333,14.18024559,15.66200044,16.45184792,12.67593047,16.96370951,13.71247966,11.90553973,14.37582644,16.08260099,15.13251779,15.10851564,13.03985848,14.8669269,0,14.16722454,13.33786953,14.0141029
1999,10,1999.791667,9.777802045,10.42122807,10.95482898,8.377769414,11.4880356,9.108486579,8.388213959,9.877297078,10.77571445,10.75152377,10.2691789,9.091215809,9.925639302,0,10.86921689,9.95534832,9.979854734
1999,11,1999.875,6.819358998,7.337776004,7.700148334,5.418658335,8.343381659,6.528117107,5.501978603,7.010813928,7.642191836,7.885472739,7.221112164,6.081121925,6.991774154,0,7.948290082,6.958539938,7.18038091
1999,12,1999.958333,3.543053776,3.992756663,4.407781974,1.348055824,5.332667974,2.387049548,1.561788949,3.672716707,4.790299848,5.523078064,4.361650795,2.64742706,3.368874291,0,5.510938223,3.964561696,4.763458471
2000,1,2000.041667,4.306905706,4.573748504,4.788266558,3.32494434,5.297933533,3.87223701,3.757162935,4.225288651,4.572598018,4.866637762,4.556044564,4.005597005,4.258658927,0,5.676867804,4.783410343,4.420216754
2000,2,2000.125,5.062320182,5.624126413,5.981145715,3.346326213,6.926715894,4.404120979,3.246438533,5.282115034,6.295980509,6.588258128,5.734805548,4.306175841,5.208685832,0,6.027957494,5.28917058,5.573692398
2000,3,2000.208333,6.494337262,7.088167215,7.378403835,5.463173024,8.239684245,6.076981505,4.98593894,6.526436405,7.492523504,7.366439526,7.156461587,5.975289289,6.551540787,0,7.094663087,6.962842308,6.495097915
2000,4,2000.291667,6.72778416,7.731483027,8.414176524,5.311044464,8.931537879,6.039941294,4.938815685,6.998193238,8.096838861,7.644989103,7.471023768,5.891185577,7.134278777,0,7.032045743,6.325999122,6.801941348
2000,5,2000.375,10.79824454,11.56742549,12.42320972,9.118522957,13.5046803,9.61165248,8.980265186,11.19939819,12.5743239,11.90777218,11.58632072,10.08939269,10.78481903,0,11.09038656,10.55361218,11.04612681
2000,6,2000.458333,13.15131868,14.79502681,15.58363484,10.86029575,16.38527637,12.16741386,10.20591117,13.47930041,15.27485911,14.59471714,14.83406001,11.74950016,13.7199811,0,12.54862931,12.84837231,13.57039074
2000,7,2000.541667,14.09154599,14.79236295,15.21482975,12.59392792,16.37550435,13.03857941,12.09373725,14.19973888,15.57004332,15.57684811,15.1855013,13.43831363,13.91293481,0,14.22708406,14.32728876,14.50605604
2000,8,2000.625,15.16716109,16.57999779,17.40615195,13.50489396,18.11364555,14.28363788,12.85128902,15.09656755,17.14408401,16.53583778,16.22222979,13.81435973,15.72092546,0,14.72983848,14.74918858,15.08554489
2000,9,2000.708333,13.45010213,14.64535235,15.65383214,11.59322321,16.03304071,12.40706188,11.42090168,13.53136445,15.1998259,14.6567254,14.3983292,12.39407471,13.68358467,0,13.55964161,12.99607953,13.66077769
2000,10,2000.791667,9.262650207,9.98875237,10.69637075,7.670139901,11.37373955,8.363573026,7.981526258,9.271090189,10.76476354,10.40004635,9.877335551,8.366432873,9.375138064,0,9.99962699,8.824928206,9.344599604
2000,11,2000.875,5.810823405,6.463366221,6.974669009,4.145550252,7.638378898,5.063861964,4.067962883,6.046009305,7.13262803,7.192371803,6.498061083,5.12400594,5.86223305,0,6.820179502,5.446361345,6.368017703
2000,12,2000.958333,4.57012814,4.910550261,5.617037325,2.940413581,6.491058251,3.627436744,2.904833435,4.574107828,6.00328328,6.318959982,5.111729483,3.642602108,4.434089818,0,5.672212434,4.517211369,5.23686731
2001,1,2001.041667,2.529279725,2.649556751,3.263744478,1.028028939,4.084099021,2.018610134,0.791973631,2.521520201,3.645895281,4.240811879,2.818718721,1.971263719,2.423733654,0,4.02216949,3.019068223,3.046378899
2001,2,2001.125,3.391842856,4.029678118,4.562300137,1.457908587,5.59566679,2.489133148,1.528339748,3.120342577,4.956077034,5.222116137,4.074451012,2.567619375,3.199452373,0,4.199539561,3.776297458,3.866524609
2001,3,2001.208333,4.031628611,4.720703197,5.418236258,1.929327585,6.446871362,2.672599653,2.134633201,3.900991167,5.854977138,5.986069955,4.746557602,3.064258271,3.956070885,0,4.530087569,4.256438515,4.411123168
2001,4,2001.291667,6.639909357,7.281418227,7.926994646,5.270866093,8.822877775,5.596771096,5.12181972,6.570302482,8.126796854,7.920624146,7.336885012,5.800113953,6.55562774,0,6.782299227,6.786484824,6.680504248
2001,5,2001.375,11.32777494,11.97649954,12.51777985,10.05665345,13.46226803,10.44147705,9.689991555,11.67371438,12.59738905,12.15625983,12.17714368,10.79191311,11.33564352,0,11.26662895,11.53760421,11.50594846
2001,6,2001.458333,12.58817295,13.77069825,14.33612064,10.84033345,15.46395744,11.71085301,10.15352367,12.74827382,14.5917591,14.16781004,14.09399236,11.25305714,12.82056612,0,12.18307566,12.14820756,12.98246713
2001,7,2001.541667,15.2075862,17.00455381,17.75155068,13.35937294,18.74046825,14.61896153,12.33764291,15.64901487,17.59677531,16.41000892,16.71219834,13.68368022,16.0479626,0,14.7015245,14.197451,15.19692169
2001,8,2001.625,15.13561891,16.87822005,17.72128604,13.09145761,18.36864669,14.42745119,12.63346542,15.12397754,17.3628533,16.52980659,16.46083268,13.43240522,15.94018773,0,14.34166016,14.30631037,15.13982282
2001,9,2001.708333,12.23621118,12.93595836,13.47294914,10.68346428,14.14780319,11.48098148,10.17960462,12.22893354,13.61071213,13.72299705,13.06949176,11.38429875,12.44975829,0,13.15433648,12.54329348,12.62730942
2001,10,2001.791667,12.14101349,13.07497801,13.84868765,10.61371284,14.33694314,11.62344321,10.18441934,12.42402951,13.69207089,13.33673381,12.91305822,11.19229901,12.49796104,0,12.6882143,11.65098955,12.26267608
2001,11,2001.875,6.751324456,6.804044449,7.071729492,5.55934423,7.687653096,6.365179494,5.491659235,7.118050787,7.11376162,7.564396843,7.103205289,6.578240617,6.746537032,0,8.5019804,7.731954667,7.2507748
2001,12,2001.958333,3.084906751,3.097124548,3.456818616,1.725886826,4.024630104,2.560731794,2.279338227,2.995109523,3.486410817,4.098418897,3.091596014,2.822951382,2.923482659,0,5.247079269,4.027397454,3.490396018
2002,1,2002.041667,4.97706976,4.815961468,5.320943092,3.242017617,6.244453139,4.035946578,4.192667047,4.887702047,5.709351358,6.427095587,5.086696764,4.772171334,4.407455972,0,6.460119288,6.002835778,5.463099734
2002,2,2002.125,5.496975557,6.564731164,7.081396712,3.314888259,7.968153761,4.73688162,2.805854131,5.809945267,7.279623755,7.175242962,6.610594427,4.574889948,5.816653105,0,6.366843447,5.518736592,6.168832363
2002,3,2002.208333,6.426838634,7.131454003,7.54687366,4.693443852,8.45408988,5.734503064,4.62400978,6.61354569,7.784467315,7.805510589,7.257071294,5.618665045,6.492563535,0,6.822524988,6.740661059,6.765693716
2002,4,2002.291667,8.165693815,9.031619908,9.390926785,6.741608698,10.34295749,7.34089997,6.888467237,8.145498586,9.547594387,9.113510186,8.935780456,7.322205235,8.311596381,0,8.341543993,8.102756416,8.108124021
2002,5,2002.375,10.7357973,11.74271943,12.16921864,9.395582261,12.96942963,10.11173049,9.180797642,11.06702014,12.07150878,11.41018614,11.53783684,9.891192553,11.18820515,0,10.7596876,10.52423592,10.66781395
2002,6,2002.458333,13.12766983,14.35129037,15.11620168,11.83465004,15.59540153,12.44949105,11.70816394,13.18223698,14.51151111,13.58592834,14.01107047,12.16014301,13.68333944,0,12.98803692,12.73768499,12.72200182
2002,7,2002.541667,14.35269505,15.92457895,16.71074719,12.79123575,17.44728395,13.58748547,12.13544442,14.22666018,16.40651227,15.48721765,15.64688487,12.8782316,14.92896658,0,13.9657995,13.52224849,14.24577552
2002,8,2002.625,15.59724389,17.07750198,17.91155355,14.27735718,18.41411751,15.26402371,13.41895631,15.69248487,17.42597466,16.39636365,16.60704659,14.49599095,16.35824895,0,15.34576087,14.86034107,15.14689494
2002,9,2002.708333,13.1005723,14.04670857,14.63773677,11.617016,15.14522704,12.3970956,11.4448371,13.17985726,14.51218616,14.31918817,13.95684387,12.15238698,13.35625717,0,13.62076402,12.76111705,13.08498728
2002,10,2002.791667,8.67105346,9.422655486,10.22236891,6.398668163,11.23635454,7.7302342,6.477413399,8.586665076,10.68710774,10.78880118,9.541799417,7.250139254,8.809411556,0,9.693368532,8.618388255,9.346346035
2002,11,2002.875,7.484506915,7.74137765,8.406649916,5.619052879,9.484804172,6.190277223,5.863254917,7.448812937,9.023880733,9.366694776,8.146893968,6.641503124,7.064681902,0,8.752256601,7.692986373,8.316236985
2002,12,2002.958333,4.717810466,5.108557917,5.749864407,3.41059789,6.73017023,3.960427918,3.011523522,4.496268158,6.213384335,6.306386403,5.281170214,3.769626617,4.539863649,0,5.882806708,4.834576575,5.177511971
2003,1,2003.041667,3.688090007,4.110724481,4.277150188,2.41805506,4.98375726,3.290123358,2.375718045,3.73879283,4.352952724,4.690853551,4.174793282,3.027013178,3.968975123,0,5.138391143,4.177477458,4.068511458
2003,2,2003.125,3.384245057,3.500760323,3.922108275,1.918251745,4.743315736,2.461577169,2.69729905,3.234223057,4.126304294,4.661444266,3.478500979,2.945561714,2.954836265,0,4.258398314,4.141447208,3.57993349
2003,3,2003.208333,6.651508574,7.101013061,7.293539654,5.343413368,8.472793836,6.058485257,5.527155293,6.682322944,7.742512162,7.998543203,7.201141826,5.800316367,6.610070938,0,6.78634653,6.632817854,6.917269229
2003,4,2003.291667,8.847226332,9.326887863,9.504999885,7.489795559,10.26944007,7.973355064,8.072411909,9.132565331,9.487232276,9.596420474,9.406792055,8.47938044,8.777800416,0,8.972102858,8.942896701,9.162561485
2003,5,2003.375,10.70209145,12.03170651,12.49268112,9.350770178,13.15734175,10.40330141,8.661146857,11.13517425,12.14252432,11.4750832,11.67213095,9.605995623,11.47355919,0,10.38214672,10.18553755,10.59366962
2003,6,2003.458333,14.52116188,15.95481016,16.58805343,13.082595,17.53771213,13.9228521,12.66852716,14.67022011,16.30223258,15.289244,15.71517037,13.21896986,15.24913454,0,13.59091384,13.57865756,14.36654453
2003,7,2003.541667,16.17680697,17.38102567,18.15758952,14.90366486,18.90536794,15.5560381,14.4933192,16.32362197,17.85466879,16.88676663,17.05044601,15.106073,16.71128502,0,15.76235108,15.55567951,15.86820387
2003,8,2003.625,16.44827501,17.91919824,18.81244341,14.47616456,20.29885135,15.3418198,13.97964275,16.31682753,19.13662744,18.23364415,17.82914497,14.81396508,16.51277027,0,16.26913804,15.5582558,16.55610167
2003,9,2003.708333,13.04675667,14.33536363,14.66733164,11.39028492,15.49615842,12.50800415,11.04286703,13.08202257,14.60450637,14.42202124,14.02768299,11.88686668,13.52358156,0,13.36730763,12.65633576,13.07617755
2003,10,2003.791667,8.127615614,8.922369745,9.355577247,6.721937313,10.02482015,7.645635666,6.215094379,8.098044705,9.399050116,9.53076113,8.661491564,7.294534101,8.393698988,0,9.620855353,8.385803348,8.197244414
2003,11,2003.875,7.327576068,7.619835401,8.35724187,5.914792188,9.256230851,6.685358931,5.977494993,7.431966586,8.57427611,8.559294474,7.663895793,6.988614275,7.120907247,0,8.75539306,7.111218842,7.602334953
2003,12,2003.958333,4.22754954,4.256987169,4.844532367,2.737923053,5.7229842,3.511287578,2.851514928,4.023794171,5.213822388,5.817118611,4.478735697,3.791805232,3.831065018,0,6.372266702,5.000145608,4.777886372
2004,1,2004.041667,4.385941533,4.628083175,4.84046165,2.868227534,5.8018323,3.783716786,2.976760086,4.507527271,5.299767506,5.81191838,4.905257069,4.023651866,4.280692124,0,6.052064239,4.77405734,4.889986623
2004,2,2004.125,4.333291651,5.180755586,5.476004209,2.85126817,6.06151503,3.931566764,2.562978123,4.424098868,5.337528694,5.352173633,5.046153025,3.633664882,4.814702286,0,5.596916998,4.574585706,4.502976548
2004,3,2004.208333,5.664831916,6.333193515,6.618749069,4.353526569,7.19423341,5.019836888,4.522684785,5.673493351,6.476415054,6.536501412,6.315603539,5.016237087,5.707333893,0,6.378463435,6.089651595,5.67566783
2004,4,2004.291667,8.487364312,9.436369619,9.613474251,7.300204209,10.22067946,7.997942237,7.13271519,8.762660833,9.350436024,9.140992864,9.296542242,7.82103746,8.893328399,0,8.870507849,8.315476684,8.492554273
2004,5,2004.375,11.02053538,11.91587501,12.15753062,9.951684715,13.27217954,10.23578931,9.240377808,11.2003795,12.32827146,12.09119737,11.95399011,10.40112854,11.19067101,0,11.56174857,10.8275765,11.00760521
2004,6,2004.458333,13.94211718,15.32830682,15.90478604,12.35216861,16.7618834,13.19951803,11.36890648,13.92632742,15.78512496,15.33836711,15.25149495,12.64658748,14.36905963,0,14.12918345,13.87452413,14.08856349
2004,7,2004.541667,14.41330014,15.70537351,16.51876329,12.74021139,17.53197186,13.79523739,12.35282505,14.38936477,16.42668089,15.56986741,15.46387097,13.27095501,14.8549651,0,14.46736191,13.73282126,14.28967676
2004,8,2004.625,16.08379645,17.48326897,18.31634466,14.33073899,19.11183479,15.25582892,13.98797702,16.30926995,18.01712317,17.00648968,17.18064403,15.13736884,16.46783122,0,15.97615528,15.28321095,16.08780518
2004,9,2004.708333,13.41862436,14.49536688,15.30358989,11.63714866,16.05946499,12.53690916,11.12713487,13.41305017,15.27697102,14.9422482,14.44092838,12.28814482,13.6569248,0,14.23171148,13.10469606,13.75390501
2004,10,2004.791667,9.295867568,10.29858409,11.1700715,7.636613284,11.82713515,8.690539628,7.161126987,9.472645588,11.15019762,10.69060879,10.11753318,8.144502159,9.688784144,0,10.30453989,8.387011543,9.622772086
2004,11,2004.875,7.009655788,7.253107664,7.60843734,5.564509871,8.329418425,6.315526159,5.658504365,7.035937942,7.744797101,8.220795267,7.311899619,6.641713413,6.894841005,0,8.851762626,7.86555575,7.468551494
2004,12,2004.958333,4.973368575,4.983945024,4.904674332,3.699203511,5.580208874,4.17738999,4.312352999,5.081033183,5.066388993,5.961276416,5.331792208,4.830905887,4.708851011,0,6.868045845,5.700295728,5.722038204
2005,1,2005.041667,5.282565084,5.407367173,5.696913563,4.078778217,6.466006321,4.705848222,4.098917511,5.464671701,5.906388934,6.372312276,5.755234337,4.760415054,5.204745761,0,6.550973478,5.819982775,5.838556057
2005,2,2005.125,3.674490649,3.953541253,4.009368459,2.70830683,4.687621872,3.310281338,2.529823157,3.876425745,4.09677312,4.424719571,4.018990663,3.532484398,3.782781558,0,5.15294834,4.441116968,3.748520274
2005,3,2005.208333,6.382003644,6.797920867,6.899400743,5.240711789,7.689036591,5.782210282,5.159718133,6.678332987,6.909654187,7.142032514,6.936362206,5.98144758,6.41078112,0,7.043949526,7.222226666,6.631154033
2005,4,2005.291667,7.894567533,8.739151802,9.27579923,6.347038017,10.08046908,6.885377901,6.404218988,7.95172475,9.241415522,9.019573181,8.756467004,7.135799937,7.79959049,0,8.112885458,7.735358638,8.140574112
2005,5,2005.375,9.971903645,11.14054379,11.79605875,8.340771731,12.654722,9.277975229,7.580595415,10.20597475,11.64888619,11.14458774,11.1668077,8.885529994,10.46602866,0,10.21890942,9.689119578,10.28753067
2005,6,2005.458333,14.08833291,15.26201865,15.72921314,12.67897863,16.93885734,13.33046767,11.68011716,14.18416538,15.86153465,15.35854335,15.33517781,13.02099326,14.45289709,0,13.93192132,14.03155845,14.22711937
2005,7,2005.541667,15.29309432,16.40609067,17.02909306,13.77777888,18.19854691,14.5480037,12.75451486,15.41266128,17.21789396,16.84100333,16.47143269,14.03787747,15.85676128,0,15.46842626,14.95041996,15.53250614
2005,8,2005.625,14.80494524,16.09526778,16.38934515,13.26480199,17.43028229,14.15688109,12.63792937,14.94423988,16.56113303,16.08412398,16.0428839,13.52948389,15.33219562,0,15.24880307,14.47658324,14.85332081
2005,9,2005.708333,13.76882417,15.00876701,15.90018597,12.04372593,16.52674162,12.96954982,11.40772617,13.70204917,15.65370857,15.10652717,14.91588315,12.57870817,14.19644383,0,14.17553275,13.29423294,13.98400008
2005,10,2005.791667,11.60379155,12.84880348,13.6859555,9.471582273,14.24204018,10.78101213,9.293590259,11.83593782,13.53072862,13.12954934,12.66106312,10.33394807,12.04538198,0,12.18097136,11.00624939,11.96735631
2005,11,2005.875,5.564299039,5.91799775,6.334612449,4.128609648,6.800170361,5.022169375,4.48977156,5.545829341,6.194040105,6.634572295,5.708432605,4.977591128,5.751983032,0,7.575797369,6.092683038,5.831905624
2005,12,2005.958333,4.144417714,4.037762328,4.105409604,3.037388727,4.808662827,3.534458595,3.736459505,4.115703186,4.155422589,4.812853128,4.216305925,3.900972604,3.877370829,0,6.520681285,5.254131103,4.739075899
2006,1,2006.041667,3.810228866,3.971899709,4.11095758,2.693912459,4.922412201,3.08015237,3.285277171,3.616901818,4.28899161,4.543804642,3.892419551,3.520220034,3.631521862,0,5.4781996,4.693227837,3.9106096
2006,2,2006.125,3.444240953,3.692804263,3.890856068,2.539763176,4.302050852,3.236248742,2.643287961,3.694732587,3.620770994,3.616963644,3.435152582,3.564457847,3.519474619,0,5.272802658,4.461852399,3.349694127
2006,3,2006.208333,3.907404838,4.580352155,4.886669435,2.102031183,5.734409882,2.932394238,1.970265173,3.809199205,5.09616432,5.491850959,4.682304291,3.235517076,3.842710421,0,4.696514066,4.829494462,4.363575959
2006,4,2006.291667,7.360149534,8.228737958,8.708442126,5.694787472,9.686498915,6.638907615,5.214595587,7.510795128,8.963092965,8.86427188,8.487006396,6.297340134,7.458254576,0,7.985141225,7.287000255,7.869261973
2006,5,2006.375,10.70093493,12.11096978,12.69839802,8.693114919,13.5970211,9.693080067,8.262877208,11.02961431,12.54930747,11.90259504,12.13281058,9.615174891,11.04076847,0,10.75775589,10.39763062,11.0589412
2006,6,2006.458333,14.45236616,15.93612233,15.96621101,12.89950349,17.25075755,13.7007699,12.13211701,14.66719252,16.14696339,15.68808597,15.98479311,13.09725641,15.02205201,0,14.01724438,14.10482809,14.7255094
2006,7,2006.541667,17.79982185,19.68967422,20.40322172,15.95102069,21.53860268,17.19279801,15.09104687,18.0942168,20.23677116,18.97560326,19.55442659,16.0084221,18.5347353,0,16.87378053,16.65294106,17.79514819
2006,8,2006.625,14.92712419,15.96538754,16.48024784,13.5120368,17.42571833,14.29000145,12.77339717,14.85260226,16.791516,16.49803353,15.97818605,13.72727679,15.18486036,0,15.04078062,14.5694084,14.96786694
2006,9,2006.708333,15.18214277,16.79773329,17.63237328,13.27394104,18.25216953,14.63815552,12.89397853,15.31720261,17.29654916,16.50094155,16.24872913,13.61952609,15.81234846,0,14.99147388,14.12271839,15.18402113
2006,10,2006.791667,11.63027163,12.61357409,13.5510489,9.751028847,14.22290692,11.00665857,9.289015052,11.77099735,13.56447465,13.16978114,12.35639296,10.5986218,11.91601191,0,12.31822884,11.37648822,11.83915548
2006,11,2006.875,7.179334731,7.717285721,8.306930326,5.699918249,8.985739635,6.750700266,5.665837861,7.458257129,8.428979745,8.355311916,7.540378234,6.615366054,7.281355745,0,8.594437669,6.734119954,7.521293689
2006,12,2006.958333,5.494468941,5.967868345,6.273601738,3.505145864,7.016547532,4.524356501,4.231830132,5.680276929,6.548505837,6.889925624,6.107912401,5.056550278,5.373633548,0,7.114758088,5.557769495,6.066082642
2007,1,2007.041667,5.924613657,6.548713171,6.928332236,4.210888496,7.621868614,5.201780393,4.276658748,6.071255494,7.035914288,7.231851606,6.704724898,5.259436976,6.001926858,0,6.791319813,5.934240062,6.544277294
2007,2,2007.125,5.12452527,5.684941355,5.896081974,3.631398096,6.738982985,4.369361259,3.776241552,5.015641046,6.30402567,6.722888039,5.586668132,4.472508945,5.116632951,0,5.760651669,5.02017909,5.399657185
2007,3,2007.208333,6.253820936,6.858226096,7.417709592,4.978348257,8.1536804,5.663634705,4.858977505,6.346720333,7.441537801,7.410765012,6.832621708,5.523400996,6.314629055,0,6.871707059,6.017384174,6.369949068
2007,4,2007.291667,10.20995875,10.94025869,11.27835874,8.874117197,12.47551327,9.396840276,8.593935595,10.15001436,11.72894219,11.52911942,11.10433366,9.243087499,10.26518096,0,10.26232947,10.16697849,10.44237089
2007,5,2007.375,10.60848412,11.52988078,12.37914762,8.698519077,13.40229221,9.725381653,8.112145581,10.85227292,12.54367423,12.18730509,11.62679347,9.605124464,10.91254673,0,11.20156052,10.61289235,10.98037809
2007,6,2007.458333,13.72155808,14.71895394,15.42405549,11.71871478,16.45612997,12.63207473,11.36530917,14.20312007,15.57585054,15.10868231,15.00384266,12.94025187,13.87088695,0,14.06732324,13.43194301,14.19260739
2007,7,2007.541667,14.22338521,15.34617247,16.30201607,12.83882384,17.00779934,13.79816847,12.28887378,14.20316675,15.98288227,15.10491268,14.95374668,13.24376277,14.67035643,0,14.7005073,13.89640117,13.91583301
2007,8,2007.625,14.31859743,15.74823577,16.11026614,12.69261295,16.75384269,13.65847765,11.95561031,14.38099802,15.97492918,15.58274979,15.45275286,13.23021873,14.93814248,0,14.90645532,14.07718231,14.38094692
2007,9,2007.708333,12.60313207,13.97144766,14.55175885,10.69695651,15.08423697,11.9950994,10.05195829,12.63606596,14.30992485,14.01071383,13.69862886,11.28267252,13.25755104,0,13.57892874,12.50028565,13.00203112
2007,10,2007.791667,10.23754582,10.75150165,10.88062597,8.866454506,11.45608913,9.343347404,9.224384679,10.23179293,10.85736418,11.25922403,10.63533699,9.766360209,10.18054163,0,11.81885355,11.0263606,10.38188632
2007,11,2007.875,6.834111647,6.926784378,6.911641029,5.59443561,7.801806305,6.438205567,5.550454726,7.056552059,7.291816242,7.785213176,6.993420113,6.634258839,6.860047972,0,8.94465836,8.070400588,7.346654304
2007,12,2007.958333,4.366575992,4.574239545,5.047333924,2.381598708,5.728743688,3.245145795,3.162566746,4.2118538,5.108445366,5.733683468,4.615522318,3.967888808,4.148900324,0,6.449999713,5.708405584,4.941901962
2008,1,2008.041667,5.257504034,6.218363408,6.671301166,2.978791536,7.343286421,4.50948793,2.881735023,5.593722605,6.718251232,6.916898099,6.280319072,4.317107623,5.589931586,0,6.550550937,5.171619841,6.15505645
2008,2,2008.125,4.87343141,4.954065618,5.280636172,3.787187289,6.18712329,4.383548972,3.897636154,5.052830126,5.512447063,5.921253547,4.982436788,4.62158772,4.59199729,0,5.990966016,5.461791496,5.094418195
2008,3,2008.208333,5.097742195,5.788967558,6.199726647,3.377465837,7.036651409,4.413012931,3.13127524,5.157587949,6.481495994,6.560410648,5.907587453,4.326424408,5.221961646,0,6.166069463,5.413926703,5.544908748
2008,4,2008.291667,7.030923891,7.664085429,8.281226987,5.467252306,9.105788085,6.13225725,5.33958234,7.104593477,8.445566587,8.143854537,7.691569945,6.447012174,7.020188197,0,7.765228285,7.461141057,7.21205989
2008,5,2008.375,12.13314714,12.82325645,13.29267382,10.16899616,14.57232776,10.63541917,10.28809345,12.57237496,13.8971374,13.49586926,13.06091972,11.67582513,11.80702779,0,12.08089975,12.29249416,12.67185752
2008,6,2008.458333,12.89836928,14.12825205,14.75442957,11.38604018,15.74240283,12.31575663,10.70556233,12.85253331,14.84497174,14.12994639,13.92893966,11.83458548,13.27072551,0,13.08805994,12.57997124,12.76295732
2008,7,2008.541667,15.28074646,16.47429089,17.11431328,14.10726594,17.78906476,14.77044059,13.72567315,15.37829545,16.72737028,15.83660239,16.13640505,14.44907403,15.68079501,0,14.56353621,14.64371912,15.06559989
2008,8,2008.625,15.08891199,16.60731232,17.27299157,13.56165136,17.58576473,14.6930886,13.06158868,15.14743258,16.65880809,15.83835493,16.09511027,13.99469259,15.74224818,0,14.64937171,14.56590516,14.93393861
2008,9,2008.708333,12.43662889,13.53499773,13.93531471,11.07083602,14.34678417,12.03964013,10.89651953,12.49745961,13.60687565,13.43275888,13.0967099,11.44540402,13.08815097,0,13.00912156,11.95040233,12.34568316
2008,10,2008.791667,8.639469881,9.518325876,9.817086067,6.845663339,10.55990199,7.955630695,6.823707418,8.805203162,10.00187415,10.10108253,9.424918531,7.709825005,9.002879848,0,9.692407818,8.291686268,9.158615342
2008,11,2008.875,6.133021596,6.642594407,7.172663932,4.301526299,7.899183595,5.437854413,4.434364495,6.169577667,7.363935493,7.57488478,6.723469346,5.337157644,6.136073912,0,7.454195434,6.458890877,6.804594679
2008,12,2008.958333,3.090168026,3.299670961,3.62600858,1.902722181,4.240392617,2.686054695,2.036447789,2.960367447,3.6919943,4.128053815,3.311102894,2.614232357,3.028242407,0,4.868240423,3.731152503,3.381735371
2009,1,2009.041667,2.799125941,2.792942388,2.692740236,1.758456418,3.335032307,2.408615391,2.656512369,2.877107223,2.751908307,3.440500252,2.701699483,2.879136412,2.702995075,0,4.701298318,3.459489482,2.832400684
2009,2,2009.125,3.674004454,3.839538546,4.113154026,2.610309015,4.796094331,3.292975674,2.560976874,3.619915675,4.250800565,4.388528393,4.059229123,3.359551168,3.61709155,0,4.879418009,4.672724396,3.929913543
2009,3,2009.208333,6.068504465,6.752858613,6.870880312,4.852896148,7.781181253,5.697765105,4.596287276,6.082140908,7.095019534,7.073767612,6.810109948,5.316410803,6.422458667,0,6.603543881,6.285447006,6.145079605
2009,4,2009.291667,8.873819772,9.723568665,10.26379043,7.577079996,11.12302244,8.10817205,7.638396525,9.082556087,10.23257763,9.484789209,9.616746481,8.211070577,8.980418071,0,8.469898223,8.66251479,8.70415117
2009,5,2009.375,10.80768206,12.02712472,12.73036191,9.103117586,13.53394951,10.21613848,8.888378794,10.91884529,12.59562036,11.75684434,11.75135589,9.777370109,11.1887045,0,10.79620506,10.43131633,10.79203593
2009,6,2009.458333,13.6506979,14.5513567,15.02627417,11.90059407,16.28659864,12.5505729,11.56897683,13.9110015,15.3033134,15.03467465,14.6193732,13.06603936,13.7247224,0,13.72834104,13.58642093,14.01767236
2009,7,2009.541667,15.13157839,16.24895117,17.0782707,13.86546282,17.73779839,14.64801497,13.42803216,15.17578017,16.78876635,15.8671548,15.84800588,14.30422119,15.45041182,0,15.22926375,14.5669546,14.87323119
2009,8,2009.625,15.29112783,16.91469869,18.02424522,13.66829237,18.35040464,15.00890097,13.09078335,15.26942169,17.27837866,16.13726763,16.22853557,13.84628372,16.10491414,0,14.60956688,14.37130551,15.02946652
2009,9,2009.708333,13.16158576,14.28974883,15.18691461,11.8387703,15.67972312,12.60125174,11.49687285,12.97130033,14.86776425,14.10043901,13.89533393,12.15767721,13.5487143,0,13.13221765,12.47461373,12.86515267
2009,10,2009.791667,10.38522509,11.1451598,11.6260711,8.723971036,12.27368793,9.558021944,8.365337581,10.42195264,11.75671149,11.90907641,11.17998182,9.546075067,10.47505574,0,10.84751076,10.61456505,10.88116919
2009,11,2009.875,7.243564882,8.153794723,8.904327794,5.079350405,9.731038041,6.496630163,5.055672348,7.240877815,9.206221944,9.07570939,8.158696574,6.086185404,7.306041081,0,8.115881184,6.643897995,7.95691467
2009,12,2009.958333,2.101064622,2.698047043,3.272320115,-0.086257803,3.945177684,1.435954231,0.246754039,2.250730044,3.435792739,3.77626287,2.667962312,1.04363401,2.199385306,0,4.175004705,2.360041008,2.91340081
2010,1,2010.041667,0.911729554,1.178503739,1.352842172,-0.293470041,1.917025875,0.273035357,0.126843086,0.794281658,1.332401932,1.832814856,1.033309076,0.553595126,0.787786626,0,2.907845969,1.662780828,1.144294222
2010,2,2010.125,1.832577348,2.337186388,2.798765648,-0.018953757,3.882973999,0.919133992,0.015004683,1.569100369,3.407695283,3.761167851,2.660759223,0.97126498,1.580719601,0,2.954055088,2.000109081,2.445359722
2010,3,2010.208333,5.072459847,6.108064422,6.418643808,3.592226291,7.066802875,4.68181066,3.506814592,5.1366879,6.248387617,5.968461286,5.851473641,4.25136585,5.545904539,0,5.587294487,4.908692084,5.0203723
2010,4,2010.291667,7.916365094,8.932489608,9.031678507,6.670118581,9.946406756,7.410318206,6.13693693,7.992919116,9.085630455,8.79922014,8.842555636,7.194958624,8.235007823,0,7.926780578,8.076824746,8.009864889
2010,5,2010.375,9.721473012,10.71823814,10.804827,8.281719383,11.70953905,8.854480435,7.743233077,9.812619048,10.87624482,11.04913881,10.85412941,9.036462866,9.890441405,0,10.08053015,9.924217843,9.980351151
2010,6,2010.458333,14.12375451,15.17882629,15.46231411,12.68052334,16.67873324,13.37659532,12.00642741,14.33519141,15.6434564,15.20223606,15.26231729,13.50257701,14.35969247,0,14.05494466,14.23025037,14.15954873
2010,7,2010.541667,15.53634775,17.46098916,18.76828185,13.51546051,19.35605158,14.86182611,12.54451931,15.32130955,18.09653418,16.91190475,16.81514166,13.85448833,16.28603373,0,14.79773373,14.81464753,15.37968155
2010,8,2010.625,14.14346872,15.42154485,16.3108385,12.53938399,16.88093065,13.45475382,11.91021225,14.11685712,16.03787304,15.47993525,15.06436137,13.01184758,14.68139242,0,14.41365345,13.44649797,14.09353386
2010,9,2010.708333,12.78043493,13.84449348,14.23317448,11.1387807,14.64064998,12.59670276,10.66682607,13.12515288,13.92393759,13.8562391,13.47866546,12.07627009,13.44314098,0,13.48209979,12.79709272,12.94695668
2010,10,2010.791667,9.385082001,10.12776876,10.91259762,7.691174404,11.42031364,8.690762777,7.744721749,9.367445553,10.75841207,10.60987843,9.856432777,8.582500889,9.570512968,0,10.48519813,9.258968051,9.700485075
2010,11,2010.875,4.249631474,4.981812341,5.559240637,2.456166824,6.248835739,3.689217184,2.270424541,4.212421801,5.699148599,5.96607002,4.68674287,3.349986787,4.572805394,0,5.771096369,4.179212969,4.62462336
2010,12,2010.958333,-0.895653175,-0.732568316,-0.05677853,-2.484218068,0.74333945,-1.65123249,-1.672283257,-1.149215166,0.090873977,0.421126914,-1.10738918,-1.36551085,-1.199621092,0,1.64693244,-0.779216193,-0.524725203
2011,1,2011.041667,3.047960588,3.56477897,4.217399698,1.475323608,4.935993079,2.416112243,2.222664761,2.748740941,4.234245908,4.13984339,3.359690289,2.30700912,3.056277359,0,4.32905176,2.842996252,3.055740548
2011,2,2011.125,5.304352093,6.178175539,6.352619293,3.189317064,7.086441289,4.586991751,3.38422047,5.584814204,6.375154038,6.864271228,6.266903226,4.327786648,5.548739685,0,6.293302231,5.748408176,5.998841035
2011,3,2011.208333,5.774886841,6.699082385,6.642815925,4.367884837,7.440874742,5.194898383,4.256033644,5.677516482,6.843035934,7.104725437,6.594871048,4.750855172,6.069188829,0,5.931657706,5.917010504,5.995864128
2011,4,2011.291667,10.6469518,11.674121,12.08687817,9.071167122,13.29830008,9.850381621,8.834002994,10.68466627,12.34160714,11.76991718,11.63163755,9.572641251,10.80455789,0,10.3090122,10.60399065,10.86417846
2011,5,2011.375,10.96097386,12.2574534,13.07435,9.083868602,13.70185044,10.37808482,8.839814871,11.21215425,12.66960526,11.97200863,11.95502976,9.772299397,11.44978136,0,11.17915332,10.63327825,11.11153434
2011,6,2011.458333,12.60576721,14.20193631,14.98684313,10.85822265,15.43510967,12.25021842,10.22004704,12.78712015,14.43169413,13.76133912,13.63836523,11.24512649,13.52307068,0,12.38117796,11.71045908,12.56740521
2011,7,2011.541667,14.14532939,15.36338526,15.62299279,12.69556253,16.47867641,13.38686128,12.30205315,14.21947718,15.57843351,15.27102919,15.26175647,13.33731629,14.57460129,0,14.06767411,13.68944902,14.11221749
2011,8,2011.625,14.06821016,15.77073325,16.41439767,12.19483463,17.07048238,13.37986029,11.59033467,14.12934913,16.1385569,15.23878355,15.47917369,12.75916365,14.65076964,0,14.09884713,13.28242342,14.10462908
2011,9,2011.708333,13.75432074,15.37294828,15.98856454,11.81746022,16.40208393,13.11599,11.51826057,13.82930335,15.54037823,15.09910377,14.94209012,12.3380472,14.32302628,0,13.65871939,13.02394201,13.85729944
2011,10,2011.791667,11.18802139,12.36727755,13.05560909,9.343588537,13.63806731,10.41258327,8.903101498,11.44494336,12.85194601,12.63830653,12.29179068,10.06899795,11.34225924,0,11.87497464,10.64744328,11.71483379
2011,11,2011.875,8.672143245,8.941994878,9.525710827,7.301311037,10.3238101,7.968279033,7.337680304,8.703402235,9.860267689,10.1321281,8.977184418,8.068117442,8.530210341,0,9.827897923,8.639770279,9.008868901
2011,12,2011.958333,4.800887826,5.287018381,5.619673259,2.594669456,6.563395332,3.861186915,2.557507885,5.175325138,6.169590386,6.740185133,5.73403245,4.113950511,4.73723965,0,6.478182742,4.941064718,6.047171881
2012,1,2012.041667,4.619479973,5.101069002,5.496521541,2.607889045,6.422956734,3.571214264,2.858191612,4.539340251,5.898667609,6.245527694,5.224013207,3.910528722,4.356511248,0,6.066797175,5.457057372,5.424126699
2012,2,2012.125,4.192325033,3.691246294,3.582642341,3.907079385,4.333030347,3.890532101,4.316282367,3.964825918,3.638785767,4.386151348,3.892617742,4.537863243,3.661571428,0,5.945005176,6.213379229,4.104666352
2012,3,2012.208333,7.715890322,7.93032178,7.749658293,7.069067183,8.988266773,7.474590916,6.753485005,8.002221416,8.266451926,8.461243503,8.075249363,7.378676691,7.83686649,0,8.192262347,8.094890203,7.824149635
2012,4,2012.291667,6.289215251,7.092915597,7.639794999,4.680821074,8.512578515,5.558207441,4.400331417,6.445300495,7.758922688,7.416483134,6.980674688,5.740582075,6.376122876,0,7.299685405,6.399116067,6.502957861
2012,5,2012.375,10.4498457,11.48466955,12.13391866,8.393722814,13.35712777,9.218279822,8.116811059,10.60023933,12.52611537,11.90642246,11.66720465,9.659163604,10.4592305,0,10.44578266,10.4403076,10.83510146
2012,6,2012.458333,12.27489662,13.46400832,14.11627719,10.24694301,14.99815455,11.32237545,9.896832465,12.44014764,14.14222773,13.69327251,13.40811878,11.34725184,12.67185106,0,12.0945964,11.92793702,12.72674404
2012,7,2012.541667,14.05465473,15.48675397,16.11008057,12.18511836,16.86665065,13.41995521,11.69090307,14.31079717,15.90599249,15.21244629,15.36821494,12.95975423,14.71621414,0,13.88843488,13.42376502,14.147524
2012,8,2012.625,15.30184579,16.64759434,17.67451841,13.4172262,18.2980814,14.42316122,12.99779587,15.33950956,17.20662208,16.48931988,16.2311655,14.12984076,15.69554524,0,15.00454648,15.05378922,15.42276566
2012,9,2012.708333,11.918059,12.9699965,13.72256298,10.32488681,14.47273589,11.59317415,9.821816171,11.99183927,13.5800724,13.14743312,12.57173293,10.85353273,12.40217903,0,12.52709389,11.70996477,11.92349503
2012,10,2012.791667,8.152955335,9.084252563,10.01796795,5.825967135,10.80377377,7.154043226,5.568688569,8.342033655,10.24608098,10.25635723,9.040538634,6.844200502,8.3047697,0,9.150951557,7.846021152,8.952946823
2012,11,2012.875,5.699014223,6.200661236,6.768968389,4.144859744,7.518119838,5.272563946,4.12735681,5.884571127,6.943216657,7.090626522,6.067502485,5.127649497,5.813143619,0,7.038812273,5.466288414,5.957392183
2012,12,2012.958333,3.832505488,4.141152371,4.669763397,1.951236247,5.537978997,2.952083331,1.839125451,3.737377397,5.164447089,5.904007491,4.365520575,3.143139246,3.603999292,0,5.453727742,4.265204854,4.735442944
2013,1,2013.041667,3.287936319,2.851349163,2.947697866,2.161672147,4.027054998,2.545725651,2.775505497,3.114219756,3.69777576,4.661996618,3.244358674,3.290324561,2.788582954,0,4.81502027,4.329316434,3.678087034
2013,2,2013.125,2.750106146,2.757621404,2.882587578,1.798043629,3.600322353,2.23311466,2.023731444,2.735182887,3.046879988,3.634230472,2.759960445,2.559460315,2.451340099,0,3.853574114,3.857084736,2.955513261
2013,3,2013.208333,2.160593144,2.26677708,2.866584429,0.662246037,3.711448762,1.245720837,1.281622323,1.903193219,3.2193431,3.528832958,2.295851435,1.692785526,1.807608638,0,3.100056072,2.730673163,2.345111557
2013,4,2013.291667,6.296842539,7.460687717,7.866925156,4.815057927,8.520265677,5.815031384,4.263998403,6.371843861,7.593268913,7.252672359,7.166230604,5.448990409,6.795688136,0,6.513712348,6.432788819,6.348998854
2013,5,2013.375,9.475787488,10.43391025,10.61972425,8.541011475,11.46658549,9.103266431,7.770490166,9.631711251,10.60174062,10.13895816,10.18633497,8.861831052,10.04205035,0,9.545747032,9.587190925,9.213064272
2013,6,2013.458333,12.80964049,13.61293672,14.00927638,11.67209809,14.92295098,12.22116205,11.07065733,12.97012385,14.1019654,13.80064698,13.61514877,12.07873574,13.02511964,0,12.89585799,12.98838617,12.76701587
2013,7,2013.541667,16.99518719,18.08693851,18.42630982,15.67794042,19.84121907,16.6659059,14.58640656,17.15578058,18.6638355,18.22973693,18.3487442,15.93238432,17.40630835,0,16.65153094,16.95693623,17.1460481
2013,8,2013.625,15.54959376,17.05801171,17.92074422,13.88314474,18.51587298,15.08145643,13.20095471,15.64080625,17.51315152,16.73876723,16.57239251,14.00138635,16.25738429,0,15.22516363,14.96084279,15.48584559
2013,9,2013.708333,12.73272216,13.71607761,14.19059515,11.12127511,14.82339066,11.98322167,10.710797,12.67880324,14.22984241,14.23519354,13.63404855,11.61638117,12.94320187,0,13.05556591,12.7051928,13.10740127
2013,10,2013.791667,11.14878976,12.17749024,12.640477,9.210228916,13.22822071,10.62371153,8.764031908,11.52592322,12.69218618,12.79646675,12.12705753,10.08728387,11.56506002,0,11.74532192,10.75702354,11.82320662
2013,11,2013.875,5.43998284,5.933583909,6.429481262,3.492000869,7.169956897,4.603162433,4.119002936,5.392700748,6.574372119,6.881581897,5.965992034,4.566815372,5.353473226,0,6.952612388,5.732338404,6.074385048
2013,12,2013.958333,5.682161807,5.695535236,5.906338309,4.53938766,6.602368525,5.219628304,4.723191088,6.033146412,6.183247302,6.628352244,5.934778348,5.713160174,5.465082734,0,7.42206186,5.842653687,6.200192992
2014,1,2014.041667,4.71358324,5.115227083,5.718096589,3.075816999,6.658171768,3.890294369,3.20527355,4.943065961,6.08237416,6.096327233,5.236924705,4.118561554,4.537156437,0,6.0599812,4.427381714,5.309653429
2014,2,2014.125,5.137381341,5.895399265,6.557297945,3.58927307,7.2983079,4.540739357,3.445578542,5.321056686,6.639196061,6.278979743,5.793067645,4.355915721,5.301704405,0,5.890508072,4.649281328,5.429951724
2014,3,2014.208333,6.654276803,7.508162927,8.118557624,5.254672834,8.915179904,5.975932422,5.203735661,6.705002212,8.011816899,7.620452051,7.377562526,5.760054981,6.802767931,0,6.922294621,6.269480428,6.80375104
2014,4,2014.291667,9.201052822,10.04296942,10.68751424,7.633175096,11.49413133,8.378982014,7.648251174,9.514381434,10.49999534,9.868578206,9.86648499,8.553168643,9.371667466,0,9.288147519,9.58533158,9.214008937
2014,5,2014.375,11.19658678,12.22205679,12.84415821,9.819317208,13.38350821,10.61577105,9.210629857,11.45637221,12.43609093,12.0961826,12.08226531,10.3564221,11.60010336,0,11.33246682,11.26159666,11.27621378
2014,6,2014.458333,14.14643254,14.97751697,15.3442006,13.00082785,16.45593751,13.5753322,12.40317618,14.27823547,15.62045597,15.41373457,15.10490247,13.33380342,14.28088936,0,14.14188067,13.73115359,14.13599513
2014,7,2014.541667,16.3168813,17.77769937,18.55784364,14.61263288,19.57523047,15.49972556,14.12355261,16.27726813,18.48555962,17.62207559,17.43237411,14.95371989,16.77208114,0,16.08502745,15.67696811,16.12296664
2014,8,2014.625,13.89227099,15.16378781,16.05733158,12.10861798,16.6682268,13.21507499,11.79237393,13.9194264,15.74544584,15.08860712,14.70404354,12.76584198,14.36002532,0,14.27840104,13.34764066,13.94968944
2014,9,2014.708333,13.90232431,14.7571731,15.54841468,12.42389798,16.38863426,13.08975802,12.08583105,13.91586278,15.65336296,15.44254959,14.72412978,12.90584754,13.8250855,0,14.41481697,13.27295597,14.06495013
2014,10,2014.791667,11.02084414,12.12652878,13.24485213,9.024048012,13.87876483,10.3657838,8.518485567,11.13591267,13.15639286,12.75554157,11.93632001,9.707120913,11.28608112,0,11.72530313,10.22382786,11.47689823
2014,11,2014.875,7.528361238,8.013370385,8.797119855,6.131937353,9.514544271,6.983161684,5.951532288,7.71625025,8.88931962,8.746605752,7.897258455,6.914517869,7.606262888,0,9.096181938,7.163398845,7.725737201
2014,12,2014.958333,4.389958331,4.851497271,5.250231639,2.405492688,5.879802083,3.717418543,2.931742296,4.569795629,5.342765117,5.795757996,4.954519945,3.840150362,4.445828147,0,6.177972053,4.505861346,5.141136218
2015,1,2015.041667,3.684431258,3.928546616,4.22633646,2.028844791,5.148123286,3.01707344,2.296794964,3.780358496,4.718524316,5.460459403,4.192464433,3.048212609,3.547725498,0,5.131552561,3.605906987,4.379677562
2015,2,2015.125,3.517709454,3.753822153,4.101405351,2.522974338,4.693760819,3.058585298,2.875699232,3.520524161,4.006838885,4.207887075,3.74526608,3.149108464,3.570116554,0,4.644112448,3.851046636,3.468263399
2015,3,2015.208333,5.500634199,6.216344,6.753860492,4.213299195,7.488181484,4.855361858,4.059461737,5.290946907,6.802496009,6.647712863,6.168370686,4.666492909,5.629515078,0,5.973699392,5.518833088,5.480454152
2015,4,2015.291667,7.942097838,8.978375761,9.10055619,6.509812188,10.33117273,7.175653005,6.033114052,7.799501702,9.50653928,9.59557677,9.138101248,6.57593751,8.103140354,0,7.547567266,7.596807974,8.392687255
2015,5,2015.375,9.529215059,10.7688483,11.56136819,7.731828161,12.59510583,8.878013149,6.928661583,9.608471174,11.61910216,11.12153682,10.66908979,8.189029361,10.03147725,0,9.378499596,9.071681109,9.761873473
2015,6,2015.458333,12.63972615,13.92997919,14.64295322,10.95690704,15.85094531,11.97620539,9.816138202,12.86608589,14.84150245,14.19028097,13.97851131,11.29819462,12.96337524,0,12.69032493,12.25553982,12.96067802
2015,7,2015.541667,14.3522095,16.01576397,17.15453574,12.45057814,17.98916746,13.565007,11.80456722,14.35464513,16.818194,15.80355827,15.59297979,12.66722151,14.87275945,0,13.9631856,13.25047127,14.3390658
2015,8,2015.625,14.64709977,16.31776473,17.15492529,13.06412944,17.61430912,14.23727849,12.56252686,14.79152296,16.56011947,15.4497735,15.65175233,13.23904731,15.47291667,0,14.41590344,13.60910783,14.37295361
2015,9,2015.708333,11.85025733,12.60702716,13.12427968,10.68352453,13.68964481,11.23385193,10.52193227,11.86381033,13.03570054,12.95192177,12.32026069,11.08753555,11.86218483,0,12.78768445,11.73531085,11.72111636
2015,10,2015.791667,9.946178195,10.79230102,11.20183574,8.321540632,11.96507903,9.200425771,8.559500901,10.01508204,11.20435651,11.13340766,10.61099715,9.080931328,10.10723014,0,10.64532932,9.771795768,10.06983087
2015,11,2015.875,8.12186995,8.898989627,9.53189617,5.697854163,10.39775293,7.345139258,5.8058893,8.424430808,9.912539862,10.11241052,9.154274495,7.033857277,8.25654327,0,9.029281037,7.897856836,9.009137777
2015,12,2015.958333,7.886886467,9.178065867,9.917171401,5.182682915,10.95063508,6.93017469,4.725008909,8.162319597,10.38768869,10.38995438,9.43002626,6.271750164,8.134344464,0,8.322754155,6.841888443,9.127553242
2016,1,2016.041667,4.52721461,4.962478808,5.2595141,2.626522074,5.956675426,3.834623337,2.651016505,4.856275798,5.521388623,6.203006632,5.177976401,3.899046288,4.540779012,0,5.979251688,4.970977392,5.386243412
2016,2,2016.125,3.830857237,4.704374819,5.07579482,1.845679515,5.880375753,3.014411765,1.785589567,3.914106135,5.322351917,5.435232709,4.683382475,2.955550733,3.927020864,0,4.81872592,3.979500251,4.401854171
2016,3,2016.208333,5.26818528,5.460386672,5.885075341,4.319143006,6.662306335,4.806818409,4.38286261,5.251930962,5.953947477,5.925135992,5.399306861,5.016897107,5.23349241,0,6.130367711,5.997498295,5.202251744
2016,4,2016.291667,6.495304558,7.237604474,7.793425768,4.856977944,8.771601103,5.634130351,4.752963121,6.534716406,8.024364172,7.802814564,7.348405189,5.772981294,6.490172463,0,7.188718859,6.282853643,6.882191011
2016,5,2016.375,11.25052488,11.89703574,12.6658452,9.649241847,13.79422425,10.13104939,9.265068153,11.6550782,12.89062117,12.48013616,12.25193487,10.53078955,11.15521855,0,11.81709116,11.16574868,11.76245115
2016,6,2016.458333,13.89363349,14.66399514,15.30830064,11.93252794,16.1453149,12.5849725,11.81987084,14.51672241,15.36454552,15.08020308,15.25003151,13.25818891,13.7981955,0,14.34590038,14.17065833,14.48023933
2016,7,2016.541667,15.24710445,16.91154299,17.8466761,13.37257096,18.57577407,14.71751908,12.52158024,15.27321213,17.45468256,16.62738899,16.62701438,13.56236637,16.10454202,0,14.74795729,14.5710002,15.20450369
2016,8,2016.625,15.47618758,17.14481026,18.14008881,13.44623123,18.87877715,14.68876589,12.81683401,15.4474817,17.79594922,16.78187753,16.78041729,13.87639548,16.02545377,0,15.07498668,14.98910358,15.56038083
2016,9,2016.708333,14.57479425,16.00657981,17.10200442,12.87512535,17.547682,14.13163657,12.19826999,14.80662312,16.6310924,15.69560046,15.64702138,13.17256086,15.22111712,0,14.46080401,13.55958373,14.54790095
2016,10,2016.791667,9.769826882,10.73180437,11.24860954,8.000697702,11.80887453,9.201645011,8.019150324,9.950019047,11.03361684,10.71623687,10.40175232,9.013109728,10.1538219,0,10.94104508,9.863400225,9.994452736
2016,11,2016.875,4.855170572,5.550317603,6.116345737,2.709113404,6.827646931,3.888161957,3.356182758,4.48105711,6.269664379,6.638246219,5.41388265,3.718113452,4.8526083,0,6.123494507,5.077025885,5.434045759
2016,12,2016.958333,5.85837985,5.576424424,5.721182237,5.023551085,6.462319281,5.531150353,5.41299951,6.106107803,5.932979084,6.607417268,5.614378771,6.123363441,5.658205062,0,7.778086868,6.388247059,6.16450144
2017,1,2017.041667,3.829018697,3.393530946,3.301132003,2.749547264,3.889193785,3.158152052,3.651083083,3.892986883,3.523606291,4.791680502,3.778015702,3.881967417,3.41920493,0,5.742922314,5.113333005,4.459837633
2017,2,2017.125,5.222208222,5.812395445,6.311860659,3.687893374,6.953280228,4.632762583,3.566114112,5.468765405,6.314757673,6.457611498,5.817242041,4.625172431,5.289517613,0,5.966204379,5.249736689,5.618544235
2017,3,2017.208333,7.263139054,8.440231479,9.039883414,5.329670854,9.985260046,6.679128657,4.822698624,7.426754056,9.169463722,8.699068886,8.311762114,6.121931089,7.675329183,0,7.558585556,7.201079797,7.494878889
2017,4,2017.291667,8.009824881,8.773412826,9.139739933,6.691525686,10.15559861,7.456922993,6.26510865,8.097969492,9.30912982,9.059665171,8.804505133,7.283483879,8.219263295,0,8.528392209,8.188817937,8.13326252
2017,5,2017.375,12.04684158,12.89777143,13.56046218,10.52224673,14.37622333,11.32207357,10.2495989,12.29614506,13.43172512,12.94196463,13.06306631,11.24149009,12.23426431,0,11.9450513,12.00947366,12.34826233
2017,6,2017.458333,14.42116931,16.18646578,17.09900459,12.46187985,17.99606877,13.762377,11.46258877,14.44718429,16.8604182,15.77913603,15.88986487,12.80725793,15.08075904,0,13.79272711,13.7050031,14.61692436
2017,7,2017.541667,15.11433814,16.69383137,17.5657042,13.02573638,18.67135874,14.00146467,12.40105279,15.03583828,17.71690675,16.726756,16.76741474,13.4964322,15.50562088,0,14.77111515,14.40207407,15.31851275
2017,8,2017.625,14.49803498,15.73105737,16.61069724,12.8263454,17.1914679,13.98421249,12.49733493,14.55804492,16.3448948,15.61260918,15.44944426,13.19810323,14.95726448,0,14.41474946,13.93451295,14.49422756
2017,9,2017.708333,12.51430081,13.51100875,14.0367819,11.01310374,14.58851668,12.03026676,10.93035592,12.62224215,13.89427708,13.63598097,13.30431797,11.53601199,12.90618205,0,12.97508935,11.90160478,12.57415665
2017,10,2017.791667,11.17966428,12.2090526,12.71233877,9.55132792,13.15816504,10.71248329,9.194439492,11.39120686,12.55140795,12.52364653,12.07539867,10.06829081,11.64397549,0,11.74318329,10.76710734,11.48592647
2017,11,2017.875,5.717728559,6.544835483,6.76547906,3.525343597,7.416165501,4.83610875,3.776055966,5.993437775,6.881233455,7.405345946,6.595339221,4.740606136,5.95863706,0,7.163622197,5.777096767,6.648082513
2017,12,2017.958333,4.096265411,4.401203478,4.64850083,2.30236069,5.509997918,3.141454123,2.71091652,4.017530753,5.024620736,5.842227324,4.537387775,3.367873082,3.859250286,0,5.55963855,4.703527099,4.909446377
2018,1,2018.041667,4.009583335,4.871320874,5.375949429,1.700523399,6.430419924,3.222421656,1.703165227,4.163547861,5.851566264,6.038090001,4.890262176,2.906557851,4.121805268,0,5.128358351,3.852313975,4.755670135
2018,2,2018.125,2.311976329,2.459148892,2.628981743,1.064909564,3.279683531,1.583620992,1.403511625,2.389828065,2.770640736,3.37299152,2.685113841,2.139422893,2.087517918,0,3.895887196,2.85187838,2.703665491
2018,3,2018.208333,3.799117013,4.631890968,5.139193513,1.923576259,6.027860294,2.968861328,2.14059371,3.864413851,5.376052078,5.153924516,4.530546063,2.933864064,3.784397853,0,4.545019698,3.915999481,4.006764487
2018,4,2018.291667,8.39858007,9.591644545,10.4374117,6.345950949,11.34352045,7.529943509,6.31614991,8.443909574,10.45322376,9.8390593,9.461888199,7.106942822,8.70836787,0,7.894837823,7.904260888,8.604766284
2018,5,2018.375,12.03124535,13.05350768,13.41463356,10.68736332,14.55008237,11.29997394,10.30946161,12.33630437,13.63939803,12.90509889,13.063308,11.14301756,12.46233232,0,11.59333723,11.83284862,11.81882514
2018,6,2018.458333,14.81198214,15.81369402,16.14730392,13.0606057,17.51058356,13.52226166,12.49392226,15.13745302,16.46281393,16.4780028,16.11471635,13.89323068,14.88028142,0,15.02061699,14.8226032,15.32093656
2018,7,2018.541667,17.20878962,19.20674944,19.85259935,15.35253984,21.14712345,16.38198625,14.39844474,17.14133829,19.90061871,18.83737284,18.98447574,15.33156059,18.00254708,0,16.39467,15.66275283,17.17496294
2018,8,2018.625,15.18838102,17.16192255,17.86441154,13.07253363,18.51787873,14.75158958,12.37608747,15.27448279,17.45147174,16.69498343,16.53765426,13.41767444,16.18274928,0,14.85385573,14.27799952,15.14728601
2018,9,2018.708333,12.354753,13.82449603,14.54449241,10.48068544,15.02420182,11.86822021,10.02536701,12.35479032,14.23377479,14.03643903,13.4591168,10.89226532,12.93465056,0,12.71620762,11.41919258,12.42625685
2018,10,2018.791667,9.519371762,10.69672618,11.51945881,7.804032819,11.97409274,8.902370965,7.585282953,9.544336917,11.17263245,10.70667895,10.13828262,8.478153461,9.943960543,0,10.12159812,9.13594214,9.489932257
2018,11,2018.875,7.253963193,7.781111631,8.216740379,5.9432972,8.787703946,6.814231506,5.822153875,7.456893856,8.282380592,8.430567845,7.683552022,6.637741394,7.317235637,0,8.535934031,7.137954366,7.499204048
2018,12,2018.958333,5.783029453,6.243822959,6.64625099,3.521081598,7.496183045,4.636598816,3.877215584,5.869238872,7.064045999,7.732888137,6.665637854,4.922986117,5.440660209,0,7.36326444,6.429427305,6.903558315
2019,1,2019.041667,3.445992073,3.725320338,3.768825217,1.898844268,4.382970057,2.93251473,2.118190568,3.461246674,3.734030348,4.582507622,3.704231786,3.168282949,3.482851871,0,5.40585359,4.783850852,4.035356208
2019,2,2019.125,6.025064169,6.4374768,6.641322086,4.610354781,7.249286711,5.54912399,5.026265898,6.233265837,6.485214605,6.966795283,6.368389247,5.504120134,6.088332801,0,6.713223854,6.616162985,6.3807774
2019,3,2019.208333,6.766539909,7.789336597,8.198571144,5.084727781,9.054179503,6.089875089,4.80553942,6.694020829,8.377196415,8.190713709,7.724218845,5.74555304,7.046568307,0,7.267517018,6.659332503,6.954416121
2019,4,2019.291667,8.351035819,8.585753315,8.81278525,6.938268581,9.92959321,7.07889501,7.602558358,8.639231146,9.32905462,9.420787679,8.874323835,7.96846687,8.008389218,0,8.904094654,8.468948216,8.75056706
2019,5,2019.375,10.00403723,11.14232712,11.54403977,8.407860269,12.59146156,9.260851449,7.683200878,10.23473312,11.67986182,11.31728909,11.10154429,9.081070643,10.45189981,0,10.27130644,9.795483486,10.18231038
2019,6,2019.458333,13.18633222,14.22410922,15.43655255,11.54328135,16.14166603,12.34284962,11.02800651,13.26127691,15.11761049,14.35106976,14.00270713,12.39160396,13.42446243,0,12.96347049,12.57108269,13.23610473
2019,7,2019.541667,16.36407155,17.74258725,18.43076907,15.06471222,19.2213398,16.02051506,14.25084389,16.43489895,18.14414049,17.49531418,17.28417509,15.1322389,17.11338747,0,15.72261778,15.54337453,16.05531476
2019,8,2019.625,15.78059016,17.43586248,18.21175193,14.00521293,18.65050956,15.29109228,13.17524862,15.9870317,17.56310266,16.79604292,16.96186754,14.69053275,16.63482564,0,15.66230989,15.04127208,15.84671649
2019,9,2019.708333,13.08212706,14.17284282,14.95332418,11.27158247,15.67548898,12.29864667,10.90896839,12.99712007,14.89644351,14.60792445,14.02391419,11.97143668,13.38218986,0,13.54287077,12.71979133,13.32563756
2019,10,2019.791667,8.912588143,9.724624923,10.74911834,6.800827194,11.51924025,7.875523491,6.866996853,8.811326678,10.95070215,10.81676059,9.653590481,7.717502787,8.799263967,0,9.702335165,8.547187153,9.413290907
2019,11,2019.875,5.263965286,6.051976097,6.487349357,3.365299813,7.022520484,4.637199516,3.216688659,5.280890799,6.568766254,6.986653249,5.970773991,4.154536874,5.57062781,0,6.404627919,5.429080223,5.900475464
2019,12,2019.958333,5.113443215,5.323221066,5.805999457,3.680903422,6.628702928,4.435104274,3.808448302,5.07429349,6.148471161,6.448655452,5.362584631,4.781931568,4.90071615,0,6.621308635,5.34496936,5.602208528
2020,1,2020.041667,5.627443751,6.19570437,6.45338066,4.313918342,7.082494599,5.045694932,4.721062399,5.63482361,6.486379566,6.530098687,6.098388335,5.162478946,5.74942167,0,6.599860116,5.297679142,5.78143681
2020,2,2020.125,5.048061273,6.129383497,6.675989936,2.748934511,7.458531379,4.130916466,2.689127861,5.223748032,6.881181406,6.949972316,6.157190685,3.926355818,5.277863304,0,5.744956173,4.535873165,5.795618023
2020,3,2020.208333,5.602674189,6.367097783,6.760025327,4.068193672,7.550123122,5.128124727,3.674785728,5.899851608,6.931031954,6.897528519,6.361132083,4.808394731,5.90758612,0,6.290274318,5.568949661,5.903235847
2020,4,2020.291667,9.089097396,10.22507684,10.43686462,6.920168846,11.56364136,8.066126032,6.646956956,9.402144653,10.8223411,10.87566502,10.43420798,7.964808407,9.359961762,0,9.349273427,8.922634569,9.921228574
2020,5,2020.375,11.34388136,12.54484957,12.9743178,9.830568565,14.05632671,10.71895782,9.185950583,11.35951675,13.05465781,12.66394104,12.41880826,10.14726273,11.68671608,0,11.34085227,11.05124893,11.56204516
2020,6,2020.458333,14.02452105,15.03650913,15.73826227,12.52466051,16.70976699,13.09556775,12.14538211,14.38197316,15.77940495,14.94783046,15.20951228,13.40405267,14.10329665,0,14.17156703,13.43982692,14.03392813
2020,7,2020.541667,14.33209232,15.85967233,16.83277646,12.50890052,17.76350362,13.7846622,11.82055274,14.18484152,16.75006625,15.74980005,15.65823298,12.83744143,14.69499081,0,14.04615742,13.54131349,14.28203847
2020,8,2020.625,15.8488167,17.52127874,18.96024295,13.40206283,19.77028419,14.59620004,13.09504701,15.82599771,18.78862334,17.39867721,17.33069747,14.24721286,16.06157103,0,15.58554748,14.85524925,16.03906938
2020,9,2020.708333,12.81242385,14.14923408,14.91522083,10.87900042,15.76790219,11.79249955,10.7092814,12.47970983,14.95965625,14.34526313,13.79080145,11.35935198,13.06258206,0,13.00900078,12.44703255,12.99595365
2020,10,2020.791667,9.381452979,10.21189234,11.01205195,7.78934117,11.61240832,8.694405657,7.320377835,9.441008542,11.04383195,10.75841201,10.05813498,8.53407516,9.519938726,0,10.31879597,9.186646493,9.640083259
2020,11,2020.875,7.699291812,8.128610101,8.66601878,6.250156559,9.434034489,7.19407216,6.31628668,7.962642219,8.957638115,8.862890227,8.033959901,7.100184338,7.756409517,0,9.089932265,7.588394821,7.926528502
2020,12,2020.958333,4.311077393,4.369265834,4.868998548,2.919644167,5.856393919,3.6307772,3.273044734,4.168352333,5.36636046,5.816814747,4.617565053,3.642981152,4.077950131,0,5.552444176,4.316363468,4.892445795
2021,1,2021.041667,2.179896052,2.604345599,3.04159025,0.074075075,3.999315566,1.166780406,0.244640324,2.160846547,3.561318337,4.07601776,2.963362402,1.176498974,1.979603863,0,3.70151674,2.799047252,3.254882377
2021,2,2021.125,4.069323758,4.712503531,5.062837271,2.061185192,5.921855871,3.194990029,2.149061237,4.181988237,5.265463755,5.62409428,4.854726561,3.321485278,4.068037232,0,4.978304538,4.983261306,4.592175267
2021,3,2021.208333,6.385419039,7.158556403,7.06997511,5.314143557,7.713243216,6.252698946,4.864629987,6.489970906,7.058088278,7.272972248,7.047474869,5.730656386,6.877182363,0,6.849632319,6.810321609,6.447785475
2021,4,2021.291667,5.694819213,6.053325172,6.239872383,4.329567965,7.228236471,4.829249451,4.176992924,5.863779842,6.519382118,6.931442703,6.331798596,5.308390172,5.599957611,0,6.462795469,6.430611584,6.166805445
2021,5,2021.375,9.094298351,10.00222656,10.50414101,7.540140364,11.40180782,8.290519015,7.347021339,9.262278848,10.52533966,10.14872451,9.935591092,8.286128706,9.268682111,0,9.570483958,9.160084043,9.240910772
2021,6,2021.458333,14.2161421,15.56156987,16.21164322,12.76320123,17.23753891,13.57141397,12.00574,14.44127256,16.07837188,15.25291377,15.42573002,13.08689402,14.77513426,0,13.89297684,13.54064302,14.13065923
2021,7,2021.541667,16.57887722,17.80968658,17.83904002,15.34339935,18.78724593,16.05139159,14.46375494,16.82103424,17.90191454,17.60772898,17.88563392,15.82572753,17.02366928,0,16.6423319,16.43668274,16.58633416
2021,8,2021.625,14.98052343,16.14244618,16.54613262,13.75423292,17.04212918,14.35644237,13.27281112,15.0547484,16.25513398,15.75759264,15.71778534,14.23335968,15.48814925,0,15.15357252,14.93200244,14.70851227
2021,9,2021.708333,14.66372188,16.10771665,16.64626695,13.05636937,17.05147998,14.23216207,12.42142369,14.84958893,16.24869926,15.64461964,15.77832723,13.44623207,15.33166988,0,14.8736131,14.1556126,14.82162372
2021,10,2021.791667,10.87176305,11.85779761,12.1459191,9.070381571,12.79151137,10.18107455,8.663670387,11.08959043,12.30795001,12.36989813,11.90362369,9.990042405,11.13517312,0,11.86525045,10.87448646,11.38890723
2021,11,2021.875,6.964469133,7.286034032,7.441760214,5.829458181,7.732321788,6.48934127,6.128957501,6.908902661,7.248863007,7.781553283,7.124496845,6.546137555,7.067071055,0,8.431832878,7.62815404,7.27240888
2021,12,2021.958333,5.261805804,5.63257223,6.182261273,2.851485599,7.302789709,4.046536665,3.098359693,5.124148479,6.915193195,7.592057974,6.189720461,4.221001496,4.852917371,0,6.543463641,6.083628921,6.398298217
